"rep","method","rr_obs","y_mean_bias","y_mean_abs_err","weight_var","min_weight","max_weight"
1,"standard",0.435,0.0312814168936952,0.0312814168936952,0.75047329425845,0.332991406701715,5.29923758682553
1,"constrained",0.435,0.0290050569196933,0.0290050569196933,0.768075148438,0.435,5.51251420192885
1,"oracle_ipw",0.435,0.022756365649766,0.022756365649766,1.17696847559615,0.44153545708019,8.09133552177599
2,"standard",0.451666666666667,-0.104116246303767,0.104116246303767,0.814162542001329,0.273808010701479,5.70467440699598
2,"constrained",0.451666666666667,-0.10973675567733,0.10973675567733,0.876021068209442,0.451666666666667,6.41236569367151
2,"oracle_ipw",0.451666666666667,-0.187447001111794,0.187447001111794,1.32506417670177,0.455474146541306,14.9099309189855
3,"standard",0.456666666666667,0.112037142008053,0.112037142008053,1.00925051349184,0.268656189185685,7.34318268921661
3,"constrained",0.456666666666667,0.0928451345555196,0.0928451345555196,1.15733799045317,0.456666666666667,8.94622515074824
3,"oracle_ipw",0.456666666666667,0.084520948488381,0.084520948488381,0.997710449073874,0.468465993046383,7.00599325670395
4,"standard",0.443333333333333,0.140557705523271,0.140557705523271,0.786087153302743,0.309503834228622,5.85873491287378
4,"constrained",0.443333333333333,0.139702310339851,0.139702310339851,0.827486276836235,0.443333333333333,6.33159313664262
4,"oracle_ipw",0.443333333333333,0.135998109612631,0.135998109612631,1.11953293906345,0.455486925968858,8.49594270569645
5,"standard",0.458333333333333,-0.0151082180397103,0.0151082180397103,0.75321328152599,0.313549461526504,5.58489274595307
5,"constrained",0.458333333333333,-0.0192053495792159,0.0192053495792159,0.797342780463802,0.458333333333333,6.09150786431823
5,"oracle_ipw",0.458333333333333,0.00398204874997283,0.00398204874997283,1.3844797895704,0.424383957292325,9.5187702847553
6,"standard",0.478333333333333,-0.0814921803524725,0.0814921803524725,0.662961376964906,0.354109324091242,4.93247121370661
6,"constrained",0.478333333333333,-0.0907154936290428,0.0907154936290428,0.70536146292204,0.478333333333333,5.36499156347806
6,"oracle_ipw",0.478333333333333,-0.169726710570822,0.169726710570822,1.36107440166862,0.419751078010281,12.8007341268685
7,"standard",0.453888888888889,0.0158369869337054,0.0158369869337054,0.686437096485618,0.373520175400048,4.65299155497571
7,"constrained",0.453888888888889,0.0115766965796409,0.0115766965796409,0.701042554549257,0.453888888888889,4.84816187160585
7,"oracle_ipw",0.453888888888889,0.0477456660025296,0.0477456660025296,1.28246497063218,0.430020349575733,12.7571807156559
8,"standard",0.485,-0.00394592473210102,0.00394592473210102,0.772777116767676,0.259327058368105,6.4585823251148
8,"constrained",0.485,-0.0240574156414871,0.0240574156414871,0.884745206899166,0.485,7.9462149029195
8,"oracle_ipw",0.485,0.0140476911097848,0.0140476911097848,1.09088600603365,0.444367298878418,11.6383909744506
9,"standard",0.453888888888889,-0.0940777302464834,0.0940777302464834,0.826135980444379,0.369120067333989,5.06564735030928
9,"constrained",0.453888888888889,-0.103478186320455,0.103478186320455,0.856566521456879,0.453888888888889,5.32758736921242
9,"oracle_ipw",0.453888888888889,-0.133832981300633,0.133832981300633,1.10371612210421,0.48267714753136,12.1684778733414
10,"standard",0.445555555555556,-0.0188149905025907,0.0188149905025907,0.892563034028754,0.295988333162383,6.70906548695133
10,"constrained",0.445555555555556,-0.0325219441017156,0.0325219441017156,0.966483263361776,0.445555555555555,7.40545974963052
10,"oracle_ipw",0.445555555555556,0.0253070729436185,0.0253070729436185,1.13152961597028,0.455443838036575,8.8784015278237
11,"standard",0.45,-0.0334598282396384,0.0334598282396384,0.669868390279796,0.289044555890593,4.98161693703216
11,"constrained",0.45,-0.0413046442862296,0.0413046442862296,0.695848539770998,0.45,5.26044866295105
11,"oracle_ipw",0.45,-0.0728463890465044,0.0728463890465044,1.0577049155229,0.440898823722005,7.64630512141197
12,"standard",0.445555555555556,0.0387395234270503,0.0387395234270503,0.902605678800181,0.302692808324025,5.78604894754701
12,"constrained",0.445555555555556,0.0273123241044171,0.0273123241044171,0.94871552269734,0.445555555555555,6.22710887548164
12,"oracle_ipw",0.445555555555556,0.0216422629562083,0.0216422629562083,1.0864805367171,0.460371093340198,9.56316009530957
13,"standard",0.451666666666667,0.0902784196656537,0.0902784196656537,1.1837980420031,0.198883552659672,7.64335876401509
13,"constrained",0.451666666666667,0.0840434720737617,0.0840434720737617,1.4238077118186,0.451666666666667,9.48114222217312
13,"oracle_ipw",0.451666666666667,0.0534403945722658,0.0534403945722658,1.28797864258715,0.484594832686859,18.2564204498035
14,"standard",0.438888888888889,0.0136755794744776,0.0136755794744776,0.735025948038431,0.305995996339557,6.08900580595691
14,"constrained",0.438888888888889,0.0135171125072106,0.0135171125072106,0.764299901517178,0.438888888888889,6.60491237410415
14,"oracle_ipw",0.438888888888889,0.112140492362029,0.112140492362029,0.881362051240436,0.462062363856397,6.36139478603479
15,"standard",0.451111111111111,0.013059461336461,0.013059461336461,0.737147837917944,0.296173670339327,5.03453321953623
15,"constrained",0.451111111111111,0.010153073158126,0.010153073158126,0.779906543671707,0.451111111111111,5.44619533184098
15,"oracle_ipw",0.451111111111111,0.0195170646373853,0.0195170646373853,1.15314906768021,0.454047520549908,9.22819111643193
16,"standard",0.448333333333333,-0.172849699441475,0.172849699441475,0.977926539599516,0.251803415053575,6.45577670690222
16,"constrained",0.448333333333333,-0.176580046309048,0.176580046309048,1.06168241677235,0.448333333333333,7.35773291443458
16,"oracle_ipw",0.448333333333333,-0.133272283929737,0.133272283929737,1.16979518897572,0.467603980500696,10.2187155872547
17,"standard",0.439444444444444,-0.0373853060697362,0.0373853060697362,0.841788120695641,0.251149539654623,6.134339124524
17,"constrained",0.439444444444444,-0.052321855932635,0.052321855932635,0.906360622241101,0.439444444444445,6.71046673183096
17,"oracle_ipw",0.439444444444444,-0.113050782865446,0.113050782865446,1.13444970187874,0.451947895319832,8.37351822195453
18,"standard",0.457777777777778,-0.0585376937783397,0.0585376937783397,0.813690652349042,0.274518665553691,6.13320848620458
18,"constrained",0.457777777777778,-0.0754946251866566,0.0754946251866566,0.882007523427339,0.457777777777778,6.90304462108286
18,"oracle_ipw",0.457777777777778,-0.10538062505887,0.10538062505887,1.08558189890454,0.443276497714203,12.1231996982561
19,"standard",0.444444444444444,-0.0760970594255496,0.0760970594255496,0.641709229667434,0.358277693064998,4.66644615851056
19,"constrained",0.444444444444444,-0.079080439146937,0.079080439146937,0.652963783400105,0.444444444444444,4.80946589168119
19,"oracle_ipw",0.444444444444444,-0.250950095473997,0.250950095473997,1.2328482822549,0.422811625518809,8.97647913328197
20,"standard",0.474444444444444,0.170019431883726,0.170019431883726,0.950057071290784,0.299312293554784,6.88043551357193
20,"constrained",0.474444444444444,0.149184917467556,0.149184917467556,1.09058840370264,0.474444444444444,8.13242127508932
20,"oracle_ipw",0.474444444444444,0.187637294905603,0.187637294905603,1.10748866589303,0.461334772610316,10.4486979852059
21,"standard",0.451666666666667,-0.00447923965468475,0.00447923965468475,0.775570445447152,0.320725977895184,5.60380181923026
21,"constrained",0.451666666666667,-0.0108732596936769,0.0108732596936769,0.797373422476012,0.451666666666667,5.89948593240925
21,"oracle_ipw",0.451666666666667,0.025478737867522,0.025478737867522,1.25060659107569,0.449801701126632,12.5159685779671
22,"standard",0.442777777777778,0.0160137622144291,0.0160137622144291,0.812513004790962,0.265154760641407,5.21594075161743
22,"constrained",0.442777777777778,0.00577930838920523,0.00577930838920523,0.854524155108287,0.442777777777778,5.57108723530554
22,"oracle_ipw",0.442777777777778,-0.0165597628505102,0.0165597628505102,1.06757767683058,0.475039735568773,9.43200803041246
23,"standard",0.456111111111111,0.0435587710732892,0.0435587710732892,0.695998476870314,0.275676856371563,4.90030809627038
23,"constrained",0.456111111111111,0.0369971828294305,0.0369971828294305,0.741760376191181,0.456111111111111,5.32599262980449
23,"oracle_ipw",0.456111111111111,0.0689336117750095,0.0689336117750095,0.97338970896587,0.448968929330028,7.94372569920646
24,"standard",0.437222222222222,0.146157835993552,0.146157835993552,0.696415811011712,0.26837258299868,6.17056198742033
24,"constrained",0.437222222222222,0.147193391257936,0.147193391257936,0.727277441326802,0.437222222222222,6.63652969475636
24,"oracle_ipw",0.437222222222222,0.116289705064839,0.116289705064839,0.948629463993899,0.451720421494696,8.82746170225735
25,"standard",0.447222222222222,-0.0158108963793513,0.0158108963793513,0.950092609807209,0.258708279502631,7.07736538701183
25,"constrained",0.447222222222222,-0.0321986259252968,0.0321986259252968,1.04365210253205,0.447222222222222,7.88375667025375
25,"oracle_ipw",0.447222222222222,-0.0276572711260784,0.0276572711260784,1.2317815267063,0.461902198523327,14.3560417262736
26,"standard",0.43,0.0667028041206665,0.0667028041206665,0.756874199786713,0.293435191478609,5.5572446608399
26,"constrained",0.43,0.0643860228290199,0.0643860228290199,0.784254509094246,0.43,5.90473579689733
26,"oracle_ipw",0.43,-0.011853319978132,0.011853319978132,1.15367123219506,0.435007098835483,8.5266264449563
27,"standard",0.445,0.0480791251415502,0.0480791251415502,0.841368339935537,0.285435273344317,6.6755935357037
27,"constrained",0.445,0.0409846104606333,0.0409846104606333,0.908326988540216,0.445,7.32903566218368
27,"oracle_ipw",0.445,-0.0567678837363385,0.0567678837363385,1.17717218349029,0.450418663484262,14.3842572132325
28,"standard",0.467222222222222,-0.0205777040205889,0.0205777040205889,0.911504301644957,0.302945077671687,6.29631731680465
28,"constrained",0.467222222222222,-0.0483497074968108,0.0483497074968108,1.00554872782447,0.467222222222222,7.16992180401975
28,"oracle_ipw",0.467222222222222,0.00164745039230194,0.00164745039230194,0.932090118859896,0.476271840433323,7.43126164874107
29,"standard",0.458888888888889,0.0302137278218716,0.0302137278218716,0.71867234905982,0.329162927141051,5.34025197114337
29,"constrained",0.458888888888889,0.0297960696595218,0.0297960696595218,0.753749760452607,0.458888888888889,5.80210913999734
29,"oracle_ipw",0.458888888888889,0.025861484511322,0.025861484511322,1.30569504076628,0.437547959707599,12.409675218241
30,"standard",0.43,0.0404758668996498,0.0404758668996498,0.865416510477163,0.2968049527153,5.77896230440259
30,"constrained",0.43,0.0341504493480232,0.0341504493480232,0.900508837326536,0.43,6.17110038584726
30,"oracle_ipw",0.43,0.0194876346447834,0.0194876346447834,1.07775086262655,0.454062031897854,8.57558610806453
31,"standard",0.445,0.0369916142168491,0.0369916142168491,0.884002213941216,0.258745933006272,6.25492466571324
31,"constrained",0.445,0.0365121137349404,0.0365121137349404,0.944918107591172,0.445,7.06431171245864
31,"oracle_ipw",0.445,-0.040525851437055,0.040525851437055,1.09627827155929,0.480591172668382,8.76484085440375
32,"standard",0.44,0.0334647981288407,0.0334647981288407,0.690710997405146,0.279167198625598,5.95714723050007
32,"constrained",0.44,0.0232208636490875,0.0232208636490875,0.737672431628733,0.44,6.50291656809409
32,"oracle_ipw",0.44,0.0115757858323053,0.0115757858323053,1.12493664025416,0.441112592469164,13.1285817023579
33,"standard",0.432222222222222,0.0377179698546684,0.0377179698546684,0.770685485012144,0.319116106034576,5.30862098519385
33,"constrained",0.432222222222222,0.033815283990495,0.033815283990495,0.788723682428864,0.432222222222222,5.48030113483678
33,"oracle_ipw",0.432222222222222,-0.001157349759248,0.001157349759248,1.13183963435375,0.450029822786525,11.2142955354098
34,"standard",0.43,0.0684876091362155,0.0684876091362155,0.760831448463576,0.286134630035995,5.26867533671944
34,"constrained",0.43,0.0582115261431606,0.0582115261431606,0.80493086293298,0.43,5.72430994404714
34,"oracle_ipw",0.43,0.0672742831335501,0.0672742831335501,0.917734527848323,0.456727567839013,6.42043621962592
35,"standard",0.466666666666667,-0.0163890951318246,0.0163890951318246,0.689281068005328,0.304947121900346,5.32080736870319
35,"constrained",0.466666666666667,-0.0188536692856067,0.0188536692856067,0.741831220667507,0.466666666666667,6.01363438177705
35,"oracle_ipw",0.466666666666667,-0.0234132665878232,0.0234132665878232,1.07068090129928,0.439514824820133,7.56582941495596
36,"standard",0.442777777777778,0.0768795788695224,0.0768795788695224,0.695165259281914,0.300577393551198,5.04788695572286
36,"constrained",0.442777777777778,0.0765118708104094,0.0765118708104094,0.727253630212511,0.442777777777778,5.38527679456261
36,"oracle_ipw",0.442777777777778,0.0636512744629028,0.0636512744629028,0.939569304131389,0.453453583666282,6.16945002801097
37,"standard",0.446111111111111,-0.00313637329864926,0.00313637329864926,0.748883274243453,0.2480887009477,6.42616374915754
37,"constrained",0.446111111111111,-0.0175152755160685,0.0175152755160685,0.816026232817318,0.446111111111111,7.36876140463896
37,"oracle_ipw",0.446111111111111,-0.0245268888619649,0.0245268888619649,0.952060005708731,0.44642952979525,7.40790884857302
38,"standard",0.468333333333333,0.145806560601946,0.145806560601946,0.794646593024286,0.302346032347036,5.99945001542236
38,"constrained",0.468333333333333,0.130967456148015,0.130967456148015,0.87656084941184,0.468333333333333,6.84435334736203
38,"oracle_ipw",0.468333333333333,0.157302459311703,0.157302459311703,1.02163880324113,0.456592817586024,8.12957945807541
39,"standard",0.428888888888889,0.029491620529199,0.029491620529199,0.931707258389015,0.292786596812976,6.75746398596329
39,"constrained",0.428888888888889,0.0168502597536221,0.0168502597536221,0.984923693550582,0.428888888888889,7.33478658788202
39,"oracle_ipw",0.428888888888889,-0.0763811505565049,0.0763811505565049,1.47113245219107,0.466985640207302,15.666714622703
40,"standard",0.452222222222222,0.121090431135094,0.121090431135094,0.929902104282217,0.307159663162453,6.13629333081062
40,"constrained",0.452222222222222,0.097401740555081,0.097401740555081,1.02379200432945,0.452222222222222,7.15893887475501
40,"oracle_ipw",0.452222222222222,0.11238641395454,0.11238641395454,1.18414345328294,0.455109663584384,11.7603850969936
41,"standard",0.45,-0.16097480584037,0.16097480584037,0.615745965087855,0.312036903616645,5.34554900511781
41,"constrained",0.45,-0.161746869682722,0.161746869682722,0.637254466225727,0.45,5.66189719029862
41,"oracle_ipw",0.45,-0.214762091824883,0.214762091824883,1.28133259862862,0.41782595474401,8.28630248028628
42,"standard",0.46,0.16287169734481,0.16287169734481,0.539588480737343,0.315365869737458,4.1612456458133
42,"constrained",0.46,0.159504120971834,0.159504120971834,0.557513704584531,0.46,4.34368138068446
42,"oracle_ipw",0.46,0.134635803270422,0.134635803270422,1.05654583995113,0.429793845117712,7.71357450320809
43,"standard",0.462222222222222,0.127355823831558,0.127355823831558,0.897314108950947,0.294265034535438,6.3101668549932
43,"constrained",0.462222222222222,0.103581072627038,0.103581072627038,0.981945895137597,0.462222222222222,7.27623732323345
43,"oracle_ipw",0.462222222222222,-0.0037979247966697,0.0037979247966697,1.16729110130476,0.451825542006082,9.07441603921485
44,"standard",0.433888888888889,0.0165998541448287,0.0165998541448287,0.763863527140353,0.266467151050109,6.50574234011071
44,"constrained",0.433888888888889,0.0060662278187082,0.0060662278187082,0.826498972922017,0.433888888888889,7.31777411562514
44,"oracle_ipw",0.433888888888889,-0.0230014078209907,0.0230014078209907,0.986315214673047,0.449947964493802,9.49196208328944
45,"standard",0.430555555555556,0.0214202994263075,0.0214202994263075,0.840363152536788,0.306997374327444,5.86442831405
45,"constrained",0.430555555555556,0.0116759007642327,0.0116759007642327,0.874932502668589,0.430555555555556,6.20900699073005
45,"oracle_ipw",0.430555555555556,0.0321938715254877,0.0321938715254877,1.25331723081894,0.443915451720116,8.0382487797139
46,"standard",0.438333333333333,0.0158107049952234,0.0158107049952234,1.07289707152784,0.256997977244946,8.19182261208672
46,"constrained",0.438333333333333,-0.00316829222219128,0.00316829222219128,1.19833872742491,0.438333333333333,9.53037502179663
46,"oracle_ipw",0.438333333333333,-0.0237273025868302,0.0237273025868302,1.52557793417505,0.446385862359282,11.6015422425976
47,"standard",0.448888888888889,-0.08868088746803,0.08868088746803,0.871671748140347,0.324053083365702,5.70725079061242
47,"constrained",0.448888888888889,-0.0958631029124077,0.0958631029124077,0.912318843413759,0.448888888888889,6.17539290232134
47,"oracle_ipw",0.448888888888889,-0.166224434504918,0.166224434504918,1.23918057831269,0.460580474763923,10.5566736438914
48,"standard",0.448333333333333,-0.0222994774121928,0.0222994774121928,0.544126084136348,0.297376860177109,4.4968461351682
48,"constrained",0.448333333333333,-0.0268965898721148,0.0268965898721148,0.566241024091727,0.448333333333333,4.77849090538117
48,"oracle_ipw",0.448333333333333,-0.0260157465965304,0.0260157465965304,1.00678605681672,0.414640488125051,6.82928106230464
49,"standard",0.439444444444444,-0.0444753032230676,0.0444753032230676,0.754410482163741,0.330064916892405,5.36449596236436
49,"constrained",0.439444444444444,-0.0561832996822956,0.0561832996822956,0.784133803284371,0.439444444444445,5.67443870747534
49,"oracle_ipw",0.439444444444444,-0.118558694404506,0.118558694404506,1.13790942993378,0.432655866275735,9.84115083169597
50,"standard",0.460555555555556,-0.0140603028229426,0.0140603028229426,0.930743650664373,0.288912588676339,6.80097642622216
50,"constrained",0.460555555555556,-0.00739592335266092,0.00739592335266092,1.03601221011501,0.460555555555556,7.83915254941754
50,"oracle_ipw",0.460555555555556,0.0102784511653352,0.0102784511653352,1.25484770450322,0.46592701605396,10.6096197008984
51,"standard",0.463333333333333,-0.0367134461576415,0.0367134461576415,0.868798927750541,0.232415069485398,6.80824092214564
51,"constrained",0.463333333333333,-0.0596541304569775,0.0596541304569775,0.976569384072602,0.463333333333333,7.84706241856272
51,"oracle_ipw",0.463333333333333,-0.0820811051137701,0.0820811051137701,1.27377679056038,0.450111823297256,12.2064584992762
52,"standard",0.452777777777778,-0.0120526480587184,0.0120526480587184,0.893664014298964,0.277448204137082,6.60850460795801
52,"constrained",0.452777777777778,-0.0187885588195964,0.0187885588195964,0.973142276500499,0.452777777777778,7.41336534069186
52,"oracle_ipw",0.452777777777778,-0.072317838095961,0.072317838095961,1.20948302206434,0.452400762384538,11.8183149613058
53,"standard",0.442222222222222,-0.0157577328152226,0.0157577328152226,0.784981936658205,0.383855559349223,4.77687870027518
53,"constrained",0.442222222222222,-0.0177728026457585,0.0177728026457585,0.792827037485006,0.442222222222222,4.84945273606521
53,"oracle_ipw",0.442222222222222,-0.126066536346636,0.126066536346636,1.17231229180533,0.442667042570752,7.86955219169117
54,"standard",0.471111111111111,0.0285605635145647,0.0285605635145647,0.709477296790807,0.305965225947778,5.879539658971
54,"constrained",0.471111111111111,0.0265741292188237,0.0265741292188237,0.753308846928239,0.471111111111111,6.71105132658097
54,"oracle_ipw",0.471111111111111,-0.0275796187697435,0.0275796187697435,1.05227070047723,0.434882814613278,10.4567990056112
55,"standard",0.423333333333333,-0.0816003962943586,0.0816003962943586,0.644578072727992,0.302277060826731,4.91366451585779
55,"constrained",0.423333333333333,-0.088071227909687,0.088071227909687,0.66042283093174,0.423333333333333,5.08858052771715
55,"oracle_ipw",0.423333333333333,-0.201863319682449,0.201863319682449,1.50448397971867,0.424537395760587,16.1937545831998
56,"standard",0.447222222222222,0.0186459894711736,0.0186459894711736,0.858207449336034,0.306684642701863,6.27960187550122
56,"constrained",0.447222222222222,0.0110768185725052,0.0110768185725052,0.902785913964258,0.447222222222222,6.83685293090157
56,"oracle_ipw",0.447222222222222,-0.0696086734861212,0.0696086734861212,1.23530610972421,0.443330983441766,9.47801027009877
57,"standard",0.455,0.175025426293044,0.175025426293044,0.796122102226487,0.291357415623007,6.43840061855874
57,"constrained",0.455,0.167125760408097,0.167125760408097,0.850099498846045,0.455,6.9968738882004
57,"oracle_ipw",0.455,0.131806956352569,0.131806956352569,1.17668638762044,0.452350708216618,10.84260907548
58,"standard",0.451111111111111,-0.0480755976973178,0.0480755976973178,1.06216271468904,0.244289036624689,6.68704333078681
58,"constrained",0.451111111111111,-0.060479083509502,0.060479083509502,1.17263570076405,0.451111111111111,7.65754376136948
58,"oracle_ipw",0.451111111111111,-0.0740244872747235,0.0740244872747235,1.147354771563,0.481289967796097,9.23404129791151
59,"standard",0.436666666666667,0.00272627785705713,0.00272627785705713,1.05532603660538,0.274331172684452,6.72671388272861
59,"constrained",0.436666666666667,-0.00505247393215117,0.00505247393215117,1.12794849943989,0.436666666666667,7.24995241483294
59,"oracle_ipw",0.436666666666667,-0.0397100411805234,0.0397100411805234,1.13954568499394,0.487136250413082,8.43201492054929
60,"standard",0.46,0.0657313193271875,0.0657313193271875,0.744723711763131,0.328542859026649,5.18716825829159
60,"constrained",0.46,0.0525059877821175,0.0525059877821175,0.789598408413601,0.46,5.6413699218845
60,"oracle_ipw",0.46,-0.0828813486262949,0.0828813486262949,1.20228336345818,0.434241664777882,9.00083976466378
61,"standard",0.454444444444444,-0.0529300171922848,0.0529300171922848,0.942414641696386,0.262032868882176,7.49983848530126
61,"constrained",0.454444444444444,-0.0781548473612002,0.0781548473612002,1.03543681043396,0.454444444444444,8.65993394179951
61,"oracle_ipw",0.454444444444444,-0.0942525573377121,0.0942525573377121,1.07130505257529,0.46787688595312,8.39001684788892
62,"standard",0.462222222222222,0.0775846401785017,0.0775846401785017,1.03055758125337,0.273698008525956,7.46787586968454
62,"constrained",0.462222222222222,0.05480040076548,0.05480040076548,1.19229515742192,0.462222222222222,9.11248838204032
62,"oracle_ipw",0.462222222222222,0.126181393020903,0.126181393020903,1.34216524702273,0.461756619357162,15.4694669441161
63,"standard",0.464444444444444,-0.0179866954026462,0.0179866954026462,0.650684313075023,0.288934682988343,5.36125471014952
63,"constrained",0.464444444444444,-0.0268912165843476,0.0268912165843476,0.690761920851773,0.464444444444444,5.75520041209341
63,"oracle_ipw",0.464444444444444,-0.0481889210237238,0.0481889210237238,1.13740584216065,0.425255231095062,9.28396109093658
64,"standard",0.453888888888889,0.067257981166328,0.067257981166328,0.797016609416918,0.263991974928818,6.20682823194457
64,"constrained",0.453888888888889,0.0536817521219941,0.0536817521219941,0.874725353093565,0.453888888888889,6.96301711721397
64,"oracle_ipw",0.453888888888889,0.061915870803481,0.061915870803481,0.902681916046247,0.454619184818204,6.42508380197444
65,"standard",0.46,0.0244598448897512,0.0244598448897512,0.93599373415072,0.235571686367253,8.10288998048471
65,"constrained",0.46,0.00278801224745219,0.00278801224745219,1.06053736562319,0.46,9.6797613758184
65,"oracle_ipw",0.46,0.12626743627216,0.12626743627216,0.970441610571007,0.471609793253398,8.74843665923522
66,"standard",0.461666666666667,0.0494013836238162,0.0494013836238162,0.827982858056342,0.286178137422735,5.82038973711902
66,"constrained",0.461666666666667,0.0435153294458047,0.0435153294458047,0.912128645535734,0.461666666666667,6.43804441543302
66,"oracle_ipw",0.461666666666667,0.122842337655507,0.122842337655507,1.06076381443117,0.458021128332556,9.80787708101287
67,"standard",0.454444444444444,0.0341509955235373,0.0341509955235373,0.888808244394459,0.263695360356354,6.46220184650951
67,"constrained",0.454444444444444,0.0328228482492282,0.0328228482492282,1.00363353618652,0.454444444444444,7.41994950121253
67,"oracle_ipw",0.454444444444444,0.00421326269077286,0.00421326269077286,1.07003656806973,0.451364444087456,7.13455683455591
68,"standard",0.460555555555556,0.179644179503479,0.179644179503479,0.844679830808498,0.264681118236083,6.99435159438682
68,"constrained",0.460555555555556,0.169612837266299,0.169612837266299,0.951180586594135,0.460555555555556,8.47242878190007
68,"oracle_ipw",0.460555555555556,0.232644802172735,0.232644802172735,1.14556908059657,0.450651439222061,12.0790167894092
69,"standard",0.447777777777778,0.0789820966357774,0.0789820966357774,0.926287254838494,0.265306939242599,7.77979722221423
69,"constrained",0.447777777777778,0.0681837987340661,0.0681837987340661,1.03121611462072,0.447777777777778,8.99728453186905
69,"oracle_ipw",0.447777777777778,0.107857344831164,0.107857344831164,1.12810016302819,0.476566068093323,11.5953150282472
70,"standard",0.458333333333333,0.00956466372976804,0.00956466372976804,0.917822341428713,0.288120168034655,6.46920206795032
70,"constrained",0.458333333333333,-0.00686931847475795,0.00686931847475795,0.999116274713472,0.458333333333333,7.47206836890991
70,"oracle_ipw",0.458333333333333,0.00965235019894917,0.00965235019894917,1.09847613708845,0.465074272139495,9.58508035238475
71,"standard",0.472222222222222,-0.0129262837850037,0.0129262837850037,0.886360506403067,0.276781185894881,5.92395661876834
71,"constrained",0.472222222222222,-0.0269110185421847,0.0269110185421847,0.958266236379405,0.472222222222222,6.53476746881747
71,"oracle_ipw",0.472222222222222,-0.0554154290188008,0.0554154290188008,1.17175123821043,0.452369695085827,12.6634401623064
72,"standard",0.456666666666667,0.162678697285812,0.162678697285812,0.793498704211855,0.322268677405194,5.64496078449562
72,"constrained",0.456666666666667,0.165654611752693,0.165654611752693,0.846081456238857,0.456666666666667,6.19070168329051
72,"oracle_ipw",0.456666666666667,0.127038686919073,0.127038686919073,1.2031347670631,0.451520110478786,12.1681084060672
73,"standard",0.460555555555556,-0.0936756165651266,0.0936756165651266,0.707255723094673,0.296833746653729,5.4571555164946
73,"constrained",0.460555555555556,-0.104348126396223,0.104348126396223,0.751807945269941,0.460555555555556,5.89928456275838
73,"oracle_ipw",0.460555555555556,-0.159645608365681,0.159645608365681,1.07571576584623,0.451956864822492,7.30155250931006
74,"standard",0.42,-0.0627392640302825,0.0627392640302825,0.813834921597514,0.261882208607,6.248707118058
74,"constrained",0.42,-0.0681425139781249,0.0681425139781249,0.844180943331619,0.42,6.63950867612738
74,"oracle_ipw",0.42,-0.139711119024353,0.139711119024353,1.26020990121857,0.441714783470429,13.2463791259617
75,"standard",0.465555555555556,-0.00718758579799768,0.00718758579799768,0.669072090392736,0.262304390488998,5.12499475173885
75,"constrained",0.465555555555556,-0.0175985863539437,0.0175985863539437,0.730743090422235,0.465555555555556,5.89682028326064
75,"oracle_ipw",0.465555555555556,-0.00779776738703324,0.00779776738703324,1.15371184671402,0.446840634962828,11.9768740586373
76,"standard",0.451111111111111,0.0219531057995607,0.0219531057995607,0.792894171808015,0.319196227590923,5.62056389029177
76,"constrained",0.451111111111111,0.0108330316994384,0.0108330316994384,0.842646823168705,0.451111111111111,6.0732272164486
76,"oracle_ipw",0.451111111111111,-0.0517072614360015,0.0517072614360015,1.60000774153335,0.427864466437585,15.3505764935752
77,"standard",0.461111111111111,-0.153021231780112,0.153021231780112,0.692357851444286,0.256567572377116,5.13576615684824
77,"constrained",0.461111111111111,-0.16339000905354,0.16339000905354,0.752408367671358,0.461111111111111,5.67206809306183
77,"oracle_ipw",0.461111111111111,-0.210920252909821,0.210920252909821,1.14923603284423,0.430997865244762,9.38523036215967
78,"standard",0.453888888888889,-0.0166366134024359,0.0166366134024359,0.627604018015756,0.336076877144559,4.85263441671949
78,"constrained",0.453888888888889,-0.0187849653335702,0.0187849653335702,0.648891664321269,0.453888888888889,5.10765237914688
78,"oracle_ipw",0.453888888888889,-0.0506185946842685,0.0506185946842685,1.15200471908141,0.425281079105486,10.0543834264549
79,"standard",0.449444444444444,0.172279835328505,0.172279835328505,0.854857395740273,0.28364120601413,6.527066531907
79,"constrained",0.449444444444444,0.156447165906921,0.156447165906921,0.925721353747275,0.449444444444444,7.36246946154779
79,"oracle_ipw",0.449444444444444,0.169660701757777,0.169660701757777,1.07016179710302,0.451732793588527,8.97974838197644
80,"standard",0.46,0.230645121361542,0.230645121361542,0.754745837875025,0.32051732726347,5.3623608071075
80,"constrained",0.46,0.221513394696502,0.221513394696502,0.797949740281329,0.46,5.8746747666671
80,"oracle_ipw",0.46,0.1560047707341,0.1560047707341,1.06662688586409,0.443716645246439,7.86062289813958
81,"standard",0.436111111111111,-0.05423820084104,0.05423820084104,0.716760896086734,0.296820928674683,5.30321928379878
81,"constrained",0.436111111111111,-0.062513913493695,0.062513913493695,0.747701316771351,0.436111111111111,5.64684864855652
81,"oracle_ipw",0.436111111111111,-0.123897266532795,0.123897266532795,1.09757804410447,0.452495502691927,7.9431632384831
82,"standard",0.440555555555556,0.0418208599979125,0.0418208599979125,0.726134302471698,0.27207347091418,5.61583321735712
82,"constrained",0.440555555555556,0.0134099543494359,0.0134099543494359,0.78937664546124,0.440555555555556,6.25035901993462
82,"oracle_ipw",0.440555555555556,-0.0962667328148155,0.0962667328148155,1.27955389919266,0.426832458328464,15.2327279643527
83,"standard",0.451666666666667,0.0468221704749686,0.0468221704749686,0.814103946573559,0.3001440085668,5.47882278610596
83,"constrained",0.451666666666667,0.0401543151579025,0.0401543151579025,0.854641092055871,0.451666666666667,5.85604063433758
83,"oracle_ipw",0.451666666666667,-0.0324794506521346,0.0324794506521346,1.31956156962724,0.448081696554093,14.6301484895415
84,"standard",0.450555555555556,-0.00149723758399542,0.00149723758399542,0.837414197572701,0.299197329773474,6.31173974433671
84,"constrained",0.450555555555556,-0.00372144050402165,0.00372144050402165,0.88068360497085,0.450555555555556,7.06530192936229
84,"oracle_ipw",0.450555555555556,-0.0138751191896011,0.0138751191896011,1.11149243148769,0.47156281797758,9.5032801583649
85,"standard",0.461666666666667,0.146615466013871,0.146615466013871,0.650622071529607,0.348529166621426,4.44466659225511
85,"constrained",0.461666666666667,0.14127402519897,0.14127402519897,0.664719386632195,0.461666666666667,4.60636282872845
85,"oracle_ipw",0.461666666666667,0.0811214280220373,0.0811214280220373,1.13875684554661,0.431191822717572,7.80574881224237
86,"standard",0.448888888888889,0.0444038408549014,0.0444038408549014,0.755766113118032,0.296784475829628,5.64728824670144
86,"constrained",0.448888888888889,0.0371088938663029,0.0371088938663029,0.80459968099059,0.448888888888889,6.20273439135575
86,"oracle_ipw",0.448888888888889,0.0153716222547013,0.0153716222547013,1.09211536027098,0.442282587610219,7.77330673708689
87,"standard",0.433888888888889,0.00740024206003043,0.00740024206003043,0.620539908497833,0.37102154147166,4.54343757599885
87,"constrained",0.433888888888889,0.000129854936157921,0.000129854936157921,0.629924516103041,0.433888888888889,4.65829899639347
87,"oracle_ipw",0.433888888888889,-0.0513208739075505,0.0513208739075505,1.30775225447243,0.422234648779018,14.3973902311643
88,"standard",0.455,0.170920031166611,0.170920031166611,1.11725158471017,0.248248516964063,7.6904182431486
88,"constrained",0.455,0.136698434660719,0.136698434660719,1.27964948200541,0.455,9.15667951849257
88,"oracle_ipw",0.455,0.150264653210588,0.150264653210588,1.06128076179713,0.491006683916206,8.05490924497654
89,"standard",0.433333333333333,0.000143110163065995,0.000143110163065995,0.809600737504449,0.26681713352005,6.5790362894628
89,"constrained",0.433333333333333,-0.00515169112408706,0.00515169112408706,0.852492085310443,0.433333333333333,7.06481810602205
89,"oracle_ipw",0.433333333333333,-0.02330728171385,0.02330728171385,0.99870118929637,0.46355119562317,8.13869953302147
90,"standard",0.472222222222222,0.0839184519868048,0.0839184519868048,0.660755578739453,0.288603635840097,5.47827942899819
90,"constrained",0.472222222222222,0.0770051745913701,0.0770051745913701,0.711582855060297,0.472222222222222,6.1074656679959
90,"oracle_ipw",0.472222222222222,-0.0574204874033571,0.0574204874033571,1.20273590754829,0.43485362291787,9.53458745172058
91,"standard",0.433333333333333,0.0426331635145646,0.0426331635145646,1.05723098400736,0.269621816572565,7.09099815023571
91,"constrained",0.433333333333333,0.0238107521853858,0.0238107521853858,1.15135986558457,0.433333333333333,7.98948371616398
91,"oracle_ipw",0.433333333333333,0.013344704512111,0.013344704512111,1.10068545451329,0.471243625519101,7.91740664171015
92,"standard",0.46,0.0446384075242742,0.0446384075242742,0.783578208643891,0.285806875866759,5.79167492403661
92,"constrained",0.46,0.036727681864981,0.036727681864981,0.860504476053053,0.46,6.54826030172907
92,"oracle_ipw",0.46,0.00705344174311096,0.00705344174311096,1.06141872890962,0.463201454748704,8.20144500690352
93,"standard",0.453333333333333,0.0759563625422172,0.0759563625422172,0.785523459956523,0.30551325925774,5.33285411069975
93,"constrained",0.453333333333333,0.0661453462551946,0.0661453462551946,0.824465022993794,0.453333333333333,5.68474029905229
93,"oracle_ipw",0.453333333333333,-0.0818474506587553,0.0818474506587553,1.34887703427497,0.442600547134732,11.3931122032521
94,"standard",0.461111111111111,-0.125598057103785,0.125598057103785,0.691970920010831,0.307132136442235,4.8679022194412
94,"constrained",0.461111111111111,-0.138006570535389,0.138006570535389,0.72556597286112,0.461111111111111,5.16810567712434
94,"oracle_ipw",0.461111111111111,-0.193130098296647,0.193130098296647,1.2868903758477,0.423879609745898,8.94203219279818
95,"standard",0.458888888888889,0.116323282598158,0.116323282598158,0.74209914249379,0.306011730864534,5.10096568391804
95,"constrained",0.458888888888889,0.107114320022658,0.107114320022658,0.793243536639792,0.458888888888889,5.53632426930437
95,"oracle_ipw",0.458888888888889,0.104366048253438,0.104366048253438,1.06380472187422,0.436442175835118,9.53772562065481
96,"standard",0.444444444444444,9.60738968418806e-05,9.60738968418806e-05,0.811775891719089,0.246733774540632,5.81661167809865
96,"constrained",0.444444444444444,-0.00483018134688165,0.00483018134688165,0.865896137999622,0.444444444444444,6.37696562261281
96,"oracle_ipw",0.444444444444444,-0.0785801219418791,0.0785801219418791,1.129796016933,0.441133000120354,9.49349481114008
97,"standard",0.456111111111111,-0.0808035467446404,0.0808035467446404,0.776361159237197,0.281818601861764,5.14284849325533
97,"constrained",0.456111111111111,-0.0858176189185391,0.0858176189185391,0.821581749721545,0.456111111111111,5.5356733398873
97,"oracle_ipw",0.456111111111111,-0.124384454403421,0.124384454403421,1.16749461019725,0.44554806595461,9.66130195587312
98,"standard",0.438333333333333,0.0622685500713821,0.0622685500713821,0.832737462483155,0.293920040093964,6.23643827957903
98,"constrained",0.438333333333333,0.0492409551616176,0.0492409551616176,0.891382674044871,0.438333333333333,6.83112260004194
98,"oracle_ipw",0.438333333333333,-0.00545843808170665,0.00545843808170665,1.1398319968353,0.444254108474772,8.78122666753219
99,"standard",0.457222222222222,-0.00569191045659898,0.00569191045659898,0.999324993896545,0.240597989541285,7.92671026764933
99,"constrained",0.457222222222222,-0.0276807005541084,0.0276807005541084,1.13973666635286,0.457222222222222,9.63787098416256
99,"oracle_ipw",0.457222222222222,0.01877776122581,0.01877776122581,1.0213385212862,0.485100203333887,9.16919529739758
100,"standard",0.459444444444444,0.154171645995184,0.154171645995184,1.15499919091352,0.248124849773575,8.16342801099169
100,"constrained",0.459444444444444,0.131481242513142,0.131481242513142,1.39558444369677,0.459444444444444,10.0656725007328
100,"oracle_ipw",0.459444444444444,0.128058731831554,0.128058731831554,1.01542916737825,0.491421651705678,8.48998950564082
101,"standard",0.448888888888889,-0.00770625083438175,0.00770625083438175,1.06956380070459,0.218533515849367,9.27232468938483
101,"constrained",0.448888888888889,-0.0283162668848931,0.0283162668848931,1.24508327199178,0.448888888888889,11.3596871909918
101,"oracle_ipw",0.448888888888889,0.0364875690705179,0.0364875690705179,1.077484296482,0.46736804794906,10.5925501961962
102,"standard",0.444444444444444,0.226301002265062,0.226301002265062,0.934962064231096,0.272444013175173,6.76497901974017
102,"constrained",0.444444444444444,0.216134240548428,0.216134240548428,0.993891291313174,0.444444444444444,7.43471674868948
102,"oracle_ipw",0.444444444444444,0.25832194308311,0.25832194308311,1.0777936546452,0.466687709732026,8.31747552527627
103,"standard",0.451111111111111,0.0130729681841073,0.0130729681841073,0.794453372967747,0.314770584001306,5.3993729936462
103,"constrained",0.451111111111111,0.0087846100115306,0.0087846100115306,0.840609137394878,0.451111111111111,5.8609289617175
103,"oracle_ipw",0.451111111111111,0.0142389739961073,0.0142389739961073,1.08357124455692,0.45435361251227,8.1902726433348
104,"standard",0.445555555555556,0.0168868036579618,0.0168868036579618,0.94110768570691,0.259409111618409,7.85765974230297
104,"constrained",0.445555555555556,0.00340115194378313,0.00340115194378313,1.02562294259757,0.445555555555555,8.97602753661729
104,"oracle_ipw",0.445555555555556,-0.0677813195935629,0.0677813195935629,1.31723767990519,0.455967602937747,12.0622623640365
105,"standard",0.441666666666667,0.124021852200415,0.124021852200415,0.790400475778541,0.311665137513194,5.16554394893034
105,"constrained",0.441666666666667,0.122758535728839,0.122758535728839,0.819837655133215,0.441666666666667,5.46634590803198
105,"oracle_ipw",0.441666666666667,-0.000183199561984143,0.000183199561984143,1.33180920569201,0.437084603779336,14.3230887170116
106,"standard",0.450555555555556,0.0248041500828629,0.0248041500828629,1.0179985893787,0.288688415790136,6.07901095538709
106,"constrained",0.450555555555556,0.0211158578957645,0.0211158578957645,1.09069523863607,0.450555555555556,6.5435791121396
106,"oracle_ipw",0.450555555555556,-0.0416751282184078,0.0416751282184078,1.3020517253849,0.452609423842784,9.80351544512152
107,"standard",0.423888888888889,0.119068203883185,0.119068203883185,1.0072895503152,0.273993115413629,7.46019672429836
107,"constrained",0.423888888888889,0.115806086865625,0.115806086865625,1.08573595170253,0.423888888888889,8.12443735016856
107,"oracle_ipw",0.423888888888889,0.159208525371122,0.159208525371122,0.912575079635603,0.485502130515289,7.73993537585141
108,"standard",0.448888888888889,-0.0267978207606292,0.0267978207606292,0.891292060270766,0.242741534119631,6.15358474357561
108,"constrained",0.448888888888889,-0.0430167021675283,0.0430167021675283,0.988403844304466,0.448888888888889,6.96910826839962
108,"oracle_ipw",0.448888888888889,-0.0743768595847006,0.0743768595847006,1.04232838820726,0.46615077571424,10.5317002820508
109,"standard",0.45,0.0356952565718685,0.0356952565718685,0.898193237279184,0.272693972014398,6.48203463125189
109,"constrained",0.45,0.0258653229679533,0.0258653229679533,0.978657419370722,0.45,7.24457971758372
109,"oracle_ipw",0.45,-0.0160993668221545,0.0160993668221545,1.17263676695467,0.447538151767716,8.65884631295866
110,"standard",0.455555555555556,-0.217800445816991,0.217800445816991,0.908207674112128,0.271222817900053,6.90583186089126
110,"constrained",0.455555555555556,-0.24461265362193,0.24461265362193,1.00575043566251,0.455555555555556,8.03684069038989
110,"oracle_ipw",0.455555555555556,-0.219852036418269,0.219852036418269,1.28599710858165,0.454095925610659,14.9421835664317
111,"standard",0.468333333333333,0.0508041070824387,0.0508041070824387,0.774642914066201,0.301129595148679,5.1292009120046
111,"constrained",0.468333333333333,0.0458415774006058,0.0458415774006058,0.843859991223492,0.468333333333333,5.83475350987682
111,"oracle_ipw",0.468333333333333,0.0182318940068852,0.0182318940068852,1.05413763946868,0.463988995510351,7.11114099119102
112,"standard",0.432777777777778,-0.0590871400296828,0.0590871400296828,0.787091076706226,0.298498022924076,6.2381556676101
112,"constrained",0.432777777777778,-0.0608330736348115,0.0608330736348115,0.822877152085205,0.432777777777778,6.66169384497321
112,"oracle_ipw",0.432777777777778,-0.0417008895930718,0.0417008895930718,1.09083571852534,0.447109909684696,9.2148387201902
113,"standard",0.438888888888889,-0.0284757396970629,0.0284757396970629,0.96203503931847,0.25286097350182,7.68174300510377
113,"constrained",0.438888888888889,-0.0413066109362708,0.0413066109362708,1.04435606627955,0.438888888888889,8.85846703976953
113,"oracle_ipw",0.438888888888889,-0.0740408468356806,0.0740408468356806,1.48094937460835,0.472662558058116,15.4735803678452
114,"standard",0.426111111111111,0.0432858793379888,0.0432858793379888,0.950313903270925,0.345306078254744,6.071566189081
114,"constrained",0.426111111111111,0.0416656644060952,0.0416656644060952,0.97572218839668,0.426111111111111,6.3486583833564
114,"oracle_ipw",0.426111111111111,0.0843329015918799,0.0843329015918799,1.038856941342,0.476805316780243,8.38334975714774
115,"standard",0.458888888888889,0.0186286697155179,0.0186286697155179,1.18418751556316,0.259383196134095,7.96027913465295
115,"constrained",0.458888888888889,0.00359388159444951,0.00359388159444951,1.31435851941497,0.458888888888889,9.33671579295958
115,"oracle_ipw",0.458888888888889,0.00320661744884682,0.00320661744884682,1.08561127424333,0.481878541241981,9.18941935300496
116,"standard",0.457777777777778,0.052282796149238,0.052282796149238,0.820197105717336,0.268119891038514,7.03791593778589
116,"constrained",0.457777777777778,0.0296000697156021,0.0296000697156021,0.896542275258849,0.457777777777778,8.11927722349811
116,"oracle_ipw",0.457777777777778,0.0583199905627565,0.0583199905627565,1.10509091945526,0.44874578891554,8.89950301432819
117,"standard",0.453888888888889,0.028164730027684,0.028164730027684,0.74511139629836,0.343790158080375,5.17577664115412
117,"constrained",0.453888888888889,0.0228809814864278,0.0228809814864278,0.776122335015555,0.453888888888889,5.56445417371039
117,"oracle_ipw",0.453888888888889,-0.0195123958220679,0.0195123958220679,1.21603866651697,0.444655992625078,9.82217807886492
118,"standard",0.436111111111111,-0.0100264409931244,0.0100264409931244,0.927098081642781,0.259732589959602,6.2281264044692
118,"constrained",0.436111111111111,-0.0196101427897038,0.0196101427897038,0.998121847855975,0.436111111111111,6.87096088155246
118,"oracle_ipw",0.436111111111111,-0.0308654600346136,0.0308654600346136,1.11312779718293,0.451599485685084,7.26282500482003
119,"standard",0.418333333333333,-0.0131678087527106,0.0131678087527106,0.714272680142946,0.310638402208241,5.74174604716049
119,"constrained",0.418333333333333,-0.0171821598310433,0.0171821598310433,0.728762528823959,0.418333333333333,5.93400160380277
119,"oracle_ipw",0.418333333333333,-0.0743014500065684,0.0743014500065684,1.32757297343351,0.426216523746205,7.81060918948852
120,"standard",0.453333333333333,0.237175565007307,0.237175565007307,0.697033727006105,0.299460574763545,5.2201020674258
120,"constrained",0.453333333333333,0.217680855539486,0.217680855539486,0.741938584253665,0.453333333333333,5.66137592324695
120,"oracle_ipw",0.453333333333333,0.201483502710804,0.201483502710804,1.28014473518449,0.424794892677859,15.346464098798
121,"standard",0.450555555555556,0.163278857193428,0.163278857193428,0.832878499790453,0.299914100765622,5.47007706527459
121,"constrained",0.450555555555556,0.157196957738832,0.157196957738832,0.868012703057196,0.450555555555556,5.79232399400253
121,"oracle_ipw",0.450555555555556,0.133260690406295,0.133260690406295,1.07893148734619,0.450473077227494,7.11550942760659
122,"standard",0.446666666666667,0.0112719182283261,0.0112719182283261,0.943593486567031,0.279298376584813,6.91666353780859
122,"constrained",0.446666666666667,-0.0140849459335038,0.0140849459335038,1.04766137684815,0.446666666666667,7.89793135243573
122,"oracle_ipw",0.446666666666667,-0.13158914746935,0.13158914746935,1.6033996458153,0.446963781822298,21.6808568203735
123,"standard",0.432222222222222,-0.0598509502133619,0.0598509502133619,1.05464938688136,0.198117307936294,7.17942220781141
123,"constrained",0.432222222222222,-0.0846831923320279,0.0846831923320279,1.18348207381264,0.432222222222222,8.31713981641966
123,"oracle_ipw",0.432222222222222,0.108437104849834,0.108437104849834,1.08146869749178,0.449023428249445,8.15115139866054
124,"standard",0.453333333333333,0.122470180555065,0.122470180555065,0.838833392582152,0.30018693762929,6.11051420515214
124,"constrained",0.453333333333333,0.111699069171669,0.111699069171669,0.887506111649306,0.453333333333333,6.65386781536664
124,"oracle_ipw",0.453333333333333,0.0725222736363876,0.0725222736363876,1.16022209903601,0.45672401787977,11.1870119880274
125,"standard",0.451666666666667,-0.09582505129758,0.09582505129758,0.755194604759084,0.336768326363307,4.87431936494815
125,"constrained",0.451666666666667,-0.104142659653866,0.104142659653866,0.789084502422049,0.451666666666667,5.17103049679077
125,"oracle_ipw",0.451666666666667,-0.0851586004252802,0.0851586004252802,1.11755196385992,0.443793059002786,7.3468165741015
126,"standard",0.442222222222222,0.00577741729561383,0.00577741729561383,1.01680072985452,0.308632818070329,6.84302206688113
126,"constrained",0.442222222222222,0.0056878029765335,0.0056878029765335,1.06950792795961,0.442222222222222,7.48721563337532
126,"oracle_ipw",0.442222222222222,-0.0267941550607162,0.0267941550607162,1.19731957298383,0.458698037188935,12.5415573869708
127,"standard",0.422222222222222,-0.0131535039616603,0.0131535039616603,0.931801441128726,0.234921941639483,7.50867007946912
127,"constrained",0.422222222222222,-0.0182531078631146,0.0182531078631146,1.01561322913149,0.422222222222222,8.55879537807968
127,"oracle_ipw",0.422222222222222,-0.0283373806690882,0.0283373806690882,1.23874930972509,0.469706229429614,17.9291454396384
128,"standard",0.456666666666667,0.0488950766739963,0.0488950766739963,1.01498570696582,0.239234729520579,7.44417320619673
128,"constrained",0.456666666666667,0.0309914892367126,0.0309914892367126,1.20154709057667,0.456666666666667,9.20665531199661
128,"oracle_ipw",0.456666666666667,0.0717105086264991,0.0717105086264991,1.03381389163169,0.457595333385136,8.01543378287537
129,"standard",0.44,-0.0476694448855939,0.0476694448855939,0.791110266951864,0.271724232622674,5.94247047952471
129,"constrained",0.44,-0.059913228460768,0.059913228460768,0.856669568041688,0.44,6.6199160691275
129,"oracle_ipw",0.44,-0.0551971702424253,0.0551971702424253,1.01208803375649,0.445145679946231,7.42566475434345
130,"standard",0.434444444444444,0.0749357038892325,0.0749357038892325,0.884948744860745,0.24975181939873,6.69280354019306
130,"constrained",0.434444444444444,0.0687568083763892,0.0687568083763892,0.959381790448732,0.434444444444444,7.51503623839407
130,"oracle_ipw",0.434444444444444,0.0199216780168554,0.0199216780168554,1.18553721271103,0.447610344190181,9.44264837362066
131,"standard",0.465,0.150094744415352,0.150094744415352,0.949732297444332,0.267368181131606,7.58551597776133
131,"constrained",0.465,0.123948653320918,0.123948653320918,1.08908633351518,0.465,8.94251856161971
131,"oracle_ipw",0.465,0.0531085015278774,0.0531085015278774,1.12001644154488,0.459312270002403,12.7328767186656
132,"standard",0.458888888888889,-0.0908393358645061,0.0908393358645061,0.843668426486815,0.270035692894507,6.09243948877823
132,"constrained",0.458888888888889,-0.10959945384857,0.10959945384857,0.929853331881431,0.458888888888889,6.99778492594064
132,"oracle_ipw",0.458888888888889,-0.0759135560269757,0.0759135560269757,1.09455945788465,0.4524537162534,8.85278643807865
133,"standard",0.461666666666667,0.0906440830321408,0.0906440830321408,0.743924887085853,0.283473701583749,5.2913312600868
133,"constrained",0.461666666666667,0.0839838948326691,0.0839838948326691,0.810062050378212,0.461666666666667,5.86893514634246
133,"oracle_ipw",0.461666666666667,0.0209553104024627,0.0209553104024627,0.97983012778181,0.438944060427642,6.77455059398592
134,"standard",0.443333333333333,0.0879118598869106,0.0879118598869106,0.668602407929177,0.362571053339389,4.97352255142258
134,"constrained",0.443333333333333,0.0845705591953897,0.0845705591953897,0.683525551476294,0.443333333333333,5.20635164234583
134,"oracle_ipw",0.443333333333333,0.0664565008490579,0.0664565008490579,1.51619175567722,0.434237540155338,15.579224496103
135,"standard",0.473888888888889,0.0525237460181902,0.0525237460181902,0.826753413502859,0.30901670001963,5.80807139067392
135,"constrained",0.473888888888889,0.0296637313823988,0.0296637313823988,0.890601722328363,0.473888888888889,6.40304316255144
135,"oracle_ipw",0.473888888888889,0.119362328055817,0.119362328055817,1.09316472965689,0.453934586202105,8.4747244106645
136,"standard",0.437222222222222,-0.048427312012557,0.048427312012557,0.724180289390764,0.262260929876889,6.6673862983457
136,"constrained",0.437222222222222,-0.056598319372783,0.056598319372783,0.773677309930432,0.437222222222222,7.54841949699313
136,"oracle_ipw",0.437222222222222,-0.0562328639499661,0.0562328639499661,1.02045657462749,0.437230147525878,7.63492661714469
137,"standard",0.436666666666667,0.129540694546856,0.129540694546856,0.80769412150239,0.320357374769604,5.87505810452112
137,"constrained",0.436666666666667,0.124216721821694,0.124216721821694,0.83698195332506,0.436666666666667,6.18156355585542
137,"oracle_ipw",0.436666666666667,0.045016929283505,0.045016929283505,1.15655317343129,0.438495207649062,10.7484209041484
138,"standard",0.435,-0.100095562524729,0.100095562524729,1.05596912746461,0.238251693737461,8.71001601072632
138,"constrained",0.435,-0.121621777479898,0.121621777479898,1.16837665729904,0.435,10.0509805829475
138,"oracle_ipw",0.435,-0.0952828328979012,0.0952828328979012,1.20888560560693,0.466450961811976,12.1332872602391
139,"standard",0.453333333333333,0.00315467761539156,0.00315467761539156,0.767015386888759,0.267672349042052,5.55477579687372
139,"constrained",0.453333333333333,-0.0241792555364988,0.0241792555364988,0.852491531941339,0.453333333333333,6.35301346155826
139,"oracle_ipw",0.453333333333333,-0.0104126772372968,0.0104126772372968,1.20521012791134,0.446427475704796,15.5883004173792
140,"standard",0.460555555555556,0.225298571244551,0.225298571244551,0.88235560476295,0.305451629421125,6.28189108999743
140,"constrained",0.460555555555556,0.20572285653268,0.20572285653268,0.972120475263543,0.460555555555556,7.34417435351084
140,"oracle_ipw",0.460555555555556,0.17185364779279,0.17185364779279,1.15911884068026,0.462898794859884,14.7873985857002
141,"standard",0.44,0.189045359950604,0.189045359950604,0.719977445267955,0.364782828258691,4.63605185788271
141,"constrained",0.44,0.191115811223642,0.191115811223642,0.72930132513858,0.44,4.74239505158756
141,"oracle_ipw",0.44,0.170576877907146,0.170576877907146,1.11718223794435,0.443297041149027,9.685544623032
142,"standard",0.422777777777778,0.0127749051677565,0.0127749051677565,0.689491701841517,0.272288244380547,6.38849903901503
142,"constrained",0.422777777777778,0.0152834755139239,0.0152834755139239,0.719892349793054,0.422777777777778,6.86569693838356
142,"oracle_ipw",0.422777777777778,0.024077041290228,0.024077041290228,0.977406233598697,0.442182797891885,8.97170215835265
143,"standard",0.451111111111111,0.189548967622258,0.189548967622258,0.881333021003663,0.246207739784059,7.67419383294642
143,"constrained",0.451111111111111,0.171485663601646,0.171485663601646,0.96545934709662,0.451111111111111,8.87604170116911
143,"oracle_ipw",0.451111111111111,0.144612490026377,0.144612490026377,1.14154911445932,0.456019488090061,11.4795543744202
144,"standard",0.440555555555556,-0.00167998714512174,0.00167998714512174,0.673299511768816,0.317763520585002,4.72390070257127
144,"constrained",0.440555555555556,-0.00772546732273461,0.00772546732273461,0.687848861435776,0.440555555555556,4.92676533423337
144,"oracle_ipw",0.440555555555556,-0.0880911014672099,0.0880911014672099,1.34640087535647,0.427442793933607,10.5964994590157
145,"standard",0.465555555555556,0.0378770426746089,0.0378770426746089,0.74268207532987,0.317520347795303,5.22544052234953
145,"constrained",0.465555555555556,0.0298674777812044,0.0298674777812044,0.781589591213658,0.465555555555556,5.59903480962335
145,"oracle_ipw",0.465555555555556,0.017927322920409,0.017927322920409,1.2347990316311,0.433807624223432,9.56957359108718
146,"standard",0.441111111111111,0.0743857634145851,0.0743857634145851,0.807008497749854,0.237310854036781,5.97667563695821
146,"constrained",0.441111111111111,0.0517754056522035,0.0517754056522035,0.877345189829775,0.441111111111111,6.65853217357846
146,"oracle_ipw",0.441111111111111,-0.0121650253033758,0.0121650253033758,1.2252304946144,0.432451615885242,11.851735302252
147,"standard",0.463888888888889,0.20179933085755,0.20179933085755,0.827662315364804,0.252524117152662,7.03144691172052
147,"constrained",0.463888888888889,0.201866818538166,0.201866818538166,0.943920229977873,0.463888888888889,8.37807956280581
147,"oracle_ipw",0.463888888888889,0.242494176145172,0.242494176145172,0.971160348968439,0.457264933342477,7.19494443137786
148,"standard",0.45,0.106697201738919,0.106697201738919,0.739769201967596,0.331206199487449,4.96215787451497
148,"constrained",0.45,0.0995506831607347,0.0995506831607347,0.76365754544713,0.45,5.23263839065675
148,"oracle_ipw",0.45,-0.00957758219568088,0.00957758219568088,1.20764129924655,0.437258324118375,8.46178103500555
149,"standard",0.44,0.118205686186303,0.118205686186303,1.13182219111399,0.271569179667849,6.8129771737231
149,"constrained",0.44,0.1037297295317,0.1037297295317,1.23025747022547,0.44,7.62552528267997
149,"oracle_ipw",0.44,0.0427278611733883,0.0427278611733883,1.35228899597197,0.469916555800162,13.759003571744
150,"standard",0.459444444444444,-0.166833025009124,0.166833025009124,0.821143326091763,0.287078219394457,5.97729492046832
150,"constrained",0.459444444444444,-0.17170166172109,0.17170166172109,0.902829967799104,0.459444444444444,6.68813995318626
150,"oracle_ipw",0.459444444444444,-0.153750414615375,0.153750414615375,0.925420571356478,0.473036588595415,7.22701101073091
151,"standard",0.451666666666667,-0.00446482608863622,0.00446482608863622,0.90743125994489,0.266869283153024,6.30776189614574
151,"constrained",0.451666666666667,-0.021017797475472,0.021017797475472,1.00134077809755,0.451666666666667,7.06834065824133
151,"oracle_ipw",0.451666666666667,-0.0754514813113297,0.0754514813113297,1.46275171683992,0.449701833001513,16.2400343473885
152,"standard",0.473333333333333,0.078510812261345,0.078510812261345,0.809291376714622,0.288216149118268,6.40524710343224
152,"constrained",0.473333333333333,0.0763244572112828,0.0763244572112828,0.911853571962706,0.473333333333333,7.53083549545958
152,"oracle_ipw",0.473333333333333,0.0511478893219196,0.0511478893219196,1.05849120166869,0.443469390725923,8.89896895614788
153,"standard",0.466111111111111,-0.0333334693897494,0.0333334693897494,0.70215219955181,0.308824301726057,5.35031486078088
153,"constrained",0.466111111111111,-0.0413362924995083,0.0413362924995083,0.734844022753364,0.466111111111111,5.70772522568535
153,"oracle_ipw",0.466111111111111,-0.0621069393106872,0.0621069393106872,1.10829608364428,0.438824523846678,7.70669841296466
154,"standard",0.437222222222222,0.0980054049619147,0.0980054049619147,0.788685872036565,0.294536104869981,6.10048369185708
154,"constrained",0.437222222222222,0.0792935944330497,0.0792935944330497,0.835645465335268,0.437222222222222,6.64497844546964
154,"oracle_ipw",0.437222222222222,0.119999718168316,0.119999718168316,1.08022593581384,0.428273880284319,8.8602343942205
155,"standard",0.449444444444444,0.118625672063535,0.118625672063535,0.735743829970781,0.343940293896915,5.17475895525581
155,"constrained",0.449444444444444,0.118580161999254,0.118580161999254,0.754118610706279,0.449444444444444,5.39770392955832
155,"oracle_ipw",0.449444444444444,-0.0456481081160803,0.0456481081160803,1.31528843459341,0.427241230646206,12.2526441266709
156,"standard",0.461111111111111,0.0764164515188614,0.0764164515188614,0.719234340655845,0.338997261189661,5.0484348593286
156,"constrained",0.461111111111111,0.0759108784437551,0.0759108784437551,0.755435454011464,0.461111111111111,5.49667737790613
156,"oracle_ipw",0.461111111111111,-0.009126122561526,0.009126122561526,1.07953980063033,0.423755798453959,7.59883293054057
157,"standard",0.438888888888889,-0.083699573108238,0.083699573108238,0.827289429439814,0.258421378014263,6.03822300407484
157,"constrained",0.438888888888889,-0.0951992242538215,0.0951992242538215,0.891267146875106,0.438888888888889,6.60691522800376
157,"oracle_ipw",0.438888888888889,-0.0626176348335442,0.0626176348335442,1.02406559907961,0.453797602321073,10.6891790784275
158,"standard",0.472222222222222,-0.00244701439344848,0.00244701439344848,0.770891524009765,0.329858179366439,5.52670537190072
158,"constrained",0.472222222222222,-0.0113197827812874,0.0113197827812874,0.818579189592171,0.472222222222222,6.01200671302582
158,"oracle_ipw",0.472222222222222,-0.045000241543705,0.045000241543705,1.13997339319746,0.448518004724897,8.33002424681747
159,"standard",0.453888888888889,0.0721521803266293,0.0721521803266293,0.709815311078362,0.312913656928145,4.96402296427856
159,"constrained",0.453888888888889,0.0567335491598898,0.0567335491598898,0.741565855460908,0.453888888888889,5.33351966846895
159,"oracle_ipw",0.453888888888889,0.0220986899854115,0.0220986899854115,1.18093213232457,0.433669177654304,10.1428808233255
160,"standard",0.436111111111111,-0.042520339584753,0.042520339584753,0.746737270830969,0.30428983376757,5.40845181975536
160,"constrained",0.436111111111111,-0.0476215121994578,0.0476215121994578,0.764478061124937,0.436111111111111,5.65008095655933
160,"oracle_ipw",0.436111111111111,-0.17324795183354,0.17324795183354,1.33323285498346,0.422541862865151,9.52253082679007
161,"standard",0.467777777777778,-0.0733783838380959,0.0733783838380959,0.69716904805997,0.285672053645718,5.93401356546436
161,"constrained",0.467777777777778,-0.076299473875194,0.076299473875194,0.735030723874128,0.467777777777778,6.49734553417237
161,"oracle_ipw",0.467777777777778,-0.280858680457219,0.280858680457219,1.60342151681,0.419243538032269,16.2190046937749
162,"standard",0.460555555555556,0.014152852656515,0.014152852656515,0.77970939029621,0.324241163466748,5.69498951174552
162,"constrained",0.460555555555556,0.00617925548968356,0.00617925548968356,0.828849466110728,0.460555555555556,6.27608751919408
162,"oracle_ipw",0.460555555555556,0.0799201561466596,0.0799201561466596,1.06696792334657,0.456389061918524,8.70653335510109
164,"standard",0.427222222222222,-0.072286214822499,0.072286214822499,0.882487521503104,0.306761672760653,6.04078190700682
164,"constrained",0.427222222222222,-0.0783940138225218,0.0783940138225218,0.908199863397,0.427222222222222,6.33529676438793
164,"oracle_ipw",0.427222222222222,-0.209092948273375,0.209092948273375,1.40378084811538,0.446582641623422,9.8867111989161
165,"standard",0.464444444444444,0.0945019044602398,0.0945019044602398,0.928363952187122,0.290997533950611,6.66337914015571
165,"constrained",0.464444444444444,0.0843484833056235,0.0843484833056235,1.00357785581717,0.464444444444444,7.52177877385722
165,"oracle_ipw",0.464444444444444,0.0610481265729079,0.0610481265729079,1.15238945987512,0.465552535662992,10.4621176969506
166,"standard",0.455,0.0661073805882372,0.0661073805882372,0.858411372980734,0.229275604757773,7.73094930718752
166,"constrained",0.455,0.0453442558534658,0.0453442558534658,0.963567459701687,0.455,9.29095847519853
166,"oracle_ipw",0.455,0.00760659599081803,0.00760659599081803,0.952191870694542,0.463929805735632,6.64375446902221
167,"standard",0.463333333333333,-0.00602462289117437,0.00602462289117437,0.992159635800699,0.249529219164199,7.22562889708698
167,"constrained",0.463333333333333,-0.0301740570027967,0.0301740570027967,1.13480268137625,0.463333333333333,8.44716482448361
167,"oracle_ipw",0.463333333333333,-0.0299479359702046,0.0299479359702046,1.32911108446932,0.450679602852085,10.8007351714188
168,"standard",0.451666666666667,0.0367173294495071,0.0367173294495071,0.733856295082299,0.339564777733769,5.18215240207565
168,"constrained",0.451666666666667,0.0332224797323822,0.0332224797323822,0.763351501640586,0.451666666666667,5.53612188619313
168,"oracle_ipw",0.451666666666667,-0.0295680761906172,0.0295680761906172,1.12837834252415,0.437121931030039,9.80205796209491
169,"standard",0.473333333333333,-0.0173984411557692,0.0173984411557692,0.654340296333729,0.268119240314752,5.62915277273459
169,"constrained",0.473333333333333,-0.023947297319728,0.023947297319728,0.719596548454886,0.473333333333333,6.2889314920288
169,"oracle_ipw",0.473333333333333,-0.0678532008216241,0.0678532008216241,1.09838590557667,0.431456040909559,7.96754893915307
170,"standard",0.467222222222222,0.0496545254908799,0.0496545254908799,0.895525262235555,0.306497064468404,6.26751739197365
170,"constrained",0.467222222222222,0.0389476571106523,0.0389476571106523,0.9595979629219,0.467222222222222,7.08801714355707
170,"oracle_ipw",0.467222222222222,0.0521817391969341,0.0521817391969341,1.01930707724895,0.464575342860076,7.20152441073213
171,"standard",0.475555555555556,-0.164256703428434,0.164256703428434,0.80633379402244,0.251161339276976,6.80360902906311
171,"constrained",0.475555555555556,-0.180795416841369,0.180795416841369,0.889324177705016,0.475555555555555,8.00755157795513
171,"oracle_ipw",0.475555555555556,-0.185828577902053,0.185828577902053,1.08085662792816,0.453568658258463,9.09529241686336
172,"standard",0.428888888888889,-0.00441424194092969,0.00441424194092969,0.722103975760845,0.275134970970651,5.66032807688163
172,"constrained",0.428888888888889,-0.0108727946008795,0.0108727946008795,0.751416013864848,0.428888888888889,5.97776769783456
172,"oracle_ipw",0.428888888888889,0.0648143680348103,0.0648143680348103,0.995310623751891,0.465474848818054,10.1620158183789
173,"standard",0.451111111111111,0.220207414350653,0.220207414350653,0.824701298492952,0.284880879824409,6.16217905392682
173,"constrained",0.451111111111111,0.204475648451535,0.204475648451535,0.910430800262366,0.451111111111111,7.16094695423956
173,"oracle_ipw",0.451111111111111,0.141920505277296,0.141920505277296,1.02736911358198,0.463995242291993,7.40518621754645
174,"standard",0.460555555555556,0.0670329181229633,0.0670329181229633,0.847525723708953,0.234937826678633,7.19142952596447
174,"constrained",0.460555555555556,0.0510361619447489,0.0510361619447489,0.95726616871966,0.460555555555556,8.58120815307054
174,"oracle_ipw",0.460555555555556,0.0931691093769551,0.0931691093769551,0.969935429094881,0.469418155553455,8.62146366941673
175,"standard",0.436111111111111,0.079182385102138,0.079182385102138,0.828851459406818,0.321937011425479,6.03022122231301
175,"constrained",0.436111111111111,0.0742561109469309,0.0742561109469309,0.860499587736654,0.436111111111111,6.42661463913583
175,"oracle_ipw",0.436111111111111,-0.0177207663494206,0.0177207663494206,1.10242172078916,0.450323459274698,8.79805614979591
176,"standard",0.430555555555556,0.0126061212579337,0.0126061212579337,0.762168467655961,0.32071800273601,5.52197459035389
176,"constrained",0.430555555555556,0.003141546404864,0.003141546404864,0.796419217675368,0.430555555555556,5.9218874122436
176,"oracle_ipw",0.430555555555556,-0.0254193016853636,0.0254193016853636,1.02687544804483,0.455351634916725,8.54273946090734
177,"standard",0.453333333333333,0.0484681357091202,0.0484681357091202,0.746655071148819,0.32052128993768,5.4727558418745
177,"constrained",0.453333333333333,0.0448515160364485,0.0448515160364485,0.779697103968756,0.453333333333333,5.86734941719484
177,"oracle_ipw",0.453333333333333,0.0233240259697216,0.0233240259697216,1.27202729558227,0.430148656425057,8.2734035083916
178,"standard",0.481111111111111,0.266165665295472,0.266165665295472,0.961856853245971,0.236977011812115,6.91864560920785
178,"constrained",0.481111111111111,0.250921730866923,0.250921730866923,1.14977928986582,0.481111111111111,8.6614958474295
178,"oracle_ipw",0.481111111111111,0.244126486130681,0.244126486130681,0.824294483878029,0.49569003759278,7.83670356489409
179,"standard",0.431666666666667,0.138999459048345,0.138999459048345,0.809898334425251,0.292884995108066,5.69198024519614
179,"constrained",0.431666666666667,0.136615487615418,0.136615487615418,0.850281348914993,0.431666666666667,6.07086367719692
179,"oracle_ipw",0.431666666666667,0.051299837306613,0.051299837306613,0.993221046407089,0.454482763676398,7.87244329183962
180,"standard",0.441111111111111,-0.132265251128258,0.132265251128258,1.03459744833454,0.230722369198377,7.49712302581089
180,"constrained",0.441111111111111,-0.147110237234053,0.147110237234053,1.13893775453561,0.441111111111111,8.60015722908598
180,"oracle_ipw",0.441111111111111,-0.0871919506129292,0.0871919506129292,1.18347732854706,0.490347927931174,12.883210919272
182,"standard",0.443333333333333,-0.0695188482287815,0.0695188482287815,0.998067821802445,0.279760545257354,7.14579839969459
182,"constrained",0.443333333333333,-0.083072422744373,0.083072422744373,1.0709440274285,0.443333333333333,7.92449084423726
182,"oracle_ipw",0.443333333333333,-0.0176924112173437,0.0176924112173437,1.0840345216763,0.481794462749136,8.22506694829185
183,"standard",0.457777777777778,0.0406950879469899,0.0406950879469899,0.791679857544562,0.295702718021759,4.87340896166152
183,"constrained",0.457777777777778,0.0271137646623397,0.0271137646623397,0.829754841821169,0.457777777777778,5.16499902476351
183,"oracle_ipw",0.457777777777778,-0.00201619430522885,0.00201619430522885,1.21791282612639,0.43634221469737,11.2425910214569
184,"standard",0.448333333333333,-0.0770642179600061,0.0770642179600061,0.784650579895516,0.294466820778492,5.40462107724497
184,"constrained",0.448333333333333,-0.0926498883019666,0.0926498883019666,0.824490659795572,0.448333333333333,5.91627440294837
184,"oracle_ipw",0.448333333333333,-0.142812827033328,0.142812827033328,1.07743604370658,0.444071317104182,8.36844728408176
185,"standard",0.43,0.116655512190145,0.116655512190145,0.708627651496937,0.30481100998647,4.92196488234542
185,"constrained",0.43,0.113843694183455,0.113843694183455,0.736266571844898,0.43,5.20664645657158
185,"oracle_ipw",0.43,0.105742576461766,0.105742576461766,1.02304837741583,0.447446603341616,6.62675089080049
186,"standard",0.441666666666667,-0.0813164469957308,0.0813164469957308,0.838557921532023,0.263788953371582,6.63054834864473
186,"constrained",0.441666666666667,-0.0972163956481068,0.0972163956481068,0.931608668969062,0.441666666666667,7.82618845549572
186,"oracle_ipw",0.441666666666667,-0.093774623056912,0.093774623056912,1.08732856891653,0.448534199545825,8.90872066185974
187,"standard",0.461111111111111,-0.12497101167648,0.12497101167648,0.737386462402866,0.352768708223205,5.12593590003784
187,"constrained",0.461111111111111,-0.13081281353589,0.13081281353589,0.769848644213002,0.461111111111111,5.51012542075152
187,"oracle_ipw",0.461111111111111,-0.161519937572861,0.161519937572861,1.09735279930676,0.450734609006519,9.21063705229832
188,"standard",0.457222222222222,-0.0132481731906101,0.0132481731906101,0.752419699424207,0.287388066867585,6.0619115974388
188,"constrained",0.457222222222222,-0.0294702769834111,0.0294702769834111,0.809029040425987,0.457222222222222,6.7885896644982
188,"oracle_ipw",0.457222222222222,-0.0606473664174329,0.0606473664174329,1.12314556102004,0.447462668738397,10.7131892104943
189,"standard",0.45,-0.0965006782329087,0.0965006782329087,0.522403034353842,0.372577999717776,4.06574671867818
189,"constrained",0.45,-0.101190007200443,0.101190007200443,0.529697830870176,0.45,4.17423884118298
189,"oracle_ipw",0.45,-0.169521475039335,0.169521475039335,1.52102759705002,0.409578921261385,14.6593802473619
190,"standard",0.442777777777778,0.300033647295768,0.300033647295768,0.805476907967594,0.295584859316383,5.57987081505456
190,"constrained",0.442777777777778,0.29911060428911,0.29911060428911,0.840306918029565,0.442777777777778,5.98754922048543
190,"oracle_ipw",0.442777777777778,0.282185160122011,0.282185160122011,1.0696691838293,0.441698054705202,7.67995128535687
191,"standard",0.447777777777778,0.187529048173935,0.187529048173935,0.688053774758632,0.319487880464449,5.16118527481447
191,"constrained",0.447777777777778,0.184806148935399,0.184806148935399,0.716775443366148,0.447777777777778,5.56505173983904
191,"oracle_ipw",0.447777777777778,0.11139885209369,0.11139885209369,1.05540533264684,0.433499286762757,9.93031320080367
192,"standard",0.449444444444444,0.0775950056799258,0.0775950056799258,0.98040493602822,0.249544352179336,7.51893482837306
192,"constrained",0.449444444444444,0.0557837822666246,0.0557837822666246,1.08309827585901,0.449444444444444,8.79535024440879
192,"oracle_ipw",0.449444444444444,0.106131642747734,0.106131642747734,1.10023498208242,0.462457309420772,6.78035752000535
193,"standard",0.458888888888889,0.196330979974722,0.196330979974722,0.725127546145906,0.318002509055099,5.44917867188439
193,"constrained",0.458888888888889,0.189361274565065,0.189361274565065,0.765763566660982,0.458888888888889,5.89115807677716
193,"oracle_ipw",0.458888888888889,0.193975518903743,0.193975518903743,1.14459530746935,0.449605293608838,9.43238899209464
194,"standard",0.431111111111111,-0.0336973881665131,0.0336973881665131,0.81864933799549,0.33778435215569,5.6122363071949
194,"constrained",0.431111111111111,-0.0387432683925251,0.0387432683925251,0.846273201832424,0.431111111111111,5.91418926196585
194,"oracle_ipw",0.431111111111111,-0.0419706014711635,0.0419706014711635,1.33900759844153,0.443346383409146,11.5932652646961
195,"standard",0.456111111111111,0.194339940808364,0.194339940808364,1.03502979896123,0.240690265519381,7.01183443473691
195,"constrained",0.456111111111111,0.189519112612175,0.189519112612175,1.14321602778632,0.456111111111111,8.16100281861716
195,"oracle_ipw",0.456111111111111,0.106792693763172,0.106792693763172,1.07616672536681,0.464882031420896,8.24201293510348
196,"standard",0.446111111111111,0.176244583757186,0.176244583757186,0.950916847739282,0.2837890226275,6.48885954459587
196,"constrained",0.446111111111111,0.162112580192963,0.162112580192963,1.0197777604514,0.446111111111111,7.27498611213014
196,"oracle_ipw",0.446111111111111,0.154529363624795,0.154529363624795,1.15734993738514,0.476096084097631,10.8499683041873
197,"standard",0.448333333333333,0.190983430719112,0.190983430719112,1.04641280964421,0.209709856170202,8.77542267085253
197,"constrained",0.448333333333333,0.176984934409987,0.176984934409987,1.31298359218769,0.448333333333333,11.9570527612474
197,"oracle_ipw",0.448333333333333,0.202859896864639,0.202859896864639,0.847246665613089,0.476102986338937,5.5013647486038
198,"standard",0.436666666666667,-0.0942916979719295,0.0942916979719295,0.733145086590153,0.304937468931018,5.67643652055081
198,"constrained",0.436666666666667,-0.108378256159644,0.108378256159644,0.773556976173709,0.436666666666667,6.1106413841594
198,"oracle_ipw",0.436666666666667,-0.128266752510697,0.128266752510697,1.12390817595722,0.431316285940796,8.37522982819484
199,"standard",0.446111111111111,-0.0406702794807755,0.0406702794807755,0.847456114057618,0.255947730619313,7.16505347172761
199,"constrained",0.446111111111111,-0.0562497072800659,0.0562497072800659,0.927391752929385,0.446111111111111,8.09452839160834
199,"oracle_ipw",0.446111111111111,-0.0824883574381045,0.0824883574381045,1.06269597518331,0.454496939307099,8.17929632714251
200,"standard",0.448888888888889,0.141974935895718,0.141974935895718,0.811452102277708,0.284821761275959,5.96646382940112
200,"constrained",0.448888888888889,0.137840401365149,0.137840401365149,0.842910858921601,0.448888888888889,6.39295372348562
200,"oracle_ipw",0.448888888888889,0.0584442149563406,0.0584442149563406,1.19837564198587,0.436217031115516,10.3224382665346
201,"standard",0.46,-0.0145887375688083,0.0145887375688083,0.845155341879929,0.284191249831255,6.09173627499562
201,"constrained",0.46,-0.0319833073117235,0.0319833073117235,0.918152798125135,0.46,6.77195580448468
201,"oracle_ipw",0.46,-0.0545415990159062,0.0545415990159062,1.18476054229451,0.445366313370356,12.2426451255096
202,"standard",0.448888888888889,0.00247540639598688,0.00247540639598688,0.776820875401784,0.335817922213407,5.40271783009699
202,"constrained",0.448888888888889,-0.000557889683375799,0.000557889683375799,0.795416210991798,0.448888888888889,5.62330096388292
202,"oracle_ipw",0.448888888888889,-0.0136563810401094,0.0136563810401094,1.17344249154206,0.424679881015168,7.8413960080136
203,"standard",0.440555555555556,-0.0716108756581474,0.0716108756581474,0.904225865554313,0.301327906721854,6.19368166999054
203,"constrained",0.440555555555556,-0.0959597709323456,0.0959597709323456,0.965866348103829,0.440555555555556,6.90529723403816
203,"oracle_ipw",0.440555555555556,-0.105590105435528,0.105590105435528,1.05288594611054,0.460576546219648,8.40569910990606
204,"standard",0.458888888888889,0.0487178169120304,0.0487178169120304,0.818623666632442,0.31313405677801,5.81573193949177
204,"constrained",0.458888888888889,0.0453647332882881,0.0453647332882881,0.85932725631678,0.458888888888889,6.23531332010926
204,"oracle_ipw",0.458888888888889,-0.0184846673329118,0.0184846673329118,1.38190816224668,0.435845197439031,13.9998359212636
205,"standard",0.443333333333333,0.00904896466708039,0.00904896466708039,0.77521658343724,0.32255113258128,5.5636859680414
205,"constrained",0.443333333333333,-0.00306768192525649,0.00306768192525649,0.806777903125802,0.443333333333333,5.90342821750962
205,"oracle_ipw",0.443333333333333,-0.00629743872088713,0.00629743872088713,1.22006328134219,0.447513753947434,7.87580814463408
206,"standard",0.443888888888889,-0.154543569975212,0.154543569975212,0.946307523947897,0.295689325675966,5.57412626544634
206,"constrained",0.443888888888889,-0.160941893842977,0.160941893842977,0.995286729498001,0.443888888888889,5.91971715227402
206,"oracle_ipw",0.443888888888889,-0.143232020688984,0.143232020688984,1.22074366798292,0.477597269303154,9.0325247858915
207,"standard",0.453333333333333,-0.0546315147867443,0.0546315147867443,0.870957779863522,0.257213875169449,5.88266522820075
207,"constrained",0.453333333333333,-0.0756622423054329,0.0756622423054329,0.960848415647059,0.453333333333333,6.69403139009927
207,"oracle_ipw",0.453333333333333,-0.161752304270649,0.161752304270649,1.18315945117743,0.45386496578901,9.8408398401992
208,"standard",0.457777777777778,-0.100935055419003,0.100935055419003,0.905462261048299,0.271064967900301,7.00919811708559
208,"constrained",0.457777777777778,-0.1190537191309,0.1190537191309,0.993692113295841,0.457777777777778,7.97616118532923
208,"oracle_ipw",0.457777777777778,-0.155871490947894,0.155871490947894,1.17978056004195,0.46145223061826,10.5930197397359
209,"standard",0.46,0.139912858188516,0.139912858188516,0.769247929624266,0.278700712415151,6.59420472287597
209,"constrained",0.46,0.130863188600555,0.130863188600555,0.814721452464679,0.46,7.38706061508017
209,"oracle_ipw",0.46,0.0498866923678449,0.0498866923678449,1.2733766731134,0.452276373658698,15.1015748521772
210,"standard",0.437222222222222,0.0766492981396597,0.0766492981396597,0.899375399353188,0.307884281878046,6.32331373828138
210,"constrained",0.437222222222222,0.0580099022452148,0.0580099022452148,0.960453904262822,0.437222222222222,6.96134794828744
210,"oracle_ipw",0.437222222222222,0.0978779784150654,0.0978779784150654,0.976679373525304,0.46560949682622,8.48230933425567
211,"standard",0.456111111111111,0.0700582062202986,0.0700582062202986,0.900886195442766,0.250320970964768,6.41740322417518
211,"constrained",0.456111111111111,0.0543492590116289,0.0543492590116289,1.02065673114656,0.456111111111111,7.68536255994025
211,"oracle_ipw",0.456111111111111,0.134818102858516,0.134818102858516,1.08433389415833,0.451279982957602,11.017719799667
212,"standard",0.446666666666667,-0.0481606474573527,0.0481606474573527,0.773595368568552,0.31013482484649,5.64764389775608
212,"constrained",0.446666666666667,-0.0543887462591858,0.0543887462591858,0.814770309959777,0.446666666666667,6.12305186833023
212,"oracle_ipw",0.446666666666667,-0.171094140516776,0.171094140516776,1.26026250004286,0.444516603644221,10.6530361810839
213,"standard",0.455555555555556,0.113430208182376,0.113430208182376,0.703024551771948,0.351217082943557,4.87483978892865
213,"constrained",0.455555555555556,0.105912231566159,0.105912231566159,0.732047235659138,0.455555555555556,5.19685364169226
213,"oracle_ipw",0.455555555555556,0.142953908829838,0.142953908829838,1.06745278528769,0.459457870845301,9.43651396153482
214,"standard",0.46,0.250915485762212,0.250915485762212,1.08188807188514,0.233477473299696,7.93592656958128
214,"constrained",0.46,0.238691804305801,0.238691804305801,1.22727906882692,0.46,9.40538119418007
214,"oracle_ipw",0.46,0.238067487350538,0.238067487350538,1.1625456205509,0.482015669008874,11.580150202629
215,"standard",0.448888888888889,-0.0359258253871643,0.0359258253871643,0.964076746976391,0.252823512098733,8.11465735183555
215,"constrained",0.448888888888889,-0.0483973645138898,0.0483973645138898,1.07332987020668,0.448888888888889,9.60689614977341
215,"oracle_ipw",0.448888888888889,0.0159991003456526,0.0159991003456526,1.01583875286109,0.478259426253747,9.04435990295852
216,"standard",0.462222222222222,0.0401065288486376,0.0401065288486376,1.10634118718276,0.248792258356671,7.58441835946607
216,"constrained",0.462222222222222,0.0170781219025245,0.0170781219025245,1.25189853342728,0.462222222222222,8.89194282233326
216,"oracle_ipw",0.462222222222222,-0.0601586930517683,0.0601586930517683,1.17630615230915,0.481796407115665,8.73791459210711
217,"standard",0.448888888888889,-0.0216414198605969,0.0216414198605969,0.651488643462235,0.339915973797544,4.71481860753144
217,"constrained",0.448888888888889,-0.023164871053177,0.023164871053177,0.671324788590789,0.448888888888889,4.97774758973029
217,"oracle_ipw",0.448888888888889,-0.0167235400685757,0.0167235400685757,1.34090737508723,0.438581553175337,16.5286221836588
218,"standard",0.446111111111111,0.0865719747340403,0.0865719747340403,0.951784534561282,0.268022576862943,6.91425111303762
218,"constrained",0.446111111111111,0.0686104736886701,0.0686104736886701,1.04345502679848,0.446111111111111,7.81261990206676
218,"oracle_ipw",0.446111111111111,0.0265461190572754,0.0265461190572754,1.02393831535302,0.490569724887634,9.91713098716298
219,"standard",0.431111111111111,0.166096384177957,0.166096384177957,1.00530183523305,0.236325231759687,7.96183450610507
219,"constrained",0.431111111111111,0.155548159126106,0.155548159126106,1.12954334965229,0.431111111111111,9.44192515475324
219,"oracle_ipw",0.431111111111111,0.142937256263576,0.142937256263576,1.09673878765512,0.472667855378481,11.778412789361
220,"standard",0.435555555555556,-0.00287176766105192,0.00287176766105192,1.11178052527285,0.249160847369131,8.15424886968185
220,"constrained",0.435555555555556,-0.0185188977685203,0.0185188977685203,1.23479649729135,0.435555555555556,9.22852470707689
220,"oracle_ipw",0.435555555555556,-0.0806931614094702,0.0806931614094702,1.09260893146107,0.473407195200783,11.2008895062947
221,"standard",0.452777777777778,0.0874221738246112,0.0874221738246112,0.860526524645526,0.242798247254224,6.82936502199458
221,"constrained",0.452777777777778,0.0839728209072488,0.0839728209072488,0.963147944162304,0.452777777777778,7.87447507530914
221,"oracle_ipw",0.452777777777778,0.0759194264659867,0.0759194264659867,1.16468597017971,0.443711259072492,11.2990339000676
222,"standard",0.455555555555556,0.200499864593717,0.200499864593717,0.874581140839128,0.273581798832324,6.73189270471521
222,"constrained",0.455555555555556,0.180263911417298,0.180263911417298,0.971078773496724,0.455555555555556,7.70626436335899
222,"oracle_ipw",0.455555555555556,0.212190679122189,0.212190679122189,0.969545116433745,0.450084139006305,8.7820510977166
223,"standard",0.475555555555556,-0.0691089083196045,0.0691089083196045,0.90590312377804,0.30890973799354,5.77941370191133
223,"constrained",0.475555555555556,-0.0809570090131759,0.0809570090131759,0.989200670717464,0.475555555555555,6.57639118839282
223,"oracle_ipw",0.475555555555556,-0.0350480182985341,0.0350480182985341,1.32915172436348,0.446300752193087,14.5061140640459
224,"standard",0.447777777777778,0.0176109420154326,0.0176109420154326,0.963176765828724,0.236487482595006,6.3435652363563
224,"constrained",0.447777777777778,0.00231375460710557,0.00231375460710557,1.04136790593685,0.447777777777778,7.16180105494512
224,"oracle_ipw",0.447777777777778,-0.09162449174464,0.09162449174464,1.30857716708005,0.438488891427164,9.81048129458495
225,"standard",0.453333333333333,-0.156501320366635,0.156501320366635,0.829915123166066,0.258491204726556,7.17715832054471
225,"constrained",0.453333333333333,-0.167835045761694,0.167835045761694,0.929192752401134,0.453333333333333,8.46624736944784
225,"oracle_ipw",0.453333333333333,-0.171256229602109,0.171256229602109,1.08389671061019,0.455224175516924,11.3242883179048
226,"standard",0.453333333333333,0.050271289458369,0.050271289458369,0.707034753020706,0.333827847738905,4.96988840290109
226,"constrained",0.453333333333333,0.0413596547709964,0.0413596547709964,0.734993033796206,0.453333333333333,5.23852155451419
226,"oracle_ipw",0.453333333333333,0.000890548671748616,0.000890548671748616,1.13841716885883,0.435006948209523,11.0207361654362
227,"standard",0.468888888888889,0.0914011734525863,0.0914011734525863,0.716900260872096,0.276599861053809,5.09904418053483
227,"constrained",0.468888888888889,0.0760054746578863,0.0760054746578863,0.779740223453854,0.468888888888889,5.65692439050011
227,"oracle_ipw",0.468888888888889,-0.0130607995020154,0.0130607995020154,1.15884543661783,0.434434907035765,11.7409229023228
228,"standard",0.442222222222222,0.0699996114557429,0.0699996114557429,0.805992837825677,0.318350136356716,5.59776097667905
228,"constrained",0.442222222222222,0.0621527072703473,0.0621527072703473,0.83998559531691,0.442222222222222,5.91310284079214
228,"oracle_ipw",0.442222222222222,0.0901561408988755,0.0901561408988755,1.11560136556467,0.454357990491135,8.29090073711594
229,"standard",0.458333333333333,0.0243821038311278,0.0243821038311278,0.678864182953694,0.328895676985345,4.91908804339767
229,"constrained",0.458333333333333,0.0152498211415514,0.0152498211415514,0.711210380677607,0.458333333333333,5.27407489908301
229,"oracle_ipw",0.458333333333333,-0.0164795498727944,0.0164795498727944,1.13710221134141,0.423637935561036,7.54075177078387
230,"standard",0.458333333333333,0.0800037361227452,0.0800037361227452,0.742031886170924,0.285690835754046,6.09342212464078
230,"constrained",0.458333333333333,0.067264334150633,0.067264334150633,0.806244926717943,0.458333333333333,6.89453823490395
230,"oracle_ipw",0.458333333333333,-0.0137704742946353,0.0137704742946353,1.29004119861738,0.430224464568058,9.84362374208222
231,"standard",0.458888888888889,0.0906090200232561,0.0906090200232561,0.71461876667254,0.315917678537216,4.74095689208697
231,"constrained",0.458888888888889,0.0845814491870903,0.0845814491870903,0.747760459568324,0.458888888888889,4.97633121069041
231,"oracle_ipw",0.458888888888889,0.0115921215308474,0.0115921215308474,1.51933191432581,0.436836819292241,14.0804853156268
232,"standard",0.44,0.147960151242272,0.147960151242272,1.06106029886695,0.225448288882271,7.01939399018841
232,"constrained",0.44,0.110852723249674,0.110852723249674,1.21460185429216,0.44,8.14729368701735
232,"oracle_ipw",0.44,0.0363057549215408,0.0363057549215408,1.24857911279467,0.456650438595605,8.57674248353987
233,"standard",0.456666666666667,0.108883558646961,0.108883558646961,0.647343813941454,0.353071052431829,4.84024636196733
233,"constrained",0.456666666666667,0.103653451277914,0.103653451277914,0.679144191557762,0.456666666666667,5.18474448398105
233,"oracle_ipw",0.456666666666667,0.0292354627050473,0.0292354627050473,1.06257932467206,0.434788102320726,8.26786009537854
234,"standard",0.455,0.129393084531782,0.129393084531782,0.781850177356389,0.283433642031409,6.39068954423949
234,"constrained",0.455,0.117863128712265,0.117863128712265,0.842536664432559,0.455,7.28477351550166
234,"oracle_ipw",0.455,0.0261647127043624,0.0261647127043624,1.24384025693625,0.4519754926178,13.4252211261852
235,"standard",0.454444444444444,0.0726502493964616,0.0726502493964616,0.890938223534449,0.270653097496625,6.9539263731598
235,"constrained",0.454444444444444,0.0656046151314,0.0656046151314,0.988600833046849,0.454444444444444,8.03912798760298
235,"oracle_ipw",0.454444444444444,0.059671166066031,0.059671166066031,1.02064295873595,0.44993831482421,7.56008605177218
236,"standard",0.452222222222222,-0.0296696622285854,0.0296696622285854,0.83667544777508,0.309889359022211,5.89428003274385
236,"constrained",0.452222222222222,-0.0388014115496721,0.0388014115496721,0.874102117648284,0.452222222222222,6.37190017126272
236,"oracle_ipw",0.452222222222222,-0.0637937399282201,0.0637937399282201,1.38707447976846,0.441819116123916,12.1303255095211
237,"standard",0.453333333333333,-0.116606765789571,0.116606765789571,0.972999551722613,0.278178914331723,6.96757237600785
237,"constrained",0.453333333333333,-0.135150289252801,0.135150289252801,1.07060550995813,0.453333333333333,7.8958696535305
237,"oracle_ipw",0.453333333333333,-0.10564931138952,0.10564931138952,1.16364957248839,0.440809484377769,9.90608009668479
239,"standard",0.43,-0.0551993517845904,0.0551993517845904,0.878890760505668,0.332875511990009,5.77361281226062
239,"constrained",0.43,-0.061136996895946,0.061136996895946,0.903871426904427,0.43,6.02099818608651
239,"oracle_ipw",0.43,-0.159288651679327,0.159288651679327,1.29538885967747,0.452811543763218,12.064229593261
240,"standard",0.442777777777778,0.0794313419821121,0.0794313419821121,0.624873646593658,0.331407426483651,4.90516880057846
240,"constrained",0.442777777777778,0.0718918657205892,0.0718918657205892,0.638865261800065,0.442777777777778,5.11656232239837
240,"oracle_ipw",0.442777777777778,0.00660021367743617,0.00660021367743617,1.13188242909296,0.433850702104328,8.98445711301645
241,"standard",0.455,0.0109995525969991,0.0109995525969991,0.694794568811608,0.311345436347702,4.77349536898823
241,"constrained",0.455,0.00661440375827935,0.00661440375827935,0.729720448155693,0.455,5.18171069581986
241,"oracle_ipw",0.455,0.0331730018898328,0.0331730018898328,0.983609573629649,0.446942906573017,8.22104796153447
242,"standard",0.427777777777778,0.100277200103582,0.100277200103582,0.8878366509774,0.30439944234971,6.19739013419832
242,"constrained",0.427777777777778,0.08852022446288,0.08852022446288,0.92669827402434,0.427777777777778,6.63334786143729
242,"oracle_ipw",0.427777777777778,0.0603547189954673,0.0603547189954673,0.902744049287919,0.476010823992234,6.46575369357123
243,"standard",0.449444444444444,0.130775183440545,0.130775183440545,0.800341949179062,0.307997906051863,5.29644284953475
243,"constrained",0.449444444444444,0.123001691341032,0.123001691341032,0.833909569307729,0.449444444444444,5.68849280272429
243,"oracle_ipw",0.449444444444444,0.142480912859819,0.142480912859819,1.15769248216023,0.442985235324839,9.70654766026984
244,"standard",0.438333333333333,0.0570880631283898,0.0570880631283898,0.93619604370261,0.254464590713197,5.83978313465678
244,"constrained",0.438333333333333,0.0534125164346341,0.0534125164346341,1.01176509485688,0.438333333333333,6.45787137605964
244,"oracle_ipw",0.438333333333333,0.0837152745045843,0.0837152745045843,1.13258274512669,0.459584184227911,8.85555175858467
245,"standard",0.456111111111111,0.0652622231037214,0.0652622231037214,0.882626243014046,0.307118915518026,5.72838068306702
245,"constrained",0.456111111111111,0.055335047152381,0.055335047152381,0.928272333543093,0.456111111111111,6.14494158930789
245,"oracle_ipw",0.456111111111111,0.0341987697172119,0.0341987697172119,1.08005870438372,0.465354744667808,8.28558450168039
246,"standard",0.459444444444444,0.0235217704627467,0.0235217704627467,0.80579917803081,0.314744358812144,5.25378988745906
246,"constrained",0.459444444444444,0.0133069294263894,0.0133069294263894,0.84481931611082,0.459444444444444,5.70337512980719
246,"oracle_ipw",0.459444444444444,-0.0751210491633514,0.0751210491633514,1.12731342287685,0.440394377225761,10.109571600311
247,"standard",0.426666666666667,-0.00102063579717273,0.00102063579717273,0.672988978804145,0.322249166852559,5.33960971521258
247,"constrained",0.426666666666667,-0.00867939895724843,0.00867939895724843,0.700837757389777,0.426666666666667,5.69389127935722
247,"oracle_ipw",0.426666666666667,-0.108039094245593,0.108039094245593,1.17257524145521,0.426355093743451,11.8848848551587
248,"standard",0.467222222222222,0.098962721762429,0.098962721762429,0.605226664205009,0.313038818848937,5.29022765218788
248,"constrained",0.467222222222222,0.0991971251578246,0.0991971251578246,0.641074697514859,0.467222222222222,5.69514372762311
248,"oracle_ipw",0.467222222222222,0.0646795762807506,0.0646795762807506,1.02455010320386,0.419731144190156,7.70532267662399
249,"standard",0.484444444444444,-0.0261248519822477,0.0261248519822477,1.02439178222342,0.282962569448655,7.22435155760257
249,"constrained",0.484444444444444,-0.0426784946728354,0.0426784946728354,1.20736685380679,0.484444444444444,8.7370443276867
249,"oracle_ipw",0.484444444444444,-0.00637585675776439,0.00637585675776439,1.26162170182201,0.461791547594279,11.9982360477267
250,"standard",0.451111111111111,0.0894557063952172,0.0894557063952172,0.890559674867539,0.289559853856217,6.56314303080635
250,"constrained",0.451111111111111,0.0671717144884548,0.0671717144884548,0.967423614523873,0.451111111111111,7.38923407991544
250,"oracle_ipw",0.451111111111111,0.0328319468936854,0.0328319468936854,1.06827463696188,0.46111145196357,8.88842062220598
251,"standard",0.448888888888889,0.0697503824667876,0.0697503824667876,0.686134116616141,0.297622033574549,5.48561382698396
251,"constrained",0.448888888888889,0.0575669319123657,0.0575669319123657,0.736176271136002,0.448888888888889,5.98817208922338
251,"oracle_ipw",0.448888888888889,0.0648152748254101,0.0648152748254101,1.02988986291408,0.438797398370657,8.25299937453466
252,"standard",0.455,0.076148772743869,0.076148772743869,0.793666457520653,0.284469250814131,5.84080567204694
252,"constrained",0.455,0.07020711467482,0.07020711467482,0.845708117882608,0.455,6.40499154070635
252,"oracle_ipw",0.455,-0.0123584075307209,0.0123584075307209,1.32510947122272,0.456354298681233,11.7137849582586
253,"standard",0.451111111111111,0.143024802463045,0.143024802463045,0.960343911813729,0.231262368802248,7.48526018712191
253,"constrained",0.451111111111111,0.128737205886357,0.128737205886357,1.08155391584734,0.451111111111111,8.70630510698727
253,"oracle_ipw",0.451111111111111,0.195658545495721,0.195658545495721,0.987432306707704,0.466744677076154,8.26850676354132
254,"standard",0.428888888888889,-0.00299898329547822,0.00299898329547822,0.703283759069782,0.294257428794642,5.18888320966442
254,"constrained",0.428888888888889,-0.00695824191169017,0.00695824191169017,0.721921096945999,0.428888888888889,5.37632912189147
254,"oracle_ipw",0.428888888888889,0.00747250661781048,0.00747250661781048,1.00766830532574,0.452734263966339,8.31396790343619
255,"standard",0.45,0.134732444457497,0.134732444457497,0.983356486745145,0.278977234134955,6.87548378982264
255,"constrained",0.45,0.114431699263081,0.114431699263081,1.11174843271107,0.45,8.0360528315819
255,"oracle_ipw",0.45,0.0809513673906703,0.0809513673906703,0.977844681786383,0.481352502811938,8.35991033492987
256,"standard",0.462777777777778,-0.0442083213275977,0.0442083213275977,0.900797269325913,0.286897866687886,6.36732440884296
256,"constrained",0.462777777777778,-0.0515001413552321,0.0515001413552321,1.02548890767797,0.462777777777778,7.45573337123587
256,"oracle_ipw",0.462777777777778,-0.0925768066844174,0.0925768066844174,1.15205429242745,0.45023574371277,9.39868613365178
257,"standard",0.440555555555556,0.0591360598348522,0.0591360598348522,0.939922714652956,0.29218874170702,6.5781721769112
257,"constrained",0.440555555555556,0.0453380401374145,0.0453380401374145,0.999097192384204,0.440555555555556,7.16725924046923
257,"oracle_ipw",0.440555555555556,0.0395189273744446,0.0395189273744446,1.10953047654103,0.460461344545878,7.48218715535185
258,"standard",0.460555555555556,0.181833758335765,0.181833758335765,0.847664474150198,0.315381321485851,5.30995987421203
258,"constrained",0.460555555555556,0.167354070985077,0.167354070985077,0.909101201261468,0.460555555555556,5.88475975326043
258,"oracle_ipw",0.460555555555556,0.196904963161559,0.196904963161559,0.986127621374246,0.469242733311075,8.03695024332789
259,"standard",0.442777777777778,-0.0253351695840926,0.0253351695840926,0.74245782589472,0.30613757994621,5.77763873108681
259,"constrained",0.442777777777778,-0.0311697735569118,0.0311697735569118,0.781944641963698,0.442777777777778,6.29441172947188
259,"oracle_ipw",0.442777777777778,0.0171233432181361,0.0171233432181361,1.00993143818327,0.44932530223676,6.78009840642077
260,"standard",0.462777777777778,0.0500330189773541,0.0500330189773541,0.930205051654312,0.246298084763692,6.63334345726616
260,"constrained",0.462777777777778,0.0297719284955034,0.0297719284955034,1.0616171965123,0.462777777777778,7.87107589602337
260,"oracle_ipw",0.462777777777778,-0.00390897077639154,0.00390897077639154,1.17251896838831,0.455749078073348,12.6279229699083
261,"standard",0.450555555555556,0.0543335578911704,0.0543335578911704,0.590391280480836,0.341920129559874,4.21060959710224
261,"constrained",0.450555555555556,0.0540960952905469,0.0540960952905469,0.602704477353196,0.450555555555556,4.36072471109694
261,"oracle_ipw",0.450555555555556,-0.0449114848691009,0.0449114848691009,1.34352352902022,0.420257781061397,11.7869332058592
262,"standard",0.460555555555556,-0.129363428117373,0.129363428117373,0.974378369461919,0.267852592573175,6.23837126255127
262,"constrained",0.460555555555556,-0.146534221577211,0.146534221577211,1.06636902441755,0.460555555555556,6.94495106967608
262,"oracle_ipw",0.460555555555556,-0.0388008131066898,0.0388008131066898,1.0771027690264,0.474848538112984,10.35087047325
263,"standard",0.47,-0.197964897219866,0.197964897219866,0.74874918037632,0.296198622215707,5.47166506863024
263,"constrained",0.47,-0.208292316899975,0.208292316899975,0.82107918159442,0.47,6.21855495796862
263,"oracle_ipw",0.47,-0.215796459504503,0.215796459504503,1.1271540729189,0.431275852202737,8.06913503760063
264,"standard",0.448333333333333,-0.163431918362632,0.163431918362632,0.808384679882978,0.330996952413624,5.6210705049715
264,"constrained",0.448333333333333,-0.165457337322696,0.165457337322696,0.83533372319343,0.448333333333333,5.94164011050629
264,"oracle_ipw",0.448333333333333,-0.253705370722379,0.253705370722379,1.57143158618053,0.439907789002672,16.2138772997246
265,"standard",0.446666666666667,0.0344882548770167,0.0344882548770167,1.04388135004631,0.300509122080106,7.23733255003854
265,"constrained",0.446666666666667,0.0278226672695503,0.0278226672695503,1.11171692993988,0.446666666666667,8.13056959031156
265,"oracle_ipw",0.446666666666667,0.0464838528877804,0.0464838528877804,1.06556249699893,0.4614025945188,8.42434722782229
266,"standard",0.453333333333333,0.0283615683394613,0.0283615683394613,0.993522855223409,0.316341869152565,6.27596097562579
266,"constrained",0.453333333333333,0.0133216216706258,0.0133216216706258,1.09847813095411,0.453333333333333,7.09620410654957
266,"oracle_ipw",0.453333333333333,0.115685535241631,0.115685535241631,1.08969256748602,0.469833916415948,12.0996660724756
267,"standard",0.464444444444444,0.0707858228035269,0.0707858228035269,0.78739316486811,0.33658754976046,5.28171746095931
267,"constrained",0.464444444444444,0.0649648322133211,0.0649648322133211,0.831545073707673,0.464444444444444,5.69679447041387
267,"oracle_ipw",0.464444444444444,0.0630589940950089,0.0630589940950089,1.14759237940636,0.451463637221143,10.1743206542001
268,"standard",0.445,0.0726790092758853,0.0726790092758853,0.899483495138045,0.285595508236397,6.28350096741769
268,"constrained",0.445,0.0630501582736148,0.0630501582736148,0.962358059153339,0.445,6.91824396293044
268,"oracle_ipw",0.445,-0.0103240716984687,0.0103240716984687,1.27839799869899,0.45443415316656,10.4028767313393
269,"standard",0.446111111111111,0.0628986972951593,0.0628986972951593,0.659573036799356,0.286725775852445,5.22489035343727
269,"constrained",0.446111111111111,0.0553337640943719,0.0553337640943719,0.696333305948402,0.446111111111111,5.72841989005114
269,"oracle_ipw",0.446111111111111,-0.00990303268379756,0.00990303268379756,1.2047675643723,0.423471890326782,9.52778857785643
270,"standard",0.448333333333333,0.060627298117978,0.060627298117978,0.785721812592223,0.346828204692107,4.94008422664471
270,"constrained",0.448333333333333,0.0573552838921589,0.0573552838921589,0.806615420946513,0.448333333333333,5.21962531696752
270,"oracle_ipw",0.448333333333333,0.0773867837813402,0.0773867837813402,1.37722307859031,0.444368417279239,16.7467090815437
271,"standard",0.456666666666667,0.115953311879204,0.115953311879204,0.834637627457706,0.302089100231625,6.21582664987361
271,"constrained",0.456666666666667,0.101874376634097,0.101874376634097,0.906414633603871,0.456666666666667,6.88316233893596
271,"oracle_ipw",0.456666666666667,0.164245494017701,0.164245494017701,0.993770386104231,0.446956081651026,8.01113942301504
272,"standard",0.448333333333333,0.0674218100536569,0.0674218100536569,0.978454215921645,0.277393076676192,6.39985340180337
272,"constrained",0.448333333333333,0.0605478185399035,0.0605478185399035,1.10921229027212,0.448333333333333,7.38471312550874
272,"oracle_ipw",0.448333333333333,-0.000885424826213265,0.000885424826213265,1.12569546138373,0.467558460109939,9.75679517674792
273,"standard",0.45,-0.0826198063747209,0.0826198063747209,0.910575482191563,0.27541967719595,6.2902668176644
273,"constrained",0.45,-0.0885717604600185,0.0885717604600185,1.00398393328477,0.45,7.09923052442942
273,"oracle_ipw",0.45,-0.118462721643803,0.118462721643803,1.13836144311476,0.453697303603188,8.80205993260961
274,"standard",0.446111111111111,0.132602550206119,0.132602550206119,0.617000808382864,0.331510894121568,4.978765950626
274,"constrained",0.446111111111111,0.131856032435643,0.131856032435643,0.647024851011786,0.446111111111111,5.33013037273026
274,"oracle_ipw",0.446111111111111,0.0780160347264114,0.0780160347264114,1.00305981043733,0.429368370858899,9.27735104142975
275,"standard",0.462222222222222,0.042558013310876,0.042558013310876,0.790534115226333,0.254393943135564,6.19505662994964
275,"constrained",0.462222222222222,0.0256318829971837,0.0256318829971837,0.882459170352922,0.462222222222222,6.97084565023548
275,"oracle_ipw",0.462222222222222,-0.0308129852046614,0.0308129852046614,1.12733226414587,0.440211317803442,9.74216049672683
276,"standard",0.438888888888889,0.121741995790006,0.121741995790006,0.684179199431042,0.320616625820957,5.32943046145487
276,"constrained",0.438888888888889,0.121378770554584,0.121378770554584,0.698009012293945,0.438888888888889,5.55878705807466
276,"oracle_ipw",0.438888888888889,0.0798159256444195,0.0798159256444195,1.44282332984968,0.429550733823696,13.4263490340294
277,"standard",0.440555555555556,0.0192714941078603,0.0192714941078603,0.60932176795371,0.359528698062018,4.36040833035481
277,"constrained",0.440555555555556,0.0202851632323002,0.0202851632323002,0.613789754073123,0.440555555555556,4.42434498461815
277,"oracle_ipw",0.440555555555556,-0.166080338773703,0.166080338773703,1.25878374033565,0.426655637777198,10.6273234235492
278,"standard",0.445555555555556,0.0323934595132137,0.0323934595132137,0.674969054458321,0.298488363171894,4.67237653814436
278,"constrained",0.445555555555556,0.0314694937746403,0.0314694937746403,0.697975470624069,0.445555555555555,4.91597823695599
278,"oracle_ipw",0.445555555555556,0.035213902199706,0.035213902199706,1.18692468154243,0.427596989555838,9.72591067080776
279,"standard",0.439444444444444,0.0650636517560913,0.0650636517560913,0.978712387376113,0.300833952598916,6.74096164815895
279,"constrained",0.439444444444444,0.0531332173843308,0.0531332173843308,1.0498716741212,0.439444444444445,7.40721242839953
279,"oracle_ipw",0.439444444444444,0.00601859210625466,0.00601859210625466,1.019635821693,0.484442760311228,7.41785679129169
281,"standard",0.466666666666667,0.0366478855423685,0.0366478855423685,0.761425957402333,0.258751767361737,5.93149392926872
281,"constrained",0.466666666666667,0.0256879915507701,0.0256879915507701,0.841492181957122,0.466666666666667,6.79533134329791
281,"oracle_ipw",0.466666666666667,0.0500615828400925,0.0500615828400925,1.10268886827894,0.437086503541562,8.24935051522429
282,"standard",0.450555555555556,-0.0273403890476176,0.0273403890476176,0.958109467718277,0.284338594497466,6.51931014030338
282,"constrained",0.450555555555556,-0.0312064103643772,0.0312064103643772,1.04470718592843,0.450555555555556,7.3018374057252
282,"oracle_ipw",0.450555555555556,0.0389986044121088,0.0389986044121088,1.12173773229549,0.466019357926645,12.7904061213862
283,"standard",0.453888888888889,0.146291286216593,0.146291286216593,1.02618613817161,0.275019259424289,7.65074883126806
283,"constrained",0.453888888888889,0.128514866258708,0.128514866258708,1.19049099527995,0.453888888888889,9.33682868095958
283,"oracle_ipw",0.453888888888889,0.0750213817014629,0.0750213817014629,1.24044699031998,0.463916905795507,12.7370294115816
284,"standard",0.465555555555556,0.144801014269377,0.144801014269377,0.783762133763931,0.248528196062099,5.61109581476094
284,"constrained",0.465555555555556,0.129702452318633,0.129702452318633,0.884010038568222,0.465555555555556,6.4848746693605
284,"oracle_ipw",0.465555555555556,0.120435629569603,0.120435629569603,1.04482642754912,0.444515312572637,10.9343627975865
285,"standard",0.473333333333333,-0.0439153070309502,0.0439153070309502,0.770757348015352,0.297424529338525,5.89981719356716
285,"constrained",0.473333333333333,-0.0533426680754959,0.0533426680754959,0.837484211060617,0.473333333333333,6.69938391099096
285,"oracle_ipw",0.473333333333333,0.000951207522868891,0.000951207522868891,1.2281833147361,0.448321376716584,10.9353916221313
286,"standard",0.445,0.095477599953368,0.095477599953368,0.671264686733423,0.326244173074715,5.13087742285409
286,"constrained",0.445,0.0865292668382543,0.0865292668382543,0.693846333050561,0.445,5.40076719196461
286,"oracle_ipw",0.445,0.0308643111647756,0.0308643111647756,1.15868707091198,0.440354919395714,12.104887248064
287,"standard",0.456111111111111,0.0838703554631269,0.0838703554631269,0.789612134130988,0.355515434903506,5.13821765606515
287,"constrained",0.456111111111111,0.0843512507012972,0.0843512507012972,0.824229761452149,0.456111111111111,5.44151438796385
287,"oracle_ipw",0.456111111111111,0.085221082010273,0.085221082010273,1.21660294640909,0.450099967909276,10.6278723929244
288,"standard",0.453888888888889,0.0231613547681834,0.0231613547681834,1.02413594790782,0.281197392426342,7.14378256983305
288,"constrained",0.453888888888889,0.0144260572139463,0.0144260572139463,1.14239480226169,0.453888888888889,8.33021042824772
288,"oracle_ipw",0.453888888888889,0.0681702843301508,0.0681702843301508,0.93652667095505,0.450579811456669,6.9833892901302
289,"standard",0.445555555555556,-0.0340236428480397,0.0340236428480397,0.746304549277177,0.32299917668703,5.58656308496155
289,"constrained",0.445555555555556,-0.0366542648077794,0.0366542648077794,0.775882838243811,0.445555555555555,5.92530165933173
289,"oracle_ipw",0.445555555555556,-0.0678462527609386,0.0678462527609386,1.096665258528,0.447361885350635,10.4777066962906
290,"standard",0.452222222222222,0.032363850751731,0.032363850751731,0.738203260642227,0.275162888875092,5.85202345556617
290,"constrained",0.452222222222222,0.0150193266531028,0.0150193266531028,0.79044739756252,0.452222222222222,6.4183808712395
290,"oracle_ipw",0.452222222222222,-0.0769014692727144,0.0769014692727144,1.32835408676915,0.437934320492948,10.9082577377805
291,"standard",0.438888888888889,-0.144435906823246,0.144435906823246,0.842015673997633,0.318402457127964,5.84834519593782
291,"constrained",0.438888888888889,-0.15624015806129,0.15624015806129,0.874775715026358,0.438888888888889,6.21109999678641
291,"oracle_ipw",0.438888888888889,-0.252173902267648,0.252173902267648,1.40004014285918,0.447209776640336,13.2318789075491
292,"standard",0.448333333333333,0.0730877633622163,0.0730877633622163,0.880874567434937,0.32189351078814,5.69336081119704
292,"constrained",0.448333333333333,0.0683000172775375,0.0683000172775375,0.911001871070485,0.448333333333333,6.01084846347118
292,"oracle_ipw",0.448333333333333,0.101943938054258,0.101943938054258,1.16474275491203,0.460782183584513,9.29545208216584
293,"standard",0.468888888888889,0.00294083064418063,0.00294083064418063,0.907865406099749,0.27802783224449,6.24920722920111
293,"constrained",0.468888888888889,-0.0101105060309309,0.0101105060309309,1.00441702580626,0.468888888888889,7.13872705639259
293,"oracle_ipw",0.468888888888889,0.00714479736325738,0.00714479736325738,1.19593603698116,0.442675520004169,8.81459495219877
294,"standard",0.442222222222222,-0.00330374413527273,0.00330374413527273,0.691482332731587,0.347043099141044,4.86249054528894
294,"constrained",0.442222222222222,-0.00504330322672035,0.00504330322672035,0.706091032198518,0.442222222222222,5.045464323016
294,"oracle_ipw",0.442222222222222,-0.00478827915505356,0.00478827915505356,1.12779972635436,0.438662269456036,9.37165845309557
295,"standard",0.436111111111111,0.12703627818984,0.12703627818984,0.762857767787749,0.298870716229945,6.07930922739436
295,"constrained",0.436111111111111,0.129672135018866,0.129672135018866,0.796443995366145,0.436111111111111,6.56835315677897
295,"oracle_ipw",0.436111111111111,0.0877075706649726,0.0877075706649726,0.974034368184778,0.460271949280672,8.00513093280008
296,"standard",0.469444444444444,-0.0223936306857046,0.0223936306857046,0.924263030026611,0.286537531979038,6.7912604670965
296,"constrained",0.469444444444444,-0.0336113162963596,0.0336113162963596,1.04054523594044,0.469444444444444,8.15282649321571
296,"oracle_ipw",0.469444444444444,-0.0719517652625069,0.0719517652625069,1.16323905082331,0.467490066640463,9.97026487180697
297,"standard",0.465555555555556,-0.0323158759719874,0.0323158759719874,0.607694692484372,0.38195223965794,4.29431147851638
297,"constrained",0.465555555555556,-0.0345935139391945,0.0345935139391945,0.620401444356825,0.465555555555556,4.45141132655263
297,"oracle_ipw",0.465555555555556,-0.196315884772517,0.196315884772517,1.1443309865866,0.40215440577107,6.99346766436598
298,"standard",0.454444444444444,0.0330929296311775,0.0330929296311775,0.784909968317222,0.269760252954865,6.34566414593887
298,"constrained",0.454444444444444,0.0301977573150906,0.0301977573150906,0.859339451245697,0.454444444444444,7.13390614638281
298,"oracle_ipw",0.454444444444444,0.0134308743570591,0.0134308743570591,1.07830898818235,0.455917129432506,12.8011135050524
299,"standard",0.465,0.200368376696881,0.200368376696881,0.697680211542827,0.317435609263708,5.44163658241117
299,"constrained",0.465,0.195609506800846,0.195609506800846,0.740224219000254,0.465,6.02434682880274
299,"oracle_ipw",0.465,0.175306260024859,0.175306260024859,1.16438143131153,0.426120385479943,9.88014517922677
300,"standard",0.452777777777778,0.0824190490638366,0.0824190490638366,0.792362074716736,0.259757257296395,6.01289516295606
300,"constrained",0.452777777777778,0.0769546862541254,0.0769546862541254,0.861465507329665,0.452777777777778,6.75775303349655
300,"oracle_ipw",0.452777777777778,0.0300295640166449,0.0300295640166449,1.02289192109789,0.455404831106811,7.91188706823416
