"rep","K","method","rr_obs","weight_var","min_weight","max_weight","margin_max_abs_err","cov_mae_x","y_mean_abs_err","y_pred_mae"
1,4,"standard",0.288857142857143,1.26979239161147,0.281255712698766,7.27944472847154,1.00475183728577e-14,0.0218100949096528,0.971029580701066,2.0797052269719
1,4,"constrained",0.288857142857143,1.28129269591866,0.288857142857143,7.34139630213253,1.02695629777827e-14,0.0208313850908898,0.972528907495604,2.07965124260502
1,5,"standard",0.288857142857143,1.63469876075883,0.241492551559232,11.0577154871945,6.80566714095221e-14,0.0226196593359083,0.802354554756204,1.94073240542995
1,5,"constrained",0.288857142857143,1.72152132463605,0.288857142857143,11.6170534143429,1.75330372442772e-09,0.0182731063300554,0.80987345922944,1.9415885836439
1,6,"standard",0.288857142857143,1.88782374526256,0.203054876756365,16.1057571915482,4.16555678839359e-13,0.0267222432662793,0.536987785866785,1.71448887657363
1,6,"constrained",0.288857142857143,2.03899592136209,0.288857142857143,17.534188295522,1.9201144563219e-09,0.0212917444913795,0.551833357680255,1.71714146997237
1,7,"standard",0.288857142857143,1.93357527335698,0.180086179436456,12.5127297509436,6.3504757008559e-13,0.0267126710150478,0.401205473432859,1.59694167172186
1,7,"constrained",0.288857142857143,2.08739757113067,0.288857142857143,13.4572705231412,1.84095805266793e-09,0.0217006884333299,0.412834790596265,1.59844889527971
1,8,"standard",0.288857142857143,2.01471673342902,0.159834685579474,13.8437249285647,7.8070883091641e-13,0.0246055675444204,0.279406820837234,1.48362681282017
1,8,"constrained",0.288857142857143,2.20696159865647,0.288857142857143,15.1674856907595,1.45026246567426e-09,0.0196468698502985,0.290301065119231,1.4852082830945
1,9,"standard",0.288857142857143,2.06633165131632,0.147968327525175,14.6326774574963,1.03816955032698e-12,0.0205747474913567,0.228174867883761,1.40672313283875
1,9,"constrained",0.288857142857143,2.274536412556,0.288857142857143,16.0960937864972,1.80812315120349e-09,0.0160930603319877,0.240420638649125,1.40888468043627
1,10,"standard",0.288857142857143,2.0901418640793,0.138196095446036,15.5451856562083,1.13975495708019e-12,0.0183905699500867,0.186917239208901,1.33682818708785
1,10,"constrained",0.288857142857143,2.31022909863671,0.288857142857143,17.2626842098043,1.19140203258539e-09,0.0142983260034123,0.199032625235778,1.33890555473341
1,11,"standard",0.288857142857143,2.10516672849124,0.127548057599019,16.7507069864927,1.23934196238906e-12,0.0166117280289639,0.204967873981783,1.3036970730378
1,11,"constrained",0.288857142857143,2.3310494767772,0.288857142857143,18.7423654835369,1.25137505913031e-09,0.0132403470629126,0.216470711492555,1.30527309580691
1,12,"standard",0.288857142857143,2.15854991922467,0.115564322665329,18.651306108341,1.30040422874345e-12,0.0163194894240276,0.157073802749994,1.25145295440358
1,12,"constrained",0.288857142857143,2.41593129756748,0.288857142857143,21.2223958760008,1.42317513329715e-09,0.0132155300215731,0.16853596125475,1.2530904268683
1,13,"standard",0.288857142857143,2.16393275202239,0.113269911774873,19.097835309356,1.3656853425914e-12,0.0150949715752089,0.143753434191864,1.20791098082225
1,13,"constrained",0.288857142857143,2.42363892415088,0.288857142857143,21.7733473385798,1.71213693223038e-09,0.0122886835591714,0.155309483197503,1.20970578885753
1,14,"standard",0.288857142857143,2.1880886211134,0.103363462773624,20.7416260638484,1.32616140291475e-12,0.0149917023979451,0.103221431502496,1.14920015753816
1,14,"constrained",0.288857142857143,2.47282652824436,0.288857142857143,24.1185261410328,1.04499475739317e-09,0.0121921805682612,0.112722743970028,1.15017968490872
1,15,"standard",0.288857142857143,2.17244844674402,0.10161050764318,20.0204532948219,1.41564537869954e-12,0.0150508561011255,0.093573701418129,1.11198560136198
1,15,"constrained",0.288857142857143,2.45127522755788,0.288857142857143,23.1365652019863,1.29556965156041e-09,0.0124306657332659,0.10153873116761,1.11256671037033
1,16,"standard",0.288857142857143,2.22176669277331,0.0924696179501754,17.5676329004916,1.49635859258979e-12,0.0154799781224687,0.057425423093064,1.08208049137462
1,16,"constrained",0.288857142857143,2.52759981895118,0.288857142857143,20.227319990396,1.70595138015983e-09,0.0128074204841339,0.0669506501093711,1.08309903711261
1,17,"standard",0.288857142857143,2.20670057627579,0.0858179558868304,16.5679037721923,1.70174985214544e-12,0.0152804534478702,0.0418197451669267,1.05881172382185
1,17,"constrained",0.288857142857143,2.51618012732819,0.288857142857143,18.9188432248599,1.72352798699649e-09,0.0127659053326646,0.0486839985347363,1.05963187714537
1,18,"standard",0.288857142857143,2.2280289824889,0.080615472162574,16.4711466942883,1.70996550252767e-12,0.0146759156522063,0.0271128005886156,1.04634434117056
1,18,"constrained",0.288857142857143,2.55426888598268,0.288857142857143,18.4219970780636,8.79259554054101e-10,0.0123703354374302,0.0324474874003675,1.04734480966767
1,19,"standard",0.288857142857143,2.22818556626058,0.0811349529320318,16.6513037930708,1.72228897810101e-12,0.0142779092839805,0.0288303540704407,1.03012995997903
1,19,"constrained",0.288857142857143,2.55497400443735,0.288857142857143,18.6588702822408,1.00252534052103e-09,0.0122367852365386,0.034204366091604,1.03086579922029
1,20,"standard",0.288857142857143,2.24657935247327,0.0783514618722606,17.0418301122437,1.5984991108553e-12,0.013874786499815,0.0161146296813417,1.01974422325307
1,20,"constrained",0.288857142857143,2.57888232658249,0.288857142857143,19.8977322433993,1.43628769988524e-09,0.0120068353886344,0.0226317324065786,1.02065389815859
1,21,"standard",0.288857142857143,2.25815048904339,0.0796380257721926,17.2728573478187,1.80910841862669e-12,0.0131955068511328,0.0101630143604901,1.01170620086545
1,21,"constrained",0.288857142857143,2.592447154163,0.288857142857143,20.153166853088,1.50589546388247e-09,0.0114439811642524,0.0174233643677981,1.01279212986807
1,22,"standard",0.288857142857143,2.24701175762075,0.0775434214302686,15.8429280176206,1.80677695027498e-12,0.013016898593106,0.000841419060216175,1.0025402820865
1,22,"constrained",0.288857142857143,2.57751786564301,0.288857142857143,18.3287385679591,1.22413484904271e-09,0.0113226027272913,0.00944534334029346,1.00392432410583
1,23,"standard",0.288857142857143,2.25148705025015,0.0733102122450818,15.7870467632424,1.8686163727466e-12,0.0126257513963291,0.00515966564432802,1.00039142720508
1,23,"constrained",0.288857142857143,2.58449546928778,0.288857142857143,17.9593841150198,1.62396784908481e-09,0.0111581868839107,0.0139730148493777,1.0021050821413
1,24,"standard",0.288857142857143,2.24549590876086,0.0716094344881308,15.2838839089332,1.91224813761437e-12,0.0121956410424883,0.00022316237557618,0.996656879533673
1,24,"constrained",0.288857142857143,2.5761549233889,0.288857142857143,17.0865371576822,1.34620437020061e-09,0.010732876328466,0.00775680453125283,0.998355166029072
1,25,"standard",0.288857142857143,2.24611936543238,0.0700924129635847,15.1946206335919,1.89137594475142e-12,0.0118733285885196,0.00333577735494028,0.993791761128812
1,25,"constrained",0.288857142857143,2.5773631403241,0.288857142857143,17.5158932778741,8.95831686609228e-10,0.0105103787567889,0.00427202502761403,0.995285602422327
2,4,"standard",0.307714285714286,1.21810346211999,0.287327899183746,6.89674155859558,5.77315972805081e-15,0.0202682748324701,0.942578758256603,2.03410705965819
2,4,"constrained",0.307714285714286,1.24801393498697,0.307714285714286,7.05317967832929,8.21565038222616e-15,0.0176125937728016,0.945065447161105,2.03397290054186
2,5,"standard",0.307714285714286,1.51904366580801,0.249370524801204,10.1866215471738,1.50990331349021e-14,0.021587131239961,0.764639671411598,1.89792503908488
2,5,"constrained",0.307714285714286,1.61299612627276,0.307714285714286,10.7996181316124,1.78396997174701e-09,0.0164091362917866,0.767436064525909,1.89783708395562
2,6,"standard",0.307714285714286,1.69448911117833,0.22461856122404,13.0138974232566,1.77635683940025e-13,0.0208376128102741,0.531770759729954,1.67085162769757
2,6,"constrained",0.307714285714286,1.8204902932265,0.307714285714286,14.0370919309945,1.82020037930997e-09,0.0153832763201981,0.537479206771653,1.67119245958383
2,7,"standard",0.307714285714286,1.8767567006311,0.207911311736805,15.0863099663303,9.52016243616072e-13,0.0164717588628223,0.461952100809906,1.59988230594516
2,7,"constrained",0.307714285714286,2.02647114292593,0.307714285714286,16.2924084007014,2.39461961371035e-09,0.0116181225538378,0.472048953195037,1.6009583322399
2,8,"standard",0.307714285714286,1.90604886336247,0.190431155978906,15.8192224211855,1.21003207453896e-12,0.0151394803897677,0.376503973570581,1.49493972532136
2,8,"constrained",0.307714285714286,2.06205641089792,0.307714285714286,17.1738489573078,1.26196086913666e-09,0.010575022340505,0.385933603592887,1.49586034193745
2,9,"standard",0.307714285714286,1.95900998174256,0.167505856397573,17.411668833161,1.39988021174986e-12,0.0141991730425726,0.303364969470415,1.4109839975381
2,9,"constrained",0.307714285714286,2.13889873324582,0.307714285714286,19.19563415735,9.42308786555657e-10,0.0100808082608326,0.313667012072577,1.41243336164409
2,10,"standard",0.307714285714286,1.98916001057072,0.155422510400134,15.0108778128136,1.6938672686706e-12,0.0126161489016265,0.251248882537209,1.34088560379735
2,10,"constrained",0.307714285714286,2.18084124996268,0.307714285714286,16.3106366462988,1.02878128238615e-09,0.00872417109542485,0.261498973150109,1.34202441830444
2,11,"standard",0.307714285714286,1.98924230011775,0.154860701146838,14.9087021390624,1.69719793774448e-12,0.0118382263545967,0.249385839870992,1.30361929873754
2,11,"constrained",0.307714285714286,2.1810556772222,0.307714285714286,16.1984003116311,1.77787484734182e-09,0.00849728263986478,0.259786722010349,1.30492687488405
2,12,"standard",0.307714285714286,2.01311721859581,0.142154551704966,13.4436033146067,1.86728410511705e-12,0.0117827263308279,0.20336695986436,1.26171763441127
2,12,"constrained",0.307714285714286,2.22115192591633,0.307714285714286,14.8273759398905,1.28283611511293e-09,0.00865225604709751,0.213360641347572,1.2635682285643
2,13,"standard",0.307714285714286,2.04318310129149,0.134662357100784,14.5215017389804,2.03381755881082e-12,0.0118925297208737,0.164029872574509,1.20632941814165
2,13,"constrained",0.307714285714286,2.26338138322068,0.307714285714286,16.1364476964355,1.00283564785641e-09,0.00889935879423063,0.173400391677592,1.20812202751815
2,14,"standard",0.307714285714286,2.04522915409709,0.124438309723063,15.1392019812811,1.99151806157261e-12,0.0123086104774471,0.126003658610263,1.14825615337441
2,14,"constrained",0.307714285714286,2.2778636200202,0.307714285714286,17.0009216125093,9.874903117435e-10,0.00936351563361,0.133321763425321,1.14982418527544
2,15,"standard",0.307714285714286,2.04654755041899,0.123070725271727,15.2278742603429,1.97120098022197e-12,0.0116859348138683,0.118329977654748,1.11771178012996
2,15,"constrained",0.307714285714286,2.27930312128611,0.307714285714286,17.088283666027,1.23976240384849e-09,0.00913657357417098,0.126447634335914,1.11922768927024
2,16,"standard",0.307714285714286,2.04496116011067,0.120928909006858,14.2956737553605,2.04758432431618e-12,0.0115518476276559,0.102995392368399,1.08405324067363
2,16,"constrained",0.307714285714286,2.2756807458611,0.307714285714286,15.9788957142112,1.83448317647716e-09,0.00910215218725119,0.111262846779217,1.08531906640841
2,17,"standard",0.307714285714286,2.0423588180902,0.11366429918354,15.0429023804208,2.0211610163301e-12,0.0116226553445367,0.0885719248503758,1.06316545258233
2,17,"constrained",0.307714285714286,2.27778568214709,0.307714285714286,16.5150746176822,1.51053580754734e-09,0.00927291066848159,0.0966357618870228,1.06440403219091
2,18,"standard",0.307714285714286,2.05646210855176,0.109797413799,15.5141101657387,2.22821761042269e-12,0.0108270721507778,0.0819255623066999,1.04922729977248
2,18,"constrained",0.307714285714286,2.29523861091716,0.307714285714286,17.0595516661081,1.51785528590409e-09,0.00874429124436592,0.0908007374633328,1.05057815608185
2,19,"standard",0.307714285714286,2.06878319037108,0.101259281741402,16.5184310664378,2.21955787083061e-12,0.0107952547899284,0.0659004319443879,1.03383657830345
2,19,"constrained",0.307714285714286,2.3191953509303,0.307714285714286,18.3983622074114,1.6674652769666e-09,0.0086450068889559,0.0742364899354468,1.0353092102829
2,20,"standard",0.307714285714286,2.06454757257277,0.0993302641831901,16.3958846990737,2.34690045175512e-12,0.0102783115677819,0.0681832846805168,1.02256148234728
2,20,"constrained",0.307714285714286,2.31303228339189,0.307714285714286,18.2253744898748,1.50523304931482e-09,0.00829681256506912,0.0770712208970279,1.02397713010763
2,21,"standard",0.307714285714286,2.06759359048393,0.096519257419025,15.6542216036748,2.43360886997834e-12,0.00998871163529691,0.0632333073517355,1.01369203821604
2,21,"constrained",0.307714285714286,2.31725226586083,0.307714285714286,17.3276733458996,1.00945724001988e-09,0.00813031402279279,0.0720592356761056,1.01493207961057
2,22,"standard",0.307714285714286,2.06914342293031,0.0948025704498607,16.0713140646319,2.43871589589162e-12,0.00995797749238845,0.0585715489409901,1.0023014894516
2,22,"constrained",0.307714285714286,2.32153590602293,0.307714285714286,17.9077447322367,1.64186408913025e-09,0.00816634491158518,0.0670096730005287,1.00341651419766
2,23,"standard",0.307714285714286,2.06936556326349,0.0943827613387831,16.0300947600324,2.44970710383541e-12,0.00968067664931294,0.0591329261212428,1.00242021681869
2,23,"constrained",0.307714285714286,2.32186065974159,0.307714285714286,17.8516490424503,1.6908441868857e-09,0.00804813684965829,0.067646841120502,1.00351982860031
2,24,"standard",0.307714285714286,2.05707254718357,0.0925071564066374,15.0998605316479,2.54962717605167e-12,0.00968277437639615,0.0565898526958852,0.999995506801226
2,24,"constrained",0.307714285714286,2.30869044851172,0.307714285714286,16.6534909507605,1.1687203982369e-09,0.0080648634994749,0.0652682225161056,1.0012598773431
2,25,"standard",0.307714285714286,2.07828398466948,0.0877817777411527,15.9668243951699,2.96251911890977e-12,0.00942505266667074,0.0511871263711692,0.997853032578181
2,25,"constrained",0.307714285714286,2.33491195208811,0.307714285714286,17.6332904507393,1.68911890030543e-09,0.00788327419986177,0.0597838323722808,0.999156998578148
3,4,"standard",0.298428571428571,1.1655507523355,0.298228268122837,6.54066963867471,4.82947015711943e-15,0.016940986501946,0.867182674122818,2.00434066938557
3,4,"constrained",0.298428571428571,1.16578748045292,0.298428571428571,6.54184905309029,1.0769163338864e-14,0.016917620765006,0.867207124757923,2.00434187892297
3,5,"standard",0.298428571428571,1.42908788037806,0.270154524437335,8.99149421396599,5.46229728115577e-14,0.014584433496511,0.65367901624075,1.85916363044574
3,5,"constrained",0.298428571428571,1.46611321984993,0.298428571428571,9.20243685733163,7.61612994892857e-14,0.0122045694820873,0.654186662735795,1.85935631444602
3,6,"standard",0.298428571428571,1.60513217274662,0.249385517547206,10.8993501687081,1.25155441565994e-12,0.0123842508671775,0.407744704562931,1.63951692687987
3,6,"constrained",0.298428571428571,1.66438892977382,0.298428571428571,11.2702590215782,2.23549245781385e-09,0.00979357285339759,0.40978026303346,1.64001450163147
3,7,"standard",0.298428571428571,1.72463146365399,0.233325819052009,12.2245924000554,4.70790073592298e-12,0.0098117923448529,0.315850842006087,1.55704711675135
3,7,"constrained",0.298428571428571,1.79652576927302,0.298428571428571,12.685320923813,1.48139756017684e-09,0.00744036226936615,0.319328317901896,1.55759669181806
3,8,"standard",0.298428571428571,1.75500666056023,0.220751215231628,12.4632863981007,6.85596024396773e-12,0.00836486783360314,0.25755891377964,1.46178933284868
3,8,"constrained",0.298428571428571,1.82738726020005,0.298428571428571,12.9241600886471,1.3272591914415e-09,0.00695061071462979,0.262313006950268,1.46237449005404
3,9,"standard",0.298428571428571,1.80200658390765,0.19954918880574,13.3362840545353,1.06251674125701e-11,0.00776843084284976,0.18091911463733,1.37493988127424
3,9,"constrained",0.298428571428571,1.87861997233742,0.298428571428571,13.8642761607173,1.90389065624075e-09,0.00666463253618108,0.186026654076304,1.37539160565177
3,10,"standard",0.298428571428571,1.85568012018827,0.18394146262356,14.2150478158698,1.3728129744095e-11,0.00740542100617444,0.134224356729131,1.30764380674318
3,10,"constrained",0.298428571428571,1.9422799147522,0.298428571428571,14.8426964080066,1.85362081239759e-09,0.00639391019701263,0.140825816482803,1.30811207164109
3,11,"standard",0.298428571428571,1.87226868103928,0.150463862225954,17.2929847217493,1.31676891612642e-11,0.00813830934932351,0.183740966141322,1.28059539354093
3,11,"constrained",0.298428571428571,1.97229208781936,0.298428571428571,18.4584319273288,1.24120919098303e-09,0.00720557099765161,0.193080749471574,1.28125706906465
3,12,"standard",0.298428571428571,1.9257442851967,0.138244398967894,18.900477164371,1.57130974898223e-11,0.00813198154719133,0.139041429304485,1.23607757890571
3,12,"constrained",0.298428571428571,2.04141865313358,0.298428571428571,20.3469778961279,1.62470598086273e-09,0.00700197393213402,0.147130495099889,1.236877828133
3,13,"standard",0.298428571428571,1.9324178512869,0.134055139022458,19.7593027639157,1.57028834379958e-11,0.00791259082979938,0.114049209935649,1.19097260982846
3,13,"constrained",0.298428571428571,2.05158172512937,0.298428571428571,21.3579844120902,1.27252475223827e-09,0.00679873203738705,0.121903645352902,1.19171404114806
3,14,"standard",0.298428571428571,1.93795931755557,0.127685454878339,20.4861735668046,1.54501966775911e-11,0.00807634101751738,0.0919262125581328,1.13852837888894
3,14,"constrained",0.298428571428571,2.06149591602762,0.298428571428571,22.2591529443089,1.99591537741739e-09,0.00699015399086283,0.0992447412043633,1.139095351002
3,15,"standard",0.298428571428571,1.93891804888727,0.121243315588081,18.3033544364018,1.51169077255986e-11,0.00829027539395764,0.064417074336756,1.10388020364089
3,15,"constrained",0.298428571428571,2.06612539158096,0.298428571428571,19.7804449678694,1.76825004638559e-09,0.00706532275929184,0.0714410410304307,1.10468216945938
3,16,"standard",0.298428571428571,1.94311743630479,0.120119746983147,18.6656678320466,1.55290225123395e-11,0.00800971238704089,0.0520830310548375,1.07764044826719
3,16,"constrained",0.298428571428571,2.07034464622169,0.298428571428571,20.1612704820801,1.04189584737568e-09,0.00689285097633464,0.0593868483552038,1.07825531576843
3,17,"standard",0.298428571428571,1.94433160925199,0.116918004002388,18.9778482064304,1.57481805374005e-11,0.00809897211615391,0.0452698232252224,1.056826272599
3,17,"constrained",0.298428571428571,2.07451738868868,0.298428571428571,20.5625586584161,1.2447063935106e-09,0.00702630720424927,0.0522333047548784,1.05755589647597
3,18,"standard",0.298428571428571,1.93474726609975,0.108101267446405,17.6984103467604,1.57711621540102e-11,0.00824728355826265,0.0336834376932584,1.04294791494512
3,18,"constrained",0.298428571428571,2.07004768264029,0.298428571428571,19.0908868098633,1.44535799995182e-09,0.00721123259753032,0.0407989737461527,1.04375753659501
3,19,"standard",0.298428571428571,1.95060008752649,0.104014656585192,18.3041293712036,1.7471801783131e-11,0.00815741603909469,0.0228948783214049,1.02810696663029
3,19,"constrained",0.298428571428571,2.08966982256561,0.298428571428571,19.7913377824264,1.61157659439581e-09,0.00719288120080883,0.0301314045529564,1.02891029860473
3,20,"standard",0.298428571428571,1.9241480713241,0.0953329569275313,17.0518139830278,1.62445612517104e-11,0.00909837799887324,0.00394712738524738,1.01746876787044
3,20,"constrained",0.298428571428571,2.0703751617491,0.298428571428571,18.4666864201808,1.23374022109601e-09,0.008050543234775,0.0111965908916911,1.01862606342909
3,21,"standard",0.298428571428571,1.92433304067548,0.093767572065193,17.3341718528745,1.69764202695433e-11,0.00876448452722372,0.00607189460148039,1.00730666210998
3,21,"constrained",0.298428571428571,2.07151390434245,0.298428571428571,18.8354046305644,1.26342325490469e-09,0.00782129147262004,0.0136367736097291,1.00837621094933
3,22,"standard",0.298428571428571,1.92321024393838,0.096790513113095,16.5386386921874,1.71085368094737e-11,0.00863742573535283,9.13026154325536e-05,0.998924197964
3,22,"constrained",0.298428571428571,2.07243502995495,0.298428571428571,17.9294039344087,1.45764639247759e-09,0.0076889272630657,0.00736166565172347,1.00000255453601
3,23,"standard",0.298428571428571,1.92410542250515,0.0982891443968414,16.6805346872183,1.71224145972815e-11,0.00861927014843536,0.000733955505069162,0.995475622543512
3,23,"constrained",0.298428571428571,2.07395557810915,0.298428571428571,18.1028591714526,1.02939617940834e-09,0.00773125052122495,0.00652190731109759,0.996589003732917
3,24,"standard",0.298428571428571,1.92621224516544,0.0973021702731963,16.9601313293277,1.72902803186048e-11,0.00840002268933447,0.00275184562906094,0.991395947201065
3,24,"constrained",0.298428571428571,2.07710284892131,0.298428571428571,18.4456835823286,1.21459359236908e-09,0.00755605662397679,0.00450900971798696,0.992442268360832
3,25,"standard",0.298428571428571,1.92567528371291,0.0968828741696874,16.7165581257542,1.76009207208949e-11,0.0083433433919584,0.00084954162298434,0.989739432654289
3,25,"constrained",0.298428571428571,2.07625177917256,0.298428571428571,18.1739904324318,9.99013372027235e-10,0.00757277823627532,0.00640993266699663,0.990907389266125
4,4,"standard",0.297142857142857,1.22340987378247,0.282658827353821,7.08351164571297,5.71764857681956e-15,0.0229386169112272,1.1685613447894,2.12348422721551
4,4,"constrained",0.297142857142857,1.24437381675894,0.297142857142857,7.19615019861286,5.21804821573824e-15,0.0211129904993204,1.16955408897046,2.12328027678701
4,5,"standard",0.297142857142857,1.57807900556378,0.238191817211367,10.8183504370479,9.10382880192628e-15,0.0250226462958929,0.993821185021019,1.96471968101706
4,5,"constrained",0.297142857142857,1.68253800400806,0.297142857142857,11.4734967515087,2.46882236876189e-09,0.0198556527355029,0.991463084595423,1.96434997454488
4,6,"standard",0.297142857142857,1.99267018343451,0.209304852707558,14.8844768389998,1.11977094263693e-12,0.0217058116124833,0.705116502919599,1.71744032031593
4,6,"constrained",0.297142857142857,2.16876936491013,0.297142857142857,16.0135627576969,1.68404928890808e-09,0.0158064119919485,0.708208007329874,1.71801125461736
4,7,"standard",0.297142857142857,2.20943357414046,0.166903139664965,21.8103853725719,1.4201972931005e-12,0.0274361748545114,0.545919156446364,1.6021935830589
4,7,"constrained",0.297142857142857,2.47818995698276,0.297142857142857,24.6102301725589,1.11853237783066e-09,0.0207945077087936,0.54414285785754,1.60337876909897
4,8,"standard",0.297142857142857,2.26115891589867,0.156254830061683,22.4524271274787,2.42272868433702e-12,0.0230053851134901,0.483206459907463,1.49890149278493
4,8,"constrained",0.297142857142857,2.55507732821254,0.297142857142857,25.5237479125359,1.28101912411083e-09,0.0172602112561709,0.48549114495995,1.50061212803013
4,9,"standard",0.297142857142857,2.35083555920112,0.144245169424069,23.6209922745638,6.89748258508871e-12,0.0188558441630438,0.414231958788145,1.42056384134711
4,9,"constrained",0.297142857142857,2.65768056004246,0.297142857142857,26.7922242274621,1.18443688190695e-09,0.0142045574815275,0.419355068462401,1.42251746135288
4,10,"standard",0.297142857142857,2.40280161537514,0.125085557167339,26.5594640120515,1.00796038182693e-11,0.0184535087468316,0.332035463336068,1.33822746963266
4,10,"constrained",0.297142857142857,2.74588590696493,0.297142857142857,30.8550867377439,1.1865584070847e-09,0.0141353295848916,0.338429085243007,1.33941391283146
4,11,"standard",0.297142857142857,2.39244664021793,0.118225489288125,25.9988469985707,1.00128794144894e-11,0.0165497172994108,0.343831083997063,1.30225700759001
4,11,"constrained",0.297142857142857,2.73000125404401,0.297142857142857,30.1190397517374,1.67255193028737e-09,0.0128837355905332,0.350565814645292,1.30317878823769
4,12,"standard",0.297142857142857,2.49743443274262,0.101657834872202,30.0761670146328,9.75453051665909e-12,0.0163807552786955,0.283563319511644,1.25487632874617
4,12,"constrained",0.297142857142857,2.92139121695738,0.297142857142857,35.8789355790417,1.05839698116839e-09,0.0122606235161668,0.290690759727475,1.255846263281
4,13,"standard",0.297142857142857,2.52532162766505,0.095496802134605,31.8689347828293,9.81970060820458e-12,0.0147844424706322,0.301159436165706,1.21846914530901
4,13,"constrained",0.297142857142857,2.97493700855429,0.297142857142857,38.4465935273993,1.86938803325987e-09,0.0112521024639593,0.309807120117674,1.21929362312297
4,14,"standard",0.297142857142857,2.54664429362502,0.0914039991294153,32.6056544557776,1.16141540829062e-11,0.0136883502912539,0.276783557901173,1.15967233624746
4,14,"constrained",0.297142857142857,3.00278730230316,0.297142857142857,39.3256229134443,8.68800031916805e-10,0.0105529385703892,0.285777207729654,1.16005681353879
4,15,"standard",0.297142857142857,2.46729003979985,0.0822934607214052,28.8814429518368,1.09667830372473e-11,0.0147854827811504,0.231851015253199,1.12256313808286
4,15,"constrained",0.297142857142857,2.91075257617995,0.297142857142857,34.8242860481141,9.81128678301246e-10,0.0116124550555452,0.236519096342992,1.12346334354987
4,16,"standard",0.297142857142857,2.45090451985885,0.080435551202172,26.889518809315,1.16789911075443e-11,0.0147014568436422,0.212678599150057,1.08918945428133
4,16,"constrained",0.297142857142857,2.87833386771156,0.297142857142857,32.2979857088569,1.05128739047444e-09,0.0116931117441585,0.217650789030793,1.09017949019007
4,17,"standard",0.297142857142857,2.46625038369211,0.0769780947447941,27.7736438540308,1.49269485660852e-11,0.0136804307226771,0.199914577079588,1.06669393751251
4,17,"constrained",0.297142857142857,2.89754432355138,0.297142857142857,33.3975830033092,1.69963870755296e-09,0.0110365706653599,0.20532881767625,1.06745421744889
4,18,"standard",0.297142857142857,2.4882983441471,0.0813265453954115,28.5699360667409,1.79938286493098e-11,0.0128535056260166,0.187823872293752,1.05020062729993
4,18,"constrained",0.297142857142857,2.92845917959648,0.297142857142857,34.3389360718696,1.00437336225667e-09,0.0104887389809873,0.192891060100622,1.05120297319744
4,19,"standard",0.297142857142857,2.56949562177155,0.074812318152028,30.1990169890285,2.11445305708935e-11,0.0123504848578628,0.163459590411167,1.03409462746258
4,19,"constrained",0.297142857142857,3.04990371325322,0.297142857142857,36.3990396576206,1.43813277952987e-09,0.0101385739724511,0.169225987309876,1.03545215533553
4,20,"standard",0.297142857142857,2.57142960974919,0.0751595193860372,30.251797106221,2.65603095073175e-11,0.011748069888453,0.163168022997699,1.02201863067355
4,20,"constrained",0.297142857142857,3.04563314229262,0.297142857142857,36.2894037090258,1.39966022105753e-09,0.00985661958933956,0.169761113372229,1.02319932409922
4,21,"standard",0.297142857142857,2.56604736295194,0.0740464908980925,29.3986820009613,2.90922841372776e-11,0.0113402103273362,0.160040704585484,1.01319408883434
4,21,"constrained",0.297142857142857,3.03406363050175,0.297142857142857,35.2866828802504,8.16531342540117e-10,0.00962045254277578,0.167023699420594,1.01455422939788
4,22,"standard",0.297142857142857,2.5596846187136,0.0728234877113287,28.6087389921336,2.86100032553804e-11,0.0111639316382157,0.156523532820974,1.0044421282588
4,22,"constrained",0.297142857142857,3.02493541721836,0.297142857142857,34.3181482675198,8.75465477889747e-10,0.00960647680476484,0.163818642398442,1.0058726421812
4,23,"standard",0.297142857142857,2.56735693578514,0.0723978228082134,28.9129271885494,2.887778904892e-11,0.0107889365608645,0.155343237116678,1.00152072027732
4,23,"constrained",0.297142857142857,3.03369473254271,0.297142857142857,34.6190813593643,1.69427699647784e-09,0.00934280445602197,0.162892874284675,1.00313136438317
4,24,"standard",0.297142857142857,2.57338063644298,0.0736407594706832,29.4863972797111,3.00334201952523e-11,0.0105126930824344,0.155111631727832,0.99999436939274
4,24,"constrained",0.297142857142857,3.04233107295529,0.297142857142857,35.3071496849485,8.23375867486931e-10,0.00915247503600766,0.162847110412193,1.00162737656426
4,25,"standard",0.297142857142857,2.5672693563445,0.0744367570604052,29.04694721996,3.03370661924873e-11,0.0103178292538331,0.155956657923773,0.99839513810566
4,25,"constrained",0.297142857142857,3.03192963336128,0.297142857142857,34.726124796779,1.2464150267455e-09,0.00904206632597404,0.163889030504523,0.999940672860031
5,4,"standard",0.291428571428571,1.1433189044737,0.299500728044434,6.51240625225959,3.51959650313205e-09,0.0186823229216241,0.943221484997031,2.04460684480371
5,4,"constrained",0.291428571428571,1.14331883827073,0.299500734711534,6.51240604432675,2.1815506068279e-09,0.0186823229056619,0.943221520036012,2.04460684453682
5,5,"standard",0.291428571428571,1.33466010092468,0.27173856890643,8.74103526836018,4.38538094726937e-15,0.0172880389990932,0.794878857172387,1.93270564752159
5,5,"constrained",0.291428571428571,1.35832846150543,0.291428571428571,8.90119209086057,9.21055232083745e-10,0.0156300645863317,0.795789832921121,1.93292407991417
5,6,"standard",0.291428571428571,1.55488028127274,0.241147442777974,11.5773683898322,1.13797860024079e-13,0.0175124346861185,0.565860103604042,1.72325110750508
5,6,"constrained",0.291428571428571,1.614264982968,0.291428571428571,12.0447572871035,2.1969112085074e-09,0.0144769957329659,0.572925020575422,1.72425537147671
5,7,"standard",0.291428571428571,1.65220547211111,0.212181284171747,14.4953306680431,1.59650070941098e-13,0.0196174782912859,0.425468213479281,1.597213012691
5,7,"constrained",0.291428571428571,1.73341962457822,0.291428571428571,15.3652509411415,1.44470280183384e-09,0.0161257539932407,0.432550148587686,1.59792223922935
5,8,"standard",0.291428571428571,1.69227039684836,0.183383431358326,11.1692575432209,1.65312208366686e-13,0.0208099860510298,0.322117207529923,1.48353331914178
5,8,"constrained",0.291428571428571,1.78597426545596,0.291428571428571,11.6809890383094,2.051221470456e-09,0.0171887309876889,0.329521081730694,1.48378474990415
5,9,"standard",0.291428571428571,1.7179857857483,0.166385827292727,10.8290175191326,1.51989532071184e-13,0.0193741192048263,0.254814470272428,1.39414779603719
5,9,"constrained",0.291428571428571,1.82611518534706,0.291428571428571,11.4964947332393,1.93577426310654e-09,0.0160634783734188,0.26157647006027,1.39452799238129
5,10,"standard",0.291428571428571,1.77481291848717,0.143492309365663,12.5655182567277,1.75748304798162e-13,0.0188590153640977,0.166464891126618,1.3141799751816
5,10,"constrained",0.291428571428571,1.90420649882598,0.291428571428571,13.5948062167577,1.10609876813328e-09,0.0154127024834099,0.17355502943082,1.31424505284399
5,11,"standard",0.291428571428571,1.77631123302847,0.132303646625139,12.147602163468,1.70641278884887e-13,0.0165310467779802,0.185985994536579,1.27921470634614
5,11,"constrained",0.291428571428571,1.9067478422976,0.291428571428571,13.1124607550115,1.37896483121125e-09,0.0137041936144351,0.192918721243189,1.27923562681072
5,12,"standard",0.291428571428571,1.7895067988058,0.127272925580402,11.5149023387711,2.4935609133081e-13,0.014756772980196,0.163527766522241,1.23919972431236
5,12,"constrained",0.291428571428571,1.92194212335383,0.291428571428571,12.419006996761,1.41260397823473e-09,0.0121621169695064,0.171178446906431,1.23931428697092
5,13,"standard",0.291428571428571,1.791104404156,0.126732544219323,11.5787273313939,2.59903210064749e-13,0.0134760305903454,0.16068994667667,1.19773937447481
5,13,"constrained",0.291428571428571,1.92331748735219,0.291428571428571,12.4765507071872,1.27244298431251e-09,0.0112655624848025,0.168935259870356,1.19808400078981
5,14,"standard",0.291428571428571,1.81274772114081,0.11906627041864,12.1019123461587,3.25406368517633e-13,0.0127799133101558,0.125032627279276,1.14449233498354
5,14,"constrained",0.291428571428571,1.948718219257,0.291428571428571,13.0755302240127,1.7925556039522e-09,0.0107748582560556,0.133561205970753,1.14476365737633
5,15,"standard",0.291428571428571,1.81742895281512,0.116229671873354,12.4355876154613,3.25628413122558e-13,0.0122863577113979,0.106884524325435,1.11257134318517
5,15,"constrained",0.291428571428571,1.95623133023724,0.291428571428571,13.4820384813584,1.26745047790422e-09,0.0103049850372908,0.11507794638901,1.11299137467359
5,16,"standard",0.291428571428571,1.83261969459054,0.109700227860052,12.8511298991222,3.24296145493008e-13,0.0125124187206236,0.0794231485571162,1.07722755697968
5,16,"constrained",0.291428571428571,1.98176441529629,0.291428571428571,14.0464635853577,1.88717663718307e-09,0.010458809693195,0.087258010532139,1.07757986280114
5,17,"standard",0.291428571428571,1.82730320824205,0.104441811220154,12.0828500389285,3.31845662060459e-13,0.0123910658636285,0.0664461685967739,1.05523499209394
5,17,"constrained",0.291428571428571,1.9789461700651,0.291428571428571,13.1052825305088,1.67987118659951e-09,0.0104009343020668,0.0737751801435342,1.05561025414784
5,18,"standard",0.291428571428571,1.84259554613303,0.0940713607656611,11.2010695780454,3.14304138271382e-13,0.0120928314064994,0.046968910556858,1.039314773562
5,18,"constrained",0.291428571428571,2.0046381776178,0.291428571428571,12.1767013410698,1.97903177179271e-09,0.0101726603260192,0.0545274923544703,1.03982800694349
5,19,"standard",0.291428571428571,1.8581594150525,0.0852135971414396,12.2144333986501,3.14637205178769e-13,0.0120992436082742,0.0238215677904066,1.02581252056732
5,19,"constrained",0.291428571428571,2.03297571003995,0.291428571428571,13.4805928933444,1.42088951715635e-09,0.0101930439827974,0.0303467883129889,1.02671997897788
5,20,"standard",0.291428571428571,1.86977280921265,0.088616979926124,12.8547177322172,3.14637205178769e-13,0.0119948945050429,0.0118553683179181,1.01343633245515
5,20,"constrained",0.291428571428571,2.04993016136443,0.291428571428571,14.2525500043632,1.16865489507845e-09,0.0102162181725223,0.0182897320767967,1.01438039235467
5,21,"standard",0.291428571428571,1.87581463391296,0.0868110493274246,13.0737770504915,3.16635606623095e-13,0.0116906742746991,0.00354975170669913,1.00414414712654
5,21,"constrained",0.291428571428571,2.05922902571794,0.291428571428571,14.4223208890904,1.47694045882218e-09,0.0100506263508118,0.00958610227197276,1.00516677187674
5,22,"standard",0.291428571428571,1.87568996556863,0.0868545541713632,13.0670004848889,3.20632409511745e-13,0.0113219122503642,0.00363717698507138,0.995780479051794
5,22,"constrained",0.291428571428571,2.05860849916098,0.291428571428571,14.3894599702154,1.52718704349297e-09,0.00978002319110397,0.00995220381776818,0.996883587266837
5,23,"standard",0.291428571428571,1.87770284212167,0.0845325378089218,12.2600157126642,3.22519788653608e-13,0.0112322147918519,0.000140442024735066,0.992865097315779
5,23,"constrained",0.291428571428571,2.06149580101362,0.291428571428571,13.5253503686053,1.49919116010366e-09,0.0097648712577455,0.00680222108614803,0.994030886297631
5,24,"standard",0.291428571428571,1.89213870305673,0.0839216714969961,12.5523407421114,5.03597163969971e-13,0.010760267736201,0.00616805186917535,0.988722263619959
5,24,"constrained",0.291428571428571,2.07488220936432,0.291428571428571,13.8015160833291,1.77486253472026e-09,0.00943262207648677,0.00128175133832453,0.989956038280291
5,25,"standard",0.291428571428571,1.88965847741815,0.082803667256507,12.7055915507904,5.68323166305618e-13,0.0106862108676804,0.00642269956269015,0.987307952045963
5,25,"constrained",0.291428571428571,2.07271588314341,0.291428571428571,13.9449306057883,1.66281000080204e-09,0.00943395218113218,0.00119228552316475,0.988773184059674
6,4,"standard",0.296714285714286,1.31447566359216,0.271724709589913,7.59836229048882,2.05391259555654e-15,0.0246487647041544,0.954085615984129,2.03578347009856
6,4,"constrained",0.296714285714286,1.35355317371084,0.296714285714286,7.80087140541157,3.1641356201817e-15,0.021578192357645,0.956329544212736,2.03579856153699
6,5,"standard",0.296714285714286,1.57838283029792,0.245770034972681,10.2369258297903,8.34887714518118e-14,0.0203749153544579,0.831770608729073,1.9273242359995
6,5,"constrained",0.296714285714286,1.66176371095754,0.296714285714286,10.7228956722327,1.04032593650771e-09,0.0159606480965689,0.835124929944884,1.92736506847527
6,6,"standard",0.296714285714286,1.8177869649906,0.227901530111936,12.5933228854876,4.54913884340158e-12,0.0151833090436307,0.566292676552217,1.69825569594641
6,6,"constrained",0.296714285714286,1.92364128757194,0.296714285714286,13.2501808421616,1.73020614502306e-09,0.0107641229535806,0.573889457463757,1.6987701878004
6,7,"standard",0.296714285714286,1.92038626084388,0.202279488468595,15.3186241710457,7.40740802029904e-12,0.0171745442443304,0.461421716325791,1.60847387066007
6,7,"constrained",0.296714285714286,2.04590646135234,0.296714285714286,16.3312670335685,2.11856343579342e-09,0.0127614572714734,0.469505124961399,1.60961974186914
6,8,"standard",0.296714285714286,2.00080479615596,0.181844617974801,16.1916490342349,1.24229515563457e-11,0.0153610486369966,0.37513483140168,1.50123621696272
6,8,"constrained",0.296714285714286,2.14663756453204,0.296714285714286,17.3579604016285,1.40886474708779e-09,0.0113633978009031,0.38631208027526,1.50271405587765
6,9,"standard",0.296714285714286,2.0539541315939,0.163650974082592,17.4235700974277,1.89613880152706e-11,0.014053623295755,0.304098716244883,1.41094383123352
6,9,"constrained",0.296714285714286,2.2139720100889,0.296714285714286,18.8186735569906,1.94759974814218e-09,0.0106536576751119,0.314946542615711,1.41199405321972
6,10,"standard",0.296714285714286,2.05884956725638,0.150086259500602,18.7367058161646,1.78720371835084e-11,0.0140602333409186,0.242039732992109,1.33058215365329
6,10,"constrained",0.296714285714286,2.23266143657031,0.296714285714286,20.5321341612746,1.13991222017162e-09,0.0107645320711738,0.251588056696732,1.33167597521879
6,11,"standard",0.296714285714286,2.06802191026335,0.146512491431201,19.1534673371979,2.59763321963646e-11,0.0136741648088712,0.248401179517519,1.29281597088372
6,11,"constrained",0.296714285714286,2.23969235606534,0.296714285714286,20.8774710957995,1.67946562212862e-09,0.0108648261347282,0.256099148051289,1.29369345458174
6,12,"standard",0.296714285714286,2.1044839059866,0.131205545488845,17.3334709697288,3.29040128477232e-11,0.013624086705693,0.20065366646085,1.25041586665455
6,12,"constrained",0.296714285714286,2.29256488917187,0.296714285714286,18.6756715470596,1.69138991701345e-09,0.010870055467817,0.208783500875494,1.25158979219513
6,13,"standard",0.296714285714286,2.13547089190549,0.125594159526376,18.5857623258048,3.65275587554947e-11,0.0130303730774375,0.172974460514009,1.19905799446966
6,13,"constrained",0.296714285714286,2.3336696802707,0.296714285714286,20.1619916319128,1.96265248497696e-09,0.0104383906605576,0.181317311103835,1.19988285428176
6,14,"standard",0.296714285714286,2.13842203863431,0.121727174958864,19.0868654442697,3.61426444328572e-11,0.0128966188541069,0.157286255895649,1.14104310563771
6,14,"constrained",0.296714285714286,2.33967740050556,0.296714285714286,20.7962756907276,1.65388597261895e-09,0.0104884897806301,0.16467172501025,1.14174928127403
6,15,"standard",0.296714285714286,2.15468129020947,0.120558240839343,19.2724310017446,5.78181946764289e-11,0.0120614160945114,0.146309254604384,1.1135100611468
6,15,"constrained",0.296714285714286,2.35494113421823,0.296714285714286,20.9588635297903,1.74114611617426e-09,0.0100708617530265,0.155362266842604,1.11410587284369
6,16,"standard",0.296714285714286,2.1557820869031,0.119938167154361,18.6784888106407,5.76330094759214e-11,0.0115810033878285,0.139435677909857,1.08454438926775
6,16,"constrained",0.296714285714286,2.35511796469138,0.296714285714286,20.3667146125615,1.30009808474441e-09,0.0097580078867663,0.149575136975734,1.08533057011137
6,17,"standard",0.296714285714286,2.15660515368127,0.1185641252541,18.5322017268207,5.80979708786344e-11,0.0109610306092008,0.141668962802666,1.06153171173043
6,17,"constrained",0.296714285714286,2.35632907057998,0.296714285714286,20.191938166597,1.2534305260381e-09,0.00934744686761124,0.151864211515899,1.06223987117081
6,18,"standard",0.296714285714286,2.15453682224143,0.115431550960119,18.2626675800942,5.9971139165782e-11,0.0104599836176317,0.149242699756957,1.05223519572852
6,18,"constrained",0.296714285714286,2.35491843348947,0.296714285714286,19.8014320300808,1.48877515870893e-09,0.00903765231568684,0.160615116204069,1.05307808300522
6,19,"standard",0.296714285714286,2.15444958454236,0.115645610511899,18.3234703244174,6.06322769769463e-11,0.0102368313734976,0.149603121443223,1.0364311561906
6,19,"constrained",0.296714285714286,2.35479608271711,0.296714285714286,19.8523796065096,1.36942968076426e-09,0.00895172220908942,0.160857933327517,1.03734089547491
6,20,"standard",0.296714285714286,2.15801612870246,0.109303269686508,19.7204909387891,5.8497540145197e-11,0.0102694744303248,0.139547908977505,1.02565434649492
6,20,"constrained",0.296714285714286,2.36865797680948,0.296714285714286,21.6461958088098,1.95257682245042e-09,0.00896765868884316,0.151174087620409,1.02701995133863
6,21,"standard",0.296714285714286,2.15630918533678,0.111625564933437,20.0342874515468,5.85573811662243e-11,0.00976506144685539,0.136549347819207,1.0191341222617
6,21,"constrained",0.296714285714286,2.36732455614788,0.296714285714286,22.0627568385771,2.01923033849027e-09,0.00854189641653769,0.147966140850396,1.02043101752949
6,22,"standard",0.296714285714286,2.14155357653723,0.103997303071257,18.5026640647439,5.33391109058812e-11,0.0101001605945879,0.120022116546149,1.00754440275693
6,22,"constrained",0.296714285714286,2.35960354071223,0.296714285714286,20.3063060088973,1.675580785232e-09,0.00879151093141667,0.130671708653013,1.00908232408971
6,23,"standard",0.296714285714286,2.15191638264752,0.101056610202188,17.9764492412002,6.65326682636191e-11,0.0100814584672647,0.11666909792554,1.00299582035642
6,23,"constrained",0.296714285714286,2.37329872991003,0.296714285714286,19.6841166547626,1.09226599986911e-09,0.00887246945383055,0.127347910669329,1.00455145513368
6,24,"standard",0.296714285714286,2.14640780451983,0.102559020274887,17.1614690206724,6.4366512120273e-11,0.0100056347556422,0.104782500776568,0.996039125341287
6,24,"constrained",0.296714285714286,2.36838291262923,0.296714285714286,18.7657597620838,1.73554276505783e-09,0.00883988654396542,0.114965412033958,0.997759482153736
6,25,"standard",0.296714285714286,2.13535905546666,0.0980095547662103,16.4368866179802,6.56428245093821e-11,0.00996559882291983,0.0941406281036103,0.998332211837784
6,25,"constrained",0.296714285714286,2.35613108606913,0.296714285714286,17.8726673381577,9.76204006519765e-10,0.00884691277458544,0.102803508175385,1.00047848768223
7,4,"standard",0.301571428571429,1.41545238396396,0.256769793298165,8.491005955087,1.0991207943789e-14,0.0305048274862818,0.939135296983595,2.0258043699191
7,4,"constrained",0.301571428571429,1.50103961465007,0.301571428571429,8.96799470705582,8.99280649946377e-15,0.0247423999863628,0.943985769455156,2.02557062496941
7,5,"standard",0.301571428571429,1.75234450299254,0.241117131096866,11.1602778923368,1.39210865057748e-12,0.019125919058267,0.762203960288818,1.89913418059096
7,5,"constrained",0.301571428571429,1.87282354975819,0.301571428571429,11.8346678166189,2.31842078868283e-09,0.0134439648680081,0.765414932997746,1.89933944861476
7,6,"standard",0.301571428571429,2.22189533267737,0.207292930838636,16.1622446050818,4.2684411560856e-11,0.0187909085615938,0.453897070469039,1.66309048372648
7,6,"constrained",0.301571428571429,2.44086792589005,0.301571428571429,17.528906665872,1.49306689234407e-09,0.0120672036364775,0.464258857332389,1.66418530610741
7,7,"standard",0.301571428571429,2.37965167730786,0.190462910481092,19.0641385612322,1.01176511613232e-10,0.0169147225736576,0.368523850323393,1.58101579144052
7,7,"constrained",0.301571428571429,2.62152695877686,0.301571428571429,20.8107036991056,1.96985594502763e-09,0.0108590793331443,0.380035242854404,1.58217223176301
7,8,"standard",0.301571428571429,2.50612386789549,0.169946633430341,20.4722328619134,1.53351109588584e-10,0.015164048841935,0.25796131881381,1.47209349453747
7,8,"constrained",0.301571428571429,2.80220827894228,0.301571428571429,22.6195695185449,1.10633296968032e-09,0.00907985450802286,0.272337637307111,1.4734195399927
7,9,"standard",0.301571428571429,2.56142014635984,0.161392332324881,21.1212614959454,2.33301933327823e-10,0.012581136364995,0.22486398598156,1.39525310796708
7,9,"constrained",0.301571428571429,2.86653573828807,0.301571428571429,23.3234568426562,9.51945577920554e-10,0.00785589311501791,0.241131315461934,1.39657181947077
7,10,"standard",0.301571428571429,2.64243264726718,0.145603248872622,22.8995822381244,3.91336629768091e-10,0.0117005949205138,0.166655216808254,1.32651344335666
7,10,"constrained",0.301571428571429,2.97708527856324,0.301571428571429,25.5288027513584,1.07013969907754e-09,0.00737934369387779,0.184442971403894,1.32763055829447
7,11,"standard",0.301571428571429,2.65295168821868,0.134941651729664,24.5994060739728,4.03861832865005e-10,0.0110594660506631,0.1894109744038,1.30079724312775
7,11,"constrained",0.301571428571429,2.99194895849258,0.301571428571429,27.6417967351659,1.3168176549172e-09,0.00746328769624026,0.207725976942931,1.30207348308831
7,12,"standard",0.301571428571429,2.69326693665165,0.126396911164276,26.199896056749,3.93082566496616e-10,0.0114138807569119,0.16267604216829,1.26108365583677
7,12,"constrained",0.301571428571429,3.06497726216668,0.301571428571429,29.7737817983135,1.06983977232744e-09,0.0079319390713143,0.180631473212201,1.26303610075299
7,13,"standard",0.301571428571429,2.69819143922509,0.124466032840895,26.7474942080711,3.94458132824127e-10,0.0108051604204463,0.151679632123058,1.2148564124012
7,13,"constrained",0.301571428571429,3.07461835468686,0.301571428571429,30.5090136251591,1.52856094448595e-09,0.00767027882891089,0.168911541624686,1.21731595697656
7,14,"standard",0.301571428571429,2.6983130502665,0.121694969897467,27.1961058690228,3.9239744786812e-10,0.0109610153571224,0.138059589663277,1.15751308431671
7,14,"constrained",0.301571428571429,3.08060582116498,0.301571428571429,31.2264113265189,1.16418030771115e-09,0.00816850150968826,0.153228626278215,1.16004345604358
7,15,"standard",0.301571428571429,2.6677767465751,0.11648254315604,25.8009357059012,4.36490621424923e-10,0.0117650777565779,0.117876031502326,1.11631260166046
7,15,"constrained",0.301571428571429,3.04577764673689,0.301571428571429,29.3666615166089,1.27268040550632e-09,0.00897414389811645,0.128904840815805,1.11773844362865
7,16,"standard",0.301571428571429,2.65732068339544,0.111786732429009,25.4440096679986,4.47337722420116e-10,0.0110786402683117,0.123889766116953,1.08972726204171
7,16,"constrained",0.301571428571429,3.03171491139873,0.301571428571429,28.8849913366305,1.49356288448033e-09,0.00877509679379752,0.135443357265855,1.09129454408703
7,17,"standard",0.301571428571429,2.64694168116153,0.107769826899687,26.1184270397186,4.79535078312665e-10,0.0104919312429393,0.1157790074312,1.06922697990885
7,17,"constrained",0.301571428571429,3.01371230778349,0.301571428571429,29.7003791523232,1.96256472184686e-09,0.00844970729017198,0.128229701553475,1.07062161111864
7,18,"standard",0.301571428571429,2.64961964658961,0.103288894225705,26.8968170628169,4.8262993601611e-10,0.0100667344545286,0.10595814980364,1.05303420491142
7,18,"constrained",0.301571428571429,3.0188666006628,0.301571428571429,30.7012320360844,1.18465653953237e-09,0.00825096965680494,0.117971599468254,1.05439170550871
7,19,"standard",0.301571428571429,2.66090622984552,0.10654977169465,27.5179140051878,4.81231610116595e-10,0.00962727012854997,0.0981323904960041,1.03743010406948
7,19,"constrained",0.301571428571429,3.03483713497386,0.301571428571429,31.4377558966643,1.7908604044159e-09,0.00794746956255713,0.111032061748267,1.03914458826026
7,20,"standard",0.301571428571429,2.64795046180535,0.100209282249171,24.7505035059145,4.50316117728278e-10,0.0101505124353472,0.0770584791746431,1.02262654968968
7,20,"constrained",0.301571428571429,3.04044020868315,0.301571428571429,28.244394822242,1.08414671684542e-09,0.00840260507597962,0.0897756443220334,1.02507963324275
7,21,"standard",0.301571428571429,2.65508358545218,0.0913185774563237,26.3402593907192,4.48344805725753e-10,0.0105267212774985,0.0645047453835055,1.01332142287297
7,21,"constrained",0.301571428571429,3.0649127685544,0.301571428571429,30.2110153738415,9.2559188091812e-10,0.00884183291170426,0.0765698260972467,1.01585167883564
7,22,"standard",0.301571428571429,2.60659409760999,0.0865823887885412,24.6360563086769,4.38691638571242e-10,0.0110925231101886,0.0502442234207932,1.00201195699662
7,22,"constrained",0.301571428571429,3.00406455438529,0.301571428571429,28.0332251408654,1.38555827922104e-09,0.00938925282193482,0.0600970124475229,1.00419556938154
7,23,"standard",0.301571428571429,2.61901440599156,0.0877838393473139,25.3939985172783,4.98197150200497e-10,0.0107193168819525,0.0551848004405144,0.998441487277931
7,23,"constrained",0.301571428571429,3.01815433487677,0.301571428571429,28.8467638552575,1.04359687558286e-09,0.00916929170130219,0.0646106194899883,1.00054377442432
7,24,"standard",0.301571428571429,2.6253051302246,0.0840802235704831,24.3279560191418,4.8476334058023e-10,0.0108921137252455,0.0467028661827111,0.993893176594368
7,24,"constrained",0.301571428571429,3.03504795724277,0.301571428571429,27.5428505796656,1.96767296900546e-09,0.00936731356870497,0.0565306884596719,0.996130029498795
7,25,"standard",0.301571428571429,2.63672592059121,0.0886123159975774,25.3507518723458,4.87496931711462e-10,0.0107861167820659,0.0471674303279066,0.993128230187675
7,25,"constrained",0.301571428571429,3.05514679406848,0.301571428571429,28.9034221796602,1.16474890843321e-09,0.00937790722180553,0.0575294658241967,0.995601850758815
8,4,"standard",0.296285714285714,1.28267120397617,0.283948430495308,7.14950560428055,8.54871728961371e-15,0.0196486175733408,1.03905235469403,2.08090466503028
8,4,"constrained",0.296285714285714,1.30068105389287,0.296285714285714,7.23912155386461,1.63202784619898e-14,0.018103718867841,1.04045843668145,2.08087524311368
8,5,"standard",0.296285714285714,1.60979656371423,0.257622009597061,10.0065517336192,5.89639448378421e-13,0.0152657949316045,0.837087122275391,1.92717290559566
8,5,"constrained",0.296285714285714,1.67180761621626,0.296285714285714,10.3503078050084,1.87296600451248e-09,0.0118192536179169,0.837838067980599,1.92726039766534
8,6,"standard",0.296285714285714,1.94490034710859,0.225337152703142,13.6144381013865,1.3288370404041e-11,0.0156825758276193,0.52986907266065,1.67640165468179
8,6,"constrained",0.296285714285714,2.06752070464599,0.296285714285714,14.3715636183355,1.91159776896654e-09,0.0110098488775601,0.532492139014651,1.67665046296703
8,7,"standard",0.296285714285714,2.0776236706384,0.212444361397417,15.2801028829574,7.94563304040707e-11,0.0116573221239757,0.44138625982759,1.58350876696987
8,7,"constrained",0.296285714285714,2.20290059800646,0.296285714285714,16.1015015963672,1.35005628898455e-09,0.00793362908188073,0.44599693655054,1.58364131555132
8,8,"standard",0.296285714285714,2.22595905643034,0.18363770944508,16.7669634129608,1.87756477032508e-10,0.0115290191112249,0.325870747927092,1.47697027116596
8,8,"constrained",0.296285714285714,2.37868043064401,0.296285714285714,17.7733821145668,1.5696175470481e-09,0.00817709135587794,0.331409113189204,1.47730747782928
8,9,"standard",0.296285714285714,2.30195640545395,0.165578531023296,18.034508679393,2.86122903148112e-10,0.0101430806648593,0.249245299333878,1.38507864970457
8,9,"constrained",0.296285714285714,2.47265226765087,0.296285714285714,19.2255113950614,1.0325033050762e-09,0.00721940581775358,0.254851097240821,1.38530824111151
8,10,"standard",0.296285714285714,2.3363055587913,0.158028821523995,18.6363549758883,3.39092864898305e-10,0.0087164133781773,0.21158486594693,1.3171382911521
8,10,"constrained",0.296285714285714,2.5149306566586,0.296285714285714,19.9093330372409,2.00910477143879e-09,0.00663238078715503,0.217982718045556,1.31709512908953
8,11,"standard",0.296285714285714,2.35622936292234,0.150906970753192,19.458729539629,3.74764996813326e-10,0.00790550982816692,0.220785444466894,1.28371704321704
8,11,"constrained",0.296285714285714,2.5391616187963,0.296285714285714,20.8182885000185,1.32538119368419e-09,0.00618356195085736,0.226468863390658,1.28365237365245
8,12,"standard",0.296285714285714,2.35981823234249,0.146080660889942,20.0972423176626,3.80559250778845e-10,0.00819305541344794,0.200435923962232,1.24597421776322
8,12,"constrained",0.296285714285714,2.54263452353593,0.296285714285714,21.5335372061169,1.6673078473417e-09,0.00668801098728256,0.206096086259937,1.24637680906101
8,13,"standard",0.296285714285714,2.36466973984201,0.142106531093066,20.7927425736711,4.01491173640522e-10,0.00800097888141824,0.177289175866239,1.20780455799884
8,13,"constrained",0.296285714285714,2.54899356394688,0.296285714285714,22.3402709749079,1.02253200351399e-09,0.00657479024154095,0.182647797836867,1.20854854557089
8,14,"standard",0.296285714285714,2.40347986677671,0.132855137228399,21.783143689049,4.52226145419843e-10,0.00838231395737805,0.140658600556101,1.15518562007097
8,14,"constrained",0.296285714285714,2.601574693432,0.296285714285714,23.524157617761,1.30183536173334e-09,0.00693246079038926,0.146152338493813,1.15664296004862
8,15,"standard",0.296285714285714,2.42023240941316,0.129350327409175,22.42231274053,4.47162196159923e-10,0.00846063152301763,0.126014047810764,1.11963036254818
8,15,"constrained",0.296285714285714,2.62926330706819,0.296285714285714,24.3462297762551,1.48042783587599e-09,0.00706477048568121,0.130200272618982,1.12137163544176
8,16,"standard",0.296285714285714,2.47022838657015,0.122555339071888,24.3353805515682,6.87915835406727e-10,0.00840456681692016,0.10338033034302,1.09296993072071
8,16,"constrained",0.296285714285714,2.69119721309525,0.296285714285714,26.6063555693067,1.61419411170982e-09,0.00714487238471199,0.108809256054443,1.09505363077158
8,17,"standard",0.296285714285714,2.46105986190675,0.114140208471937,24.0033906745409,6.81618206321843e-10,0.0083126068312071,0.117165587571967,1.06954781180914
8,17,"constrained",0.296285714285714,2.68320846335701,0.296285714285714,26.2567942038908,2.14808398846245e-09,0.00727187962185838,0.123097332425257,1.07119476242539
8,18,"standard",0.296285714285714,2.49329318816178,0.103169415559544,25.914259684557,6.9104844069301e-10,0.00864026190730146,0.0907108599963733,1.05332762045427
8,18,"constrained",0.296285714285714,2.73764113192456,0.296285714285714,28.6789335250868,1.30729493896808e-09,0.00762430759251876,0.0944679418896754,1.05551046027901
8,19,"standard",0.296285714285714,2.49438152392653,0.108417354454083,24.2934930550252,7.56159024284386e-10,0.00821579331967962,0.0827644748067593,1.03745963535678
8,19,"constrained",0.296285714285714,2.73560446056612,0.296285714285714,26.7963642783676,1.93863936015504e-09,0.00728349330026697,0.0871821870360696,1.03968596604242
8,20,"standard",0.296285714285714,2.49676173435677,0.108712559207591,24.3924863033295,7.71271602140189e-10,0.00824503319201247,0.0829993651530501,1.02914966482208
8,20,"constrained",0.296285714285714,2.73770598497704,0.296285714285714,26.875710713082,1.86616172515031e-09,0.00740976904517883,0.087313484327268,1.03185429426731
8,21,"standard",0.296285714285714,2.51061119630206,0.100771782869295,26.1804306005897,7.93070831228704e-10,0.00806250151225018,0.0708116546092521,1.02187852814416
8,21,"constrained",0.296285714285714,2.7580952420429,0.296285714285714,29.0572986682221,9.82974313057383e-10,0.00720713364596744,0.0742225553908096,1.02509514468214
8,22,"standard",0.296285714285714,2.51641979053391,0.100341947320122,26.3567961762482,8.20236323306744e-10,0.00781713354913003,0.0691054758255394,1.01301700071327
8,22,"constrained",0.296285714285714,2.76445838152528,0.296285714285714,29.2298186509094,1.21518606288618e-09,0.00704170676437161,0.0727413753750881,1.01591769418445
8,23,"standard",0.296285714285714,2.50404005637486,0.09769241224476,25.7643817542292,8.88918161301433e-10,0.00808567903703663,0.0688593506984478,1.01220761477483
8,23,"constrained",0.296285714285714,2.75205631414219,0.296285714285714,28.5117222944157,1.66293845360599e-09,0.00733328896701832,0.0730953831477485,1.01534490448679
8,24,"standard",0.296285714285714,2.50964900975247,0.0985098969376119,26.2420856161002,9.26044019244898e-10,0.00807107830940312,0.0654263562046147,1.00757602926355
8,24,"constrained",0.296285714285714,2.7587300262027,0.296285714285714,29.0262090070653,1.21608179082244e-09,0.00739454478059045,0.0698750713102694,1.01049486169789
8,25,"standard",0.296285714285714,2.52814332991998,0.0960743462201271,26.8791894634854,9.91178472631304e-10,0.00806809341155872,0.060959617984607,1.00591891927162
8,25,"constrained",0.296285714285714,2.78097654812457,0.296285714285714,29.7432521605804,1.52990381474538e-09,0.00747933957127468,0.0653175074753447,1.00878488615314
9,4,"standard",0.293857142857143,1.42548726000995,0.283647220169398,7.74962412664685,6.38378239159465e-15,0.0158814388973868,0.928869896660786,2.03415614208028
9,4,"constrained",0.293857142857143,1.44265986829624,0.293857142857143,7.8322570064278,5.08482145278322e-14,0.0145288328253566,0.930503756945848,2.03423587189723
9,5,"standard",0.293857142857143,1.90963667962014,0.245694225061467,12.0285095055172,9.5643493125408e-12,0.0157752628605044,0.699698595227302,1.88479350706768
9,5,"constrained",0.293857142857143,2.01167180901702,0.293857142857143,12.579687759591,1.28689797707082e-09,0.0112985862093647,0.703783378859275,1.88532290433258
9,6,"standard",0.293857142857143,2.18987695566415,0.22537877423255,15.0225494805411,2.10814032897133e-10,0.0127566201331563,0.457243989722087,1.6552704756061
9,6,"constrained",0.293857142857143,2.32854542349324,0.293857142857143,15.8434313774178,1.82647319491025e-09,0.00850916569029636,0.465192868278761,1.65564876381647
9,7,"standard",0.293857142857143,2.28873523617019,0.201065480755404,18.3752377187492,2.83629453257106e-10,0.0148306961573127,0.354358550188969,1.56814816195479
9,7,"constrained",0.293857142857143,2.44454425534947,0.293857142857143,19.6293979056242,1.9959565666916e-09,0.0103826328430961,0.364312893910355,1.56866903642015
9,8,"standard",0.293857142857143,2.35400925136643,0.182764859373233,19.3201294980369,4.03960975781104e-10,0.0130032031390762,0.275748945600928,1.47053529818397
9,8,"constrained",0.293857142857143,2.52943682376915,0.293857142857143,20.7754354813643,1.33342709096596e-09,0.00859292692727586,0.287999002187362,1.47082480762071
9,9,"standard",0.293857142857143,2.37296024048452,0.164294570347618,20.8524649005717,3.83184817209781e-10,0.0124078302889233,0.203504946494839,1.38597920889884
9,9,"constrained",0.293857142857143,2.56059865953102,0.293857142857143,22.6486882424627,2.04429290162622e-09,0.00850237159372442,0.21635317924125,1.38630783802502
9,10,"standard",0.293857142857143,2.41239778051819,0.153542878191943,21.9370408929817,4.95181784465615e-10,0.0110282649462579,0.159481555750949,1.31849431964985
9,10,"constrained",0.293857142857143,2.61444956840208,0.293857142857143,23.9937510729899,1.4579489282518e-09,0.00744237998943646,0.173291900385681,1.31879897613419
9,11,"standard",0.293857142857143,2.41261592443992,0.153423089264022,21.9583240010483,4.95127383537408e-10,0.0099961045461975,0.158800951905549,1.28327969208891
9,11,"constrained",0.293857142857143,2.61473321079341,0.293857142857143,24.0162191238215,1.58541740846729e-09,0.00689989507931177,0.172664740099254,1.28385820032657
9,12,"standard",0.293857142857143,2.43674509138359,0.146548612328163,22.9348292391111,6.15882567167603e-10,0.00947679231890955,0.134465975895046,1.24513996092181
9,12,"constrained",0.293857142857143,2.64452089048574,0.293857142857143,25.1737967587597,1.66154934255758e-09,0.00661649223994557,0.148777324813775,1.24579550025351
9,13,"standard",0.293857142857143,2.41605092579738,0.136162341791756,20.4551329374496,5.68792013488917e-10,0.0103315796296481,0.0981363514776854,1.19701492792219
9,13,"constrained",0.293857142857143,2.62729873982793,0.293857142857143,22.2598046528292,1.62319141461253e-09,0.00760919967447084,0.112769783929516,1.19762448703471
9,14,"standard",0.293857142857143,2.43010043591229,0.128743802441466,21.9330626032385,5.8513949241501e-10,0.00979443168964983,0.113368171672763,1.15136203813326
9,14,"constrained",0.293857142857143,2.64831385629282,0.293857142857143,24.0700194123296,9.14191000678244e-10,0.00758683192853228,0.127843552667196,1.15197072455088
9,15,"standard",0.293857142857143,2.43396038525708,0.127439337633396,22.1555173097364,6.19117646039058e-10,0.0096395763980729,0.105468401071764,1.11726358295138
9,15,"constrained",0.293857142857143,2.65344514917885,0.293857142857143,24.344147753586,1.64386693146668e-09,0.00765766342116481,0.119801449574281,1.11805316929663
9,16,"standard",0.293857142857143,2.45050934244843,0.124723691545715,22.7030036646196,7.31086746696974e-10,0.00923330585515105,0.0917507855812572,1.08862860631156
9,16,"constrained",0.293857142857143,2.67197427224921,0.293857142857143,24.9434940395463,1.50308721025283e-09,0.00757916384384524,0.106403637659671,1.08957513674869
9,17,"standard",0.293857142857143,2.44747663074429,0.120906559601927,22.3771933657282,7.23331283758455e-10,0.00894416074084274,0.100564923923945,1.06703260668914
9,17,"constrained",0.293857142857143,2.66836345778227,0.293857142857143,24.561567420018,1.01483998982133e-09,0.00752046459188245,0.115467220125705,1.06817593554438
9,18,"standard",0.293857142857143,2.44206240097307,0.114830698460149,23.2564047032011,7.3480022066974e-10,0.0089980692872565,0.0862068733732606,1.04703323440381
9,18,"constrained",0.293857142857143,2.66798495305706,0.293857142857143,25.775417926687,1.65288144282627e-09,0.00765119560794985,0.0997108882087838,1.04788366921766
9,19,"standard",0.293857142857143,2.45765627694245,0.105569016340589,21.2651861500904,7.07445435566001e-10,0.00909561474804741,0.0722818304940249,1.03345919694364
9,19,"constrained",0.293857142857143,2.69488881465379,0.293857142857143,23.4702327675878,1.22602566987595e-09,0.00774256599735773,0.0866354717490196,1.03495332986185
9,20,"standard",0.293857142857143,2.49173995174056,0.0985124418784944,23.2394254427062,7.49169060121346e-10,0.00938487799124735,0.0544281689979789,1.01778684800863
9,20,"constrained",0.293857142857143,2.74672103782095,0.293857142857143,25.8624752492207,1.23667315277132e-09,0.00794369007387674,0.0693361434619435,1.01917331913242
9,21,"standard",0.293857142857143,2.46289068756258,0.089218954804394,20.8000908298181,7.43038741646274e-10,0.00986777443370757,0.0402780927777586,1.00770806189282
9,21,"constrained",0.293857142857143,2.72322912455653,0.293857142857143,22.8329313232288,8.92091400750417e-10,0.008462615686251,0.0556474620596807,1.00895672264683
9,22,"standard",0.293857142857143,2.49065566368523,0.0832896456109259,23.175906063706,7.32641836087566e-10,0.00980685145424093,0.0464514372196305,1.00070318230973
9,22,"constrained",0.293857142857143,2.77580893777909,0.293857142857143,25.9575957425552,1.11893216914183e-09,0.00850350344554088,0.061828482660923,1.00169957108584
9,23,"standard",0.293857142857143,2.49598616757847,0.0878003232427598,23.8794490601243,7.36649297117253e-10,0.00970914959565875,0.0424232601038792,0.995225868062463
9,23,"constrained",0.293857142857143,2.78888043403373,0.293857142857143,26.9566802383281,1.14017850716408e-09,0.00853408352056906,0.0571736991472767,0.996126295971084
9,24,"standard",0.293857142857143,2.51094878934544,0.0843749803974447,24.9782719296774,7.21579573870201e-10,0.00957038724804318,0.0325223496002538,0.991190541907358
9,24,"constrained",0.293857142857143,2.81429881834157,0.293857142857143,28.3552411913306,1.03605368728665e-09,0.00845763448969838,0.0462744084579931,0.991983294728831
9,25,"standard",0.293857142857143,2.51039563162603,0.0833422481115905,24.5697879289932,8.08248135086842e-10,0.00949622297211634,0.0314216220294261,0.988964277515812
9,25,"constrained",0.293857142857143,2.81219378427442,0.293857142857143,27.8935722331136,9.14930742279552e-10,0.00850114160283887,0.0453401676267804,0.98975217212725
10,4,"standard",0.309285714285714,1.25341899935346,0.281293453289123,7.34539336688925,7.88258347483861e-15,0.0234775552871014,0.883839084340056,2.03099103227762
10,4,"constrained",0.309285714285714,1.29671018594525,0.309285714285714,7.57985435442229,4.44089209850063e-15,0.0198997232628893,0.889821620994497,2.03112514088679
10,5,"standard",0.309285714285714,1.55912148946025,0.254516749395086,10.1041159827735,5.11812814352197e-14,0.0185973521425151,0.691553283109483,1.89282950703505
10,5,"constrained",0.309285714285714,1.65709882639681,0.309285714285714,10.6692777375657,2.09615724777734e-09,0.0135745413832877,0.697452535611716,1.89331224084845
10,6,"standard",0.309285714285714,1.70757813054951,0.22953563005043,12.6927624576084,3.04423153352218e-13,0.0194533066417034,0.501294196730733,1.70365469210445
10,6,"constrained",0.309285714285714,1.83388721332594,0.309285714285714,13.6089129185975,1.87594439982064e-09,0.0144062127866126,0.514026951962872,1.70454004547414
10,7,"standard",0.309285714285714,1.82483895646707,0.217452201435541,14.0291285342283,1.86883841735153e-12,0.0147432863687139,0.41988480577959,1.6197260340416
10,7,"constrained",0.309285714285714,1.95719930891206,0.309285714285714,14.9994163833899,1.35101785314617e-09,0.0112720306963857,0.433311047331959,1.62072351150643
10,8,"standard",0.309285714285714,1.85330145135651,0.196227742492713,14.8813841578196,2.11664019644786e-12,0.01444713082835,0.346697762650876,1.52290915346358
10,8,"constrained",0.309285714285714,2.0020623145689,0.309285714285714,16.0838225417725,2.09082506863467e-09,0.0112082662834175,0.360964645635659,1.5239146921581
10,9,"standard",0.309285714285714,1.94263941792728,0.17042081462084,16.5101667704686,2.7778890299146e-12,0.0137908827166426,0.256813114090302,1.43059359488658
10,9,"constrained",0.309285714285714,2.13345554896806,0.309285714285714,18.1741598312116,1.94803895237072e-09,0.0101167440411717,0.273685816352563,1.43187585308349
10,10,"standard",0.309285714285714,2.0229805814741,0.153140070619185,17.9455623711274,4.21351842305739e-12,0.0122036058640857,0.186023134074919,1.35946988789094
10,10,"constrained",0.309285714285714,2.24290920146962,0.309285714285714,19.959221920543,1.1287975554275e-09,0.00910077716938318,0.204667202745894,1.36053097573562
10,11,"standard",0.309285714285714,2.0372586869888,0.146612890608064,18.6897950345746,5.53079804177514e-12,0.0118828961121002,0.203606208108244,1.31981114938121
10,11,"constrained",0.309285714285714,2.25591635616079,0.309285714285714,20.7203362818747,1.54931872886621e-09,0.00930890675458649,0.22007033799061,1.32063590317431
10,12,"standard",0.309285714285714,2.03037030086006,0.140641021070482,18.1104725940673,5.42410560910866e-12,0.0113334141833489,0.18662330260572,1.28111520580645
10,12,"constrained",0.309285714285714,2.24990298995718,0.309285714285714,20.2944935405011,9.42139477544401e-10,0.00897368576795881,0.203567239515818,1.28226921706298
10,13,"standard",0.309285714285714,2.03957753054882,0.134397698932035,18.3114181413637,5.81890091666537e-12,0.0110133971332095,0.15983884939937,1.22701720734891
10,13,"constrained",0.309285714285714,2.26339621352794,0.309285714285714,20.2255860503359,1.78717407539608e-09,0.00872698593379344,0.176217908471632,1.22786097757337
10,14,"standard",0.309285714285714,2.059786035825,0.129910413597639,18.8447155464223,6.7585936847081e-12,0.0103686364649182,0.139125179288248,1.17427177165636
10,14,"constrained",0.309285714285714,2.28755836404791,0.309285714285714,20.8198533124126,9.64703761319186e-10,0.00840209678763429,0.156785316558808,1.17519853502297
10,15,"standard",0.309285714285714,2.08148116011699,0.127038804373536,19.5390802279708,7.40918437713844e-12,0.00993429179330524,0.124097754911121,1.14276375836015
10,15,"constrained",0.309285714285714,2.31786882494182,0.309285714285714,21.6504327471569,1.4707735029873e-09,0.0080001168938557,0.142240725117377,1.1440821285336
10,16,"standard",0.309285714285714,2.07732002595175,0.125686496142961,19.117944370237,7.83806353155114e-12,0.00983906087873334,0.11705954815264,1.10961317968191
10,16,"constrained",0.309285714285714,2.31340902216111,0.309285714285714,21.0852805117721,1.03297292941562e-09,0.00798055680552778,0.134085982319217,1.11074098894452
10,17,"standard",0.309285714285714,2.08053630936598,0.123606222347579,19.3974080306772,7.84428078048904e-12,0.00936576973619811,0.112454556857654,1.08627404827886
10,17,"constrained",0.309285714285714,2.31886904927913,0.309285714285714,21.4435450973933,1.87206272705964e-09,0.00767366079821726,0.129559363553334,1.08721506717643
10,18,"standard",0.309285714285714,2.10934247595752,0.11473605476499,20.7041521378428,8.57136583931606e-12,0.00922013169734876,0.0921614354878315,1.06935570288023
10,18,"constrained",0.309285714285714,2.36086368748296,0.309285714285714,23.1034804945641,1.79682896339628e-09,0.00765032034182888,0.108746229988204,1.07076670556637
10,19,"standard",0.309285714285714,2.12199975550024,0.107324502586436,21.7989279829718,8.66007265898361e-12,0.00915225718495406,0.072499412933098,1.04970949075196
10,19,"constrained",0.309285714285714,2.38705480353667,0.309285714285714,24.6139885066166,1.64275898439925e-09,0.00760576031424706,0.0877618839024858,1.05122497220077
10,20,"standard",0.309285714285714,2.12000826339435,0.106963480030987,21.6436932394069,9.14901487902853e-12,0.00908615274469031,0.071544149175792,1.03584209928541
10,20,"constrained",0.309285714285714,2.3840688245348,0.309285714285714,24.3797669676266,1.97622956887855e-09,0.00766850411307236,0.0865799654539998,1.0371803476294
10,21,"standard",0.309285714285714,2.12080816101107,0.105935108005644,21.8377744059619,9.1541219049418e-12,0.00897441796216647,0.0730975916103951,1.02885502796179
10,21,"constrained",0.309285714285714,2.38545750021656,0.309285714285714,24.6308675616933,1.12193826451445e-09,0.00768502779824732,0.0882329256130374,1.03019562902566
10,22,"standard",0.309285714285714,2.14397056948501,0.107902521391359,23.1035863488051,1.21161969346417e-11,0.00870688836035614,0.0600073128695806,1.01930199409183
10,22,"constrained",0.309285714285714,2.40916883983436,0.309285714285714,26.0768723994471,1.69588909582075e-09,0.00753277098246787,0.0755529011891598,1.02091388180523
10,23,"standard",0.309285714285714,2.14971310950616,0.107124107853808,23.3102219463873,1.29771748902385e-11,0.00859390857038194,0.0589389569262302,1.01716076623964
10,23,"constrained",0.309285714285714,2.41695942200369,0.309285714285714,26.3053795057079,1.71842989837856e-09,0.00756025228554669,0.0746430979018475,1.01880403876105
10,24,"standard",0.309285714285714,2.15020684576996,0.106156742269774,23.5956113468923,1.29641852808504e-11,0.00852170993415362,0.0568019070941146,1.01315205518417
10,24,"constrained",0.309285714285714,2.4189080559559,0.309285714285714,26.6974932365121,1.25593457855899e-09,0.00755723048216539,0.0723504870459388,1.0150213302612
10,25,"standard",0.309285714285714,2.23649458989457,0.101465661700071,25.5654772411894,2.04424255301205e-11,0.00833113539105187,0.0523627585683055,1.01281201321377
10,25,"constrained",0.309285714285714,2.52763407253393,0.309285714285714,28.9067862187903,1.598386312196e-09,0.00753441779359175,0.0676669452907346,1.01484416459328
11,4,"standard",0.298714285714286,1.20567403258695,0.290228694172222,6.72080406819589,1.0325074129014e-14,0.0183126993060443,0.842691364516873,1.98097410373816
11,4,"constrained",0.298714285714286,1.2170327854919,0.298714285714286,6.77687920027834,2.77555756156289e-15,0.0172610906676416,0.843280849509974,1.9809024561159
11,5,"standard",0.298714285714286,1.45809055930774,0.257412782629197,9.3830903982191,2.30926389122033e-14,0.0183467384912294,0.674720759620334,1.85954342733945
11,5,"constrained",0.298714285714286,1.5162118265147,0.298714285714286,9.72894433580731,1.04027159109066e-09,0.0148587508222664,0.673553001806427,1.86008153614028
11,6,"standard",0.298714285714286,1.58726743341628,0.239545307243326,11.1260533284876,2.74780198594726e-13,0.015284734222392,0.477028166816185,1.65314608946785
11,6,"constrained",0.298714285714286,1.66188260399243,0.298714285714286,11.6350298871193,1.90280974310397e-09,0.0117271748679297,0.478856939451337,1.65392537982706
11,7,"standard",0.298714285714286,1.71115397607905,0.221477619145743,12.7987229623099,1.93978166862507e-12,0.0132821377143267,0.381652805472512,1.56584124085784
11,7,"constrained",0.298714285714286,1.79209638307287,0.298714285714286,13.3946516706842,1.62142999027282e-09,0.0106353106939388,0.384002563844789,1.56648150671576
11,8,"standard",0.298714285714286,1.8428045674047,0.191551765563761,14.1784468846399,4.55890880601828e-12,0.0127887977396319,0.225809063419621,1.45580574630108
11,8,"constrained",0.298714285714286,1.95156499963048,0.298714285714286,14.9832261936844,8.25397195036714e-10,0.00966776556282536,0.226918459180665,1.45645419378139
11,9,"standard",0.298714285714286,1.86492657817115,0.174524156318463,15.1332501402538,4.70790073592298e-12,0.0122511286357154,0.17271561386455,1.38008475530061
11,9,"constrained",0.298714285714286,1.98178450639637,0.298714285714286,16.107268976523,1.51773449363901e-09,0.00925341755468525,0.174262573373023,1.38104706594881
11,10,"standard",0.298714285714286,1.88402066928464,0.168663397098488,15.4751784598547,6.77591316389226e-12,0.0106686510145821,0.147292305112328,1.31151123444062
11,10,"constrained",0.298714285714286,2.00232304819633,0.298714285714286,16.4761973998449,1.33457322970543e-09,0.0086806063849907,0.150416262922545,1.3123057456599
11,11,"standard",0.298714285714286,1.89233575647429,0.164005064291368,15.8793135020237,7.46691597441895e-12,0.0101499460451206,0.154491858505414,1.27561528394705
11,11,"constrained",0.298714285714286,2.01051830931682,0.298714285714286,16.8727749685122,1.79538556244196e-09,0.00847632431203186,0.156820597820207,1.27652565256081
11,12,"standard",0.298714285714286,1.9118458029388,0.159817024763281,16.3043666989178,9.90041382209483e-12,0.00906964919655555,0.134653557124587,1.2366005458674
11,12,"constrained",0.298714285714286,2.03025183008529,0.298714285714286,17.3109975472904,1.32908128946951e-09,0.00799289463686707,0.138367021410684,1.23735320614684
11,13,"standard",0.298714285714286,1.94237635436294,0.155149988059915,17.088434243228,1.09532383163469e-11,0.00890284806442622,0.109999481150304,1.18983116328711
11,13,"constrained",0.298714285714286,2.06922426719167,0.298714285714286,18.2050864733727,1.4830887073991e-09,0.0078787282165377,0.113557656409263,1.19075796340712
11,14,"standard",0.298714285714286,1.94179885191239,0.153945690894732,16.8323779581434,1.10038644862698e-11,0.00848433648399379,0.10601172459586,1.13873164832065
11,14,"constrained",0.298714285714286,2.06857564735053,0.298714285714286,17.9039716985056,1.88186788374622e-09,0.00760611929311017,0.109437386378507,1.13960353955176
11,15,"standard",0.298714285714286,1.95347219340355,0.146268155515017,17.9186101853896,1.03561603737035e-11,0.00865490800965252,0.0806012655006763,1.10908951314778
11,15,"constrained",0.298714285714286,2.08889671165429,0.298714285714286,19.2144698074354,1.59234231356109e-09,0.00765075666821139,0.0837610193310176,1.11001503855371
11,16,"standard",0.298714285714286,1.95325464388662,0.145864186993477,18.0185179065664,1.10574882583592e-11,0.00814133576431674,0.0775064821569984,1.07650537141466
11,16,"constrained",0.298714285714286,2.08848955930988,0.298714285714286,19.28451714874,1.30349525617746e-09,0.0072365490350865,0.0817581334446009,1.07727557675221
11,17,"standard",0.298714285714286,1.95187989956967,0.135684727619188,16.6612057154572,1.09391384839341e-11,0.00843980070385793,0.0625075104234751,1.05553062428203
11,17,"constrained",0.298714285714286,2.09180905927158,0.298714285714286,17.7520194111457,1.98832006415017e-09,0.00753579225460614,0.0668294452697014,1.05631976476278
11,18,"standard",0.298714285714286,1.97155701627641,0.125471768672477,17.2727014060901,1.18303145058007e-11,0.0084513448766586,0.0493069836432305,1.04264277478248
11,18,"constrained",0.298714285714286,2.1185250414385,0.298714285714286,18.5309658172683,1.85020654352996e-09,0.00753737960898718,0.0545265279896103,1.04363842959443
11,19,"standard",0.298714285714286,1.9737320482538,0.127008754536798,17.3455398819523,1.48336898320167e-11,0.00805774625026133,0.0483557725327133,1.0306939353776
11,19,"constrained",0.298714285714286,2.12005389072461,0.298714285714286,18.5889643165239,1.90750154560604e-09,0.00728471857678876,0.0538680807037535,1.03183179809139
11,20,"standard",0.298714285714286,1.98510464245472,0.124458657661347,18.0023885591389,1.59936508481451e-11,0.00794262297390006,0.0387008797431472,1.01838350820234
11,20,"constrained",0.298714285714286,2.13270066583328,0.298714285714286,19.3112917693661,1.11171383210262e-09,0.00731708579730527,0.044545727079031,1.01986519668123
11,21,"standard",0.298714285714286,1.99109664618431,0.12646138176671,18.3976953958542,1.78862480382236e-11,0.00764616186241848,0.03501123834286,1.01102555920923
11,21,"constrained",0.298714285714286,2.1392197298619,0.298714285714286,19.7576262561891,1.18742726762378e-09,0.00702616467804551,0.0410672971358874,1.01264223400704
11,22,"standard",0.298714285714286,1.98968901521285,0.122329117652775,18.2267300906964,1.84408044390239e-11,0.00763671834468844,0.038221765355348,1.00371676403696
11,22,"constrained",0.298714285714286,2.13842503643847,0.298714285714286,19.5570650094023,1.25813021112364e-09,0.0070858238645705,0.0445616052373499,1.00538665271542
11,23,"standard",0.298714285714286,2.01052143348134,0.118514020550865,19.046275405891,2.09660067085338e-11,0.00758231902065706,0.034773074179955,1.00213878224492
11,23,"constrained",0.298714285714286,2.16472591000924,0.298714285714286,20.4837812656325,2.00136784922478e-09,0.00708450278878002,0.0417416077080519,1.00402766413458
11,24,"standard",0.298714285714286,2.01401231353981,0.117690176277255,18.5133133112811,2.09434691811339e-11,0.0074606511967348,0.0312331471518155,0.998072278545736
11,24,"constrained",0.298714285714286,2.16910859800231,0.298714285714286,19.8726171043051,1.85570014910041e-09,0.00699904725326627,0.0381232021737441,0.999952461414971
11,25,"standard",0.298714285714286,2.01444413731491,0.11732271038858,18.4844727692849,2.18753903880042e-11,0.007393494189987,0.0314913991853976,0.996235173563985
11,25,"constrained",0.298714285714286,2.16940738249394,0.298714285714286,19.8532772402988,1.86798743140315e-09,0.00697180388311592,0.0382743501748228,0.99813604232984
12,4,"standard",0.287,1.30955863925998,0.266952252863798,7.8039996339412,8.71525074330748e-15,0.027958255610797,0.875699772457597,2.01150589316142
12,4,"constrained",0.287,1.34181041310039,0.287,7.98065259197498,9.82547376793264e-15,0.0254766815051823,0.878076736342648,2.0114212811035
12,5,"standard",0.287,1.63746321665817,0.239078804160842,10.8961448062009,6.7168492989822e-14,0.0225806097853175,0.723543227190673,1.89641391400745
12,5,"constrained",0.287,1.72277481576409,0.287,11.4032596528686,2.39577380156675e-09,0.018323828815261,0.727654501794147,1.89673190449708
12,6,"standard",0.287,1.76735836069375,0.221957252387376,12.9333085101233,3.01203506580805e-13,0.0199698231516461,0.535020388356703,1.67990546730675
12,6,"constrained",0.287,1.87161556168337,0.287,13.6449165530785,1.64002872393709e-09,0.0157011862602746,0.54059379778846,1.68040219940689
12,7,"standard",0.287,1.90652278216242,0.202181227307516,15.0938131423472,1.13531406498169e-12,0.0181449460797374,0.446630667079479,1.59383358610149
12,7,"constrained",0.287,2.02847441551752,0.287,16.0119161704737,1.7056887013922e-09,0.0139609925102707,0.452625173544492,1.59434529542659
12,8,"standard",0.287,2.00607876374548,0.174337465462471,16.6790838341455,1.59028346047307e-12,0.0182382597700022,0.303500753871529,1.47087913502543
12,8,"constrained",0.287,2.16474607183059,0.287,17.9447645829052,1.94448407375702e-09,0.0136929914026563,0.308386862506739,1.47120289805159
12,9,"standard",0.287,2.03159058909158,0.152940335172103,18.2774815639145,1.77313719262884e-12,0.0175575111360741,0.220401693276348,1.38681675413827
12,9,"constrained",0.287,2.20670986522132,0.287,19.9494033740596,1.41745926107717e-09,0.013419614178606,0.225848321177264,1.38744526389539
12,10,"standard",0.287,2.0959186905158,0.139674577647946,19.7227054609151,2.35977903884077e-12,0.0154290431459986,0.161054667190543,1.31911850943392
12,10,"constrained",0.287,2.29508091929747,0.287,21.71011396324,1.18383430836033e-09,0.0120549498423111,0.16786616525884,1.32005017825608
12,11,"standard",0.287,2.10951809280107,0.12314237448987,18.8935674367086,2.25175433854474e-12,0.0137847235955346,0.19054143087289,1.28659513916604
12,11,"constrained",0.287,2.31799881637144,0.287,20.7398418072904,1.34719330135979e-09,0.0110081794201156,0.197663244512301,1.28728008238306
12,12,"standard",0.287,2.14342319574076,0.109202136437383,21.1628351735523,2.28206342711701e-12,0.0138268855377752,0.136830830637215,1.24306509408994
12,12,"constrained",0.287,2.36948428768234,0.287,23.5713570321056,1.69050368148405e-09,0.0109748971209552,0.144374678813803,1.24380452234552
12,13,"standard",0.287,2.18412939415236,0.102774236815651,22.7415896591205,2.54618548467533e-12,0.0127544081427839,0.0975789709742036,1.19189913454491
12,13,"constrained",0.287,2.42572660044073,0.287,25.5012516541218,9.21137444098719e-10,0.0100331564320462,0.105509681751911,1.19276418710421
12,14,"standard",0.287,2.18623218673524,0.101768299071402,22.8618979908161,2.57072141351955e-12,0.0122290247006727,0.0919687065016745,1.14316338047108
12,14,"constrained",0.287,2.42855219242802,0.287,25.6520935930481,1.00418523496515e-09,0.00989596607736281,0.0998049579813491,1.14361409925717
12,15,"standard",0.287,2.18905558155305,0.100391877101454,23.3697177180003,2.66442423679791e-12,0.0120434363921469,0.0731570978602045,1.11159210654363
12,15,"constrained",0.287,2.43283748191882,0.287,26.2962688621536,9.99682892022236e-10,0.00984700249378877,0.0801692446607198,1.11279206547342
12,16,"standard",0.287,2.20796532093908,0.0968961551016956,21.0342356913199,2.80786505157948e-12,0.0117511895683814,0.0489903607276787,1.08153633274901
12,16,"constrained",0.287,2.45618259141037,0.287,23.5179258840074,1.80092712964708e-09,0.00966483200747041,0.05679628474702,1.08290619211216
12,17,"standard",0.287,2.22160780740933,0.0942577609669175,21.342453295113,3.01980662698043e-12,0.0113221613640803,0.0400095853586784,1.05870276237297
12,17,"constrained",0.287,2.47495395413271,0.287,23.9016471413108,1.2849696862105e-09,0.00950579560645868,0.0476433549835136,1.05988292090409
12,18,"standard",0.287,2.18980446429489,0.0941244656386232,19.9809777522988,3.59745566669289e-12,0.0115020100428555,0.02432815403421,1.04090220889371
12,18,"constrained",0.287,2.43973871496101,0.287,22.2124361222246,1.7424712228653e-09,0.00977693662612151,0.0294775654771904,1.04192567548576
12,19,"standard",0.287,2.19064520924435,0.0912631759301231,19.2068487174174,3.84248188822767e-12,0.0112416758162445,0.0156695088142529,1.0253408652209
12,19,"constrained",0.287,2.44275854715592,0.287,21.2858270109896,1.6608805997187e-09,0.00963636249095152,0.0206368904635879,1.02642244877209
12,20,"standard",0.287,2.18564776114695,0.0906299249611177,18.9569577260741,3.93651777841342e-12,0.0111729748411918,0.0139113475095787,1.01406278988266
12,20,"constrained",0.287,2.43628166837635,0.287,20.9625728569196,1.6088278487203e-09,0.00969952921499036,0.0187158023190124,1.01513980964889
12,21,"standard",0.287,2.16725520860649,0.0849015246135396,18.4167679688318,4.35917968388821e-12,0.0110330180971174,0.0178748955402286,1.0072063348266
12,21,"constrained",0.287,2.41532303750448,0.287,20.2908839625349,1.27113652936828e-09,0.0096993793668598,0.0232461653213099,1.00831323006256
12,22,"standard",0.287,2.16777784808292,0.0845218109025113,18.0565579491339,4.29711821681167e-12,0.0108378809666384,0.0171295041449966,0.999320341183924
12,22,"constrained",0.287,2.41594007369429,0.287,19.8825728203954,1.39682698740984e-09,0.00958954709812498,0.0227697342011659,1.00045650854333
12,23,"standard",0.287,2.14842063215584,0.0783799928367999,18.7370977285659,3.91453536252584e-12,0.0110065314719537,0.00284353409168592,0.993414459785683
12,23,"constrained",0.287,2.40464596545606,0.287,20.9603898339182,1.22997673157599e-09,0.00980768873310225,0.00895977421360428,0.994442383822636
12,24,"standard",0.287,2.14883815362238,0.078415014940875,18.7545072194205,4.65016913864247e-12,0.010869521409918,0.0028795908635173,0.991603646874256
12,24,"constrained",0.287,2.40271487087468,0.287,20.8823431895031,1.06486924833504e-09,0.00973609507745328,0.00886129271942959,0.992610866260203
12,25,"standard",0.287,2.17476475439326,0.0819363362855489,20.3191846772376,5.38791233850588e-12,0.0104402642394045,0.0042243719760382,0.991709998412607
12,25,"constrained",0.287,2.43746541017218,0.287,22.7077305182335,1.89652349380509e-09,0.00946952879566761,0.00175699012922514,0.992882846512676
13,4,"standard",0.299571428571429,1.26172486677389,0.277147377803432,7.36356271961061,2.99760216648792e-15,0.0243894525556979,0.884832716272597,2.02804248080874
13,4,"constrained",0.299571428571429,1.29413393684687,0.299571428571429,7.53460449373138,8.65973959207622e-15,0.0217034472139322,0.888208980346219,2.02817147502819
13,5,"standard",0.299571428571429,1.58315663641449,0.244485708491569,10.5007699418892,7.78266340262235e-14,0.0217050649932047,0.721794569779854,1.89092552357149
13,5,"constrained",0.299571428571429,1.67122267419396,0.299571428571429,11.0296210418319,1.80602993671286e-09,0.0170937700198285,0.726095495565001,1.89140166541001
13,6,"standard",0.299571428571429,1.77591893954161,0.226760098202862,12.4553868670879,1.51534340631088e-12,0.0175251076480297,0.508751677170197,1.67395719346305
13,6,"constrained",0.299571428571429,1.885937313041,0.299571428571429,13.1297639348507,1.74895059545932e-09,0.0129896073884975,0.516650845697601,1.67457872983228
13,7,"standard",0.299571428571429,1.81722354295657,0.213891618328321,13.6173904512592,2.27229346450031e-12,0.0154036528226587,0.442403277642799,1.58964138702934
13,7,"constrained",0.299571428571429,1.93162651491014,0.299571428571429,14.4116216130245,1.24238597187798e-09,0.0114365151339147,0.450654266766093,1.59038768109933
13,8,"standard",0.299571428571429,1.89722896487781,0.189171174707544,14.7533291825584,2.82562861997349e-12,0.0154710238244993,0.337831510404727,1.48339356781554
13,8,"constrained",0.299571428571429,2.03653886786302,0.299571428571429,15.7569832285288,1.33736471896739e-09,0.0112800116929911,0.346279552041627,1.48440305595604
13,9,"standard",0.299571428571429,1.9714147400735,0.156211274355408,17.2193154857095,3.27826654711316e-12,0.016482851501608,0.226104096130142,1.39241978246812
13,9,"constrained",0.299571428571429,2.14992957822359,0.299571428571429,18.870788202366,1.40607853138519e-09,0.0118143156505785,0.235927256082181,1.39403038416199
13,10,"standard",0.299571428571429,1.98919690851698,0.141856882346913,18.6475183012607,3.26427773700289e-12,0.0163589036600222,0.177748352984594,1.32073019509456
13,10,"constrained",0.299571428571429,2.18076514137386,0.299571428571429,20.7091435446717,1.68623265350831e-09,0.0118921250681085,0.188519075806776,1.32246177037247
13,11,"standard",0.299571428571429,1.99650115838466,0.134559940645,18.2665029243651,3.32334160191294e-12,0.0144479837522328,0.192640251539562,1.2881959645683
13,11,"constrained",0.299571428571429,2.18951046296366,0.299571428571429,20.2485530072423,1.33559685533413e-09,0.0107929163125011,0.203440294952475,1.29002460344836
13,12,"standard",0.299571428571429,1.96676617006197,0.121854647723607,15.906489712398,3.04323233280002e-12,0.0147572461844683,0.15528742796678,1.24530326297927
13,12,"constrained",0.299571428571429,2.15820072083403,0.299571428571429,17.4516019512566,1.41492623173534e-09,0.0114092235907534,0.164621877104289,1.24692205058889
13,13,"standard",0.299571428571429,1.96718360713725,0.120772290898212,16.1369169225172,3.05655500909552e-12,0.013576409270638,0.147991751270284,1.20131049954602
13,13,"constrained",0.299571428571429,2.15862290290554,0.299571428571429,17.6972946522911,1.04858050020695e-09,0.0105635425238007,0.157979358323439,1.2025248212996
13,14,"standard",0.299571428571429,1.97317923469718,0.117481372705506,15.3327908809071,3.02857738887496e-12,0.0127466792036166,0.131399455490365,1.14391051943119
13,14,"constrained",0.299571428571429,2.16811783356904,0.299571428571429,16.6934656295248,1.28017185740958e-09,0.00988065202508248,0.1398408405597,1.14506986539677
13,15,"standard",0.299571428571429,1.97801707489138,0.110917149123165,15.589611465053,2.78688183641407e-12,0.0130925756509319,0.0885178282727015,1.10859011109507
13,15,"constrained",0.299571428571429,2.18128677489223,0.299571428571429,17.3309457421397,1.3057651071513e-09,0.0102712764349204,0.0949925129960913,1.11011076745198
13,16,"standard",0.299571428571429,1.97888156212129,0.106991531052786,14.7588218835005,2.89879231729628e-12,0.0128851653092504,0.067378940709192,1.07671687659389
13,16,"constrained",0.299571428571429,2.18328832618304,0.299571428571429,16.1357284327506,1.15705311998227e-09,0.0101991948859858,0.0733254581083083,1.07798283595265
13,17,"standard",0.299571428571429,1.97929576533344,0.105788749336193,14.5622421530215,2.99515967583375e-12,0.0122820997121971,0.0632152301586197,1.05569684662358
13,17,"constrained",0.299571428571429,2.18303233679273,0.299571428571429,16.070071854054,1.50010487365293e-09,0.00986534810665739,0.0697321343314865,1.05703511745196
13,18,"standard",0.299571428571429,1.98184773621382,0.103972938614159,14.6957207370716,3.12694314885675e-12,0.0115962618204935,0.0585248991715446,1.04046921467544
13,18,"constrained",0.299571428571429,2.18590170381707,0.299571428571429,16.0213894715539,1.29801791537432e-09,0.00947309033207777,0.0652034301516755,1.04204904484011
13,19,"standard",0.299571428571429,2.00127289284802,0.100018842983354,15.2321712162569,3.89588361571214e-12,0.0111089423930234,0.0437861814634921,1.02747516263185
13,19,"constrained",0.299571428571429,2.20821413042702,0.299571428571429,16.7066127069442,1.85815995923377e-09,0.00918615793680135,0.0503360699297044,1.02901999948092
13,20,"standard",0.299571428571429,2.00207510364937,0.0977665761499069,15.7035043741218,3.84492437888184e-12,0.0108213341381245,0.0340724874287135,1.01552120672848
13,20,"constrained",0.299571428571429,2.21112874968094,0.299571428571429,17.1329047883147,1.79666065358575e-09,0.00908881464665456,0.0401728880868255,1.01760635141591
13,21,"standard",0.299571428571429,2.00246748952811,0.0961720510425574,15.9015796961656,3.87234688759008e-12,0.0105739998329731,0.0315879216384216,1.00919029004247
13,21,"constrained",0.299571428571429,2.21334595644388,0.299571428571429,17.4002534560604,1.3127304243632e-09,0.00896226314742455,0.0376581509740594,1.01133819679885
13,22,"standard",0.299571428571429,2.00694675798181,0.094922294304505,16.4100812374745,3.82227582917949e-12,0.0103639173331155,0.0269345959410741,0.998743310490545
13,22,"constrained",0.299571428571429,2.2199952112858,0.299571428571429,18.018746667321,1.50179840785469e-09,0.00888993182715555,0.0333565473102455,1.00064875796903
13,23,"standard",0.299571428571429,1.99625731010912,0.0920713543461986,15.2832744518178,3.80351306006332e-12,0.0102082479752793,0.0214684558744525,0.99453509756859
13,23,"constrained",0.299571428571429,2.20978579409561,0.299571428571429,16.6726603087773,1.06700948077076e-09,0.00882355529951022,0.0287767372488092,0.996342253370084
13,24,"standard",0.299571428571429,1.99952465507398,0.09191613215564,15.3619241753791,6.77524703007748e-12,0.00984320575489577,0.0205694909355385,0.990352183488722
13,24,"constrained",0.299571428571429,2.2101762326212,0.299571428571429,16.6842211413129,1.12770848215149e-09,0.00863191479414579,0.0286549882227076,0.992062089991894
13,25,"standard",0.299571428571429,1.99845765729542,0.0910962273484563,15.3040632851826,6.68320954133605e-12,0.00972395677074635,0.02111659622188,0.989730266676613
13,25,"constrained",0.299571428571429,2.20916276383177,0.299571428571429,16.6405321722292,1.06067954419586e-09,0.00861136508070709,0.0289791057195901,0.991661350289138
14,4,"standard",0.308571428571429,1.22579320252164,0.288196467178343,6.97634743373265,7.38298311375729e-15,0.0204799983449264,0.885545483361049,2.02388336611391
14,4,"constrained",0.308571428571429,1.2546597637464,0.308571428571428,7.1247840749756,2.66453525910038e-15,0.0179307743479028,0.889575360270398,2.02408796464146
14,5,"standard",0.308571428571429,1.59540829610155,0.23832375218483,11.4555686661424,4.17443857259059e-14,0.0261003204152211,0.663896077074147,1.86290190802193
14,5,"constrained",0.308571428571429,1.71202133316918,0.308571428571428,12.3157929913127,1.87883536506561e-09,0.0202341635965435,0.670664888553357,1.86374956163087
14,6,"standard",0.308571428571429,1.74333567027782,0.220428642983967,13.6710914502519,3.84581255730154e-13,0.0223249326437534,0.481302538322161,1.65764760526112
14,6,"constrained",0.308571428571429,1.87358823353458,0.308571428571428,14.7459780327336,1.98489680247604e-09,0.0169533712571376,0.493437473003064,1.65874606379493
14,7,"standard",0.308571428571429,1.90598201217662,0.199784916138157,16.2666475776103,1.47504231051698e-12,0.0198377621618735,0.347869930890131,1.55899747403377
14,7,"constrained",0.308571428571429,2.06601811071239,0.308571428571428,17.7190418757145,1.55309831662009e-09,0.0145055351456305,0.35991681158565,1.55987886232669
14,8,"standard",0.308571428571429,1.99416591760212,0.175352289545471,17.6814339957628,1.68431935065882e-12,0.0192993265540081,0.231612739982729,1.45337761730607
14,8,"constrained",0.308571428571429,2.20629526810826,0.308571428571428,19.6655076722518,1.18286319628069e-09,0.0137238712327815,0.244019503736295,1.45409547723318
14,9,"standard",0.308571428571429,1.9877112120773,0.153910411911321,14.9119665163736,1.57951429713421e-12,0.0192824999081021,0.162947496701845,1.3721428106226
14,9,"constrained",0.308571428571429,2.20899235317521,0.308571428571428,16.3554473141809,1.89970916775195e-09,0.0138212825006093,0.176199794040503,1.37234272025129
14,10,"standard",0.308571428571429,2.03473090577559,0.137554791642179,16.0022972784745,1.90336635341737e-12,0.0178882300623795,0.0924221243591115,1.30094673456903
14,10,"constrained",0.308571428571429,2.28642415368057,0.308571428571428,17.7673023062369,1.53884383014002e-09,0.0125587899945283,0.105910612628458,1.30106718017549
14,11,"standard",0.308571428571429,2.03433038804538,0.137072462311552,15.8916676005141,1.97797334067218e-12,0.0162493196561595,0.0905859822180659,1.26584486564463
14,11,"constrained",0.308571428571429,2.28624436084312,0.308571428571428,17.6465041105772,1.29988869668196e-09,0.0115762907702323,0.104350343270342,1.26598597177113
14,12,"standard",0.308571428571429,2.11069838107321,0.124581346135715,17.9655326313053,2.3365753776261e-12,0.0153537324150925,0.0494962887811141,1.22611784372466
14,12,"constrained",0.308571428571429,2.40057307489538,0.308571428571428,20.3107603352604,1.95396732127762e-09,0.0110325080482935,0.0640627649959207,1.22572982366643
14,13,"standard",0.308571428571429,2.13110785082905,0.120931599655419,18.7900812204789,2.37498909427813e-12,0.0141301918079353,0.0278977633018744,1.17989142550492
14,13,"constrained",0.308571428571429,2.42955259107994,0.308571428571428,21.3392212737426,1.39768557838593e-09,0.0104036292806306,0.0422613395426961,1.17969087635908
14,14,"standard",0.308571428571429,2.13416805439724,0.119846306012897,18.9070649604633,2.39486208641893e-12,0.0132516225826179,0.0229301710470615,1.12972685155387
14,14,"constrained",0.308571428571429,2.43380305661902,0.308571428571428,21.4828104163335,1.2679660099657e-09,0.00999762659250127,0.0377172980193397,1.12900264373302
14,15,"standard",0.308571428571429,2.13902467811004,0.119186944188837,19.0380853772183,2.70217181963517e-12,0.0122982447794862,0.0167406738737554,1.099992656447
14,15,"constrained",0.308571428571429,2.43854989386511,0.308571428571428,21.6054257368247,1.33393784906843e-09,0.00936457091000118,0.0322515082374792,1.09963571050888
14,16,"standard",0.308571428571429,2.1453146489042,0.118212318053604,19.354118588638,2.84083867541085e-12,0.011780282266431,0.00988242700493025,1.06979569746507
14,16,"constrained",0.308571428571429,2.44702176457541,0.308571428571428,21.9810983142744,1.36634814573711e-09,0.00902773583591451,0.0258823782014881,1.06938413976341
14,17,"standard",0.308571428571429,2.14913390384319,0.115515780074532,19.6784573408183,2.85227397256449e-12,0.0112496135969905,0.00434515853953954,1.04892193122585
14,17,"constrained",0.308571428571429,2.45279307726463,0.308571428571428,22.4071793635153,1.1196928939583e-09,0.0087932245925145,0.0202668578903813,1.04859254983453
14,18,"standard",0.308571428571429,2.14506399369259,0.113095765688039,19.5163107382742,2.9858338024269e-12,0.0106576827780597,0.00769132945440987,1.03437118301543
14,18,"constrained",0.308571428571429,2.44754555127962,0.308571428571428,22.1770779056795,8.81469730540374e-10,0.00851309285559214,0.02444951272994,1.03460503290087
14,19,"standard",0.308571428571429,2.15279721599037,0.106411741970293,20.3088643348139,3.20354853755589e-12,0.0103255392849486,0.00545221765606652,1.02433347316761
14,19,"constrained",0.308571428571429,2.46168242633401,0.308571428571428,23.2520395642957,1.64411578795765e-09,0.0083107211563794,0.0109088666514952,1.02457872213711
14,20,"standard",0.308571428571429,2.17853906998701,0.101665498288344,21.5257657449118,3.14170911508427e-12,0.0099420229519716,0.0127601463971896,1.01400666854502
14,20,"constrained",0.308571428571429,2.50612009671494,0.308571428571428,24.8622528858588,1.74987485612732e-09,0.00802392193379884,0.00541562794246264,1.01496158877037
14,21,"standard",0.308571428571429,2.18551409297496,0.101451711607824,21.8425114808815,3.31978888823414e-12,0.009435707175834,0.0169843277401371,1.0053475113474
14,21,"constrained",0.308571428571429,2.5157352299301,0.308571428571428,25.2504092786823,1.77163389514234e-09,0.00763963598044064,0.00134747487751863,1.00621595290362
14,22,"standard",0.308571428571429,2.25919155521421,0.0956504998685571,23.926927828511,4.69368988120777e-12,0.00960795085188693,0.0286274783912992,0.995339943173475
14,22,"constrained",0.308571428571429,2.62785471443497,0.308571428571428,27.9934587113204,1.85526366491828e-09,0.00788298761380597,0.00897774749322622,0.996631921062999
14,23,"standard",0.308571428571429,2.25913753146064,0.0955419743723467,23.9499586511237,5.58419976925961e-12,0.00934070400307151,0.0285888516285331,0.99157308936843
14,23,"constrained",0.308571428571429,2.62811763534297,0.308571428571428,28.1479770704392,9.41651201458171e-10,0.00777201479323214,0.00879426871231015,0.992897168657805
14,24,"standard",0.308571428571429,2.25592906586805,0.0962972823637295,23.717627446562,5.59152724122214e-12,0.00915698705663549,0.0258720726276707,0.987002362852427
14,24,"constrained",0.308571428571429,2.62414228141469,0.308571428571428,27.8417651205321,1.99913663401219e-09,0.00776149408241076,0.00566727425897273,0.987881465264063
14,25,"standard",0.308571428571429,2.25381000345798,0.0929325384051456,23.4466083272406,5.59208235273445e-12,0.00917040038177271,0.024922479171968,0.986188075827536
14,25,"constrained",0.308571428571429,2.6206885382434,0.308571428571428,27.5126647585691,1.77516323862648e-09,0.00793608515297389,0.00489879575562213,0.987084820968909
15,4,"standard",0.287285714285714,1.31618156881842,0.272020473744853,7.70859464365849,8.88178419700125e-15,0.0256891439768414,1.06343436801683,2.11185440466977
15,4,"constrained",0.287285714285714,1.34113025981895,0.287285714285714,7.84462076370721,1.63202784619898e-14,0.0237288625176676,1.06730448287698,2.11187539370295
15,5,"standard",0.287285714285714,1.56766535774901,0.24066499914099,10.798833043531,2.03170813506404e-14,0.024518878234227,0.91195120612715,1.97575590503754
15,5,"constrained",0.287285714285714,1.64863557239406,0.287285714285714,11.3464833760941,1.92603766269173e-09,0.0203115064543729,0.919762574710147,1.97572474700238
15,6,"standard",0.287285714285714,1.81339868743582,0.210422283807799,14.6118013624341,1.95399252334028e-13,0.0244047140718922,0.603449278935008,1.70735323252886
15,6,"constrained",0.287285714285714,1.94577537533104,0.287285714285714,15.7359142745113,1.89771276470907e-09,0.0193064409790008,0.614391516514515,1.70744700408237
15,7,"standard",0.287285714285714,2.02844147642149,0.18558053853572,18.2069505261718,6.65911770170169e-13,0.0233379354845365,0.47763679773863,1.59396611398297
15,7,"constrained",0.287285714285714,2.20167167470151,0.287285714285714,19.8069281229954,1.69552827333774e-09,0.0182039556276234,0.488403612435558,1.59397756895291
15,8,"standard",0.287285714285714,2.12270491550889,0.168209837789628,19.1238429886323,1.05537800720867e-12,0.0199176257461653,0.388077895954447,1.48512309017996
15,8,"constrained",0.287285714285714,2.32682517953239,0.287285714285714,20.9587553908957,2.10564199409902e-09,0.0151892571538675,0.399627253475543,1.48501633900023
15,9,"standard",0.287285714285714,2.17972337641291,0.145883148024921,21.1632873417585,1.29452004671293e-12,0.0185973363953666,0.297876940850323,1.39665030892192
15,9,"constrained",0.287285714285714,2.41947039987787,0.287285714285714,23.6358157201378,8.89840645612594e-10,0.013748088222414,0.309177236092557,1.39722635406402
15,10,"standard",0.287285714285714,2.23201268457625,0.130161457468093,23.2666500408479,1.2543299732215e-12,0.0181704341746682,0.237696325353483,1.32084397236061
15,10,"constrained",0.287285714285714,2.5144968695806,0.287285714285714,26.4904590091906,1.85522819329265e-09,0.0132267872050026,0.24878373651132,1.32193341461172
15,11,"standard",0.287285714285714,2.25698883865447,0.117878560147622,25.6414335885172,1.46382905796827e-12,0.0161560862109973,0.262761799088472,1.28758269197918
15,11,"constrained",0.287285714285714,2.54818922215842,0.287285714285714,29.3698165097936,1.73386244251006e-09,0.0120384882520972,0.272451065081676,1.28826633151272
15,12,"standard",0.287285714285714,2.21429590926675,0.109855823447233,23.4665694621827,1.43240974637138e-12,0.0165502988647678,0.228743945986636,1.2426626900253
15,12,"constrained",0.287285714285714,2.49375738408528,0.287285714285714,26.6955003334709,1.15425652369439e-09,0.0126130222221211,0.235538163757418,1.24317943554952
15,13,"standard",0.287285714285714,2.22016143595917,0.108567330559438,23.9297681928171,1.52111656603893e-12,0.0152628864965345,0.215307562320816,1.20122168409107
15,13,"constrained",0.287285714285714,2.50066330833572,0.287285714285714,27.2518338983893,1.05990832777181e-09,0.011767376381031,0.221957334778522,1.2023589855293
15,14,"standard",0.287285714285714,2.23835272013827,0.10242175594242,24.9931284949792,1.55297996684567e-12,0.0144670691419684,0.18591683916922,1.14538162287991
15,14,"constrained",0.287285714285714,2.52920349081605,0.287285714285714,28.6205637476547,1.78105308279441e-09,0.0111684054523702,0.192294332730213,1.1461660791958
15,15,"standard",0.287285714285714,2.24738030073968,0.10098523604522,25.4286561583789,1.55309098914813e-12,0.0137889467409622,0.17884590891375,1.11791791607999
15,15,"constrained",0.287285714285714,2.54217370733129,0.287285714285714,29.1526360041261,1.05309172493406e-09,0.0107234268701173,0.18557193996359,1.11910735743653
15,16,"standard",0.287285714285714,2.30934182990304,0.0973574140778652,27.3511621656949,2.34356978268124e-12,0.0132039904456786,0.157100770078858,1.08940817499998
15,16,"constrained",0.287285714285714,2.62155865993466,0.287285714285714,31.4348951029569,1.76595998935269e-09,0.0103206467677049,0.16513622488489,1.09094008612884
15,17,"standard",0.287285714285714,2.30171449982448,0.0938313379398108,25.8914914026749,2.49633647086966e-12,0.0123244485713777,0.151828268391674,1.07760185898844
15,17,"constrained",0.287285714285714,2.60825294359919,0.287285714285714,29.6724106613507,1.6680088976706e-09,0.00971008021626219,0.160578368539055,1.07969881178269
15,18,"standard",0.287285714285714,2.31507352129547,0.0853373405965131,27.5486559999552,2.44315678799012e-12,0.0124005766369441,0.133527320856138,1.05789659651121
15,18,"constrained",0.287285714285714,2.63708067947271,0.287285714285714,31.8414869032279,1.97707877847009e-09,0.00992229712077053,0.141302779563107,1.05977568376088
15,19,"standard",0.287285714285714,2.33228183342718,0.08069028755521,28.7776696260818,2.43394193688573e-12,0.0118372390941566,0.116816367258378,1.04154073446984
15,19,"constrained",0.287285714285714,2.67010723207265,0.287285714285714,33.4906104136275,1.12210107872102e-09,0.00945761870579503,0.123505132478312,1.043617265581
15,20,"standard",0.287285714285714,2.3127974545504,0.0758662831878064,26.7459310922485,2.21878071471338e-12,0.0119597243467686,0.0926309097307438,1.02365383234972
15,20,"constrained",0.287285714285714,2.64988951050664,0.287285714285714,31.0409602582586,1.31220428967183e-09,0.00971359990723678,0.0987631966101956,1.02619013094416
15,21,"standard",0.287285714285714,2.32211472560403,0.0747775529909747,27.1127115306662,2.31292762720159e-12,0.0113479110547214,0.0886012701446042,1.01472882729907
15,21,"constrained",0.287285714285714,2.66143770892827,0.287285714285714,31.438112111951,1.67703834152988e-09,0.00930380114209984,0.0948912140825904,1.01697019645797
15,22,"standard",0.287285714285714,2.32734355555018,0.0726175094200425,25.2182963672211,2.37132535829687e-12,0.0112824852897718,0.0762252922651063,1.00517167214879
15,22,"constrained",0.287285714285714,2.66680269444422,0.287285714285714,29.1414805896491,1.0084999502169e-09,0.00929929918790653,0.0824304437068726,1.00766978866765
15,23,"standard",0.287285714285714,2.3063272869763,0.0699651437796156,24.3208097144149,2.298383705579e-12,0.0112622992858894,0.0727994925706907,1.00114221229349
15,23,"constrained",0.287285714285714,2.63806638188034,0.287285714285714,27.9875339420696,1.35832223246979e-09,0.0094015569237679,0.0790367323896595,1.00342756561657
15,24,"standard",0.287285714285714,2.30289313000258,0.07134298466543,24.0509018973313,2.5131008385415e-12,0.0111287024772473,0.0711981008709452,0.995554371456514
15,24,"constrained",0.287285714285714,2.63337683506698,0.287285714285714,27.5717102726626,1.72978170676075e-09,0.00935134754718594,0.0770770204258646,0.997878538403102
15,25,"standard",0.287285714285714,2.34536705123065,0.07150504664274,26.0524912750215,3.07076586381072e-12,0.0109393397472665,0.0604300570618221,0.994501570945745
15,25,"constrained",0.287285714285714,2.7026952212884,0.287285714285714,30.1451423419189,1.1536755439856e-09,0.00931858765610666,0.0649914185142322,0.997402397118922
16,4,"standard",0.289428571428571,1.41340425290169,0.261250349760303,8.35188825533346,2.55351295663786e-15,0.0280052973876075,0.892476464231402,2.006397001359
16,4,"constrained",0.289428571428571,1.46409474784065,0.289428571428571,8.6342147594212,1.54876111935209e-14,0.0244176907319932,0.893922929502589,2.00603686451836
16,5,"standard",0.289428571428571,1.71820378306583,0.240234487142666,11.2192970593435,9.94981874669065e-13,0.0204355470885844,0.705205301567863,1.86949056754676
16,5,"constrained",0.289428571428571,1.80991729268788,0.289428571428571,11.7813685926423,2.40297404197065e-09,0.0163900418797465,0.705121025914877,1.86966615653326
16,6,"standard",0.289428571428571,2.00330600604966,0.224615015592956,13.8722980071663,4.18202139584878e-11,0.0147359312747105,0.451390422790028,1.65324546490722
16,6,"constrained",0.289428571428571,2.12472579591079,0.289428571428571,14.6368446528702,1.94780935824923e-09,0.0110116045450154,0.455423685229174,1.65355491976919
16,7,"standard",0.289428571428571,2.18608499511704,0.213190566934539,15.4689783601946,4.15941059372926e-10,0.010218045966274,0.356095033102522,1.57315486180324
16,7,"constrained",0.289428571428571,2.30889626743235,0.289428571428571,16.2238792240964,2.28720598016707e-09,0.00819025653653513,0.361670905367614,1.57358144940457
16,8,"standard",0.289428571428571,2.24264465011442,0.193352216580906,16.3462003157874,5.87623838477214e-10,0.00995384758792583,0.273098000131386,1.47400439500295
16,8,"constrained",0.289428571428571,2.3789693687371,0.289428571428571,17.2332636113481,1.78187126165241e-09,0.00751751367273277,0.279893983036894,1.47452042460481
16,9,"standard",0.289428571428571,2.27145725508833,0.178277845276936,17.2177201968981,6.64987398479866e-10,0.00959064770038817,0.221495939414724,1.38683982111322
16,9,"constrained",0.289428571428571,2.41314703390652,0.289428571428571,18.2163436648383,1.2430407814179e-09,0.00741665290111431,0.22948628578892,1.38735264679156
16,10,"standard",0.289428571428571,2.35611467088954,0.16194092994207,18.5912751974065,1.48279510892024e-09,0.00848127933582161,0.161867873395977,1.3135166151633
16,10,"constrained",0.289428571428571,2.50354887722683,0.289428571428571,19.6892207087034,1.21598919822219e-09,0.00674661678103235,0.171773024987936,1.31384385866785
16,11,"standard",0.289428571428571,2.36383469314562,0.13553949091284,17.7748046567307,1.40377776070011e-09,0.00899023596067053,0.199401737623773,1.2840475899409
16,11,"constrained",0.289428571428571,2.52094551179208,0.289428571428571,18.803174734466,1.00438396488656e-09,0.00746983221137705,0.209951982213186,1.28436395765246
16,12,"standard",0.289428571428571,2.39367224946551,0.129070746541929,18.811432950979,1.37905054042875e-09,0.00880157621963841,0.173164307000889,1.24433966403591
16,12,"constrained",0.289428571428571,2.56410609826294,0.289428571428571,20.0556671859231,1.25964128017131e-09,0.00725270992067701,0.183963135449807,1.24471793714009
16,13,"standard",0.289428571428571,2.44091551811708,0.124740570675664,19.7705822968219,1.64421831705397e-09,0.00823069745075526,0.147598034463241,1.19888334028348
16,13,"constrained",0.289428571428571,2.62383560054155,0.289428571428571,21.1603965605835,1.66452790439919e-09,0.00701597589154197,0.159011416374994,1.1992622852037
16,14,"standard",0.289428571428571,2.44597418945861,0.118020789399333,19.1470892232208,1.70139791144663e-09,0.00807054331074884,0.117870321647925,1.14078222842278
16,14,"constrained",0.289428571428571,2.63428667429799,0.289428571428571,20.7057547689541,1.22415355630068e-09,0.00702770832556389,0.128870504458,1.14111892923595
16,15,"standard",0.289428571428571,2.44912113877439,0.115306574238453,18.0347588821798,1.79472348094123e-09,0.00788324869453578,0.101567198078107,1.10774653828665
16,15,"constrained",0.289428571428571,2.6371040609925,0.289428571428571,19.3935342727292,1.1908437014263e-09,0.0068107353767668,0.112811206207535,1.10803985898859
16,16,"standard",0.289428571428571,2.45194027592424,0.111442536449762,18.53893290133,1.79875037087385e-09,0.0083270097234186,0.0822592698147799,1.07613565319787
16,16,"constrained",0.289428571428571,2.64515191146834,0.289428571428571,19.7673204334051,2.06535821778431e-09,0.00719674290596774,0.0919615371748099,1.07622785326984
16,17,"standard",0.289428571428571,2.48221327468319,0.106369881542917,19.3311059940699,1.90416982182029e-09,0.00804962567331023,0.0725524857936488,1.05755520514995
16,17,"constrained",0.289428571428571,2.68210590996248,0.289428571428571,20.6622570216632,1.42512363021652e-09,0.00705958502858708,0.0828010335610019,1.05800561947274
16,18,"standard",0.289428571428571,2.48427232771962,0.104416039784981,19.1548806720829,1.92080573668818e-09,0.00777899833787021,0.0762148243174856,1.04465065181798
16,18,"constrained",0.289428571428571,2.68459074947149,0.289428571428571,20.4495975763676,1.54996987467015e-09,0.00691525182303974,0.0867130087845851,1.04504567983969
16,19,"standard",0.289428571428571,2.46499923364877,0.0996904309076072,19.6480660667354,2.01189465087737e-09,0.00808859271399636,0.0650152347524147,1.02787471521487
16,19,"constrained",0.289428571428571,2.66601023854511,0.289428571428571,21.1011728877425,1.4849528273686e-09,0.00726123861335785,0.0748343868882086,1.02816986711163
16,20,"standard",0.289428571428571,2.49469792946843,0.0975672400144006,20.3951227084382,2.4066777459808e-09,0.0077786262676511,0.0595008890926243,1.01531328978148
16,20,"constrained",0.289428571428571,2.69906462062209,0.289428571428571,21.8936271773084,1.279230499307e-09,0.00711152028333887,0.069966762566092,1.01567345175303
16,21,"standard",0.289428571428571,2.4947459613141,0.0953666999180456,20.6655192658038,2.4735025139222e-09,0.0076429846345402,0.0564666296536105,1.0081987061487
16,21,"constrained",0.289428571428571,2.70209668912621,0.289428571428571,22.2860475945038,1.32673105834868e-09,0.007002506465328,0.0667166230699223,1.00862233593551
16,22,"standard",0.289428571428571,2.49802402284809,0.0933698110331252,20.2218273411148,2.46168618822651e-09,0.00774459789022871,0.0495511439595155,0.997066025569986
16,22,"constrained",0.289428571428571,2.70774869287732,0.289428571428571,21.870414062108,1.70993613712866e-09,0.00710098284652475,0.059724743350368,0.997373552320909
16,23,"standard",0.289428571428571,2.50084709347621,0.0942572735646167,20.379007599129,2.47010145670856e-09,0.00781532079795189,0.0515368169447763,0.993545132942688
16,23,"constrained",0.289428571428571,2.71192385716273,0.289428571428571,22.0086839654513,1.29396826586969e-09,0.00724510414957689,0.0616144176653206,0.993859459857162
16,24,"standard",0.289428571428571,2.433882530183,0.0889344830987624,19.1830285803925,1.66533453693773e-15,0.00849617303015966,0.0405187029978746,0.987997954246783
16,24,"constrained",0.289428571428571,2.63871439080872,0.289428571428571,20.6569334226882,1.34071076463016e-09,0.00780262150274781,0.0499875644289176,0.988344031050452
16,25,"standard",0.289428571428571,2.44472188798418,0.0877479263816495,20.3010983437474,2.84321122201447e-09,0.00900550405435363,0.0369221257438053,0.988656205341341
16,25,"constrained",0.289428571428571,2.66400586563733,0.289428571428571,22.1285287866986,1.75866515794709e-09,0.00826700505665792,0.0477354606176581,0.98894109331937
17,4,"standard",0.300714285714286,1.26757382874659,0.297823599085447,6.76319669523001,4.88498130835069e-15,0.0121470402159798,0.942935987987451,2.02984874680912
17,4,"constrained",0.300714285714286,1.27162879351484,0.300714285714286,6.78207543745425,2.33146835171283e-14,0.0117706247825937,0.94317403197756,2.0298269237839
17,5,"standard",0.300714285714286,1.53314817489411,0.269933328203007,9.16573784437537,3.28403970684121e-13,0.0111314131734376,0.790999378085887,1.90698808984963
17,5,"constrained",0.300714285714286,1.57877743281213,0.300714285714286,9.40474619958222,2.15421158689111e-09,0.00886359896336924,0.792098663496052,1.90671744984558
17,6,"standard",0.300714285714286,1.76084493430595,0.243737029031398,11.6593897767769,4.74587036336516e-12,0.0113342522967434,0.567309365684903,1.68880440522259
17,6,"constrained",0.300714285714286,1.84424840545861,0.300714285714286,12.1542249143217,1.90457960513868e-09,0.00804667297371733,0.574525389715584,1.68902860023981
17,7,"standard",0.300714285714286,1.83538288880336,0.205913615767899,15.3768429793266,4.54791759807449e-12,0.0187351471781225,0.418691815847949,1.56470017518308
17,7,"constrained",0.300714285714286,1.94642240009322,0.300714285714286,16.4622171692522,1.36394490146685e-09,0.0150559897918799,0.424126565747287,1.56475043441777
17,8,"standard",0.300714285714286,1.9310807449685,0.183711573345381,16.3498132215268,9.25137744189897e-12,0.0165010089722588,0.299284183456325,1.46416465893028
17,8,"constrained",0.300714285714286,2.0625414816686,0.300714285714286,17.6090657184303,2.17022882997853e-09,0.0130021959549345,0.304658207779452,1.46472894729878
17,9,"standard",0.300714285714286,2.04888240040485,0.161037636160986,18.06235110783,1.7108869876381e-11,0.0143066487430258,0.204782945848264,1.38405481080968
17,9,"constrained",0.300714285714286,2.2157752452027,0.300714285714286,19.6814318939937,1.15354303886761e-09,0.0111844216778681,0.212803146522158,1.38487945531245
17,10,"standard",0.300714285714286,2.0594274851605,0.146204922441639,15.6035553146833,1.82548420823991e-11,0.0140571753130688,0.134010688867694,1.31249474286047
17,10,"constrained",0.300714285714286,2.23179662707615,0.300714285714286,16.8329969394328,1.42709905004423e-09,0.0109642275004845,0.140742235413429,1.31320082616296
17,11,"standard",0.300714285714286,2.04549641751542,0.132807747858589,15.0574172073547,1.85700343990902e-11,0.0125870897037777,0.161323859777485,1.28147122084008
17,11,"constrained",0.300714285714286,2.2193923282772,0.300714285714286,16.2010130826811,1.9317644706085e-09,0.0100696066859074,0.170191660489031,1.28251529043777
17,12,"standard",0.300714285714286,2.05492662757537,0.126964058797103,15.6313656967047,1.85748083580961e-11,0.0117409998687136,0.139967714651339,1.24248146999382
17,12,"constrained",0.300714285714286,2.23419810045012,0.300714285714286,16.9017414577884,1.26556753965446e-09,0.00960497832136921,0.149353291024453,1.24392792273902
17,13,"standard",0.300714285714286,2.05062262594044,0.125792680312728,15.4017391929554,1.9109824833663e-11,0.0114567440613403,0.134175580286265,1.19052014848867
17,13,"constrained",0.300714285714286,2.2288848108714,0.300714285714286,16.6098100262168,2.05409095288545e-09,0.00955039312322589,0.142684121096004,1.19163756997807
17,14,"standard",0.300714285714286,2.0503648790369,0.124980214701428,15.3689089072951,1.96900273863321e-11,0.0108641294124752,0.136194223191047,1.14188171400381
17,14,"constrained",0.300714285714286,2.2288240743429,0.300714285714286,16.5653398157053,1.7123453210921e-09,0.009318393804143,0.145028303575452,1.14311958056026
17,15,"standard",0.300714285714286,2.04074056846469,0.117400690792161,14.0102967229138,1.96935801000109e-11,0.0114645672702732,0.111546616657538,1.10952276479696
17,15,"constrained",0.300714285714286,2.22798893624706,0.300714285714286,14.9893278373335,1.33444155725471e-09,0.00978220958939555,0.120531640349275,1.11124147305723
17,16,"standard",0.300714285714286,2.05219250968152,0.115300177124517,14.4074031868418,2.53523868565253e-11,0.010886976563966,0.103688988786651,1.08252798881077
17,16,"constrained",0.300714285714286,2.24066957842513,0.300714285714286,15.4202141950712,1.193054766091e-09,0.00929761898674156,0.113125803908965,1.08455020056157
17,17,"standard",0.300714285714286,2.07882126970395,0.109868116346847,15.1775292409586,2.80473422265004e-11,0.0105106411055414,0.0872639848563468,1.0573908821758
17,17,"constrained",0.300714285714286,2.27624768624003,0.300714285714286,16.3368390239215,1.36782590809403e-09,0.00897481404812156,0.096443921762071,1.05899062741024
17,18,"standard",0.300714285714286,2.07833533974086,0.106682524564168,14.9961027320494,2.7919777600971e-11,0.00996926762626197,0.0944653845762815,1.04347803920106
17,18,"constrained",0.300714285714286,2.27698229030088,0.300714285714286,16.1283776738866,1.10549625009781e-09,0.00860917283406728,0.104106687865061,1.04526115101652
17,19,"standard",0.300714285714286,2.08155197613541,0.109786358408509,14.8628340251208,2.86068946309115e-11,0.00967513705317562,0.0988841623340839,1.02963382545653
17,19,"constrained",0.300714285714286,2.28089486168442,0.300714285714286,15.9947405173555,1.13469394991128e-09,0.00848898319530062,0.107999913758883,1.03141860180279
17,20,"standard",0.300714285714286,2.08297228026842,0.110296252730926,14.752478290667,2.84343659728847e-11,0.00916603159581642,0.0975181809476098,1.01696352693075
17,20,"constrained",0.300714285714286,2.2817830781287,0.300714285714286,15.9257140891376,1.89979648679284e-09,0.00810600159565403,0.10728058883983,1.01880876553165
17,21,"standard",0.300714285714286,2.0858028301648,0.107113940360987,15.268729501689,2.80713230438323e-11,0.00912368866357356,0.0932744566774772,1.01170343358356
17,21,"constrained",0.300714285714286,2.28643083372912,0.300714285714286,16.565669019081,1.29350952171592e-09,0.00812153244449877,0.103297573894849,1.01394664489735
17,22,"standard",0.300714285714286,2.10189709086916,0.100016806053485,14.1883310247506,2.87471157989216e-11,0.0091828004518302,0.0835481039992869,1.00227185174009
17,22,"constrained",0.300714285714286,2.30920375899389,0.300714285714286,15.3460677565279,1.08904890661066e-09,0.00820690281471574,0.0937551037284186,1.00476215620295
17,23,"standard",0.300714285714286,2.09540612613268,0.097419084201733,13.5159991342864,2.84278156570394e-11,0.00919737297038329,0.072118763828108,0.997114464607789
17,23,"constrained",0.300714285714286,2.30410388745529,0.300714285714286,14.5250865985756,1.87072735080562e-09,0.00822764637821614,0.0814423894763996,0.999453691292805
17,24,"standard",0.300714285714286,2.10043707321115,0.0964318795109691,13.7882260773697,3.76535469470696e-11,0.00905219384031462,0.0713816698093277,0.992892325094963
17,24,"constrained",0.300714285714286,2.30793310403993,0.300714285714286,14.7780361117705,1.16990922505167e-09,0.00816142259238479,0.0809956187548178,0.995290230774534
17,25,"standard",0.300714285714286,2.11444144262477,0.0924425772930024,13.7346906818635,3.72025743544668e-11,0.00907160399473301,0.067497856886825,0.991704481545825
17,25,"constrained",0.300714285714286,2.32896868223929,0.300714285714286,15.3053867250738,1.08244418983716e-09,0.00825707051398234,0.0766751508790682,0.993990706362656
18,4,"standard",0.295571428571429,1.28322515519855,0.287537418456783,7.12005753705643,1.73194791841524e-14,0.0178717494188356,0.984889470566083,2.04988536787215
18,4,"constrained",0.295571428571429,1.29587847161457,0.295571428571429,7.18315533554496,2.55351295663786e-15,0.016781952175303,0.985870778492494,2.0498329090646
18,5,"standard",0.295571428571429,1.54049053480922,0.250461334035772,10.3304145051726,2.63122856836162e-14,0.0208600522801305,0.785075548010445,1.8979811023683
18,5,"constrained",0.295571428571429,1.61230267916886,0.295571428571429,10.8098749717358,1.29449001518012e-09,0.0168779489137551,0.785449930291302,1.89745276921523
18,6,"standard",0.295571428571429,1.76807456381265,0.231366674104915,12.8264310129253,2.24231744283543e-12,0.0164298018445278,0.526397920278793,1.66886308845502
18,6,"constrained",0.295571428571429,1.8655821401877,0.295571428571429,13.5322849875246,1.97137234314582e-09,0.0122746203579082,0.530027753338386,1.66893532180279
18,7,"standard",0.295571428571429,1.87989661575396,0.211331097816398,14.897156052235,3.41060513164848e-12,0.0163891362928631,0.438716791494815,1.57893929194875
18,7,"constrained",0.295571428571429,2.00184614670065,0.295571428571429,15.881815832218,1.58130797345279e-09,0.0124713325833674,0.443179530710862,1.57938739000368
18,8,"standard",0.295571428571429,1.99985840077417,0.176289279272293,17.0364336951336,4.76052530729021e-12,0.0183506785995863,0.295116229146397,1.46416953844331
18,8,"constrained",0.295571428571429,2.1629372122866,0.295571428571429,18.5008788547711,1.95747457132356e-09,0.0139239142509523,0.297642749863532,1.46481815252497
18,9,"standard",0.295571428571429,2.03381360661314,0.158541119522319,18.3100480114424,5.645262035614e-12,0.0169901160632296,0.235977008867015,1.38021626584897
18,9,"constrained",0.295571428571429,2.21454571056344,0.295571428571429,20.1254144578924,1.16873039024412e-09,0.0127972983153286,0.240041308379599,1.38081695605836
18,10,"standard",0.295571428571429,2.06636754775926,0.147635547611963,19.3106057597395,7.59903251434935e-12,0.0154357526758844,0.197995550984935,1.30808964851916
18,10,"constrained",0.295571428571429,2.2573710688667,0.295571428571429,21.3824968998273,1.3984056690397e-09,0.0117028269404908,0.202896809578013,1.30861852693638
18,11,"standard",0.295571428571429,2.05522833282927,0.132898106954094,18.7491723491499,7.32003346826104e-12,0.0140689711351468,0.220409320160444,1.27486932110979
18,11,"constrained",0.295571428571429,2.24739327763621,0.295571428571429,20.7437730030309,1.19235132878259e-09,0.0110389675559626,0.226597516651993,1.27549315099695
18,12,"standard",0.295571428571429,2.11982358482413,0.115949675303327,17.2073603537487,9.8951957738791e-12,0.0141910989859311,0.160830015126257,1.23336248142501
18,12,"constrained",0.295571428571429,2.3429154532878,0.295571428571429,18.9382029342998,1.58121515880794e-09,0.0111129927234637,0.167303400141644,1.23418706906153
18,13,"standard",0.295571428571429,2.14986972258882,0.109893365020068,18.1385252841648,9.55424628301671e-12,0.0139094508721847,0.118617565818266,1.18431867046043
18,13,"constrained",0.295571428571429,2.38817415021397,0.295571428571429,20.088205087584,1.21792959051348e-09,0.0109383499416299,0.124850210755093,1.1851444983815
18,14,"standard",0.295571428571429,2.16235853694131,0.102778151772969,19.0076616215411,9.93616300348776e-12,0.0136516440723486,0.0923351433068271,1.13333096423354
18,14,"constrained",0.295571428571429,2.4075677212358,0.295571428571429,21.1882964603132,1.16138221262219e-09,0.0108016579980111,0.099162403372552,1.13426305650811
18,15,"standard",0.295571428571429,2.14408308590179,0.0990198747766432,17.7242786684785,9.98223725900971e-12,0.0136788913967749,0.0728376626038987,1.10529143714194
18,15,"constrained",0.295571428571429,2.38875039558912,0.295571428571429,19.5915421994828,1.91058091569829e-09,0.0109607283958277,0.0772706356650676,1.10630328797375
18,16,"standard",0.295571428571429,2.13702185146358,0.0980606350437502,17.1585717706719,9.79072378726187e-12,0.0134458689388967,0.0660817239687663,1.07715660268841
18,16,"constrained",0.295571428571429,2.37978910394193,0.295571428571429,18.9280154706921,1.29157012862535e-09,0.0109344599848099,0.0707954129108268,1.07827729910519
18,17,"standard",0.295571428571429,2.15181186458659,0.0961973932775847,17.352798617017,1.17218457162949e-11,0.0124968627259045,0.060672875921524,1.05517043974654
18,17,"constrained",0.295571428571429,2.39644284125179,0.295571428571429,19.1124273198606,9.90272863710118e-10,0.0102663585550443,0.0663062911690631,1.05646633883511
18,18,"standard",0.295571428571429,2.15741660910971,0.0949401155348031,17.51930423269,1.35806921264248e-11,0.0117960142982801,0.0549610364589119,1.04231329142112
18,18,"constrained",0.295571428571429,2.40028717646556,0.295571428571429,19.2367092056036,1.77689901681433e-09,0.00988176293667332,0.0623507775724654,1.04354719827558
18,19,"standard",0.295571428571429,2.16436824748843,0.0925060962838956,17.7464280601007,1.44112499711468e-11,0.0111942250585512,0.0488527833666668,1.02807503951974
18,19,"constrained",0.295571428571429,2.40850143121755,0.295571428571429,19.4847537462151,1.63831237465217e-09,0.00952708197023822,0.0566310806134203,1.02944429713137
18,20,"standard",0.295571428571429,2.15983307526942,0.0851176162956686,18.4534834955407,1.35220723507246e-11,0.0114656412456217,0.0248969064304028,1.01652651382668
18,20,"constrained",0.295571428571429,2.41966370346279,0.295571428571429,20.8974236299121,1.02436603643952e-09,0.0096804779756601,0.0312446933195245,1.01800646384907
18,21,"standard",0.295571428571429,2.16063251513076,0.084593966999418,18.4351123368159,1.34869893031464e-11,0.0108731969995399,0.0256030801262392,1.00809293617238
18,21,"constrained",0.295571428571429,2.42168902188217,0.295571428571429,20.8693144064588,1.63959251731072e-09,0.0092870994726752,0.0322205410745493,1.00959345651533
18,22,"standard",0.295571428571429,2.1796967641733,0.0902779271319345,19.0016529280653,1.40499833989338e-11,0.0108148807755695,0.0206020279924815,0.998024667497975
18,22,"constrained",0.295571428571429,2.4492876121797,0.295571428571429,21.5931778722221,1.58537311056861e-09,0.0092788980987992,0.027248785617374,0.999439537296224
18,23,"standard",0.295571428571429,2.18062757361422,0.091245806727361,19.9134300857123,1.4184209362611e-11,0.0105314921837761,0.0236017320697126,0.994007033715863
18,23,"constrained",0.295571428571429,2.45457246041883,0.295571428571429,22.8668150561935,1.09458347941072e-09,0.00913696012329914,0.0301816650522397,0.995316927666144
18,24,"standard",0.295571428571429,2.17995933876985,0.0906141482608614,19.1303414799675,1.60516044900305e-11,0.0102576734686297,0.0213612557584932,0.990818041725169
18,24,"constrained",0.295571428571429,2.45070177929822,0.295571428571429,22.0049633458473,1.03878505797184e-09,0.00901985485233821,0.0281224089506118,0.992235889379217
18,25,"standard",0.295571428571429,2.18307400820235,0.0885821465180686,19.6087299625353,1.58584256837457e-11,0.00996170712460597,0.0171854452442313,0.990107445094085
18,25,"constrained",0.295571428571429,2.45641162399379,0.295571428571429,22.6366346382675,1.20775339729207e-09,0.00878851301532535,0.0232169208357611,0.991571098652132
19,4,"standard",0.306571428571429,1.26651689047543,0.270241661598481,7.34151333256475,1.01030295240889e-14,0.0256488210001141,0.874013678619435,2.01405598642529
19,4,"constrained",0.306571428571429,1.31995579931179,0.306571428571428,7.62131118460219,1.30451205393456e-14,0.021347961996317,0.879406570993967,2.01421999629487
19,5,"standard",0.306571428571429,1.58800301073983,0.240838929673247,10.3763756619151,7.7937656328686e-14,0.0213125809848375,0.67604183585615,1.87512348270342
19,5,"constrained",0.306571428571429,1.69405423476779,0.306571428571428,10.9981613188968,1.6021689530632e-09,0.0158358383775559,0.680505467105096,1.87530197650118
19,6,"standard",0.306571428571429,1.72012423570187,0.219519271492087,12.6824665342074,2.44360087719997e-13,0.0207218539018706,0.495127229301786,1.66931403290768
19,6,"constrained",0.306571428571429,1.85232343701499,0.306571428571428,13.6191795674555,1.89539794970273e-09,0.0152758428040049,0.502020939321489,1.66952761872593
19,7,"standard",0.306571428571429,1.81069943968506,0.203213921059181,14.6039360040089,6.4082072981364e-13,0.0193341894235859,0.411813692758288,1.58374009860946
19,7,"constrained",0.306571428571429,1.95232835529343,0.306571428571428,15.758944840855,1.69163039132059e-09,0.0143644727698431,0.420062145148141,1.58444377742994
19,8,"standard",0.306571428571429,1.82811223874369,0.183335102061901,15.5158437687037,7.35633776116629e-13,0.0194059091614192,0.331843388263412,1.47814606883853
19,8,"constrained",0.306571428571429,1.98247735644344,0.306571428571428,16.9334262246136,1.93498000955472e-09,0.0145710033769525,0.337779969388564,1.47898029971048
19,9,"standard",0.306571428571429,1.91543082440719,0.156810211683794,17.3898627573177,1.11832765270492e-12,0.0181077493100791,0.247432174859735,1.38744408335822
19,9,"constrained",0.306571428571429,2.10756790290414,0.306571428571428,19.3317673168893,1.08327141701281e-09,0.0131440322507801,0.255175735723187,1.38847335701744
19,10,"standard",0.306571428571429,1.93315589251307,0.139550982381854,19.2319265492975,1.06703534896724e-12,0.0177678698917921,0.175503665231958,1.31143816585767
19,10,"constrained",0.306571428571429,2.14342078280225,0.306571428571428,21.7720536736616,1.77742542906145e-09,0.0130281338566908,0.182830407045183,1.31204049587994
19,11,"standard",0.306571428571429,1.93011136141985,0.13599227867447,18.9573645888146,1.0973444375395e-12,0.0167655454734303,0.182398657346175,1.27622625727146
19,11,"constrained",0.306571428571429,2.13836644964041,0.306571428571428,21.4488950015998,9.55088563792117e-10,0.0127652621560614,0.189016468509799,1.27686811546918
19,12,"standard",0.306571428571429,1.95694497542204,0.128427981434249,16.8850789488614,1.2999601395336e-12,0.015324025965168,0.158181570067025,1.23704699989975
19,12,"constrained",0.306571428571429,2.17334587026164,0.306571428571428,18.933068537873,1.62766394806724e-09,0.0117395732652137,0.164840784583597,1.23784207978617
19,13,"standard",0.306571428571429,2.00058004809823,0.121560445784463,18.0972292952681,1.43662859386495e-12,0.0141551216097529,0.125951211805535,1.18945894730407
19,13,"constrained",0.306571428571429,2.23897646887464,0.306571428571428,20.4750314258575,1.04088671015745e-09,0.0108640571399951,0.1338906742344,1.19031133318838
19,14,"standard",0.306571428571429,2.02030564781139,0.117132439498074,18.5001439379655,2.18836060383865e-12,0.0128428018719828,0.104645530722581,1.14283408414429
19,14,"constrained",0.306571428571429,2.26000244710724,0.306571428571428,20.9208550193384,1.91023480367036e-09,0.0100013025556028,0.114289604801356,1.14414471788947
19,15,"standard",0.306571428571429,2.01612716101234,0.1151764794034,17.8146832462116,2.19402274126423e-12,0.0126296854942346,0.0970742858070093,1.10792871428431
19,15,"constrained",0.306571428571429,2.25520970730771,0.306571428571428,20.0020943300872,1.04075470463982e-09,0.00987036515705546,0.106194738415506,1.1093579334858
19,16,"standard",0.306571428571429,2.01698242486259,0.114099305243665,18.086297439885,2.35722552588413e-12,0.01219405061929,0.0921009792920895,1.07920484562028
19,16,"constrained",0.306571428571429,2.25571144277178,0.306571428571428,20.3356403753487,1.27242916203585e-09,0.00955185941616541,0.101368909597338,1.08068816001993
19,17,"standard",0.306571428571429,2.03673898697211,0.110093269910381,18.6770732427429,2.51720866373262e-12,0.0114977780565372,0.0812834465948535,1.05838059864022
19,17,"constrained",0.306571428571429,2.28126772807046,0.306571428571428,21.0571578802208,1.27523874793312e-09,0.00906561227329688,0.0909030936779045,1.06003648693244
19,18,"standard",0.306571428571429,2.05492276218629,0.101617181019709,18.3785983858427,2.52220466734343e-12,0.0112437272892089,0.0647425846697125,1.04139723576142
19,18,"constrained",0.306571428571429,2.31061242330562,0.306571428571428,21.0884951514447,9.83552905786667e-10,0.00888922685805794,0.0749924352866485,1.04323631595531
19,19,"standard",0.306571428571429,2.05244357182447,0.100125143227434,18.5480916939297,2.56117349550777e-12,0.0107606542418761,0.0622832320951225,1.02799644021057
19,19,"constrained",0.306571428571429,2.30789353122256,0.306571428571428,21.2893154890646,1.23006776986401e-09,0.00857618804968067,0.0725212538806987,1.02988901381394
19,20,"standard",0.306571428571429,2.07888578175667,0.10023391929344,19.5813429648933,3.5269565046292e-12,0.0105055043607348,0.0547159007007414,1.01600595684721
19,20,"constrained",0.306571428571429,2.33963544734901,0.306571428571428,22.2043082569532,1.27045712838836e-09,0.00849356093614596,0.0659614666986093,1.01803481382169
19,21,"standard",0.306571428571429,2.07121542591971,0.0968760944328265,18.5017586379199,3.51518814056817e-12,0.0102445406781938,0.0421646840768242,1.00945735303748
19,21,"constrained",0.306571428571429,2.3304406848127,0.306571428571428,20.8208281766193,1.14773451853623e-09,0.0083357263291108,0.0521291523306502,1.01124286861217
19,22,"standard",0.306571428571429,2.07096162015847,0.0972857120956002,18.4311476023687,3.51885187654943e-12,0.0101826193622025,0.043045712748647,1.00067474229053
19,22,"constrained",0.306571428571429,2.32996698669782,0.306571428571428,20.7385963928259,1.1132681443371e-09,0.0084471425800998,0.0529001703453371,1.00255782149837
19,23,"standard",0.306571428571429,2.07108081221208,0.0956321779034912,18.6579022992845,3.52140538950607e-12,0.00981808463029589,0.0453372782842223,0.999804107148835
19,23,"constrained",0.306571428571429,2.33034178677452,0.306571428571428,21.0377843744752,1.00507213662837e-09,0.00822754307046612,0.0554945747000621,1.0019317430124
19,24,"standard",0.306571428571429,2.09470160830385,0.0863945123769392,19.6548943499223,3.49364981389044e-12,0.00946526245834355,0.0545682961574654,0.995040367434221
19,24,"constrained",0.306571428571429,2.37685640905181,0.306571428571428,23.264213900185,1.08214270877482e-09,0.00804078717270091,0.0643206482131742,0.997063378880365
19,25,"standard",0.306571428571429,2.09849024186077,0.0842511072659113,20.4859926538301,3.60034224655692e-12,0.00946073265489916,0.0500681355629391,0.991738969631967
19,25,"constrained",0.306571428571429,2.38739794743552,0.306571428571428,24.371785327373,1.51635370926329e-09,0.00808769502533549,0.0598981372421008,0.993578878012812
20,4,"standard",0.299142857142857,1.44169214570092,0.259501523111114,8.41507845480604,9.04831765069503e-15,0.0272188370067539,0.869814060214715,2.00549499478895
20,4,"constrained",0.299142857142857,1.51747966363032,0.299142857142857,8.8079818081234,9.82547376793264e-15,0.022075803039565,0.872898632665724,2.00491406046963
20,5,"standard",0.299142857142857,1.720699172845,0.241359432149387,11.0295580004295,9.50350909079134e-13,0.0189096882601397,0.709282063855191,1.88907195480612
20,5,"constrained",0.299142857142857,1.82991479702054,0.299142857142857,11.6545051133231,2.36069391812421e-09,0.0136383190065381,0.715079503588292,1.88912920985609
20,6,"standard",0.299142857142857,1.91414906847074,0.217820538595539,13.9156010813309,3.60078633576677e-12,0.0184099239799068,0.473567426417859,1.66146131908696
20,6,"constrained",0.299142857142857,2.06305146047466,0.299142857142857,14.9332191386032,1.90138588207489e-09,0.012834634388952,0.481296808979977,1.66159089461075
20,7,"standard",0.299142857142857,2.01038905466161,0.186812550244587,17.7082192397565,4.96069851863012e-12,0.021840960613718,0.34586192512873,1.56590610599732
20,7,"constrained",0.299142857142857,2.1923942390634,0.299142857142857,19.5009861065723,1.23044341382439e-09,0.0162997411304209,0.353428039619231,1.56627826253616
20,8,"standard",0.299142857142857,2.12372134365531,0.167378816045031,18.8873952216372,1.00047747864096e-11,0.0190951217375547,0.240802717687941,1.46222234257294
20,8,"constrained",0.299142857142857,2.3350206396055,0.299142857142857,20.923357881263,1.50648871155568e-09,0.0139435416135058,0.249927751970152,1.46225460025521
20,9,"standard",0.299142857142857,2.20120431632999,0.152070377902407,20.1337382497961,1.35896849329242e-11,0.0158074301534836,0.175010192931052,1.38622732739985
20,9,"constrained",0.299142857142857,2.44045867456915,0.299142857142857,22.4822664734593,1.48617124162698e-09,0.0113116688238985,0.1855744916603,1.38664276623249
20,10,"standard",0.299142857142857,2.21264231315636,0.141922743012184,21.2046199409945,1.51041401608154e-11,0.0143945318708571,0.137882112019593,1.3171679958808
20,10,"constrained",0.299142857142857,2.45763203246582,0.299142857142857,23.8881515161168,1.78716225152087e-09,0.010352378295232,0.149661861219101,1.31768590384999
20,11,"standard",0.299142857142857,2.23464986388949,0.127325142393084,20.1877477368337,1.99232852438058e-11,0.0131672686962102,0.164014198072292,1.28184860062651
20,11,"constrained",0.299142857142857,2.48330120246377,0.299142857142857,22.6638805479819,1.48509893271864e-09,0.00993378541248662,0.174529072347808,1.28221902201676
20,12,"standard",0.299142857142857,2.23206884697127,0.1172283592572,17.5051654396646,2.36253239194184e-11,0.0128397527243498,0.123967013663232,1.2415781427751
20,12,"constrained",0.299142857142857,2.48015386141452,0.299142857142857,19.4387613661766,1.33237942900877e-09,0.0101024799454697,0.134713866474326,1.24276005918016
20,13,"standard",0.299142857142857,2.25679069861163,0.112982630583807,18.3405779509057,2.37750930054403e-11,0.012198743533821,0.110126733056202,1.19906373132892
20,13,"constrained",0.299142857142857,2.51762068291342,0.299142857142857,20.4950350089853,1.55598689488556e-09,0.00957203334084934,0.122379996722083,1.20052993238054
20,14,"standard",0.299142857142857,2.26715609611517,0.10944910225334,18.781346702432,2.36780595130881e-11,0.0116667848042521,0.0934054902148347,1.14845616223202
20,14,"constrained",0.299142857142857,2.53793474707159,0.299142857142857,21.1292586379613,1.81378512209562e-09,0.00913411115611386,0.104517092227434,1.15030463386239
20,15,"standard",0.299142857142857,2.25298256995898,0.103262375271088,18.6297381005059,2.31399344130523e-11,0.0120240001634704,0.0525217977308694,1.11573820907949
20,15,"constrained",0.299142857142857,2.51867529881013,0.299142857142857,20.9762666630123,1.26266086475368e-09,0.00953870538192342,0.0607984143324183,1.11737635181855
20,16,"standard",0.299142857142857,2.25391748319797,0.0991319637802649,16.4131873669464,2.7272406555312e-11,0.0119007527023593,0.0212300375966636,1.08203709042328
20,16,"constrained",0.299142857142857,2.51697723907997,0.299142857142857,18.3609408869387,1.73143777093543e-09,0.0093719178346122,0.0303522050551708,1.08390224950644
20,17,"standard",0.299142857142857,2.22508130173798,0.0899339564770814,15.2121742301167,2.79852807594239e-11,0.012572088028219,0.000191224646193255,1.05795900290187
20,17,"constrained",0.299142857142857,2.48891864473174,0.299142857142857,16.867563037279,1.00329011765155e-09,0.0100045107617943,0.00699264616808648,1.05947657728661
20,18,"standard",0.299142857142857,2.22624438387274,0.0792515482896718,14.5959859208036,2.86014545380908e-11,0.012061734956131,0.0147227003538752,1.04325804778131
20,18,"constrained",0.299142857142857,2.49694005521026,0.299142857142857,16.1349882002925,1.78613762669144e-09,0.00987317489999819,0.0217644823255396,1.04451729759371
20,19,"standard",0.299142857142857,2.25606728382196,0.0853959577127797,15.5726880231177,2.93172153220667e-11,0.0116803467826728,0.00813575654294851,1.02970235013476
20,19,"constrained",0.299142857142857,2.54692163647983,0.299142857142857,17.4043245969745,1.28015742451026e-09,0.00951711046582496,0.00151850334070236,1.03150998208801
20,20,"standard",0.299142857142857,2.25839705950006,0.0830652649380875,15.0609286020775,3.00965918853535e-11,0.0113770238084443,0.0172237400939688,1.01743471006495
20,20,"constrained",0.299142857142857,2.55128852628353,0.299142857142857,16.7547746683156,9.47113054650117e-10,0.0093580122692048,0.0113373632038867,1.01914810914814
20,21,"standard",0.299142857142857,2.26868124576328,0.0805902792568776,15.4636670724416,3.40153460953729e-11,0.0111614621132415,0.0185358407730707,1.01052758436924
20,21,"constrained",0.299142857142857,2.56481947405463,0.299142857142857,17.2534622411662,9.29931576187926e-10,0.00930427209726151,0.0122503239735261,1.01209117601275
20,22,"standard",0.299142857142857,2.26654273692152,0.0764521360520994,15.1619847514824,3.41227046618542e-11,0.0107099158036826,0.0169872134267219,1.00392082988064
20,22,"constrained",0.299142857142857,2.56255343223696,0.299142857142857,16.8495202014685,9.80304060149706e-10,0.00901589700939979,0.0105256109666971,1.00576919202759
20,23,"standard",0.299142857142857,2.26401207936754,0.0701550499135267,15.2744056266025,3.68818309226526e-11,0.0111471100887701,0.0122843557207943,1.00700341524092
20,23,"constrained",0.299142857142857,2.57948524355206,0.299142857142857,17.1792077209065,1.60855473385624e-09,0.00946922441025863,0.00312924228590372,1.00905309444515
20,24,"standard",0.299142857142857,2.26814035741864,0.0690401446898714,15.5949129711831,4.01489952395195e-11,0.0107758146000183,0.0158905775765996,1.0028869688097
20,24,"constrained",0.299142857142857,2.5841255444764,0.299142857142857,17.5276832795966,9.21011378274272e-10,0.00925151211110051,0.00643695955519874,1.00472051947794
20,25,"standard",0.299142857142857,2.27033138355096,0.0685180377166426,16.6236077344394,3.88866716605207e-11,0.0108777462815273,0.0235114869089159,1.00056064621349
20,25,"constrained",0.299142857142857,2.59212808054282,0.299142857142857,18.9388429275586,1.30572708201271e-09,0.0093633764268995,0.0147930446682807,1.00244863147087
21,4,"standard",0.297428571428571,1.331060490645,0.27575458669264,7.84183627233693,2.03170813506404e-14,0.0258574556888043,0.829674033252226,2.00173836341575
21,4,"constrained",0.297428571428571,1.36531746243564,0.297428571428571,8.03187943051038,5.6621374255883e-15,0.0231763997086029,0.831977215679893,2.0017410395037
21,5,"standard",0.297428571428571,1.67336133968259,0.244854866318846,11.3145871315994,1.75304215588312e-13,0.0223215258139813,0.669666714559536,1.88096165903095
21,5,"constrained",0.297428571428571,1.77048329310256,0.297428571428571,11.9274142112957,2.12097261975686e-09,0.0175442167975068,0.673263104347269,1.88142823201403
21,6,"standard",0.297428571428571,1.84289118506915,0.214765903505411,15.0637653375126,5.15254505728535e-13,0.0244876525994797,0.407372630315462,1.64751985976262
21,6,"constrained",0.297428571428571,1.98544810996475,0.297428571428571,16.3081246860252,1.74916736650488e-09,0.019072302558304,0.412350265721019,1.64792763523846
21,7,"standard",0.297428571428571,1.91759022012027,0.191487492847896,18.3913165980656,5.63438184997267e-13,0.024908911521211,0.302194503526352,1.55391927494151
21,7,"constrained",0.297428571428571,2.08479606631236,0.297428571428571,20.3545954944506,1.9341429569053e-09,0.0195137305596304,0.309147987006664,1.5542016737516
21,8,"standard",0.297428571428571,2.03979609693729,0.165564983215258,20.1872988695149,1.13808962254325e-12,0.0229458518333818,0.17755855492283,1.45245957719925
21,8,"constrained",0.297428571428571,2.25530593147589,0.297428571428571,22.7542385488781,1.522465542525e-09,0.0172986632421969,0.187799814265251,1.45285933865167
21,9,"standard",0.297428571428571,2.09026984075133,0.146653170162429,22.1050244456648,1.38866695920115e-12,0.0210877087533992,0.113363147498978,1.36922418650978
21,9,"constrained",0.297428571428571,2.3324475178844,0.297428571428571,25.2979490038509,1.1907017594126e-09,0.0156076297001424,0.125078975929221,1.36961331064707
21,10,"standard",0.297428571428571,2.13228038033768,0.138702570137166,23.0107932628531,2.04114503077335e-12,0.0181837923389283,0.0644683706115217,1.30400301532781
21,10,"constrained",0.297428571428571,2.38732611938075,0.297428571428571,26.3977643615567,1.80234943636393e-09,0.0133177378597555,0.0776469960814454,1.30495074540535
21,11,"standard",0.297428571428571,2.11711773148366,0.128765099828377,22.4162130324798,1.99251726229477e-12,0.0163123013263614,0.0827022209386765,1.26882360686995
21,11,"constrained",0.297428571428571,2.36731251245614,0.297428571428571,25.6737175707247,1.3450768276968e-09,0.0123283476976971,0.0954577063922812,1.27005257474222
21,12,"standard",0.297428571428571,2.11778294416237,0.124723945754091,22.8826809558914,2.01860750337346e-12,0.0148559903537779,0.0642152588679794,1.23273688417525
21,12,"constrained",0.297428571428571,2.3710191638618,0.297428571428571,26.3166321456862,1.94985749768506e-09,0.0114677129446019,0.0759990056711146,1.2341092217442
21,13,"standard",0.297428571428571,2.15065775338658,0.121158981070634,24.0923890534898,2.114752817306e-12,0.0141501136197299,0.0316783290400657,1.18943837322576
21,13,"constrained",0.297428571428571,2.41632762501803,0.297428571428571,27.7997305868044,1.92427629386316e-09,0.0111225901142491,0.0440985251027941,1.19120590472178
21,14,"standard",0.297428571428571,2.1501782478602,0.117826878431516,23.9100139127025,2.33268959703992e-12,0.0133185102334761,0.0412152771126211,1.13866960828889
21,14,"constrained",0.297428571428571,2.41443262130968,0.297428571428571,27.5884861087056,1.07750214306535e-09,0.0106270126927876,0.0528908070762588,1.1403280439127
21,15,"standard",0.297428571428571,2.13323446277398,0.114571437334962,22.637356850306,2.42983411169462e-12,0.0134919910086625,0.029575643716659,1.10305685014817
21,15,"constrained",0.297428571428571,2.39110259290445,0.297428571428571,25.9187092339274,1.36001448991507e-09,0.0109085460819184,0.0407558787916118,1.10413868568435
21,16,"standard",0.297428571428571,2.1139608133846,0.111527562431316,21.4271274620855,2.4704682743959e-12,0.0135097236784169,0.0131403495507412,1.0703520641153
21,16,"constrained",0.297428571428571,2.3650807534317,0.297428571428571,24.3412750044896,1.84361104160757e-09,0.0109995735180695,0.0222765983235487,1.0709933682827
21,17,"standard",0.297428571428571,2.11655494307571,0.112230120500994,21.6377636504379,2.83517653798526e-12,0.0129089867362471,0.0142530315766862,1.05060403991772
21,17,"constrained",0.297428571428571,2.36706886481961,0.297428571428571,24.4992992912558,1.90678178801917e-09,0.0106763877177163,0.0228880188298897,1.05132342195731
21,18,"standard",0.297428571428571,2.14513602199326,0.107103703553428,23.1936240657237,3.5242919693701e-12,0.0126182530774218,0.000193499904439065,1.0341699086269
21,18,"constrained",0.297428571428571,2.41042118463014,0.297428571428571,26.5089020211566,1.19133874987298e-09,0.0104781250867297,0.0090867183544292,1.03469880687456
21,19,"standard",0.297428571428571,2.14142416057148,0.105733364127316,23.0744888986033,3.81583653563666e-12,0.0123640189559146,0.00134310868775778,1.02156809899584
21,19,"constrained",0.297428571428571,2.40499018929009,0.297428571428571,26.3401387368055,1.72754283100929e-09,0.0104612340917607,0.0109830543377285,1.02226424085521
21,20,"standard",0.297428571428571,2.12855153531243,0.101512955978707,22.115943910341,3.70647956771109e-12,0.0121434685717072,0.0082214856625189,1.01327959158776
21,20,"constrained",0.297428571428571,2.38920850663259,0.297428571428571,25.1683581522859,1.67371677628481e-09,0.0103804187626781,0.000638718339314615,1.01421341606097
21,21,"standard",0.297428571428571,2.12237335506498,0.102474419416868,21.6181776004654,4.3417491824016e-12,0.0116619197997885,0.0123936343958775,1.00595507444109
21,21,"constrained",0.297428571428571,2.38141662721018,0.297428571428571,24.3944404671833,1.26042465353748e-09,0.0100099350175912,0.00502242852090706,1.00694432888303
21,22,"standard",0.297428571428571,2.13848110525384,0.0979578599739462,22.4615844805512,4.75686157130895e-12,0.0111098874997849,0.00688099842015877,0.99832502191868
21,22,"constrained",0.297428571428571,2.40708962551621,0.297428571428571,25.4936149363523,2.05736161440484e-09,0.00963276601488602,0.000792097246649526,0.999492298628733
21,23,"standard",0.297428571428571,2.12325907850374,0.0935405817340936,21.625729622678,4.68169947254182e-12,0.0111962924024286,0.0155851947849932,0.994574409917802
21,23,"constrained",0.297428571428571,2.38755819473313,0.297428571428571,24.4894283381834,1.54392354456689e-09,0.00983647399590954,0.00910473475130491,0.995739091499929
21,24,"standard",0.297428571428571,2.12482883625007,0.093421204011072,21.6880702750488,6.25599572146029e-12,0.010982350998844,0.0161590136023859,0.987739011482018
21,24,"constrained",0.297428571428571,2.38756494911172,0.297428571428571,24.4897152006497,1.62142116399977e-09,0.00976349373126678,0.00910718088692075,0.988847512635226
21,25,"standard",0.297428571428571,2.12856957486065,0.090932690777636,20.887413316687,5.8493210275401e-12,0.0107172960201997,0.013185844319648,0.989447311121447
21,25,"constrained",0.297428571428571,2.39437771898347,0.297428571428571,23.5434558238879,1.68889863205735e-09,0.0095851793445604,0.00465610657242976,0.990634377280018
22,4,"standard",0.311142857142857,1.30005285712336,0.282786671097902,7.33797669807084,5.44009282066327e-15,0.0212139816808838,0.915624238341287,2.02819488236557
22,4,"constrained",0.311142857142857,1.34567569281318,0.311142857142857,7.56708100781953,1.25455201782643e-14,0.0175024039332251,0.919250404834353,2.02830351181618
22,5,"standard",0.311142857142857,1.63589549868381,0.242394355912077,11.1085442063439,7.70494779089859e-14,0.0234090217904081,0.703579963202077,1.87795407214288
22,5,"constrained",0.311142857142857,1.76340325646682,0.311142857142857,11.9269601064926,2.20271162421071e-09,0.0171935413669297,0.701018666514409,1.87942567869583
22,6,"standard",0.311142857142857,1.85893905218971,0.224719607507457,13.4549805110554,1.24911192500576e-12,0.0187618440064146,0.447106841958283,1.65983416714334
22,6,"constrained",0.311142857142857,2.01657188503178,0.311142857142857,14.4874384776972,1.81751169670008e-09,0.0127981667831812,0.445347494463173,1.66174231134498
22,7,"standard",0.311142857142857,2.03789650536397,0.209881830698467,15.4361080801871,1.2152501227547e-11,0.014418916899534,0.334508064532841,1.57164672452965
22,7,"constrained",0.311142857142857,2.20702366491087,0.311142857142857,16.5710442010548,1.14805087658709e-09,0.0102611557579019,0.334584038413691,1.57278295503955
22,8,"standard",0.311142857142857,2.19793237814676,0.178601109854164,17.2555742805462,2.25185425861696e-11,0.0147507465639681,0.187494432776348,1.46472827735428
22,8,"constrained",0.311142857142857,2.4342310093253,0.311142857142857,18.8782774098703,1.92082200145549e-09,0.00964947436722564,0.185390721375999,1.46611471747633
22,9,"standard",0.311142857142857,2.32158898592839,0.1525957420908,19.5615324525231,3.37931904681454e-11,0.0137797570964454,0.102108348740593,1.38454946536943
22,9,"constrained",0.311142857142857,2.61853658828103,0.311142857142857,21.8171723474139,1.15213444340512e-09,0.00906764776989578,0.101452896217546,1.38601117139223
22,10,"standard",0.311142857142857,2.42547830373995,0.141363684075176,20.7804855000013,6.91201540448105e-11,0.0116223739618909,0.0537215992008271,1.31790510459334
22,10,"constrained",0.311142857142857,2.74042237372173,0.311142857142857,23.1352319181618,1.9056354272351e-09,0.00766112153940586,0.0586104762528823,1.31956288484715
22,11,"standard",0.311142857142857,2.41916673065493,0.139331151480127,21.1013697538968,7.88734633161425e-11,0.0124870466890494,0.0468346613718156,1.27899876660056
22,11,"constrained",0.311142857142857,2.73372452927285,0.311142857142857,23.7244432928159,1.09168246664737e-09,0.00899035072256086,0.0490231469262232,1.28060066660728
22,12,"standard",0.311142857142857,2.42830569123748,0.138449619943137,21.211157521422,1.04891206831326e-10,0.0116837528080165,0.0427407720643576,1.23411273016678
22,12,"constrained",0.311142857142857,2.74157628500682,0.311142857142857,23.8122871833503,1.75882242103853e-09,0.00910912373612932,0.0461104789291271,1.2351816287494
22,13,"standard",0.311142857142857,2.43925313416803,0.134622787803994,21.9844425152585,1.04644293230649e-10,0.0110963130767376,0.0282192987845686,1.19245381982403
22,13,"constrained",0.311142857142857,2.7613259000475,0.311142857142857,24.834570332615,1.29361649170434e-09,0.00858505000108019,0.0320460814225401,1.19386567079408
22,14,"standard",0.311142857142857,2.43647291440566,0.134114856461087,21.7864694819378,1.07482023281591e-10,0.0103310332462882,0.0257437778135854,1.14351901715631
22,14,"constrained",0.311142857142857,2.75619910369854,0.311142857142857,24.4871318878945,9.43298661404413e-10,0.00813111309226993,0.0285530704201591,1.14472488829784
22,15,"standard",0.311142857142857,2.50424322157749,0.128716543653713,22.9847204923553,1.59454671688763e-10,0.00990724924953894,0.0100001910100032,1.11257124280522
22,15,"constrained",0.311142857142857,2.84639656534629,0.311142857142857,25.9299113147414,1.23248672379006e-09,0.0078445731329942,0.00711550977367903,1.11392756682167
22,16,"standard",0.311142857142857,2.51438912783122,0.127760021687079,23.2765965364263,1.60031210505451e-10,0.00955481769305756,0.0161790490578513,1.08090632544617
22,16,"constrained",0.311142857142857,2.86114593265931,0.311142857142857,26.2811798136628,1.88528997968618e-09,0.00771342674721886,0.0133064329367256,1.08207935502446
22,17,"standard",0.311142857142857,2.50735267084745,0.124724925426014,23.2047345932371,1.62439062201258e-10,0.00937868465310233,0.0242843778355191,1.06118151032041
22,17,"constrained",0.311142857142857,2.85106361997024,0.311142857142857,25.9840383658035,1.96549865272289e-09,0.00774788980474473,0.0214581600850314,1.06255917755961
22,18,"standard",0.311142857142857,2.48132639413304,0.117473640589193,22.7749618978663,1.85129356289337e-10,0.00922296965546509,0.0174539264078062,1.04545137413333
22,18,"constrained",0.311142857142857,2.82265269809307,0.311142857142857,25.4758176010846,1.53895202137377e-09,0.00776333325264883,0.0141496031840092,1.04678968848555
22,19,"standard",0.311142857142857,2.49156870101981,0.115371153712643,22.9926048384695,2.2271451349809e-10,0.00908526944665828,0.0225782917664006,1.03338191437683
22,19,"constrained",0.311142857142857,2.83333799337419,0.311142857142857,25.7123794809224,1.68372427111763e-09,0.00786611053358903,0.018908269353572,1.03470758353974
22,20,"standard",0.311142857142857,2.49284175445656,0.115970060595209,23.3314184263642,2.23673080057551e-10,0.00891973691013985,0.020483436011407,1.01906069560619
22,20,"constrained",0.311142857142857,2.83575654479437,0.311142857142857,26.16873063599,1.63157509724954e-09,0.00780666157591742,0.0167884112014685,1.0204711764884
22,21,"standard",0.311142857142857,2.49479066062661,0.116980126691547,23.2178470016843,2.26470397990397e-10,0.00868867965692121,0.0186730329438003,1.01332370936027
22,21,"constrained",0.311142857142857,2.8388726301628,0.311142857142857,26.0392217784795,1.12820908171329e-09,0.00780588698066966,0.0151101893283379,1.01478223310638
22,22,"standard",0.311142857142857,2.51328764617272,0.115554175050615,23.8523136262004,3.26847215958992e-10,0.00861763618344313,0.0253579081457769,1.00171426147317
22,22,"constrained",0.311142857142857,2.85721819748389,0.311142857142857,26.7183470044224,1.82567083673035e-09,0.00792493315181602,0.0211734267045971,1.00298766246779
22,23,"standard",0.311142857142857,2.58412475217824,0.10900103217409,26.8515073588547,3.62491148209187e-10,0.00865841900185379,0.0350179788971179,0.998205253773665
22,23,"constrained",0.311142857142857,2.96855235828611,0.311142857142857,30.616825615097,1.78334891298704e-09,0.00799368524754868,0.0300433823007378,0.999494261570355
22,24,"standard",0.311142857142857,2.59970685842828,0.107228864322528,27.2845785563243,4.40104730436985e-10,0.00861779944158036,0.0411822942824074,0.992633700478284
22,24,"constrained",0.311142857142857,2.98387233157843,0.311142857142857,31.0589005784751,1.74407416286826e-09,0.00806110917143162,0.0360105779400088,0.993796553308478
22,25,"standard",0.311142857142857,2.58281787633826,0.104877345530088,26.9382110170873,4.31249480570273e-10,0.00847959286149588,0.0404486997495432,0.991400630993145
22,25,"constrained",0.311142857142857,2.96164491892777,0.311142857142857,30.6654479951989,1.15599652072973e-09,0.00801819578521935,0.035372015286832,0.992674437264818
23,4,"standard",0.301428571428571,1.11345710364105,0.284861187137996,6.59801667455888,8.2425316572099e-10,0.0259454024767551,0.948869129887058,2.04851851477201
23,4,"constrained",0.301428571428571,1.13370491530783,0.301428571428571,6.71172340217429,1.60520507996864e-09,0.0240199098066079,0.952352791496803,2.04878273606941
23,5,"standard",0.301428571428571,1.46114549043544,0.256850347000427,9.49831200530133,2.74225087082414e-14,0.0201720076250842,0.760845115641056,1.90436043169654
23,5,"constrained",0.301428571428571,1.52800999624643,0.301428571428571,9.89614822254713,1.58631541236076e-09,0.0162810141900044,0.76584029182766,1.90483040743921
23,6,"standard",0.301428571428571,1.69706296979153,0.225815199133495,12.6157706253526,2.47024622979097e-13,0.0209343785038367,0.476884172998871,1.65689243526122
23,6,"constrained",0.301428571428571,1.81391318370995,0.301428571428571,13.4384467208537,1.80887771428218e-09,0.0161586757389735,0.485097907801487,1.65764382324739
23,7,"standard",0.301428571428571,1.90614350094577,0.199723130512841,15.6953215649492,1.76736403290079e-12,0.0198597999244978,0.364825771665746,1.56634503482418
23,7,"constrained",0.301428571428571,2.05162606558788,0.301428571428571,16.8413291082777,1.862856591206e-09,0.0154186346536278,0.374677620099604,1.56686358075244
23,8,"standard",0.301428571428571,1.95168283632582,0.174630791084602,17.1562429635884,2.40396591522085e-12,0.0198909486969857,0.259251898969262,1.45992818256167
23,8,"constrained",0.301428571428571,2.12243972259207,0.301428571428571,18.72081716008,1.38266081917138e-09,0.0152831562026518,0.270599571143138,1.46073901939921
23,9,"standard",0.301428571428571,1.98368059125439,0.164455344843265,17.76751877909,3.15913961657088e-12,0.0160976594780118,0.218104568193027,1.37932475806095
23,9,"constrained",0.301428571428571,2.16149381103477,0.301428571428571,19.4285782258903,1.62863078578823e-09,0.0124489105974833,0.231202967724841,1.3799646992815
23,10,"standard",0.301428571428571,2.05838169059774,0.14773363343519,19.4187630931751,3.78141962187328e-12,0.0154520967045774,0.131021452321713,1.31243158605027
23,10,"constrained",0.301428571428571,2.27507742271525,0.301428571428571,21.5643545287,1.38291789131273e-09,0.0116598889788397,0.140810773517079,1.31414675727835
23,11,"standard",0.301428571428571,2.05872671231251,0.138914479225581,20.5642598181179,3.71136454901944e-12,0.0134860770223094,0.145971159805702,1.27746634304386
23,11,"constrained",0.301428571428571,2.27840792322674,0.301428571428571,23.0187651064016,1.7579575017912e-09,0.0102239243633055,0.156142438322614,1.27904817269363
23,12,"standard",0.301428571428571,2.06602163400234,0.132097034018213,19.75504110948,3.81050746511846e-12,0.0122631603560175,0.11870528655489,1.2363259727439
23,12,"constrained",0.301428571428571,2.2910500025486,0.301428571428571,22.021625905047,1.46980028148391e-09,0.00922195522077293,0.128197772079846,1.23751098785569
23,13,"standard",0.301428571428571,2.10938913649055,0.125763023675031,20.888603280898,3.97104571447926e-12,0.0115974974363493,0.0866194042850355,1.18771841943186
23,13,"constrained",0.301428571428571,2.35408069240752,0.301428571428571,23.3999526712268,1.06584469028448e-09,0.00875407229732959,0.0958312763478526,1.18909264120898
23,14,"standard",0.301428571428571,2.12160777632689,0.12292918973924,21.156799399234,4.01645383618643e-12,0.0108351090574939,0.0720457397815686,1.13481188276789
23,14,"constrained",0.301428571428571,2.37233348894483,0.301428571428571,23.7300814327957,9.74304859013841e-10,0.00825670296853282,0.0808889206473822,1.1358000223155
23,15,"standard",0.301428571428571,2.12127554394819,0.122791163703955,21.1914381036903,4.2508219166848e-12,0.010039481861883,0.070349880684228,1.10324788245287
23,15,"constrained",0.301428571428571,2.37182151915889,0.301428571428571,23.7521003930407,1.1064717475584e-09,0.00785784773799851,0.079982761174425,1.10379455060258
23,16,"standard",0.301428571428571,2.10223757270576,0.119623973096484,21.2675633570935,5.92492721551707e-12,0.0108293789595839,0.0543701570802115,1.07135151218296
23,16,"constrained",0.301428571428571,2.35222018215946,0.301428571428571,24.2479163142331,1.67786745608467e-09,0.00860669384870281,0.0610664023252099,1.07215681424981
23,17,"standard",0.301428571428571,2.10222202530291,0.119601528008581,21.2613727564845,5.97055738182917e-12,0.0101238107660195,0.0543194885960894,1.05278292442738
23,17,"constrained",0.301428571428571,2.35216301701353,0.301428571428571,24.229276635843,1.58813068251717e-09,0.00817526532533889,0.0609441358520577,1.05367553095159
23,18,"standard",0.301428571428571,2.10391487662311,0.11703409197082,20.9931773565731,5.97466520702028e-12,0.00970881002518125,0.0584799706537575,1.03633152735796
23,18,"constrained",0.301428571428571,2.35719045269555,0.301428571428571,23.8610762693564,1.25777038784136e-09,0.00797146816980606,0.0659298775624348,1.03725056894487
23,19,"standard",0.301428571428571,2.11042498334819,0.113870013090978,21.3746254730079,5.89484017154973e-12,0.00970249571580568,0.0534604532300742,1.02260770813335
23,19,"constrained",0.301428571428571,2.36741024973871,0.301428571428571,24.3343398678465,9.19932352516639e-10,0.0081012757225403,0.0612089624855496,1.02338633565332
23,20,"standard",0.301428571428571,2.09734198044629,0.109903691058667,20.787141416466,5.97455418471782e-12,0.00985961398581175,0.0474079842435655,1.00927999386975
23,20,"constrained",0.301428571428571,2.35136653833024,0.301428571428571,23.4040326400708,1.28393701226415e-09,0.00837589779653258,0.0548756167370481,1.01018103222606
23,21,"standard",0.301428571428571,2.11708169455604,0.110021324936107,21.9370380722555,5.86330983765038e-12,0.0100702812073878,0.0285395627941494,1.00172977436246
23,21,"constrained",0.301428571428571,2.3858289548854,0.301428571428571,25.0195320993476,1.27290777918176e-09,0.00858922528644173,0.0353224459270436,1.00267139772045
23,22,"standard",0.301428571428571,2.11872185442019,0.109581508587738,22.0543592462932,5.88806781109952e-12,0.00983031105090089,0.0275677114496133,0.992529887515879
23,22,"constrained",0.301428571428571,2.38821320899136,0.301428571428571,25.1683670881335,1.70212482997201e-09,0.00848659881974553,0.0343012333438288,0.993395446086954
23,23,"standard",0.301428571428571,2.13288593498542,0.106635039953345,21.8818179330354,5.91704463204223e-12,0.00973613066092563,0.0232700140804276,0.98887604322981
23,23,"constrained",0.301428571428571,2.40802274974496,0.301428571428571,24.6269206339082,1.63737012837117e-09,0.00850734899105711,0.0298209587138185,0.989778390057999
23,24,"standard",0.301428571428571,2.13577278123614,0.0996608706197928,24.5750248890015,5.51381162949838e-12,0.00982934962607497,0.0134658579631024,0.985864956929267
23,24,"constrained",0.301428571428571,2.42438341225607,0.301428571428571,28.1870306067573,1.75167497173945e-09,0.00854443801697,0.0204287778629508,0.986883086966197
23,25,"standard",0.301428571428571,2.13260650097637,0.0949743820790971,24.1451219009234,5.55744339436615e-12,0.00970126916987613,0.0133641385545893,0.985598329521655
23,25,"constrained",0.301428571428571,2.42100215075904,0.301428571428571,27.6569512961116,1.90496568519549e-09,0.0085262052492931,0.0203004759519576,0.986807070543489
24,4,"standard",0.302857142857143,1.22065572921197,0.283696109549115,7.14874114926639,4.71844785465692e-15,0.0238903823011426,0.756906232321569,1.95998286148125
24,4,"constrained",0.302857142857143,1.2484643749823,0.302857142857143,7.30519534801212,1.19348975147204e-14,0.0214750618378069,0.758155161690225,1.9600500976916
24,5,"standard",0.302857142857143,1.41983824176373,0.2601001460078,9.33210397461973,4.38538094726937e-15,0.0197383262062429,0.550807308927054,1.84274548991825
24,5,"constrained",0.302857142857143,1.48356187576433,0.302857142857143,9.73775500938179,1.90771254349187e-09,0.0159511503078845,0.549815577157749,1.84353829583492
24,6,"standard",0.302857142857143,1.59293969470643,0.23797699592226,11.4711449346003,4.18554080283684e-14,0.0178032220604756,0.325396242944437,1.63574571534437
24,6,"constrained",0.302857142857143,1.68852768527336,0.302857142857143,12.1468905205862,1.82302012374791e-09,0.0137191502383439,0.325930943418148,1.63705650377179
24,7,"standard",0.302857142857143,1.73509300504637,0.218829410445879,13.3121473421255,2.95652391457679e-13,0.0151257600769597,0.183807856935656,1.56478655764505
24,7,"constrained",0.302857142857143,1.84368241387978,0.302857142857143,14.1205423802016,1.93724580821453e-09,0.0113968970844277,0.182940971035788,1.56625641947873
24,8,"standard",0.302857142857143,1.80054208175051,0.193750955664797,14.2963982790659,4.14668299697496e-13,0.0146303920795803,0.0644921952922317,1.48683688402705
24,8,"constrained",0.302857142857143,1.93628952562329,0.302857142857143,15.3585392547615,1.94495003436046e-09,0.0109239704057228,0.0619130749061139,1.48893213410451
24,9,"standard",0.302857142857143,1.84572696952975,0.176171455100282,15.2679391974633,5.64992497231742e-13,0.0131202432612194,0.00310741676703064,1.40707033143361
24,9,"constrained",0.302857142857143,1.99297780661378,0.302857142857143,16.499647263348,1.18576060081921e-09,0.00962700040462607,0.00238249511861444,1.40881576358974
24,10,"standard",0.302857142857143,1.86641992191719,0.166839318173864,15.8471887740112,8.03357380618763e-13,0.0114672193533005,0.0412950621201453,1.3385089043556
24,10,"constrained",0.302857142857143,2.01962736207152,0.302857142857143,17.200565303825,1.08314301972001e-09,0.00861712199014939,0.0421895186518819,1.34031344956139
24,11,"standard",0.302857142857143,1.86568009565109,0.163285953288671,16.1687105939358,8.1468165546994e-13,0.0107818954685866,0.0363901936205941,1.3033995462788
24,11,"constrained",0.302857142857143,2.0184397219422,0.302857142857143,17.5320260784149,1.12309617161799e-09,0.00837702476073489,0.0380974015396545,1.3052143388152
24,12,"standard",0.302857142857143,1.87383352830968,0.161532454312625,16.3217119834979,1.12942988295117e-12,0.0100051579813416,0.044095298315435,1.25839998205063
24,12,"constrained",0.302857142857143,2.02519999343831,0.302857142857143,17.6618684311683,1.75071884767064e-09,0.00844051451418909,0.0442141463293773,1.25941573738
24,13,"standard",0.302857142857143,1.87262813297862,0.155681802592198,16.5744012804509,1.12287956710588e-12,0.0103644514613409,0.0619371699518325,1.2146972441235
24,13,"constrained",0.302857142857143,2.02779904102707,0.302857142857143,18.121997220518,1.59107538255654e-09,0.00869969706898758,0.0622033841289955,1.21572857713365
24,14,"standard",0.302857142857143,1.87442207648693,0.155182861054486,16.602479068128,1.30095934025576e-12,0.00961056442183823,0.0641039466934439,1.15860151927074
24,14,"constrained",0.302857142857143,2.0286442342439,0.302857142857143,18.1357464598003,1.08114844854512e-09,0.00827551217405281,0.0632024565160645,1.15916811798729
24,15,"standard",0.302857142857143,1.8805406136401,0.153975947653579,16.759008674532,1.33615341013638e-12,0.00912681735037578,0.072484164898964,1.13095555202744
24,15,"constrained",0.302857142857143,2.03644437220445,0.302857142857143,18.3183066457857,1.33772254384823e-09,0.00779840033542186,0.0715861924229291,1.13154251540847
24,16,"standard",0.302857142857143,1.88786661694712,0.153111804577287,16.9277253541665,1.64801505775358e-12,0.00877666371781275,0.077791295094003,1.09595658055154
24,16,"constrained",0.302857142857143,2.04366089587034,0.302857142857143,18.4901259022645,1.37815231449068e-09,0.00769961089110377,0.0762978916783386,1.09656273001188
24,17,"standard",0.302857142857143,1.88985111021038,0.146830296088412,16.8029104550879,1.64612767861172e-12,0.00887708926240479,0.069470976288101,1.07715070151639
24,17,"constrained",0.302857142857143,2.04879411720609,0.302857142857143,18.3539134483495,1.5620615911871e-09,0.0079861314586078,0.0669028312874751,1.07766025067289
24,18,"standard",0.302857142857143,1.88839978267661,0.145353890612279,16.7139377448118,1.69464442478784e-12,0.00870412301880346,0.0664236282748885,1.05973672960589
24,18,"constrained",0.302857142857143,2.04690915080623,0.302857142857143,18.2340055462791,1.98280830643327e-09,0.00790569345119245,0.0634324408220239,1.06035842368453
24,19,"standard",0.302857142857143,1.89257875490265,0.147226060461206,16.8982134027471,1.6929790902509e-12,0.00828753087091351,0.0712917745091861,1.04774355819459
24,19,"constrained",0.302857142857143,2.05104239504524,0.302857142857143,18.4258904246234,1.88930476818783e-09,0.00763815397492142,0.0678395973985397,1.04813943433572
24,20,"standard",0.302857142857143,1.92062038680497,0.139553525715987,18.2631025331252,1.88826732028247e-12,0.00814475982328473,0.0936361501474714,1.03379583177971
24,20,"constrained",0.302857142857143,2.08879600194421,0.302857142857143,19.8990301134144,2.1598105526266e-09,0.00760343269449191,0.0903138285471581,1.03418164084765
24,21,"standard",0.302857142857143,1.9303478720862,0.129531268882722,19.1455434726442,1.93745020027336e-12,0.00815437429633257,0.10391724773097,1.02756634095649
24,21,"constrained",0.302857142857143,2.10693344718613,0.302857142857143,21.0091080541179,1.36632238856293e-09,0.00762932466537464,0.100415251602625,1.02794099143891
24,22,"standard",0.302857142857143,1.91539544933129,0.125283901534885,18.1050479680377,1.94610993986544e-12,0.00820372268817609,0.111845282690924,1.02288102225426
24,22,"constrained",0.302857142857143,2.08995845069683,0.302857142857143,19.7653775418823,1.16218157319992e-09,0.00769615540406675,0.108634133260599,1.02351422618495
24,23,"standard",0.302857142857143,1.91187664464593,0.12292363429266,18.8216791636183,1.93456362040934e-12,0.00828868958076383,0.115314604582957,1.02092640088681
24,23,"constrained",0.302857142857143,2.08738552804875,0.302857142857143,20.6881900726339,1.78567799435925e-09,0.00776565527445636,0.11217884328942,1.02172422338623
24,24,"standard",0.302857142857143,1.91012383064215,0.123533182443689,18.7237169220091,1.97986071981404e-12,0.00823795175672795,0.114735970242601,1.01627531544771
24,24,"constrained",0.302857142857143,2.08515649532808,0.302857142857143,20.5788090266106,2.13821088612676e-09,0.00777549063676964,0.111701930868628,1.01699926563298
24,25,"standard",0.302857142857143,1.90794158025814,0.121365259891241,18.5913643822559,2.03526084874284e-12,0.00811681849976668,0.113355357430629,1.0132833342476
24,25,"constrained",0.302857142857143,2.08273759176894,0.302857142857143,20.4374125092345,1.17946696853721e-09,0.00770698606634254,0.110328628619896,1.01392964165132
25,4,"standard",0.304142857142857,1.25044997935927,0.282265307860183,7.12361575142063,5.05151476204446e-15,0.0222141767526468,1.09740502483691,2.08763603654177
25,4,"constrained",0.304142857142857,1.28254926865415,0.304142857142857,7.2891775330804,1.43773881688958e-14,0.0194759236945951,1.1009953462138,2.08760170672359
25,5,"standard",0.304142857142857,1.62511785809198,0.25506752492825,10.1930026539649,7.03215263797574e-13,0.0166562483088386,0.979067099986727,1.98935283161313
25,5,"constrained",0.304142857142857,1.70551007762351,0.304142857142857,10.6386032120316,1.46318662741507e-09,0.0123370999354628,0.985257356248352,1.98981949500013
25,6,"standard",0.304142857142857,1.89890438104168,0.2090322980037,15.3869853575797,2.19302354054207e-12,0.0242118275815649,0.663335475571775,1.70407060517724
25,6,"constrained",0.304142857142857,2.05969689173143,0.304142857142857,16.7571524462557,1.74304159994421e-09,0.018317997891292,0.671152617546658,1.70451610644325
25,7,"standard",0.304142857142857,2.11307237882972,0.188757229942311,18.5470960065418,7.70772334846015e-12,0.0212089320451362,0.5211946632556,1.59340880460046
25,7,"constrained",0.304142857142857,2.31909184984492,0.304142857142857,20.3815457856464,1.05385589144191e-09,0.0156025206498646,0.526194199615502,1.59399400547204
25,8,"standard",0.304142857142857,2.19770023930139,0.171642553281239,19.434380512416,1.69503300284646e-11,0.0185398002945069,0.431856570227076,1.48903672152729
25,8,"constrained",0.304142857142857,2.42909997585092,0.304142857142857,21.4856730834564,1.41019418364863e-09,0.01341681067522,0.438570314580173,1.48971635837399
25,9,"standard",0.304142857142857,2.30381413868996,0.140587675460074,23.0225079792666,1.52693413468796e-11,0.0190588045433037,0.30382377723237,1.391714277479
25,9,"constrained",0.304142857142857,2.63705269857414,0.304142857142857,26.633745458846,1.08342423921215e-09,0.0130651964805081,0.305735734897289,1.39267748352873
25,10,"standard",0.304142857142857,2.34843199542932,0.133799776174456,23.8070914353214,2.17629247956097e-11,0.0167390337767631,0.27169062201012,1.32326542542863
25,10,"constrained",0.304142857142857,2.69137129691461,0.304142857142857,27.5333291669504,1.13693865433362e-09,0.0116421267222848,0.27655786918252,1.32394357513219
25,11,"standard",0.304142857142857,2.31760909298224,0.129854795511184,22.7954533507151,2.7210456110538e-11,0.0169359040022086,0.258967136467159,1.2848228141277
25,11,"constrained",0.304142857142857,2.64744059634575,0.304142857142857,26.1350240454656,1.20087900734589e-09,0.0125334907908363,0.262069638670099,1.28575179701095
25,12,"standard",0.304142857142857,2.40957077688551,0.120248634696001,25.0894348588854,4.04991595814863e-11,0.0153005358402371,0.203336858427491,1.23941634491942
25,12,"constrained",0.304142857142857,2.77210103136312,0.304142857142857,28.9733449174558,1.15946496848096e-09,0.0111075257123655,0.207971647926628,1.2403858471751
25,13,"standard",0.304142857142857,2.38009661324305,0.110019868002476,22.2504698966347,3.69939634481398e-11,0.0155883544723048,0.15334429380462,1.19038655911241
25,13,"constrained",0.304142857142857,2.74220052166143,0.304142857142857,25.5250343502505,9.6256558279606e-10,0.0114753858193672,0.15623786965036,1.19138343540924
25,14,"standard",0.304142857142857,2.42499612860488,0.103569628409233,23.1984503367933,4.26896296090717e-11,0.0146404741318279,0.123230534227022,1.13718318722594
25,14,"constrained",0.304142857142857,2.80814656678059,0.304142857142857,26.7170070309707,1.46165596293102e-09,0.0109186064193558,0.126762274719791,1.13822186296804
25,15,"standard",0.304142857142857,2.43309679865925,0.102261533182761,23.7638881523462,5.27968779806542e-11,0.0137030293871626,0.113618556293462,1.10769830886885
25,15,"constrained",0.304142857142857,2.81340246033488,0.304142857142857,27.3430481440428,1.04118763610828e-09,0.0104272639582272,0.119392631090856,1.10911918888123
25,16,"standard",0.304142857142857,2.44737910670729,0.0983733169080454,25.1334751693163,5.20131715475713e-11,0.0138375951156471,0.094865979603858,1.07605713171645
25,16,"constrained",0.304142857142857,2.84854198380574,0.304142857142857,29.2743797210091,1.0027469965479e-09,0.0106218968588068,0.101004544221451,1.0779028548312
25,17,"standard",0.304142857142857,2.44438494587869,0.0915309255953642,24.4992238491411,5.06729103122439e-11,0.0135179664469105,0.0816756769328704,1.05414454291394
25,17,"constrained",0.304142857142857,2.85256553339562,0.304142857142857,28.9540855629885,1.67676245110826e-09,0.0104894255567957,0.0865326584986033,1.05600954436103
25,18,"standard",0.304142857142857,2.41794600606966,0.0858541680576105,23.94901145917,6.75277611605907e-11,0.0130993821716014,0.0876080585838226,1.04301968598507
25,18,"constrained",0.304142857142857,2.81782874574474,0.304142857142857,28.253407868299,1.0129225236355e-09,0.0104677286443313,0.09336067769702,1.04502572764062
25,19,"standard",0.304142857142857,2.38484221642949,0.0831272777568053,23.0558604620149,8.96148710793909e-11,0.0130715972412721,0.081122706012005,1.02981874053643
25,19,"constrained",0.304142857142857,2.76855838369049,0.304142857142857,26.9745519417359,1.09574521678368e-09,0.0106757461482897,0.0867482497345149,1.03187797563566
25,20,"standard",0.304142857142857,2.41013549528374,0.0813281000999015,23.7334211305131,1.41438416534356e-10,0.0127675045093482,0.0749352556633642,1.01548122682821
25,20,"constrained",0.304142857142857,2.7931327442118,0.304142857142857,27.6267448886069,1.71819863892253e-09,0.0106493066091242,0.0818384825102783,1.0178103040303
25,21,"standard",0.304142857142857,2.42227057486572,0.0762178166273242,25.2888712859261,1.40985112473402e-10,0.0125636867415089,0.0564939401178988,1.00961096773352
25,21,"constrained",0.304142857142857,2.81638792526803,0.304142857142857,29.7202329462989,1.07817954564382e-09,0.0104941024772879,0.061763405012127,1.01228598077199
25,22,"standard",0.304142857142857,2.45588507172238,0.0808468058261269,26.4264391857515,1.70389147235994e-10,0.0121192424725853,0.0443276755177626,1.00344553741343
25,22,"constrained",0.304142857142857,2.85798465281898,0.304142857142857,30.9818562062494,1.41111594631482e-09,0.0102118587584028,0.0503316450900488,1.00622820469854
25,23,"standard",0.304142857142857,2.47165732343784,0.0798365036343816,26.979202988093,2.26399676783728e-10,0.0117608181034521,0.0393627547111288,1.00484577624925
25,23,"constrained",0.304142857142857,2.8758215366301,0.304142857142857,31.5661604657393,1.53207641018227e-09,0.0100027875727163,0.0459138983377754,1.0072274322952
25,24,"standard",0.304142857142857,2.46637250185219,0.080266341995251,26.8082338826595,2.43880915462569e-10,0.0115247896675701,0.0424683495195293,1.00468242914887
25,24,"constrained",0.304142857142857,2.86747917214842,0.304142857142857,31.3109970328209,1.42346223697132e-09,0.00996343862125913,0.0504756724484539,1.00757489749655
25,25,"standard",0.304142857142857,2.46667120419489,0.0805111643679375,26.8548668184071,2.85131807054029e-10,0.011260184124338,0.0422651746716882,1.0029532769658
25,25,"constrained",0.304142857142857,2.86747305498956,0.304142857142857,31.2929509900348,1.46541068168915e-09,0.00984904343128077,0.0505617234626712,1.00569614110222
26,4,"standard",0.301428571428571,1.40495004456985,0.28322097486995,7.5335626289619,6.21724893790088e-15,0.015244977599825,0.941567002712103,2.03779370707959
26,4,"constrained",0.301428571428571,1.43441571010246,0.301428571428571,7.66665841683527,2.36477504245158e-14,0.0133902116212663,0.943202327375498,2.03778263850457
26,5,"standard",0.301428571428571,1.68526920027683,0.258745703321243,10.0418437618893,1.77702297321503e-12,0.0122345541676677,0.778281911122791,1.90689987739649
26,5,"constrained",0.301428571428571,1.75694228088953,0.301428571428571,10.4019298214224,1.95056004681504e-09,0.00999910388975418,0.780108731991706,1.90684468373365
26,6,"standard",0.301428571428571,1.86682056471248,0.230016707575982,12.8102580489615,1.36788358418016e-11,0.0142490989426543,0.549029149405023,1.67408211622838
26,6,"constrained",0.301428571428571,1.97474861816251,0.301428571428571,13.5039756409211,1.6841154026892e-09,0.011038890528296,0.553741057715672,1.67424822428718
26,7,"standard",0.301428571428571,2.14145472640486,0.196668739279428,17.3066044362377,1.04255493127425e-10,0.0159042181161589,0.406724674386687,1.57319993287012
26,7,"constrained",0.301428571428571,2.28765213886728,0.301428571428571,18.5060237865217,1.68716268733604e-09,0.012125479415232,0.414456378972334,1.57382593859519
26,8,"standard",0.301428571428571,2.19746289969093,0.176576524512057,18.5141438324915,1.17015952483257e-10,0.0154135139287372,0.300948502263626,1.47084952094252
26,8,"constrained",0.301428571428571,2.37532240082295,0.301428571428571,20.1093939668981,1.29588301200911e-09,0.0114462019562253,0.309208434445084,1.47158056507892
26,9,"standard",0.301428571428571,2.31929436594706,0.15330811506315,20.7634489044197,1.71246128388702e-10,0.0142472611477684,0.210898212251324,1.38203219012613
26,9,"constrained",0.301428571428571,2.54033947100785,0.301428571428571,22.8774784433503,1.90447035919306e-09,0.0106166711676308,0.220816686640393,1.38264130112935
26,10,"standard",0.301428571428571,2.34613514303212,0.14746282980952,21.2519974162479,1.96741622993102e-10,0.0125405298656841,0.183336227239531,1.31576233356431
26,10,"constrained",0.301428571428571,2.57551837512535,0.301428571428571,23.456823871132,2.01307998048961e-09,0.00954619881396374,0.193810869722736,1.31623433603867
26,11,"standard",0.301428571428571,2.35576263279521,0.130241955802312,20.4680465080485,1.94773197570441e-10,0.0117865626172061,0.218136219996902,1.28661095884373
26,11,"constrained",0.301428571428571,2.59461293564186,0.301428571428571,22.5484076923226,1.32043864731202e-09,0.00924038743943525,0.230072159347847,1.2873919250593
26,12,"standard",0.301428571428571,2.38564157608816,0.118837412422158,22.2405124097571,2.14136819387534e-10,0.0114986817015084,0.168401592091393,1.24220566532404
26,12,"constrained",0.301428571428571,2.64255020752448,0.301428571428571,24.8475967643275,1.11011183578924e-09,0.00895636320566404,0.178508922950303,1.24296057846096
26,13,"standard",0.301428571428571,2.40207336884065,0.11569752417948,22.9886574841211,2.20843676679294e-10,0.010647184879889,0.150140889105968,1.19364075239442
26,13,"constrained",0.301428571428571,2.66589833732325,0.301428571428571,25.772456251859,1.19386051045112e-09,0.00824925779293005,0.160480176101185,1.19427553107329
26,14,"standard",0.301428571428571,2.38423305465517,0.108124169392269,20.5348746457991,2.13160489259678e-10,0.0107414809199648,0.113382245612081,1.13648786523448
26,14,"constrained",0.301428571428571,2.65003808542003,0.301428571428571,22.741145106554,1.97331412321589e-09,0.00845254795599225,0.123101272408099,1.13699900146103
26,15,"standard",0.301428571428571,2.4057691050925,0.10316071980224,18.3891034716231,2.1978985298432e-10,0.0109134405565709,0.0733009547272045,1.10088935338868
26,15,"constrained",0.301428571428571,2.68606183088806,0.301428571428571,20.7965152358645,1.45480255620001e-09,0.00872201707898048,0.0831125345845605,1.1014042928314
26,16,"standard",0.301428571428571,2.4289763314354,0.0993733722375801,19.6946354294071,2.37986741424834e-10,0.0105512453599704,0.0487674356456465,1.06992947895785
26,16,"constrained",0.301428571428571,2.71901786741874,0.301428571428571,22.4291164541908,1.00326885688062e-09,0.0085455391864513,0.0587618948230455,1.07042391678612
26,17,"standard",0.301428571428571,2.42311117776608,0.100036335658374,19.616300461427,2.49811393793209e-10,0.0101643539996734,0.0514065458936264,1.04989837204212
26,17,"constrained",0.301428571428571,2.71033525433056,0.301428571428571,22.3231099513112,1.2398533311142e-09,0.0086066173761461,0.0619807191495765,1.05071434032423
26,18,"standard",0.301428571428571,2.431832217649,0.0938711919950028,19.7072706652106,2.58098764582826e-10,0.00999631618598125,0.0413620792160598,1.03796019288011
26,18,"constrained",0.301428571428571,2.72576553159758,0.301428571428571,21.8639254388819,1.50469003923348e-09,0.00852911953780179,0.0519367464177902,1.03892707617752
26,19,"standard",0.301428571428571,2.42136163114592,0.0892325975484026,20.3486010422287,3.09672842924158e-10,0.0102250681198556,0.035463654485568,1.02332420629107
26,19,"constrained",0.301428571428571,2.7210096362474,0.301428571428571,22.9189480466142,1.85371207273022e-09,0.0086772693262819,0.0457668856272759,1.02452883070842
26,20,"standard",0.301428571428571,2.4350161225165,0.0915193861702394,20.8793438994761,3.56722096306328e-10,0.0099999322928844,0.0255936783831396,1.00966378963721
26,20,"constrained",0.301428571428571,2.7382997403826,0.301428571428571,23.5678883072947,9.89709814103179e-10,0.00864579264746061,0.0352534223655665,1.01100960600125
26,21,"standard",0.301428571428571,2.45026820392854,0.0894226773438153,21.0930636617054,4.14759337985515e-10,0.00953881611398571,0.0209299635672391,1.00223505579655
26,21,"constrained",0.301428571428571,2.75692761470224,0.301428571428571,23.7889834839653,1.52816576060033e-09,0.00839262668676471,0.0306128816618694,1.0035675660069
26,22,"standard",0.301428571428571,2.49679950812312,0.0842034707403863,22.542484317421,4.95873009320746e-10,0.00955985567508092,0.000455361096167728,0.99056973777642
26,22,"constrained",0.301428571428571,2.82917150907511,0.301428571428571,25.6344694506828,1.59033713975631e-09,0.00856467836115021,0.00781698787126217,0.991763599547489
26,23,"standard",0.301428571428571,2.48968343987423,0.08287331649863,21.670367316068,4.92733409629409e-10,0.00947361589560767,0.00339216477691284,0.987268244098522
26,23,"constrained",0.301428571428571,2.81945265510692,0.301428571428571,24.4546688383903,1.02392028189513e-09,0.00849668270845916,0.00567748919136335,0.988529834211949
26,24,"standard",0.301428571428571,2.49750113277994,0.0825223241499929,21.8349030904668,6.33638141955828e-10,0.009220457442662,0.00430688123875278,0.983236982311009
26,24,"constrained",0.301428571428571,2.82436211749505,0.301428571428571,24.5627181310619,1.15924159160841e-09,0.00841551829277611,0.00518994956073282,0.984604415368734
26,25,"standard",0.301428571428571,2.50004266071964,0.0839499054744958,21.3441741708671,6.36696029232553e-10,0.00907854616955902,0.000354281163766679,0.983436968584905
26,25,"constrained",0.301428571428571,2.83394292356013,0.301428571428571,23.9171189978944,1.33549127312449e-09,0.00835372151696699,0.0101151542007143,0.985043294087204
27,4,"standard",0.298,1.29717221633129,0.274787094855864,7.43621407602725,1.48769885299771e-14,0.023990840816635,0.933985820755971,2.02734154252413
27,4,"constrained",0.298,1.33365721603654,0.298,7.62242067561225,8.99280649946377e-15,0.0210651432377682,0.936036608803716,2.02716115852268
27,5,"standard",0.298,1.72422385211256,0.241212656009611,11.2817314709002,8.10906897186214e-13,0.0206824875051375,0.731535385416406,1.87939902448558
27,5,"constrained",0.298,1.82769788128919,0.298,11.8866107588158,1.3813541976937e-09,0.0156835748355709,0.734357738968506,1.87937752163889
27,6,"standard",0.298,1.94133789229712,0.222031224646247,14.1341022851648,1.39250833086635e-11,0.0174146810518696,0.501836527923968,1.66362314410499
27,6,"constrained",0.298,2.07090530286159,0.298,15.0230895664658,1.94762095340195e-09,0.0126862618457688,0.50887007799435,1.66398989026014
27,7,"standard",0.298,2.02211922298253,0.205038137609736,16.1557972171784,2.37224684340731e-11,0.0164676835424805,0.407558113859105,1.56913187271291
27,7,"constrained",0.298,2.16094225737811,0.298,17.2730148307628,2.28150343062339e-09,0.0119069538960871,0.415004457159448,1.56970663522622
27,8,"standard",0.298,2.08653367527176,0.17865443860099,17.7209566439104,2.66411337435102e-11,0.0171713664030931,0.288167575433794,1.46087123318407
27,8,"constrained",0.298,2.25148333064292,0.298,19.1956226138026,1.58370200287195e-09,0.0123833147575869,0.293601794973081,1.46192662311327
27,9,"standard",0.298,2.10880854621479,0.161767967503255,19.0619702905672,2.53372878233904e-11,0.0174496310231858,0.232385431474838,1.38054006301843
27,9,"constrained",0.298,2.29818956857226,0.298,20.9879823613041,1.27511728953422e-09,0.0129002392374124,0.236566946904332,1.38205219941414
27,10,"standard",0.298,2.24073362405867,0.142316109356462,21.3490223570626,3.3479108374479e-11,0.0158542622038895,0.132442927810364,1.31737815351432
27,10,"constrained",0.298,2.48532469435587,0.298,23.8685657525873,1.54954554743014e-09,0.011142272257316,0.133302602311966,1.31951805199676
27,11,"standard",0.298,2.23405811922608,0.125239765722283,20.6689808690686,3.30803162640336e-11,0.0140997995703583,0.167998929699166,1.28075805240962
27,11,"constrained",0.298,2.48320383707761,0.298,23.0936255728375,1.43957601395073e-09,0.0103383445525478,0.173041575561285,1.28221227819224
27,12,"standard",0.298,2.29850849499252,0.118015461471017,21.8499322735282,5.99645888499367e-11,0.0124911594672269,0.124212734457982,1.23898520897622
27,12,"constrained",0.298,2.5602595411987,0.298,24.4313619378936,1.08263931153374e-09,0.00935539012912343,0.130930807152529,1.24046390412273
27,13,"standard",0.298,2.31907251451888,0.114128644924224,22.6254288670085,6.07057737411765e-11,0.0117008936422382,0.105535050086567,1.19135332345746
27,13,"constrained",0.298,2.59034953244695,0.298,25.4024698272209,1.9782513960287e-09,0.00880962638846849,0.111955905562958,1.19267070552387
27,14,"standard",0.298,2.32691467256033,0.111370643719595,22.8453286328422,7.13508141458874e-11,0.0110797710260163,0.0950151964933612,1.13512806115736
27,14,"constrained",0.298,2.59776208247459,0.298,25.6269911336727,1.62322311147989e-09,0.0086056807470963,0.102793827311809,1.13633757139812
27,15,"standard",0.298,2.38212730112991,0.104827471002765,24.4095801993018,7.74038610984462e-11,0.011027915011386,0.0569051635757889,1.10133891172056
27,15,"constrained",0.298,2.68528788179468,0.298,27.6521338148677,1.05399300398545e-09,0.00880126805911514,0.0650468867896086,1.10260001411304
27,16,"standard",0.298,2.37981395223572,0.105027151263155,24.3449546781959,7.75143282893964e-11,0.0105304729029719,0.0583592188717548,1.07179968454101
27,16,"constrained",0.298,2.68177552264972,0.298,27.5661366680678,1.04304936909827e-09,0.00857403085212819,0.0666814500718873,1.07291545727192
27,17,"standard",0.298,2.37802950014963,0.104236907123143,24.2938898575603,7.88503706772303e-11,0.0101740280368045,0.0600254361468071,1.05331107969689
27,17,"constrained",0.298,2.67952313565987,0.298,27.5046674186366,9.80231285030442e-10,0.00849139332681943,0.06847639645079,1.05451615498753
27,18,"standard",0.298,2.36337569179624,0.102726031331135,23.9928756301398,9.37724342620072e-11,0.0102130758968743,0.068869296149968,1.04291717066941
27,18,"constrained",0.298,2.66264799019867,0.298,27.1310864454676,1.13417314429043e-09,0.00872391493148977,0.0784428639087835,1.04475881006554
27,19,"standard",0.298,2.33821077646,0.0976045942189582,22.5629809499749,9.2155727493548e-11,0.0101045721649386,0.0613546051569767,1.03006854215401
27,19,"constrained",0.298,2.62759567122714,0.298,25.354583615558,9.26726750893891e-10,0.00868638328610767,0.0707216397705803,1.03203444955894
27,20,"standard",0.298,2.34036491381748,0.0995352039251345,22.7976019314229,9.74057501323955e-11,0.00999574024417003,0.0601474963356416,1.02156422673471
27,20,"constrained",0.298,2.63068790212287,0.298,25.649514961269,1.06409375755234e-09,0.00864887305964749,0.0698188179890744,1.02384842965535
27,21,"standard",0.298,2.33061055396467,0.0964009390649032,22.6356565867335,1.06139208533307e-10,0.00986941321543523,0.0627241810480976,1.01673906156484
27,21,"constrained",0.298,2.61810561446516,0.298,25.4352927465174,1.03893171843339e-09,0.00870045142942186,0.0729550289795116,1.01927079460582
27,22,"standard",0.298,2.34045127181433,0.0944713372683571,22.9196464503059,1.13456022354796e-10,0.00993740834314149,0.0615343946325062,1.00919058452315
27,22,"constrained",0.298,2.62821903774812,0.298,25.7197218648642,1.55997487150117e-09,0.00891967326117385,0.0721762217425459,1.01169644949658
27,23,"standard",0.298,2.33711145557906,0.0937014455601443,23.2512977424604,1.13332676576761e-10,0.00965128323554316,0.059652037673251,1.00724386650146
27,23,"constrained",0.298,2.62392616445408,0.298,26.1483616526585,1.17410553501784e-09,0.00872614646844045,0.0703484853668837,1.00988133003677
27,24,"standard",0.298,2.33515153599503,0.0935913402963405,24.3689219592184,1.11415099368628e-10,0.00959508172390816,0.0506453053352676,1.00295293975751
27,24,"constrained",0.298,2.63202721873674,0.298,27.7186615081655,1.22305243710485e-09,0.00867878950017308,0.0611523132421654,1.00583932294953
27,25,"standard",0.298,2.32100470640583,0.0925146066030054,23.2287455836463,1.10672138120549e-10,0.00941968379060716,0.0495769858421555,1.00085126733024
27,25,"constrained",0.298,2.61334500012111,0.298,26.2608643035402,1.28371774321678e-09,0.0085718833472701,0.0600242202859667,1.00376804687265
28,4,"standard",0.299,1.34696135868401,0.277596917942596,7.69326284498038,6.82787160144471e-15,0.0214786161319904,0.892260516578526,2.01815224741299
28,4,"constrained",0.299,1.37922532476804,0.299,7.85995325146506,5.10702591327572e-15,0.0189117701976409,0.893929932104324,2.01804120928338
28,5,"standard",0.299,1.85014509704464,0.237268775980201,12.3148679763635,3.23774340671434e-12,0.0207580015628047,0.677262761354501,1.86801977505421
28,5,"constrained",0.299,1.9722790104063,0.299,13.0326886165311,2.12179424030623e-09,0.015369463746999,0.678849886177654,1.86799396433667
28,6,"standard",0.299,2.07033351085541,0.213735547627233,15.5660686644336,1.79383174980785e-11,0.0199237986656535,0.429570367951979,1.64546165179672
28,6,"constrained",0.299,2.23424910644554,0.299,16.6963138675937,1.67493297009713e-09,0.0143710544905095,0.432265994753868,1.64569550663813
28,7,"standard",0.299,2.18818216359399,0.196384352438133,17.98588410734,4.38168390459737e-11,0.0184210610211448,0.334491614713648,1.56280798685688
28,7,"constrained",0.299,2.36380562876118,0.299,19.3684307087286,1.23617382996599e-09,0.0137954678802613,0.339032415073325,1.56366949769551
28,8,"standard",0.299,2.33975323320165,0.170195264999486,19.8099511908355,8.29744051245029e-11,0.0177169451288381,0.220361828323601,1.46227297442509
28,8,"constrained",0.299,2.56385650261594,0.299,21.5809830930016,1.11309861328124e-09,0.0127218552621667,0.225442965576712,1.46358615485505
28,9,"standard",0.299,2.39469766061394,0.149917529929669,21.6676143897011,1.20874532605342e-10,0.01611365286257,0.123572177485349,1.38000190410941
28,9,"constrained",0.299,2.64199860986318,0.299,23.9140326846578,1.38848521569201e-09,0.0111786391280538,0.128137393115081,1.38213086933945
28,10,"standard",0.299,2.42492511456675,0.143114267429771,22.5010358288619,1.30470079184875e-10,0.0152375946717713,0.0875871249440419,1.31099882781561
28,10,"constrained",0.299,2.68066356846285,0.299,24.883413222344,1.03506953008647e-09,0.0111765257702371,0.093874252689421,1.31284462489848
28,11,"standard",0.299,2.42786846846061,0.1395104128155,23.0544008260135,1.38756228729164e-10,0.0140705887464509,0.0972781843857637,1.28309827926619
28,11,"constrained",0.299,2.68295131381251,0.299,25.4479731348568,8.72436400900511e-10,0.0105716034104991,0.102564034198466,1.28540288291815
28,12,"standard",0.299,2.46917353638712,0.128307133121793,25.1348184468264,1.38771327762299e-10,0.0134266108556844,0.0513174445795679,1.24937010465129
28,12,"constrained",0.299,2.74735671421274,0.299,28.1164065148977,1.78572029385649e-09,0.0101509580543447,0.0547937283855475,1.25216214427651
28,13,"standard",0.299,2.47883095661008,0.126761115425989,25.5651893499101,1.38386080372754e-10,0.0126204213876442,0.0402108299456598,1.20133354892249
28,13,"constrained",0.299,2.7616559315701,0.299,28.6232312746553,1.31479599430051e-09,0.00962552390875446,0.0437375558497441,1.20359555331622
28,14,"standard",0.299,2.47130971121591,0.121891272648651,24.6077066435692,1.39423250722359e-10,0.0120486054940054,0.0174209658425282,1.15424118743175
28,14,"constrained",0.299,2.75572645345634,0.299,27.6220883380002,1.30359667505076e-09,0.00931245241479391,0.0187323073546226,1.15701099837176
28,15,"standard",0.299,2.47916037756847,0.118350929602069,25.3371028166681,1.97822647152179e-10,0.0113535323145526,0.00504173726353674,1.12109353274265
28,15,"constrained",0.299,2.75592548451608,0.299,28.4042508224768,1.13258835643393e-09,0.00900220840753768,0.00176999628980301,1.12385320230384
28,16,"standard",0.299,2.45836056211979,0.11777593101502,25.0783164965622,2.51621057323348e-10,0.0109115389417143,0.00752514118672654,1.08863222676626
28,16,"constrained",0.299,2.73499154572526,0.299,28.1709926496528,1.67282349083919e-09,0.00892823661285058,0.0130434225132401,1.09094787678252
28,17,"standard",0.299,2.45256150098134,0.114709530109129,25.5444433544492,2.51347276325475e-10,0.0112200331928069,0.0018471958810462,1.06208657137644
28,17,"constrained",0.299,2.72903998363695,0.299,28.7936659169463,2.02032202079039e-09,0.00942745000119372,0.0029872076240407,1.06416457571145
28,18,"standard",0.299,2.46609516221183,0.107096798574562,27.1497665759217,2.44155473616559e-10,0.0114256712485587,0.0228371066292583,1.0473935141647
28,18,"constrained",0.299,2.759632918776,0.299,30.9618601830981,1.05131708894035e-09,0.00968237533729227,0.0194509670828609,1.05004309227758
28,19,"standard",0.299,2.43195967408984,0.102295954168316,25.3579191282681,2.52197263073128e-10,0.0112495850146968,0.0316231428001634,1.03669436441886
28,19,"constrained",0.299,2.71512320961075,0.299,28.6767135137929,1.01098918126041e-09,0.00968054550468733,0.0280254033054961,1.0396471695896
28,20,"standard",0.299,2.42456567756591,0.0994032320055499,23.4800070747823,2.46010545268405e-10,0.0109371217750496,0.044077680820954,1.02375128884805
28,20,"constrained",0.299,2.70361463488168,0.299,26.4005684067472,1.00287828042056e-09,0.00945634823982502,0.0406438999725092,1.02669301465474
28,21,"standard",0.299,2.43001090680418,0.0982407697699258,23.61864869225,2.50416132274722e-10,0.0104695903329678,0.0470963123943999,1.01489083413405
28,21,"constrained",0.299,2.71098652347754,0.299,26.5545056768511,1.4274107451584e-09,0.00914906835413772,0.043669439371695,1.01727421861967
28,22,"standard",0.299,2.44676103436254,0.0963620185351769,24.2112857831775,2.86032975083117e-10,0.0102715779043231,0.0535006975312848,1.00596815268752
28,22,"constrained",0.299,2.7326928620697,0.299,27.2391158516409,9.34384236650487e-10,0.00900371358103017,0.0500768294925775,1.00849805093231
28,23,"standard",0.299,2.4764329381541,0.094407318044403,25.2151225596743,2.99059887964859e-10,0.009875163358907,0.0633777341227546,1.00603921008673
28,23,"constrained",0.299,2.7697512854765,0.299,28.3839925860514,1.79098691432955e-09,0.00870681733874762,0.0603292571696841,1.00919998116561
28,24,"standard",0.299,2.467940295373,0.0945018913691658,25.0094914189878,4.08826861253431e-10,0.00964617599133957,0.0629658366860184,1.00305116944829
28,24,"constrained",0.299,2.75787779090064,0.299,28.0560000971471,1.19518256402884e-09,0.0086651559125952,0.059881222833206,1.00608366538249
28,25,"standard",0.299,2.48376269174477,0.0903256018874484,22.8860220585632,3.97510691030334e-10,0.00945718014374623,0.0682757114539863,1.00119438398041
28,25,"constrained",0.299,2.78244939498395,0.299,25.4470548328442,1.24404003765122e-09,0.00853024081078714,0.0650898402834743,1.00438106111492
29,4,"standard",0.31,1.17505378768926,0.269847087200238,7.30116839912966,6.31037000431434e-10,0.0315733235475463,0.839818914821106,1.99390263057365
29,4,"constrained",0.31,1.23354072761873,0.31,7.6586115367046,8.52090065173172e-10,0.0267495397704447,0.842606779616351,1.99366977990506
29,5,"standard",0.31,1.37422584465018,0.240789305501692,9.92092104214976,2.77555756156289e-15,0.0282584584123983,0.705170660458855,1.87898863115749
29,5,"constrained",0.31,1.47378305158606,0.31,10.677333614706,2.32245767062267e-09,0.0225647098423787,0.706731667245203,1.87879983703303
29,6,"standard",0.31,1.5766724582697,0.224731867663305,11.9816116905244,1.13242748511766e-14,0.0218309482988622,0.491736984085612,1.66827993466005
29,6,"constrained",0.31,1.70442103580636,0.31,12.9452261578567,1.89636456537912e-09,0.0161636174367664,0.497538313306939,1.66824876534
29,7,"standard",0.31,1.76230323377045,0.198427963427713,15.0278607558967,5.15143483426073e-14,0.0209438375707036,0.41598061658613,1.59392867038191
29,7,"constrained",0.31,1.92820150736837,0.31,16.4732208807875,1.20315635232515e-09,0.0154905846386618,0.424632194088443,1.5944720825453
29,8,"standard",0.31,1.81424378581974,0.178205712319731,15.9750792759431,7.82707232360735e-14,0.0192232199997922,0.315816671837543,1.48151056253615
29,8,"constrained",0.31,1.99638206321856,0.31,17.6593419523708,2.19249518540465e-09,0.0139889648158937,0.326495089033905,1.48186788170931
29,9,"standard",0.31,1.83573009908378,0.158590407958218,17.3099761509839,7.36077865326479e-14,0.0183473028097585,0.236337587687343,1.39126606446847
29,9,"constrained",0.31,2.04614333375429,0.31,19.5652983407766,2.02149635919469e-09,0.0131844496532633,0.245281699625815,1.39138160069342
29,10,"standard",0.31,1.85765572986099,0.151648993581494,17.891713959707,8.26005930321116e-14,0.0154197804163603,0.200039361238771,1.32124056127879
29,10,"constrained",0.31,2.07273016003073,0.31,20.2378707708421,1.56933921413582e-09,0.010924794603071,0.210405438628672,1.32153258140921
29,11,"standard",0.31,1.85926948418401,0.151442777225043,17.9254827862998,9.14823772291129e-14,0.0139343719821738,0.198990699469067,1.28744651451046
29,11,"constrained",0.31,2.07273979616937,0.31,20.2380554038401,1.8175690397193e-09,0.0102528744789205,0.210400552661591,1.28781433260096
29,12,"standard",0.31,1.86406925512778,0.144697561173791,18.7554371363766,9.14823772291129e-14,0.0137964540183697,0.179027714108929,1.2442933984864
29,12,"constrained",0.31,2.08202284524036,0.31,21.3245174101183,1.50638518325863e-09,0.0103093024244085,0.191206266012447,1.24480585441446
29,13,"standard",0.31,1.86165686885566,0.143607670759881,18.3618784526158,8.77076189453874e-14,0.0132846994137215,0.171869692929635,1.19518607051381
29,13,"constrained",0.31,2.07819539697657,0.31,20.8417563399273,1.15882237139431e-09,0.0102783286384273,0.184129063965775,1.1955895539228
29,14,"standard",0.31,1.87349442549907,0.139964575134281,18.7620911283865,1.12798659301916e-13,0.0126433647786459,0.157070837380664,1.1424678496294
29,14,"constrained",0.31,2.09270512210162,0.31,21.3320526139581,1.76189279832428e-09,0.00996732464027258,0.170042512464481,1.14282506104953
29,15,"standard",0.31,1.87134993535374,0.132901589686673,19.5702048645335,1.19793064357054e-13,0.0131952221420563,0.128192427015613,1.10596383312579
29,15,"constrained",0.31,2.10452732973658,0.31,22.5811136666481,1.15546455736748e-09,0.0104939632293049,0.139252228506598,1.10610166418384
29,16,"standard",0.31,1.87401558674465,0.132148567330106,19.7462997132189,1.19571019752129e-13,0.0124478995084361,0.122300348379111,1.07686832753047
29,16,"constrained",0.31,2.10895106915018,0.31,22.8077937199273,1.11746267794643e-09,0.00993448740501683,0.133246113968349,1.0773431688203
29,17,"standard",0.31,1.87257732992116,0.12969955758829,19.620834668555,1.26898491714655e-13,0.0115700645130901,0.125711426312728,1.05910988895133
29,17,"constrained",0.31,2.10754264364338,0.31,22.6319647975517,9.34179344991293e-10,0.00947024582660593,0.137247773289843,1.05965890354746
29,18,"standard",0.31,1.89549862065533,0.117942887865201,17.441644394824,1.70752301187349e-13,0.0114303518563644,0.097332265509074,1.0424955164561
29,18,"constrained",0.31,2.13463791754069,0.31,19.8858578258387,1.87819160224478e-09,0.00950106822587847,0.110791501488404,1.04313960466267
29,19,"standard",0.31,1.89541406297415,0.117482240857034,17.4808281626165,1.87627691161651e-13,0.0110133930763506,0.0963630743549793,1.02734762930751
29,19,"constrained",0.31,2.13438683022989,0.31,19.920932331024,9.20189924258352e-10,0.009335679246927,0.110052350528371,1.02775907517703
29,20,"standard",0.31,1.93962868249726,0.111200546622133,18.4222188061526,2.54130050336698e-13,0.0107911421496729,0.0826908082175652,1.01222098718945
29,20,"constrained",0.31,2.19573948407709,0.31,20.7866112779407,1.87330401191232e-09,0.00917356656813317,0.097221213668023,1.0127673731176
29,21,"standard",0.31,1.93565007521735,0.109465060948219,17.9802998267944,3.04867242562068e-13,0.0105665818962522,0.0804739256345384,1.00416897724001
29,21,"constrained",0.31,2.19013734849656,0.31,20.0425495140648,1.06846764769131e-09,0.00904939006447976,0.0943417786779817,1.00458724426828
29,22,"standard",0.31,1.9446780620679,0.107728237025349,18.5796854294454,3.0453417565468e-13,0.010494785746973,0.0730564711867885,0.992958231004721
29,22,"constrained",0.31,2.20789191842696,0.31,20.8511703663286,1.4117574886896e-09,0.00896004040028123,0.0863768599038686,0.993370784044514
29,23,"standard",0.31,1.94445925272238,0.108219058045444,18.524413346089,3.01758618093118e-13,0.0101904189439328,0.0729203142067876,0.990366709752825
29,23,"constrained",0.31,2.20762135837022,0.31,20.8044715916199,1.59491997386851e-09,0.00876386796234699,0.0863101553605023,0.991025233704865
29,24,"standard",0.31,1.93780365040248,0.105166012652035,18.3573994334314,3.18078896555107e-13,0.0100070553474943,0.0750116824955649,0.987426991326519
29,24,"constrained",0.31,2.19788636020582,0.31,20.5975177484531,1.47558676388826e-09,0.00873806699015418,0.0884848456116885,0.988222571408512
29,25,"standard",0.31,1.94067005280937,0.103180210646941,18.9237497047285,3.28181926079196e-13,0.0100525469985942,0.0718838412782032,0.9853890393771
29,25,"constrained",0.31,2.20276145250554,0.31,21.3159897001076,1.44558764958447e-09,0.00886206907068922,0.0852562088579436,0.986093098776025
30,4,"standard",0.293142857142857,1.29889453658507,0.273549251748185,7.45060587609142,3.5527136788005e-15,0.0234671032355533,0.986524925910341,2.07588103608952
30,4,"constrained",0.293142857142857,1.33006279008933,0.293142857142857,7.61090487094852,5.38458166943201e-15,0.0209730767928084,0.99064304717062,2.07607189542598
30,5,"standard",0.293142857142857,1.65963810709621,0.236280081796315,11.2876060705604,1.20792265079217e-13,0.0233369354269371,0.7892875985404,1.93110077542996
30,5,"constrained",0.293142857142857,1.76201675303565,0.293142857142857,11.938224039627,2.33209623834441e-09,0.0183598503570389,0.795643595790504,1.93200340811613
30,6,"standard",0.293142857142857,1.90795625729737,0.210570489319504,14.4937742142721,1.21180843137836e-12,0.0218871384163169,0.562002105323474,1.69803040885622
30,6,"constrained",0.293142857142857,2.06178692276031,0.293142857142857,15.5888414202705,1.65529634443828e-09,0.016327908367786,0.573223021948967,1.6992122575447
30,7,"standard",0.293142857142857,2.00677984211119,0.190528459920707,17.2575173382714,2.15982787210578e-12,0.021025132099081,0.458983901461104,1.60758922800258
30,7,"constrained",0.293142857142857,2.18035076901563,0.293142857142857,18.7930650330788,1.55090795761481e-09,0.0156324429905524,0.469929320364973,1.60869188382575
30,8,"standard",0.293142857142857,2.03455150092038,0.16361015159032,19.1334938121335,1.82842629925517e-12,0.0224242476687452,0.326134625993963,1.48891490874291
30,8,"constrained",0.293142857142857,2.24491936166304,0.293142857142857,21.3618263320393,1.18092180478868e-09,0.0169980466261808,0.333166364229695,1.49026645685409
30,9,"standard",0.293142857142857,2.09639947308515,0.142285474016536,21.0987569824683,3.52995410679569e-12,0.0197062601374324,0.232731537788564,1.39894350586195
30,9,"constrained",0.293142857142857,2.32405511862479,0.293142857142857,23.8533722775326,1.96376681582677e-09,0.0146370846325522,0.242547664991242,1.40109981206873
30,10,"standard",0.293142857142857,2.11683340215446,0.117322352170751,17.3201169336011,3.34376970556605e-12,0.0207643693493188,0.119211872018399,1.3229197045714
30,10,"constrained",0.293142857142857,2.3799621243573,0.293142857142857,19.4602423009874,1.45603523682425e-09,0.0155633255913639,0.126392803471764,1.32461705602159
30,11,"standard",0.293142857142857,2.11564848144888,0.115519992309426,17.7071638529135,3.53739260106067e-12,0.0193920434461949,0.109171646169639,1.28495549958505
30,11,"constrained",0.293142857142857,2.38171345728293,0.293142857142857,20.0488366148129,1.81882409133749e-09,0.0147565586532017,0.11488870851931,1.28619391821169
30,12,"standard",0.293142857142857,2.11548353743019,0.109275582804551,17.775669304915,3.41693340288884e-12,0.0186050343661019,0.066849763963825,1.25005300433143
30,12,"constrained",0.293142857142857,2.39087030335479,0.293142857142857,20.0718957609056,1.47105250203339e-09,0.0144268058178971,0.0687737455658795,1.25223077218707
30,13,"standard",0.293142857142857,2.14388670626272,0.103823466832156,17.5837059875954,3.74045239226461e-12,0.0177615926774516,0.0331351936709545,1.20393686733004
30,13,"constrained",0.293142857142857,2.43222104010345,0.293142857142857,19.884391185693,1.70696906609535e-09,0.0139517100292087,0.0360317838899595,1.20653567265688
30,14,"standard",0.293142857142857,2.1372814462098,0.102015566249444,16.9663016403097,3.82327502990165e-12,0.0170461831354925,0.0245619057473272,1.15808126294154
30,14,"constrained",0.293142857142857,2.42252733560818,0.293142857142857,19.0944693182057,1.35756578201196e-09,0.0136319469671868,0.0275660956103616,1.16064129145423
30,15,"standard",0.293142857142857,2.13816459406973,0.101833542179489,17.0038324292033,5.27455856769166e-12,0.0161033148136923,0.0228795132966644,1.12212608603851
30,15,"constrained",0.293142857142857,2.42260699503082,0.293142857142857,19.1000964227088,1.51312679053106e-09,0.0131385289588693,0.0273489797490107,1.12486344324261
30,16,"standard",0.293142857142857,2.16143176347813,0.0991663600398027,15.5012225356429,5.46240830345823e-12,0.0153002627831445,0.00132856946441606,1.08836536566238
30,16,"constrained",0.293142857142857,2.4575900376218,0.293142857142857,17.2437783739501,1.22833959670388e-09,0.012409340904655,0.0061447360333311,1.08981839339077
30,17,"standard",0.293142857142857,2.16454477524573,0.0925639487962632,14.9150649472115,5.37203614925374e-12,0.0145621736993466,0.0171882029060573,1.06626149812241
30,17,"constrained",0.293142857142857,2.46732684842678,0.293142857142857,16.5500183674533,1.35709138371354e-09,0.0118448424299921,0.0138333847844967,1.06735583385754
30,18,"standard",0.293142857142857,2.16300546144568,0.0855866686412055,16.2005584086507,5.25712806620504e-12,0.0143041954214739,0.0486272987730354,1.0601223334605
30,18,"constrained",0.293142857142857,2.47733576322153,0.293142857142857,18.2170848948631,9.29666565951948e-10,0.0118220283977241,0.0478140758140517,1.06135815721744
30,19,"standard",0.293142857142857,2.17960743915299,0.0821280547547233,16.7465915589605,5.63771251904654e-12,0.013929890814196,0.0573727128592765,1.04679876063457
30,19,"constrained",0.293142857142857,2.50412357065216,0.293142857142857,18.895744365715,1.07764658308085e-09,0.0115516651709297,0.0565955434389078,1.04817479451315
30,20,"standard",0.293142857142857,2.22876483842563,0.0791591794246091,17.8129266880992,1.23308030453018e-11,0.0131333041066446,0.066719490866757,1.03201466300183
30,20,"constrained",0.293142857142857,2.55693838535631,0.293142857142857,20.0253580342271,1.80169856811574e-09,0.0109960636545439,0.0649994084949412,1.03307739494916
30,21,"standard",0.293142857142857,2.23027199206638,0.0768583005614532,17.2816069680348,1.3224532580125e-11,0.0128608607803341,0.0734578005723723,1.02927880517643
30,21,"constrained",0.293142857142857,2.56434844746454,0.293142857142857,19.3060126383983,1.31772687206322e-09,0.0108798228364449,0.0731007604760494,1.03099757250071
30,22,"standard",0.293142857142857,2.23013946391863,0.0753214913935023,16.6006401064823,1.30953026200586e-11,0.0126415985164842,0.0769563915082756,1.02368143060256
30,22,"constrained",0.293142857142857,2.56599914623991,0.293142857142857,18.4495102052449,1.29620114641682e-09,0.01074056681443,0.0763524206094841,1.02572044198169
30,23,"standard",0.293142857142857,2.23013856154934,0.0753221106299792,16.6004248694086,1.33301147897669e-11,0.0122569675976069,0.0769552121760997,1.01956609340175
30,23,"constrained",0.293142857142857,2.56626492050682,0.293142857142857,18.5025387660897,1.38107569824797e-09,0.0104839148676101,0.0765612421746402,1.02169338070958
30,24,"standard",0.293142857142857,2.25898995346476,0.0747022615539629,17.2413762002017,2.28688179504388e-11,0.0115765799294535,0.0819350840345185,1.01227857674627
30,24,"constrained",0.293142857142857,2.58984713931639,0.293142857142857,19.0340841764358,1.21796017715781e-09,0.00998753524069038,0.0800252077958561,1.01388916080066
30,25,"standard",0.293142857142857,2.26922957472493,0.0716468824782756,17.8751083376286,2.34348096483927e-11,0.0111929428604463,0.08136745816548,1.01118088723409
30,25,"constrained",0.293142857142857,2.60906453270819,0.293142857142857,19.882958806101,1.42888934018259e-09,0.00977012274452773,0.0790633602430804,1.01264913609547
31,4,"standard",0.308285714285714,1.36385223161462,0.263078706305671,8.10797418840442,5.49560397189452e-15,0.0282017914169493,1.00231650711915,2.0766709682301
31,4,"constrained",0.308285714285714,1.44337643993174,0.308285714285714,8.558387283171,1.70974345792274e-14,0.0224913162909923,1.00944004203396,2.0764423688711
31,5,"standard",0.308285714285714,1.71435782066398,0.2332822428428,11.5200640400454,1.89293025698589e-13,0.0236249902855875,0.866245162724894,1.95831381716706
31,5,"constrained",0.308285714285714,1.86127336818731,0.308285714285714,12.4287314876595,2.13253564806948e-09,0.0168943528956237,0.873952161389026,1.95795498862857
31,6,"standard",0.308285714285714,1.87370099539566,0.216763712423618,13.6761698499179,1.07180930797313e-12,0.0201446853443542,0.698781214932991,1.73779534203388
31,6,"constrained",0.308285714285714,2.0379454329059,0.308285714285714,14.796750455218,1.94084937010786e-09,0.0142842053079983,0.711566579304724,1.73850385024061
31,7,"standard",0.308285714285714,2.00817134795564,0.196567540168169,16.2781357271365,3.87345711061471e-12,0.0189408939244866,0.611529514035744,1.63951327282788
31,7,"constrained",0.308285714285714,2.19290588313656,0.308285714285714,17.7604188130605,1.74217507087349e-09,0.0137605959454015,0.625184997900645,1.64058098483348
31,8,"standard",0.308285714285714,2.06628386138544,0.177309256420292,17.329035219297,5.06317210380303e-12,0.0177568944489387,0.52884210161452,1.53113747282784
31,8,"constrained",0.308285714285714,2.27342868325928,0.308285714285714,19.0837513762343,1.78822362473241e-09,0.0123703384599584,0.541660593536683,1.53171978861691
31,9,"standard",0.308285714285714,2.05464225885116,0.151870376431426,14.3476573478973,5.47684120277836e-12,0.0187981784305826,0.439907604014746,1.42274032199384
31,9,"constrained",0.308285714285714,2.27178713303694,0.308285714285714,15.6321400997219,1.01229474802622e-09,0.0136878171218757,0.453378474549459,1.42287015085636
31,10,"standard",0.308285714285714,2.22749963745102,0.129747949697023,17.0463409547985,1.45486955815954e-11,0.0174566802001562,0.335959706990108,1.34141678422982
31,10,"constrained",0.308285714285714,2.50352946598459,0.308285714285714,18.9011933070461,1.61174029678079e-09,0.0126459449750413,0.352683408842499,1.34197800437349
31,11,"standard",0.308285714285714,2.21993783844305,0.128011885742972,17.4243088324872,1.6709189587516e-11,0.0166850906325639,0.326338006100946,1.30369266839059
31,11,"constrained",0.308285714285714,2.4954047798468,0.308285714285714,19.467362626,1.07806991112014e-09,0.0125277938680164,0.341852923241854,1.30409192669482
31,12,"standard",0.308285714285714,2.2617674102077,0.113420584611578,19.8054858859707,1.43506317940023e-11,0.0173075697229112,0.284075687448466,1.26325680949488
31,12,"constrained",0.308285714285714,2.59442504690593,0.308285714285714,22.852717126308,8.51589021522159e-10,0.0127936071723812,0.301224677623343,1.26443144016457
31,13,"standard",0.308285714285714,2.26519843150021,0.108478810114979,21.0154733261568,1.38802302984686e-11,0.0168841220261239,0.261502381469707,1.21154287188946
31,13,"constrained",0.308285714285714,2.60894312504309,0.308285714285714,24.5885853966666,1.37251537912775e-09,0.0126977161474171,0.278280705316227,1.21261542160115
31,14,"standard",0.308285714285714,2.27505051395525,0.10275090877185,21.9855780422615,1.35395028522112e-11,0.0162161124149241,0.232766570679678,1.16042334127949
31,14,"constrained",0.308285714285714,2.63487730951934,0.308285714285714,26.0242937711529,1.11300030303241e-09,0.0122861142019756,0.248802991819246,1.16160409307441
31,15,"standard",0.308285714285714,2.3016053498371,0.10109936622778,22.5781871526866,1.61015645261386e-11,0.0150125000773599,0.219389686217927,1.12872306572887
31,15,"constrained",0.308285714285714,2.66826017363823,0.308285714285714,26.71032341393,8.67127369907905e-10,0.0112322764175333,0.236625507020675,1.13013891647909
31,16,"standard",0.308285714285714,2.3141827217321,0.100209073932399,22.8810564398607,2.24094076628489e-11,0.0142339244467203,0.2143751408215,1.10150202631892
31,16,"constrained",0.308285714285714,2.68264769425081,0.308285714285714,27.0433194637448,1.39746897387383e-09,0.0108363654003065,0.232307138352329,1.1031355988561
31,17,"standard",0.308285714285714,2.32909010420714,0.0948891624191347,23.8218769485444,2.28145280445347e-11,0.0136437928725013,0.196875590622797,1.07931732238451
31,17,"constrained",0.308285714285714,2.709775447626,0.308285714285714,28.3847671992405,1.41903222505846e-09,0.0104881984710591,0.214620887203756,1.08124925708413
31,18,"standard",0.308285714285714,2.33165851969339,0.0922669959830656,24.3108333779917,2.27279306486139e-11,0.0129061460088027,0.192085977775661,1.06762105326998
31,18,"constrained",0.308285714285714,2.71519709416105,0.308285714285714,29.0695758241674,1.55807394763841e-09,0.0100668812018841,0.210174635623505,1.06987591603386
31,19,"standard",0.308285714285714,2.3765680239285,0.0855458305085772,25.6201579650935,2.69950728437607e-11,0.0125991976315208,0.179879241154187,1.05379335381825
31,19,"constrained",0.308285714285714,2.78462494316965,0.308285714285714,30.8245602355788,1.05201841682501e-09,0.00990823633906885,0.197637442089023,1.05630879563299
31,20,"standard",0.308285714285714,2.37673392361272,0.08301498836993,23.869845985318,2.90225621313311e-11,0.0123605886662664,0.165263131905675,1.03541799845206
31,20,"constrained",0.308285714285714,2.7837851598346,0.308285714285714,28.536170316202,1.83903126060869e-09,0.00978715892947027,0.182363161734466,1.03765308792744
31,21,"standard",0.308285714285714,2.4050657276784,0.0806721715193517,24.3874122090265,4.15509848750162e-11,0.011698441920881,0.158697228884915,1.02723092225785
31,21,"constrained",0.308285714285714,2.81801083307517,0.308285714285714,29.1081707625271,1.64006225267244e-09,0.0094264282936538,0.17593255655768,1.02914273943229
31,22,"standard",0.308285714285714,2.44221035387275,0.0784707315254817,25.3858485370522,4.72455408129235e-11,0.0114166598318503,0.14935734320415,1.0155610198031
31,22,"constrained",0.308285714285714,2.87412594592869,0.308285714285714,30.3443892798652,1.23865595558215e-09,0.00918396192344607,0.1665354625252,1.01780205815226
31,23,"standard",0.308285714285714,2.45530856484291,0.0775836817118153,25.9961001612762,4.92101914773002e-11,0.0109570143113991,0.144461510579355,1.01232859710135
31,23,"constrained",0.308285714285714,2.89381383353901,0.308285714285714,31.0877117404858,1.19250209706934e-09,0.00895437266389589,0.161763170381735,1.01479887364438
31,24,"standard",0.308285714285714,2.44024923054415,0.0747638278028806,24.7301546288474,4.94232432757258e-11,0.0112689957741562,0.132465063062853,1.00746797343368
31,24,"constrained",0.308285714285714,2.883732217669,0.308285714285714,29.404559717974,1.09709852313955e-09,0.00933314946238698,0.146252097313949,1.01012663293705
31,25,"standard",0.308285714285714,2.44449564317903,0.0740098876058797,25.0147334893913,5.33481037123806e-11,0.0110786286173402,0.131738081126503,1.00624514243069
31,25,"constrained",0.308285714285714,2.88617997826196,0.308285714285714,29.6592363931502,1.76592229728101e-09,0.00936414717885538,0.14582907788556,1.0090010780387
32,4,"standard",0.302428571428571,1.35161565133359,0.276347942641187,7.47366685700678,3.71924713249427e-15,0.0202238174845201,0.897879411869331,2.02288503200367
32,4,"constrained",0.302428571428571,1.39171379755012,0.302428571428571,7.66441808774735,3.1641356201817e-15,0.0170374144361076,0.902811781563278,2.02296009037667
32,5,"standard",0.302428571428571,1.59453460233579,0.251752432411246,10.0290962194152,1.47104550762833e-13,0.0177892959478556,0.690320930849784,1.88632510582318
32,5,"constrained",0.302428571428571,1.67528322610812,0.302428571428571,10.4825885843279,1.61980506785397e-09,0.0141484282583966,0.693981358392101,1.88705616137129
32,6,"standard",0.302428571428571,1.78881361162534,0.225364968116213,12.8831071310691,1.4308554341369e-12,0.0181396037031002,0.431098248575847,1.65760456128979
32,6,"constrained",0.302428571428571,1.90611967821997,0.302428571428571,13.7017532682994,1.84276205406064e-09,0.0138082495900091,0.436331772752835,1.65853159119811
32,7,"standard",0.302428571428571,1.84992427599866,0.211002136675691,14.4129906153667,3.37785355242204e-12,0.0162985371042156,0.357708120114649,1.5757705009402
32,7,"constrained",0.302428571428571,1.97023993657978,0.302428571428571,15.3737804766072,1.49334405952217e-09,0.0126536199125877,0.363874621156798,1.57651902555857
32,8,"standard",0.302428571428571,1.90893121023695,0.192800482187396,15.0551376377712,5.4444226904593e-12,0.0146996397833383,0.277336276151694,1.46863493626859
32,8,"constrained",0.302428571428571,2.04025289560451,0.302428571428571,16.1012259597943,2.13464779186268e-09,0.0112050749123483,0.284730126301292,1.46911689547992
32,9,"standard",0.302428571428571,2.01144041138197,0.16939639351051,16.5356577360439,8.79885053706175e-12,0.0132448802899495,0.186648874451709,1.37754587272356
32,9,"constrained",0.302428571428571,2.17972577372817,0.302428571428571,17.9129371962992,1.94534799380364e-09,0.0095502959633218,0.193712794862857,1.3782431367892
32,10,"standard",0.302428571428571,2.03670071712945,0.155751806780746,17.6273109879822,9.46465128492946e-12,0.0125547359088973,0.130654902669768,1.30964806784006
32,10,"constrained",0.302428571428571,2.21696408816191,0.302428571428571,19.2771159071261,1.91768279034221e-09,0.00914740790520276,0.136837076260772,1.3105963249602
32,11,"standard",0.302428571428571,2.03735315860695,0.155297282895053,17.6909858995988,9.90107995590961e-12,0.0122205829647834,0.128815685246651,1.27318807764358
32,11,"constrained",0.302428571428571,2.21875957777171,0.302428571428571,19.3890651588652,1.43957268328165e-09,0.00918188599791001,0.134208716872533,1.27408495351247
32,12,"standard",0.302428571428571,2.06684729188345,0.144729699759761,18.7631665728551,1.08363318318538e-11,0.0121997018066942,0.0946884530376657,1.23139800679722
32,12,"constrained",0.302428571428571,2.26151578319635,0.302428571428571,20.7176377880496,9.82703307617072e-10,0.00933706869819302,0.100059295070014,1.23215400537856
32,13,"standard",0.302428571428571,2.07619258371329,0.143116950706236,19.0402430397983,1.45303769016891e-11,0.0113841709903281,0.0819118918316315,1.18591207309695
32,13,"constrained",0.302428571428571,2.26930810685051,0.302428571428571,20.9832874244213,1.1902009378062e-09,0.00915096728182771,0.0891469606286837,1.18673539721931
32,14,"standard",0.302428571428571,2.14360441935237,0.124007436721823,21.2795059939928,1.46098688702523e-11,0.01187572894643,0.017904988367528,1.13144286191053
32,14,"constrained",0.302428571428571,2.37994750249143,0.302428571428571,23.934487521738,1.86733534190964e-09,0.00931230662397085,0.0244723921050598,1.13251955290764
32,15,"standard",0.302428571428571,2.15527610661534,0.122346146551335,21.6141045066525,1.6259105173333e-11,0.0114237974166508,0.00680823408770515,1.10052112287441
32,15,"constrained",0.302428571428571,2.39327980922425,0.302428571428571,24.3156889899875,1.48023160395638e-09,0.00918125591430608,0.0138554214360944,1.10199828926301
32,16,"standard",0.302428571428571,2.15623780210634,0.120107908627141,22.2828525257841,1.75247594214056e-11,0.011011266392286,0.00722488445944869,1.07257603118465
32,16,"constrained",0.302428571428571,2.38918455338584,0.302428571428571,25.0684728314159,1.86253784617563e-09,0.0089938563275491,0.00131820134015115,1.07413693835375
32,17,"standard",0.302428571428571,2.16010345110343,0.119082602994613,22.3953744797868,1.8964607662042e-11,0.0105543276697609,0.00945353427836793,1.05131246031577
32,17,"constrained",0.302428571428571,2.39221003546063,0.302428571428571,25.1568675164607,1.74559205978753e-09,0.00883774143479239,0.00012098310157338,1.05291463551693
32,18,"standard",0.302428571428571,2.17221318192803,0.116205388187848,22.6997935061006,2.28033147919859e-11,0.0100835205914848,0.0158763151206163,1.0360426214685
32,18,"constrained",0.302428571428571,2.4051816937091,0.302428571428571,25.4735654994701,1.06884456840817e-09,0.00863063787789612,0.00605568416369895,1.03749679463772
32,19,"standard",0.302428571428571,2.18678580494394,0.114847654920372,23.7754992025793,2.37149189175057e-11,0.0098607384595154,0.00852973517526578,1.02144654901557
32,19,"constrained",0.302428571428571,2.42402904635534,0.302428571428571,26.7114331789537,1.04833403069549e-09,0.00858745285908167,0.000725145229602653,1.02309409808537
32,20,"standard",0.302428571428571,2.18191893164123,0.116068665950632,23.4443344815555,2.36244357409987e-11,0.0095997415923474,0.00473850383891961,1.0102606621653
32,20,"constrained",0.302428571428571,2.41746028696032,0.302428571428571,26.3111231458215,1.33597932716611e-09,0.00844484228210298,0.00453515127828386,1.01197314696783
32,21,"standard",0.302428571428571,2.18193397915369,0.11606076440357,23.4463100975099,2.37359021326711e-11,0.00928870122416572,0.0047303868347317,1.00281808181911
32,21,"constrained",0.302428571428571,2.41761404537459,0.302428571428571,26.3258276514906,1.32057148549691e-09,0.00825242657533001,0.00458395686622026,1.00444991553191
32,22,"standard",0.302428571428571,2.20995472997585,0.112091887218978,24.7391077298335,2.57356358446259e-11,0.00918499311036891,0.0171297990919586,0.993751842936535
32,22,"constrained",0.302428571428571,2.45771637200844,0.302428571428571,27.891956233217,1.62276247994697e-09,0.00821866766742879,0.00794833706866704,0.995565259603341
32,23,"standard",0.302428571428571,2.2060863668048,0.109271344680391,24.4420317801147,2.57055488006586e-11,0.00894229098524602,0.0148394979277899,0.990563540346763
32,23,"constrained",0.302428571428571,2.45218241098009,0.302428571428571,27.498192884598,9.80432901531714e-10,0.00804811449848514,0.00518207486774891,0.992336046400443
32,24,"standard",0.302428571428571,2.20696508675369,0.102243298928279,21.9884366557851,2.59370303012929e-11,0.00894620993953728,0.023737847342324,0.9857334417186
32,24,"constrained",0.302428571428571,2.46238935517789,0.302428571428571,24.5731471314374,9.32960819710615e-10,0.00800662247558878,0.0134377306925693,0.987464829592989
32,25,"standard",0.302428571428571,2.22238582439735,0.101545762560912,22.346720488725,2.5169644146672e-11,0.00888588991513462,0.0259652109335775,0.984106699271281
32,25,"constrained",0.302428571428571,2.48544656235864,0.302428571428571,25.34430059962,1.09425973837673e-09,0.00799486235752501,0.0152290252678764,0.985946008406237
33,4,"standard",0.311428571428571,1.22932685201727,0.280703372305201,7.10779862535617,3.04413882989962e-09,0.0233206576090996,0.942594546405364,2.05873407452159
33,4,"constrained",0.311428571428571,1.27857918743253,0.311428571428571,7.37019019305797,6.49480469405717e-15,0.0192026458441154,0.949083039886233,2.05853858015439
33,5,"standard",0.311428571428571,1.564848328417,0.246653381631217,10.2281843393288,2.33146835171283e-14,0.0207319455502366,0.765007345240099,1.91814219585253
33,5,"constrained",0.311428571428571,1.68139618331005,0.311428571428571,10.9124476008938,2.14805750964331e-09,0.0150704989885124,0.772640451087796,1.91810263031107
33,6,"standard",0.311428571428571,1.78680893657045,0.207435056903349,14.450846939499,5.6399329650958e-14,0.0261424851343633,0.489072089610651,1.66955619200717
33,6,"constrained",0.311428571428571,1.98082833402326,0.311428571428571,16.021630438884,1.80067305510789e-09,0.0191237729103594,0.500101949421969,1.66939265098146
33,7,"standard",0.311428571428571,1.87959542799811,0.192670873307336,16.300317220007,1.37889699658444e-13,0.0229310119080989,0.421904062288522,1.59141378221617
33,7,"constrained",0.311428571428571,2.09073825373734,0.311428571428571,18.1542056878233,1.46044176752014e-09,0.0166558725769844,0.435987835636388,1.59244029695208
33,8,"standard",0.311428571428571,1.93627525970176,0.177991633488541,16.9589438891294,2.19158025061006e-13,0.0200597902879009,0.356068762501295,1.49497342789366
33,8,"constrained",0.311428571428571,2.16467391153981,0.311428571428571,18.9560048770981,9.74627045735588e-10,0.014242860172397,0.372675341301533,1.49662695305554
33,9,"standard",0.311428571428571,1.98530520610598,0.154055213827792,18.9572286939772,2.8199664825479e-13,0.0190639665444488,0.275159839372046,1.40614405240902
33,9,"constrained",0.311428571428571,2.24391433066655,0.311428571428571,21.6463165342968,1.86692383774556e-09,0.0133703858148706,0.293817248319996,1.40807666761059
33,10,"standard",0.311428571428571,1.96069534137555,0.143307779905065,20.042102183713,2.6700863742235e-13,0.0181205042306582,0.225229760936191,1.33175959270385
33,10,"constrained",0.311428571428571,2.21868218346809,0.311428571428571,23.2386876579752,9.93553073147524e-10,0.0129101738137718,0.242144193892556,1.33254753536889
33,11,"standard",0.311428571428571,1.96559255758888,0.126400474776518,19.1219897874586,3.78697073699641e-13,0.0165094354937029,0.256069719610869,1.30086208138077
33,11,"constrained",0.311428571428571,2.22049527503229,0.311428571428571,22.1475276893071,1.70273473099058e-09,0.0122388285229614,0.271488400590697,1.30215485664476
33,12,"standard",0.311428571428571,2.00246077284461,0.120787005933136,20.0651947135469,5.26800825184637e-13,0.0151035466264714,0.232963197301198,1.26588369119183
33,12,"constrained",0.311428571428571,2.2603063530554,0.311428571428571,23.2140310305499,1.66331559636745e-09,0.0114004274047975,0.249545746195731,1.26683056519457
33,13,"standard",0.311428571428571,2.01082619975406,0.118096948810338,20.5578933064523,5.30242516560975e-13,0.0138598543710101,0.217688897711404,1.21989308757403
33,13,"constrained",0.311428571428571,2.27400065316713,0.311428571428571,23.8535002681799,9.19193832160659e-10,0.0106391917388561,0.234439252233449,1.22120328975425
33,14,"standard",0.311428571428571,2.04991732593574,0.110681355599986,21.5770177448368,6.67688127009569e-13,0.0132088241902182,0.177458975673686,1.16193044365959
33,14,"constrained",0.311428571428571,2.32960980370633,0.311428571428571,25.1937457591621,1.38653960535251e-09,0.0100552925461823,0.19406862187517,1.16402647264721
33,15,"standard",0.311428571428571,2.08804071489281,0.105824320166626,22.4026311053905,8.38329405894456e-13,0.01261765950494,0.14775294739702,1.12654481156946
33,15,"constrained",0.311428571428571,2.38495846090752,0.311428571428571,26.2425322926175,1.24179738714147e-09,0.00985037464805587,0.163591461871137,1.12924918444851
33,16,"standard",0.311428571428571,2.10203957795897,0.103467864946116,23.2685668691092,8.75965966429249e-13,0.0123559824344275,0.127802507161398,1.0935658222655
33,16,"constrained",0.311428571428571,2.40885346575739,0.311428571428571,27.4023428782771,1.9380379523426e-09,0.00968942124028309,0.143918076160432,1.09607975510273
33,17,"standard",0.311428571428571,2.13180485846359,0.0950832384974242,24.5023719019888,8.44657677134819e-13,0.0119498012624331,0.105810138188831,1.07067824060233
33,17,"constrained",0.311428571428571,2.46689133903432,0.311428571428571,29.1729391822922,1.22113757994313e-09,0.00940791886153597,0.122490004425624,1.07359175929724
33,18,"standard",0.311428571428571,2.13347742757216,0.0947382694878021,24.6191488635659,8.73856542682461e-13,0.0113902392473158,0.10694954597961,1.05631712789885
33,18,"constrained",0.311428571428571,2.46788722489245,0.311428571428571,29.2343962989355,1.26193927529883e-09,0.00912282387945066,0.122987268392867,1.05926706938275
33,19,"standard",0.311428571428571,2.13950281675882,0.0935868621513797,24.8097794995959,9.00612917575927e-13,0.010863790003358,0.10379521535441,1.04129539047287
33,19,"constrained",0.311428571428571,2.47588319390446,0.311428571428571,29.4566621408691,1.28967891921405e-09,0.00880363716830396,0.120132165444473,1.04433985296021
33,20,"standard",0.311428571428571,2.12768328859856,0.0932502799553294,24.1912833434918,9.08717545655691e-13,0.0111010275784656,0.0974411530007648,1.02387559841244
33,20,"constrained",0.311428571428571,2.45919552251974,0.311428571428571,28.6378770603777,1.27027327545548e-09,0.00921442061079803,0.11281597356567,1.02600300182586
33,21,"standard",0.311428571428571,2.12357670695299,0.0936230419038752,22.9462751223672,8.90398865749376e-13,0.010802611167256,0.0884256664816014,1.01407229169108
33,21,"constrained",0.311428571428571,2.45256166890105,0.311428571428571,27.0319216668201,1.89325016775044e-09,0.00900673788886158,0.103289774424897,1.01582168551105
33,22,"standard",0.311428571428571,2.15028591689438,0.0872808278401189,24.7375405011934,8.87179218977963e-13,0.0109135159608674,0.0781397155071115,1.00592343127177
33,22,"constrained",0.311428571428571,2.50067960526224,0.311428571428571,29.3690224913706,1.56728491296221e-09,0.00914532139434975,0.0929046530217104,1.00788699321449
33,23,"standard",0.311428571428571,2.17186041382133,0.0860354425204604,25.5856985348751,1.01607611213694e-12,0.0105650948305378,0.0725656676885285,1.00344900082512
33,23,"constrained",0.311428571428571,2.52809579528285,0.311428571428571,30.3776883534048,8.10977895948639e-10,0.00893416934141781,0.0879308195149235,1.00582041927004
33,24,"standard",0.311428571428571,2.15736092826452,0.089475158191547,24.6872613458817,1.06659125975739e-12,0.0104186819029722,0.066460437296378,1.0006873320308
33,24,"constrained",0.311428571428571,2.50556687086335,0.311428571428571,29.0889792147396,8.3719842169927e-10,0.00884480308347719,0.080076928013824,1.00333524020035
33,25,"standard",0.311428571428571,2.15523944409263,0.0849065900529508,23.4537474081117,1.06326059068351e-12,0.0101516606737559,0.0632146155581754,0.997809539547253
33,25,"constrained",0.311428571428571,2.50460049508454,0.311428571428571,27.4373037065365,1.31416966198117e-09,0.00867569489115138,0.0765384008318488,1.00040115335409
34,4,"standard",0.306428571428571,1.33091583138136,0.272873513103896,7.70765750236947,8.43769498715119e-15,0.0244496769373049,1.02238870480548,2.09806617669034
34,4,"constrained",0.306428571428571,1.3858399285354,0.306428571428571,7.98804860712599,7.7715611723761e-15,0.0202481440044164,1.02903316177722,2.09810904650956
34,5,"standard",0.306428571428571,1.70371805996242,0.23687264403307,11.718417239299,2.41695552460897e-13,0.0235683829927334,0.810358502033658,1.94101288777079
34,5,"constrained",0.306428571428571,1.83166997770079,0.306428571428571,12.5298353499978,2.35949509930222e-09,0.017572185044777,0.817401490060438,1.94111953057932
34,6,"standard",0.306428571428571,1.89064883168004,0.217971479400954,14.2363142259586,2.31770158620748e-12,0.0202054371939683,0.611873348938569,1.73060026905319
34,6,"constrained",0.306428571428571,2.0426670606666,0.306428571428571,15.315439943164,1.88670906675625e-09,0.0145061321417181,0.624183009448914,1.73087199073262
34,7,"standard",0.306428571428571,2.03071260046907,0.189501946819664,18.047173136827,3.45090622744237e-12,0.0221563049480566,0.479676402798621,1.61378426539088
34,7,"constrained",0.306428571428571,2.21958644200774,0.306428571428571,19.8236331441537,1.9062443845641e-09,0.0163960497927488,0.49166199010713,1.61394179722043
34,8,"standard",0.306428571428571,2.10439286390016,0.169273639145631,19.2334331685172,8.88833451284654e-12,0.0198001523896946,0.372937687294765,1.51470460452598
34,8,"constrained",0.306428571428571,2.31306086124712,0.306428571428571,21.3229259285731,1.10378139961398e-09,0.01448216163644,0.390013862230341,1.51527043908786
34,9,"standard",0.306428571428571,2.12024838468202,0.159755079246254,19.8903624866531,1.14901421710556e-11,0.0170914156393872,0.330176787387146,1.43342852593763
34,9,"constrained",0.306428571428571,2.33146057162442,0.306428571428571,22.1034109346939,1.46958623048477e-09,0.0127140229808659,0.346596299649444,1.43418884315933
34,10,"standard",0.306428571428571,2.18136369781613,0.147496019875291,21.1695335025272,1.76325620770967e-11,0.0146471398412887,0.276699642967239,1.36382833368428
34,10,"constrained",0.306428571428571,2.41207979956987,0.306428571428571,23.677086772176,1.18512699653905e-09,0.0104923028721975,0.295651659138207,1.3647874191844
34,11,"standard",0.306428571428571,2.1814220112733,0.147292736404734,21.1547413495108,1.76773040649891e-11,0.0132861879563436,0.277066511323854,1.32670716345187
34,11,"constrained",0.306428571428571,2.41213386370159,0.306428571428571,23.6599477100127,1.19147580690537e-09,0.00961408129020975,0.295987492077237,1.32769199062595
34,12,"standard",0.306428571428571,2.20234381940952,0.12818251632166,18.0209175642263,1.63521418627965e-11,0.0143216652374817,0.223820529427723,1.27439906110941
34,12,"constrained",0.306428571428571,2.45730205812836,0.306428571428571,19.9471657994025,1.42998907159964e-09,0.0105723981155211,0.242569122844454,1.27555686989208
34,13,"standard",0.306428571428571,2.21644521118271,0.121502532435768,19.2551081642345,1.69622094148281e-11,0.0138968410214834,0.189553621986988,1.22151204401838
34,13,"constrained",0.306428571428571,2.48141852629052,0.306428571428571,21.5102889398897,1.29722688146927e-09,0.0104889167575092,0.208410566748715,1.22249072449483
34,14,"standard",0.306428571428571,2.22113796689357,0.11843520272216,19.5657204487284,1.72494241112986e-11,0.013083537604507,0.178717014546573,1.17129322211434
34,14,"constrained",0.306428571428571,2.48763213970562,0.306428571428571,21.8822663877844,9.49897105417818e-10,0.0100072610987906,0.198016045215248,1.17250827305178
34,15,"standard",0.306428571428571,2.21797752834878,0.115542035765903,20.0374145441977,1.75423009451947e-11,0.0124540287438868,0.159030695899042,1.13588944730027
34,15,"constrained",0.306428571428571,2.48360522143504,0.306428571428571,22.4783798561783,2.11245548831229e-09,0.00959970760617047,0.178101362882325,1.13696249493319
34,16,"standard",0.306428571428571,2.22542779961446,0.108940144141615,17.9898841388952,1.6697421223455e-11,0.0126918803879051,0.122304583378092,1.09946358364522
34,16,"constrained",0.306428571428571,2.50147300840394,0.306428571428571,19.9300038516433,1.68426511626407e-09,0.00978611433712791,0.138607110889298,1.1001502858165
34,17,"standard",0.306428571428571,2.23146518317044,0.103214192612036,17.7301789357624,1.7631673898677e-11,0.0123256026461985,0.131569537890952,1.08137683310015
34,17,"constrained",0.306428571428571,2.51009930708974,0.306428571428571,19.6308616399414,1.37101835440134e-09,0.00978618764062821,0.147686700377607,1.08240068076534
34,18,"standard",0.306428571428571,2.24541910204246,0.0980055145358659,19.2005017089117,1.80707671049163e-11,0.0122419959539069,0.108744878681429,1.06375789892577
34,18,"constrained",0.306428571428571,2.54276010305378,0.306428571428571,21.679589149386,1.3763024053759e-09,0.00979202605052799,0.124223134166789,1.06512735152507
34,19,"standard",0.306428571428571,2.24226419547668,0.0965047481172929,19.1111514123419,2.01643146624519e-11,0.0117810037442382,0.111600589386089,1.05039078399056
34,19,"constrained",0.306428571428571,2.53897874245864,0.306428571428571,21.557027940289,1.45602496726127e-09,0.00962148109660184,0.128024018095038,1.05217822743288
34,20,"standard",0.306428571428571,2.24986550120841,0.0935925388227644,20.0573181867434,2.11304307384808e-11,0.0115226458771735,0.0965949894201312,1.03158038049067
34,20,"constrained",0.306428571428571,2.55111031858912,0.306428571428571,22.8118587214841,9.84291703698403e-10,0.00952663496297421,0.112267798022477,1.03336529342563
34,21,"standard",0.306428571428571,2.24106466618152,0.0824217937688174,22.4480826504578,2.05222505655911e-11,0.0118799745362956,0.0909168229314892,1.02600318192142
34,21,"constrained",0.306428571428571,2.57700246197567,0.306428571428571,26.4776616931474,1.46965067893134e-09,0.00982525851445987,0.111472914732969,1.03003828053445
34,22,"standard",0.306428571428571,2.23413440272665,0.07603275559746,19.8154311971537,1.79476433714854e-11,0.012266950076858,0.0627895979774316,1.0070524088288
34,22,"constrained",0.306428571428571,2.58468648208164,0.306428571428571,23.0593553738489,1.15259257693623e-09,0.0100986766059661,0.0803735461011641,1.00989581247848
34,23,"standard",0.306428571428571,2.23076097350271,0.0765261174162128,20.2956711287386,1.93690619099129e-11,0.0118018415777638,0.0651496595013734,1.00251624530461
34,23,"constrained",0.306428571428571,2.58408476796303,0.306428571428571,23.9412593047901,1.12933551399408e-09,0.00984113967471583,0.0836560046078487,1.00531942841519
34,24,"standard",0.306428571428571,2.23374841549027,0.0768690444235873,20.4908786190749,1.99366079201013e-11,0.011629821003538,0.066252114817825,0.996759367365827
34,24,"constrained",0.306428571428571,2.58565553277445,0.306428571428571,24.0354666392015,1.62541768933266e-09,0.00978400086041909,0.0840708523835039,0.999182088613643
34,25,"standard",0.306428571428571,2.23513854629588,0.0773794728660987,20.7747521958519,1.98989713595665e-11,0.0112694084439942,0.0677312490172426,0.994612038047424
34,25,"constrained",0.306428571428571,2.58813683159284,0.306428571428571,24.4038029481068,1.44122758172216e-09,0.00956650215336385,0.0856559518610913,0.997158185600126
35,4,"standard",0.300428571428571,1.35690419736374,0.274228748823067,7.63691394294189,8.21565038222616e-15,0.0218574128594844,0.949336412323063,2.07115755209147
35,4,"constrained",0.300428571428571,1.4002977020525,0.300428571428571,7.85249624464589,9.99200722162641e-15,0.0184931682002233,0.955449650340971,2.07146260000608
35,6,"standard",0.300428571428571,1.83012661731712,0.209472710376535,14.6849292975268,5.92637050544909e-13,0.0241392394974737,0.557657757037018,1.72048637008449
35,6,"constrained",0.300428571428571,1.9725446961517,0.300428571428571,15.9066949839978,1.90589338755487e-09,0.0186487310612785,0.569358701928185,1.72252752961539
35,7,"standard",0.300428571428571,2.01517861765441,0.185407845470598,18.0617120339772,1.20292664718136e-12,0.0236230846912455,0.446402366712702,1.61818288684216
35,7,"constrained",0.300428571428571,2.20142417196599,0.300428571428571,19.8256175975366,1.75425107773464e-09,0.0184486758546283,0.458816833211333,1.62074310239996
35,8,"standard",0.300428571428571,2.1295218661042,0.156220674509196,20.447507989963,1.74771308536492e-12,0.0239217578082449,0.350819137425467,1.50765755162137
35,8,"constrained",0.300428571428571,2.37898518605723,0.300428571428571,23.0717938570642,1.61315810709439e-09,0.0180753377138101,0.365929773809047,1.51051667474495
35,9,"standard",0.300428571428571,2.22469366732643,0.129805076541686,23.6993147125312,1.98163707665344e-12,0.0228363892213284,0.280163966914517,1.42208941544333
35,9,"constrained",0.300428571428571,2.54060721591935,0.300428571428571,27.6315276932741,9.30812371624512e-10,0.0166083759928529,0.298663883001248,1.42516727216395
35,10,"standard",0.300428571428571,2.18742932142705,0.111603316737309,20.127830846177,1.87105886340078e-12,0.0232861001252737,0.215471248419594,1.34218443390481
35,10,"constrained",0.300428571428571,2.50843507165812,0.300428571428571,23.2281485637287,1.08808201337851e-09,0.0172443849682457,0.233827033433775,1.34422190506501
35,11,"standard",0.300428571428571,2.1976280730821,0.103443972621247,19.3190146197865,3.75088848869609e-12,0.0215003208765781,0.236136660496996,1.29955035735418
35,11,"constrained",0.300428571428571,2.51371679885457,0.300428571428571,22.2405212001141,1.38310041197798e-09,0.0163723842564398,0.253609410225642,1.30097792262754
35,12,"standard",0.300428571428571,2.19709490661584,0.0950238398801716,17.2164459837485,3.84869913716557e-12,0.0204940279657486,0.20766857648113,1.25497597898691
35,12,"constrained",0.300428571428571,2.51849465053467,0.300428571428571,19.595391049585,9.97115889855849e-10,0.0156814909994622,0.225217116640731,1.25608715816024
35,13,"standard",0.300428571428571,2.19898561102257,0.0911537984016924,16.9602953250494,3.78852504923088e-12,0.0196346944245241,0.183154826620362,1.20714605222335
35,13,"constrained",0.300428571428571,2.52239498874171,0.300428571428571,18.9287602402678,1.02068420382295e-09,0.0153798432488319,0.200301975635526,1.20814326928311
35,14,"standard",0.300428571428571,2.20499144087125,0.0876143467916262,17.2622916622471,4.30011581897816e-12,0.0185186764161035,0.159396082672322,1.15437974448703
35,14,"constrained",0.300428571428571,2.53145687377374,0.300428571428571,19.2650091982866,1.03248576355242e-09,0.0145857425317895,0.175513250121549,1.15544358470413
35,15,"standard",0.300428571428571,2.22494358568945,0.0831793790547706,16.2690726904531,4.0144554347421e-12,0.0177537971248017,0.135629485018595,1.12235807713854
35,15,"constrained",0.300428571428571,2.56638744267939,0.300428571428571,18.3227694675771,1.40241651624962e-09,0.014053909228673,0.152287060471453,1.12355315712103
35,16,"standard",0.300428571428571,2.24221043965391,0.0793747172051347,16.8504242595867,4.33253433129721e-12,0.0174820202018765,0.0997462360625923,1.08868692602372
35,16,"constrained",0.300428571428571,2.59867302208019,0.300428571428571,18.9476749592318,1.80494202917103e-09,0.0138169369338181,0.115692897593104,1.09032109539279
35,17,"standard",0.300428571428571,2.23985853345666,0.0776530012414792,17.2397119777555,4.49618120512696e-12,0.0162497697350689,0.102831073957883,1.06720116302126
35,17,"constrained",0.300428571428571,2.59670028443087,0.300428571428571,19.5042614212639,1.4986628604774e-09,0.013064751742183,0.119855847442484,1.06930948083081
35,18,"standard",0.300428571428571,2.24516967755604,0.076296302197275,17.5006265048551,4.57589521829505e-12,0.0150357017140672,0.098597592573535,1.05325950726695
35,18,"constrained",0.300428571428571,2.60383095739619,0.300428571428571,19.8180639102768,1.72575154167021e-09,0.0122377144382204,0.115991224573899,1.055397171691
35,19,"standard",0.300428571428571,2.24882646506024,0.0736563312690659,16.5203458121656,4.50539605623135e-12,0.0142803523652985,0.090802074482232,1.03891482353776
35,19,"constrained",0.300428571428571,2.60412449374305,0.300428571428571,19.329040897563,1.24127719214329e-09,0.0117179922354555,0.109152560418932,1.04111763787528
35,20,"standard",0.300428571428571,2.27213289189148,0.0672354772441132,18.9560884789942,4.31998881111895e-12,0.0143263568613366,0.0675630140777832,1.02015121057058
35,20,"constrained",0.300428571428571,2.66734749377324,0.300428571428571,22.1236633270847,1.42377126755022e-09,0.0117032896422311,0.0851906163110261,1.02265665977047
35,21,"standard",0.300428571428571,2.28582974751023,0.06250726244167,18.449149228383,4.48219239501668e-12,0.0138521776375521,0.0742303217839675,1.01294386201328
35,21,"constrained",0.300428571428571,2.69062110675539,0.300428571428571,21.512327152598,9.91441762021594e-10,0.0115309493007962,0.0919484118215506,1.0152652248102
35,22,"standard",0.300428571428571,2.28582032727283,0.0620057120415578,18.7048837909156,4.43478587186519e-12,0.013391189852896,0.070848056704075,1.00315522146144
35,22,"constrained",0.300428571428571,2.6900362634087,0.300428571428571,21.76141092956,1.37303368674679e-09,0.0112712970688631,0.089265167593477,1.00521514579218
35,23,"standard",0.300428571428571,2.27252330270581,0.0622973929788349,17.7662724914894,4.25925961167195e-12,0.0136592497976047,0.0604227783435327,0.999963978952067
35,23,"constrained",0.300428571428571,2.68314103883841,0.300428571428571,20.6608533204693,1.03142888674412e-09,0.0115538987760498,0.0779298522482126,1.0022537996144
35,24,"standard",0.300428571428571,2.30143145892412,0.060233951875817,16.7248542992715,5.4311000141638e-12,0.0132535250800457,0.0516723128706715,0.995273424447192
35,24,"constrained",0.300428571428571,2.72120310568795,0.300428571428571,19.4355553906561,1.65409691499363e-09,0.0113647265731944,0.0700638401075988,0.997525813301894
35,25,"standard",0.300428571428571,2.30140320795412,0.0604231787849918,16.7859191754321,5.45663514373018e-12,0.0128536721657998,0.0517785803032487,0.99416948317551
35,25,"constrained",0.300428571428571,2.72126414123944,0.300428571428571,19.488217244282,1.56196028333611e-09,0.0111447806941732,0.0701467406089904,0.996279070287698
36,4,"standard",0.293285714285714,1.29195069839276,0.285045733987037,7.18211905136631,5.55111512312578e-15,0.0200556405635402,0.957353421193988,2.02589256669753
36,4,"constrained",0.293285714285714,1.30458324761714,0.293285714285714,7.2464236754687,7.21644966006352e-15,0.0189745230621062,0.957460465207241,2.02591743301516
36,5,"standard",0.293285714285714,1.55196119161141,0.256256831951161,9.79443167754135,3.43058914609173e-14,0.0182617325837923,0.792935487311688,1.89581184235789
36,5,"constrained",0.293285714285714,1.61497672526747,0.293285714285714,10.1550850566426,1.33055838569263e-09,0.0147598453814385,0.789963616518647,1.89602120276175
36,6,"standard",0.293285714285714,1.78958258343143,0.236462018567323,12.0191631389781,1.32449606837781e-12,0.0138769249469678,0.562468664852272,1.6695844941474
36,6,"constrained",0.293285714285714,1.88687545202624,0.293285714285714,12.5970734135139,2.39489544862082e-09,0.0101914385763152,0.562205852769955,1.66973402535925
36,7,"standard",0.293285714285714,1.90719944713666,0.224367589839943,13.2576721265504,8.65008065176198e-12,0.0103076946930014,0.464291507250164,1.5791104041183
36,7,"constrained",0.293285714285714,2.00441277772243,0.293285714285714,13.8509383426779,2.30162955361379e-09,0.00800373067493273,0.465529273268636,1.57923596792092
36,8,"standard",0.293285714285714,1.97270041726897,0.201549983427562,14.1002580595188,1.26608723505228e-11,0.00963622135870829,0.362883665219003,1.46746495689272
36,8,"constrained",0.293285714285714,2.0849704267255,0.293285714285714,14.8145355329886,1.59590096693307e-09,0.00681384015426339,0.365668345541851,1.46759886325271
36,9,"standard",0.293285714285714,2.07110126138999,0.173045389704179,15.8386293829502,1.8989809724701e-11,0.00919839155512098,0.264815495308398,1.37759225235101
36,9,"constrained",0.293285714285714,2.21493189838409,0.293285714285714,16.8669960356621,1.47414630502496e-09,0.00637396138585582,0.268044766903218,1.37777663042177
36,10,"standard",0.293285714285714,2.14211622968216,0.156479187647888,17.2586402433107,3.36854988347568e-11,0.00841426916925772,0.186073929105043,1.30525134837101
36,10,"constrained",0.293285714285714,2.30160692474534,0.293285714285714,18.5051009690162,2.18081719349783e-09,0.00582393562789148,0.190141557931268,1.30540986495535
36,11,"standard",0.293285714285714,2.13825961378194,0.153127358741064,17.0973942305026,3.31792371355277e-11,0.00863209071221935,0.192454019196279,1.26923486985693
36,11,"constrained",0.293285714285714,2.29667446714018,0.293285714285714,18.3246134737807,1.40350991939542e-09,0.00643588189325442,0.196336693553636,1.26948326448101
36,12,"standard",0.293285714285714,2.14648066959733,0.149751583966221,17.3968595032292,3.43751693776539e-11,0.00787854563985991,0.181542067792362,1.23570199705714
36,12,"constrained",0.293285714285714,2.30607131047427,0.293285714285714,18.6620685554227,1.24908144938374e-09,0.00607496816572239,0.185690897570926,1.23621120937174
36,13,"standard",0.293285714285714,2.14911746030812,0.148880923279301,17.5295321957464,3.98449051530747e-11,0.00777615313078286,0.177256906842281,1.19308998148883
36,13,"constrained",0.293285714285714,2.30809115027386,0.293285714285714,18.7888982664605,1.26477656126056e-09,0.00636564089902451,0.182210201931876,1.19353044161258
36,14,"standard",0.293285714285714,2.14824377874548,0.147726372546688,17.2728521526328,4.05034894512823e-11,0.00767294237005088,0.172888164065721,1.14005549081135
36,14,"constrained",0.293285714285714,2.30682582725856,0.293285714285714,18.4978396119769,1.07121339576466e-09,0.00646080887279895,0.177936761210232,1.1404101318982
36,15,"standard",0.293285714285714,2.14832441371827,0.147679871035583,17.2805168295616,4.13461487269728e-11,0.00735766262732665,0.172623738204295,1.10933677483059
36,15,"constrained",0.293285714285714,2.3068309767954,0.293285714285714,18.4984739542893,1.1457046977803e-09,0.00625869757631465,0.177917750322247,1.10983642493657
36,16,"standard",0.293285714285714,2.16476981093516,0.141475218047417,17.862643123576,6.09660100181486e-11,0.00743216369935974,0.155254136404574,1.08056274607331
36,16,"constrained",0.293285714285714,2.32494207820799,0.293285714285714,19.1382941142467,1.8808702373363e-09,0.00654095695765431,0.16103552948586,1.08111051333201
36,17,"standard",0.293285714285714,2.13773080475611,0.122575285147921,15.5733982049037,5.61878321647669e-11,0.00829824024070818,0.116339981321968,1.05759502379855
36,17,"constrained",0.293285714285714,2.30257145567346,0.293285714285714,16.5271861218069,2.00996347343718e-09,0.00731840639258087,0.120163365949837,1.05813299251317
36,18,"standard",0.293285714285714,2.14362738421285,0.112250927996993,16.6079725882373,5.65789637363423e-11,0.00841555729267737,0.0906764073450237,1.04469332023522
36,18,"constrained",0.293285714285714,2.31351251221215,0.293285714285714,17.7214440282414,1.43142697694998e-09,0.00742133907737559,0.0945480533602696,1.04548406040133
36,19,"standard",0.293285714285714,2.13973295435506,0.109308972575106,16.1476150184502,5.75322012252855e-11,0.00824797650255433,0.0856160026234178,1.03108095946539
36,19,"constrained",0.293285714285714,2.30955457911394,0.293285714285714,17.4377905867523,1.72071051851574e-09,0.00727340999173856,0.0890771965317709,1.03170350373256
36,20,"standard",0.293285714285714,2.13197683262,0.109430211510658,15.9499349795073,6.34143848543545e-11,0.00825831034311934,0.0878837673190782,1.01854270924905
36,20,"constrained",0.293285714285714,2.30030655878949,0.293285714285714,17.186456754096,1.11394649060514e-09,0.0074715807453827,0.0916027250246927,1.0192521427987
36,21,"standard",0.293285714285714,2.11612120250825,0.111166429455027,14.9069593860984,6.32486285567779e-11,0.00847471570882184,0.079406856687541,1.01108074222809
36,21,"constrained",0.293285714285714,2.28325030732279,0.293285714285714,15.9901020231364,1.67648861459924e-09,0.00770397166110874,0.0829194114959675,1.01190467634019
36,22,"standard",0.293285714285714,2.12675026865547,0.107657889313089,15.5292783716321,8.38189517793353e-11,0.00837665312128589,0.0747466003880692,1.0020791311887
36,22,"constrained",0.293285714285714,2.29406118970811,0.293285714285714,16.4005781738227,1.16877296729712e-09,0.00767617959256096,0.0787862993115445,1.00290310764083
36,23,"standard",0.293285714285714,2.12978085917838,0.107645770508751,15.8959938439157,8.3557716301641e-11,0.00835212887371367,0.0713545756094982,1.00029561059963
36,23,"constrained",0.293285714285714,2.29918438622807,0.293285714285714,16.8631033117074,2.14760942363057e-09,0.00768911006171166,0.0751394132849192,1.00117100820736
36,24,"standard",0.293285714285714,2.13458868505002,0.107031385621561,16.0556629486729,8.8145601928602e-11,0.00804924247617309,0.0702622665574726,0.996152697634453
36,24,"constrained",0.293285714285714,2.30451086449586,0.293285714285714,17.0260605644953,1.29475036247939e-09,0.0074717628812946,0.0741196585824389,0.996937417434922
36,25,"standard",0.293285714285714,2.13466399595026,0.107547228840621,16.1798744426799,8.81102968364189e-11,0.0080863687888829,0.0705777925032907,0.994972692969061
36,25,"constrained",0.293285714285714,2.30469126593057,0.293285714285714,17.1664974827929,1.93456095587408e-09,0.00757697853227788,0.0744693693008456,0.995818760438458
37,4,"standard",0.296571428571429,1.21010322212505,0.285817599588767,6.99284788115001,6.55031584528842e-15,0.0220742830735894,0.971748982394161,2.04179733763047
37,4,"constrained",0.296571428571429,1.22531507590313,0.296571428571429,7.07560507169517,4.32986979603811e-15,0.0207140243029904,0.973320839108646,2.04192749068489
37,5,"standard",0.296571428571429,1.55954411274998,0.253324443803987,10.1193890290853,1.08024700296028e-13,0.0187227107685454,0.770988655138666,1.89533348851299
37,5,"constrained",0.296571428571429,1.62886566458933,0.296571428571429,10.5333146884856,1.9144651974834e-09,0.0149070898661212,0.772609336115342,1.89570022408492
37,6,"standard",0.296571428571429,1.70510428972178,0.238163127233376,11.6557820157743,1.1000089727986e-12,0.014532227931449,0.592463534789197,1.68475787194069
37,6,"constrained",0.296571428571429,1.79303718870276,0.296571428571429,12.1997496694757,1.8487835706793e-09,0.0114919369032579,0.596944686437895,1.68504260404944
37,7,"standard",0.296571428571429,1.7990133956301,0.205608532258587,14.7898830630811,1.23367982496347e-12,0.0197300885010849,0.485824092834195,1.58992598702293
37,7,"constrained",0.296571428571429,1.91524020480095,0.296571428571429,15.8123323586152,2.06399131119639e-09,0.0158733117074013,0.491450334062976,1.59059576453675
37,8,"standard",0.296571428571429,1.80186960031984,0.171534669632369,11.4224486394466,1.22113430478521e-12,0.0228058486157062,0.378042092140687,1.48569851232368
37,8,"constrained",0.296571428571429,1.94598268841302,0.296571428571429,12.4276875882454,1.84935544655929e-09,0.0183367753519099,0.386140878935454,1.48710202024263
37,9,"standard",0.296571428571429,1.83882152267159,0.161283424861748,11.9382194080026,2.34334773807632e-12,0.0187336962725,0.328698923587464,1.39774368801162
37,9,"constrained",0.296571428571429,1.98509071930553,0.296571428571429,12.9912176090287,1.92680887911578e-09,0.0153277165336397,0.33970788276343,1.39887829564839
37,10,"standard",0.296571428571429,1.91772122807662,0.140437603061999,13.1297263099801,3.00848235212925e-12,0.0178913588466283,0.243769285426046,1.31923066093168
37,10,"constrained",0.296571428571429,2.10429958483552,0.296571428571429,14.1678545470721,1.45967432585437e-09,0.014456640585006,0.256496419664716,1.3201774781328
37,11,"standard",0.296571428571429,1.90808047895725,0.128539164594389,12.7430598436188,2.95863333832358e-12,0.0159884609624258,0.262869220745493,1.28516521717105
37,11,"constrained",0.296571428571429,2.09417987729911,0.296571428571429,13.7274986314296,1.15745035778048e-09,0.0132919366524238,0.275602857196741,1.28597214232992
37,12,"standard",0.296571428571429,1.92409646836607,0.121311154000567,13.377804062717,3.30613314503125e-12,0.0148415382322761,0.230669116626605,1.24083373222796
37,12,"constrained",0.296571428571429,2.1154692329738,0.296571428571429,14.4829244085465,1.38418537742879e-09,0.0123711921614195,0.243418931736773,1.2419947348889
37,13,"standard",0.296571428571429,1.92467210665194,0.117093166467938,13.8402984270748,3.23419069303554e-12,0.0139389292321229,0.213996944078001,1.19323713961907
37,13,"constrained",0.296571428571429,2.12087721690481,0.296571428571429,15.0861148646686,1.04428765634879e-09,0.0115884670500246,0.226052414443852,1.19407819856588
37,14,"standard",0.296571428571429,1.95648179859423,0.109347584054587,14.398491965238,3.43003403457942e-12,0.013265533410833,0.18137527417254,1.14212226998606
37,14,"constrained",0.296571428571429,2.16670010490563,0.296571428571429,15.7648204042464,1.11584330664272e-09,0.0110898999765196,0.193474471213645,1.14323907177583
37,15,"standard",0.296571428571429,1.96471044688091,0.10840092960471,14.6328011553076,4.30611102331113e-12,0.0123630310247536,0.169304418694395,1.11347373074717
37,15,"constrained",0.296571428571429,2.17397571409587,0.296571428571429,15.9990970044648,1.29549870830914e-09,0.0103050387995464,0.182799171834287,1.11487793701467
37,16,"standard",0.296571428571429,1.96535258101034,0.107480113535109,15.0385141054558,4.26580992751724e-12,0.0123585277482515,0.156218068736323,1.08565570435762
37,16,"constrained",0.296571428571429,2.17723051866013,0.296571428571429,16.5042400413869,1.10866671398924e-09,0.0103716660744087,0.169628829596053,1.08719891953422
37,17,"standard",0.296571428571429,1.99350530669378,0.0985575133302926,15.9581887316576,4.85655959892028e-12,0.0121007728290497,0.132996026546814,1.06138156153466
37,17,"constrained",0.296571428571429,2.21929486849125,0.296571428571429,17.663961080125,1.34048738775761e-09,0.0102689995933985,0.146433628629222,1.06329350749079
37,18,"standard",0.296571428571429,1.99822416054535,0.0968760612501168,16.1351423182775,5.36015676289026e-12,0.0113495193042611,0.129020486449751,1.0475424262957
37,18,"constrained",0.296571428571429,2.22318264879201,0.296571428571429,17.8448270642101,1.87710319510259e-09,0.00973357403632019,0.142838860390467,1.04939729065619
37,19,"standard",0.296571428571429,2.01972835614371,0.0876515301357479,17.4818374320465,5.46618306174196e-12,0.0116324122684879,0.0943556030081885,1.03255660166818
37,19,"constrained",0.296571428571429,2.26280768536398,0.296571428571429,19.6140789495067,1.16591408749755e-09,0.0100487319774246,0.10612008328472,1.03531111382249
37,20,"standard",0.296571428571429,2.01842013060056,0.0843299643561629,17.3089566864927,5.83411097210274e-12,0.0110903363187945,0.099294774475859,1.02022640457307
37,20,"constrained",0.296571428571429,2.26318099256332,0.296571428571429,19.3736245061781,1.39549177768927e-09,0.00968194232887067,0.112127155209599,1.02271920359085
37,21,"standard",0.296571428571429,2.00938557253614,0.0849046525964134,16.9470166404812,5.74618130855242e-12,0.0107048939842744,0.10449057111399,1.01315282217314
37,21,"constrained",0.296571428571429,2.25195444455764,0.296571428571429,18.9209258382111,1.00451802431678e-09,0.00943547528735946,0.116901254602791,1.0156866247117
37,22,"standard",0.296571428571429,1.98976973091383,0.0802644483108652,15.474649621505,5.4231064083865e-12,0.0108380726082834,0.100517262582169,1.00765959263057
37,22,"constrained",0.296571428571429,2.23564854524529,0.296571428571429,17.1256260856893,1.13253312283845e-09,0.00948439381277892,0.114212660313577,1.01080222482399
37,23,"standard",0.296571428571429,2.01604550608075,0.0740684817914963,14.4904242126687,5.3259618937318e-12,0.0105850442965027,0.0939229021028831,1.00603129318688
37,23,"constrained",0.296571428571429,2.27887767993871,0.296571428571429,16.6498243273599,1.07606928922976e-09,0.00920450768860152,0.108431140393092,1.00974553293119
37,24,"standard",0.296571428571429,2.02237274770898,0.0696192326756465,14.2182767702137,5.14155384934156e-12,0.0107971217575501,0.0761153804423351,1.00164130806269
37,24,"constrained",0.296571428571429,2.29795023148173,0.296571428571429,15.9911921190691,1.31227539945655e-09,0.00940052402050981,0.0906049257671757,1.00562366398129
37,25,"standard",0.296571428571429,2.02622444805541,0.0688454888654437,14.3366783244735,5.27156096552517e-12,0.0106238236365249,0.0760482415658883,1.00046306497699
37,25,"constrained",0.296571428571429,2.30116044208022,0.296571428571429,16.0760499312309,1.75377962152723e-09,0.00935265201691265,0.0904721173699787,1.00450717954912
38,4,"standard",0.304285714285714,1.38895740650258,0.274475499858415,7.65960267565874,1.62092561595273e-14,0.020644662408228,0.916776235465053,2.02597232038619
38,4,"constrained",0.304285714285714,1.43966251684615,0.304285714285714,7.90582284917886,7.04991620636974e-15,0.0167665176821714,0.921268051862849,2.02581516477195
38,5,"standard",0.304285714285714,1.68331230944105,0.247821990596163,10.3416207274109,6.11066752753686e-13,0.0166515092080474,0.749626750945981,1.89330883173651
38,5,"constrained",0.304285714285714,1.78159627773999,0.304285714285714,10.8619939392826,2.22892360124405e-09,0.0116094549616833,0.753998584579937,1.89357175601189
38,6,"standard",0.304285714285714,1.91604138708214,0.22800919329073,12.7004651306712,9.8593355701837e-12,0.0136799979700266,0.507010488904882,1.66769518607829
38,6,"constrained",0.304285714285714,2.04942073266022,0.304285714285714,13.454164280266,1.8068817553285e-09,0.00871971031124907,0.513822948353932,1.66816074708734
38,7,"standard",0.304285714285714,2.20786072021229,0.195034572129673,16.8039377545179,4.88129536790893e-11,0.0152091253908539,0.367814776744982,1.57826096951885
38,7,"constrained",0.304285714285714,2.4101709056329,0.304285714285714,18.1651043746779,1.74700565125363e-09,0.00975128019878451,0.375134011173899,1.57877559259447
38,8,"standard",0.304285714285714,2.26684879639131,0.171834602067133,18.2332988594123,6.19538864654601e-11,0.0154360035244873,0.267050805472522,1.46930448414959
38,8,"constrained",0.304285714285714,2.51001738522116,0.304285714285714,20.0641710267762,1.64017699422203e-09,0.00996501818200463,0.274075904012548,1.47008287786962
38,9,"standard",0.304285714285714,2.32680005773541,0.144667965397033,21.1303100217794,7.17946813111325e-11,0.0162537668136646,0.149398728987896,1.38904964679892
38,9,"constrained",0.304285714285714,2.60749928951942,0.304285714285714,23.8624956137516,1.93921545488251e-09,0.0110904812879699,0.15456531382424,1.39192660736803
38,10,"standard",0.304285714285714,2.37476628520942,0.132723980183136,22.5465973706937,9.25545196039934e-11,0.014267409412309,0.0793376491581244,1.31443159332673
38,10,"constrained",0.304285714285714,2.66906784482148,0.304285714285714,25.6404874202068,9.82466885623978e-10,0.00951784342505924,0.0848986755727079,1.31699494761824
38,11,"standard",0.304285714285714,2.36565040744894,0.12695362264076,22.1364725240807,9.31490440336802e-11,0.0127626577006626,0.0923401528106194,1.27265514424031
38,11,"constrained",0.304285714285714,2.65812517378285,0.304285714285714,25.1375070887578,1.58502977409825e-09,0.00861272312592075,0.0983827586517876,1.27476809929997
38,12,"standard",0.304285714285714,2.40224666810825,0.121756470326877,22.8751039644164,1.01750274872359e-10,0.0118499461694941,0.0727170547200426,1.23193652374668
38,12,"constrained",0.304285714285714,2.70765295780035,0.304285714285714,26.0265045881426,1.08498898754306e-09,0.00846765724150391,0.0798302396980013,1.2338172068635
38,13,"standard",0.304285714285714,2.39092462107644,0.11601045794839,20.996982436762,9.92387283460516e-11,0.0118266883553863,0.0375536819783395,1.18577250925867
38,13,"constrained",0.304285714285714,2.69492381260292,0.304285714285714,23.7154435246064,8.8975388168322e-10,0.00869996092069139,0.0442489210322261,1.18795621727875
38,14,"standard",0.304285714285714,2.38495250257062,0.111580723858596,21.4547034808674,9.88594761608397e-11,0.0113041120755302,0.0210404408764298,1.13893120767884
38,14,"constrained",0.304285714285714,2.68917046394484,0.304285714285714,24.3630865161855,1.5971444722318e-09,0.0082590352578554,0.026740042890288,1.14157249467799
38,15,"standard",0.304285714285714,2.37992847395939,0.108772159541931,21.3317315899873,1.12445164290875e-10,0.0108437407341864,0.0267154623555319,1.10694280195817
38,15,"constrained",0.304285714285714,2.68228841200847,0.304285714285714,24.1796553099281,9.46534073342775e-10,0.00835731194490255,0.0342980579095604,1.10946184693315
38,16,"standard",0.304285714285714,2.3876317080555,0.104799794956467,22.1110322640281,1.09523834446179e-10,0.0109801102419483,0.0108825343305616,1.07691533724692
38,16,"constrained",0.304285714285714,2.69833528399168,0.304285714285714,25.1910903667575,1.36886552093429e-09,0.0087174906011804,0.0183243480416193,1.07917594982763
38,17,"standard",0.304285714285714,2.3900143194523,0.105735343826363,22.1855050646976,1.13341114271748e-10,0.0101832296234993,0.00974390477169962,1.0587496426799
38,17,"constrained",0.304285714285714,2.69970335130668,0.304285714285714,25.2314371875873,1.58059232369112e-09,0.00826788247961745,0.0178640058783097,1.06096976122979
38,18,"standard",0.304285714285714,2.39873679175258,0.105422830371973,22.7329421012653,1.2204981469921e-10,0.00981093300857051,0.00251351684406842,1.04315284201391
38,18,"constrained",0.304285714285714,2.71158626576,0.304285714285714,25.9180355528878,1.15145215584533e-09,0.00808891181866944,0.0106485534245024,1.04520881698862
38,19,"standard",0.304285714285714,2.39968838655385,0.0984238411976554,22.3269270656748,1.21111343176494e-10,0.00951581087683927,0.0100559845318866,1.0305982031279
38,19,"constrained",0.304285714285714,2.71754886323524,0.304285714285714,25.4007446829865,1.15065362793487e-09,0.00799407647779825,0.0186055212376894,1.03266685589933
38,20,"standard",0.304285714285714,2.39754779361607,0.0961769119835365,22.1955580525739,1.41153533306237e-10,0.00924394537960239,0.0137033305458107,1.01507468399115
38,20,"constrained",0.304285714285714,2.71635695982864,0.304285714285714,25.1924296717466,1.70945457789173e-09,0.00793884063053515,0.0241121043704098,1.01698220518637
38,21,"standard",0.304285714285714,2.4058311114983,0.0945185038747426,22.3897869729268,1.62808100334644e-10,0.00901468919723348,0.0111213768511478,1.00765210624926
38,21,"constrained",0.304285714285714,2.72472007778644,0.304285714285714,25.3868359926163,1.01907093874587e-09,0.00788281113445021,0.0221306894225082,1.00968991980505
38,22,"standard",0.304285714285714,2.38973771057105,0.0956135541956163,24.0272818694144,1.5595591484896e-10,0.00938348310705441,0.00459329871833791,1.00027025688458
38,22,"constrained",0.304285714285714,2.71576931577484,0.304285714285714,27.688586071972,1.21003779218753e-09,0.00823066619748848,0.0162765009382566,1.00241953572096
38,23,"standard",0.304285714285714,2.39133381148522,0.0946282476518229,23.5718919340804,1.88518534116611e-10,0.00945438404023937,0.0025553419669988,0.996472597177419
38,23,"constrained",0.304285714285714,2.71552519350617,0.304285714285714,27.1331968328658,1.22016730053076e-09,0.00845619581563524,0.0143981326155185,0.998554203793632
38,24,"standard",0.304285714285714,2.394916495374,0.0937293284022906,23.8261831288647,1.88038251636158e-10,0.00915628957991907,8.66054671435634e-05,0.991363673087136
38,24,"constrained",0.304285714285714,2.72086310127328,0.304285714285714,27.4462759873117,1.49332013421599e-09,0.00816519593757877,0.0116346122372857,0.993767274381585
38,25,"standard",0.304285714285714,2.37914575363007,0.0879323962958946,22.0886276695497,1.77970749248857e-10,0.00952670095402281,0.00855937916106964,0.991885213070996
38,25,"constrained",0.304285714285714,2.71316833592441,0.304285714285714,25.2748837399808,1.50103041107741e-09,0.0085526300747201,0.00191079737312982,0.995348184542531
39,4,"standard",0.302571428571429,1.25665567041803,0.282884421598794,7.11319180776444,1.60982338570648e-14,0.0207556022544886,1.01638752903055,2.08997109617618
39,4,"constrained",0.302571428571429,1.28734811585027,0.302571428571428,7.26939619034195,1.33226762955019e-14,0.0183499958813681,1.0207644608461,2.09021624962399
39,5,"standard",0.302571428571429,1.53999735945506,0.252744519860022,10.0280781883293,7.71605002114484e-14,0.0189232794512132,0.849771267324398,1.95459139543155
39,5,"constrained",0.302571428571429,1.62132052509809,0.302571428571428,10.5291921307281,2.02808003724186e-09,0.0152428714475441,0.856046443425101,1.95486052352775
39,6,"standard",0.302571428571429,1.81731346413619,0.220348793281238,13.7662904442073,1.2303491558896e-12,0.0203591982301072,0.511604205292457,1.68395318763175
39,6,"constrained",0.302571428571429,1.96220865947562,0.302571428571428,14.8455803096679,1.94373089845712e-09,0.0154570933832246,0.518546444911482,1.68452013090765
39,7,"standard",0.302571428571429,2.00965708489897,0.190918182873533,17.7434352172934,2.52931009470103e-12,0.0214871867314369,0.350955201286708,1.57319926083413
39,7,"constrained",0.302571428571429,2.19532190229144,0.302571428571428,19.4586166778471,1.58535640171209e-09,0.016073343745995,0.355610571375728,1.5739090375519
39,8,"standard",0.302571428571429,2.07071971432527,0.166998674105271,19.3781200700306,3.23008286784443e-12,0.0211186042732112,0.237859837137174,1.4733225185529
39,8,"constrained",0.302571428571429,2.30873700618529,0.302571428571428,21.8540989077094,1.89546200957125e-09,0.0149194538160308,0.244608349866485,1.47367979189997
39,9,"standard",0.302571428571429,2.13148946474637,0.151434606728852,20.4780322836685,5.38902256153051e-12,0.0182542318776879,0.174313773038197,1.39349736124626
39,9,"constrained",0.302571428571429,2.3904991741256,0.302571428571428,23.2483344550362,1.65185098932596e-09,0.0131923199853118,0.18204753293542,1.3940720707147
39,10,"standard",0.302571428571429,2.18206332187515,0.135333635084899,22.4392863550187,5.18751708256104e-12,0.0182085952715117,0.113197632140936,1.31683171782326
39,10,"constrained",0.302571428571429,2.48451086811484,0.302571428571428,25.994848897644,1.68343700091e-09,0.0134482650758952,0.121043274346452,1.31733627779879
39,11,"standard",0.302571428571429,2.17864120730516,0.131889405575595,22.1966342255292,5.17219600482122e-12,0.0163483684605255,0.11952598726262,1.27902317455431
39,11,"constrained",0.302571428571429,2.47847535350191,0.302571428571428,25.6918650835436,2.03850003543948e-09,0.012369275009805,0.127243291105225,1.2796085460304
39,12,"standard",0.302571428571429,2.17845622290468,0.125533916686059,23.3179838381282,5.7619464755021e-12,0.015303941067543,0.0919318175353085,1.23866868085312
39,12,"constrained",0.302571428571429,2.47968351058003,0.302571428571428,27.2417362251795,1.54811019559276e-09,0.0115748899523656,0.100092056568202,1.23980145694092
39,13,"standard",0.302571428571429,2.17991543216385,0.123749028450342,23.7554011215029,5.87585535782864e-12,0.0142975822314276,0.082712884939415,1.1920098283165
39,13,"constrained",0.302571428571429,2.48319695997413,0.302571428571428,27.8663003146463,1.95141730552351e-09,0.0110302497165747,0.0906401375505768,1.19321337077291
39,14,"standard",0.302571428571429,2.18018891166781,0.122167854849884,23.9064813838971,6.04150063310271e-12,0.0133958417699071,0.074947021245471,1.13527542030644
39,14,"constrained",0.302571428571429,2.4835025614154,0.302571428571428,28.0224545079449,1.53809592839949e-09,0.0106384318270443,0.0840338705243608,1.13592993133108
39,15,"standard",0.302571428571429,2.17527137549778,0.116367680583789,21.3222070428008,5.83588732894214e-12,0.013388657542475,0.0387518224338583,1.10130027939737
39,15,"constrained",0.302571428571429,2.47958137016394,0.302571428571428,24.7483742985093,9.62812107818678e-10,0.0106171682251111,0.0472660670609564,1.10253644043637
39,16,"standard",0.302571428571429,2.17449968264412,0.110904923961862,22.533835432696,5.5184745662018e-12,0.0135297575043768,0.00874946445734093,1.07132214825457
39,16,"constrained",0.302571428571429,2.48717975730131,0.302571428571428,26.4428819217059,9.14357090042728e-10,0.0108487090487354,0.0170220208234415,1.07274128956198
39,17,"standard",0.302571428571429,2.17246192396045,0.109994285542014,22.2591878570243,5.5543347698972e-12,0.0126362754459943,0.00561000265207401,1.04977166715305
39,17,"constrained",0.302571428571429,2.48402231562478,0.302571428571428,26.1366627670778,1.72134034803761e-09,0.0102387553203556,0.0141576459231301,1.05099687078814
39,18,"standard",0.302571428571429,2.14733825654558,0.092590441798581,19.597341806999,5.02053953965742e-12,0.0135903739790411,0.0198555164960377,1.03491615226649
39,18,"constrained",0.302571428571429,2.48045717892532,0.302571428571428,22.8880901625558,1.67158442643256e-09,0.0110303326565093,0.012300759321036,1.03585342745937
39,19,"standard",0.302571428571429,2.13654186435989,0.0881928774330563,18.7534171946887,5.83233461526333e-12,0.013569209138105,0.0309007008351543,1.0259788919254
39,19,"constrained",0.302571428571429,2.47122774559282,0.302571428571428,21.7278151563395,1.20350834853511e-09,0.0111234321279604,0.0248984158768106,1.02744203867298
39,20,"standard",0.302571428571429,2.16175124736978,0.0858519714646788,19.6219307944206,8.15592038350132e-12,0.0129198873568576,0.0426718517150642,1.01324260775751
39,20,"constrained",0.302571428571429,2.499940745627,0.302571428571428,22.6806033686513,1.08064640569339e-09,0.0107521199607892,0.0366321822980451,1.01464624173145
39,21,"standard",0.302571428571429,2.15163276387521,0.0795350599034944,18.5539686579802,7.91411380873797e-12,0.0129468480657155,0.0534731741313585,1.00997331071759
39,21,"constrained",0.302571428571429,2.49262205692755,0.302571428571428,21.3186583194477,1.16542780981277e-09,0.0108161318761101,0.0486317809745804,1.01210369915581
39,22,"standard",0.302571428571429,2.15461850611659,0.0772445950882238,17.7046735404837,7.5582873293456e-12,0.012594499285923,0.0625054891861918,1.00190098777796
39,22,"constrained",0.302571428571429,2.49941585453172,0.302571428571428,20.2927718987209,1.06359154816715e-09,0.0105415890279191,0.0577349982326076,1.00409188474508
39,23,"standard",0.302571428571429,2.1410540394862,0.0749953009759791,17.4036507694133,8.83493278536207e-12,0.0126171880701477,0.0654394353487628,0.999700708076284
39,23,"constrained",0.302571428571429,2.48006579352551,0.302571428571428,19.8948712567183,1.56593471523081e-09,0.0106904260418493,0.0604798415458419,1.00185714289022
39,24,"standard",0.302571428571429,2.13855608742866,0.0754101904385577,17.2838023991824,1.02581276806291e-11,0.0123373852075002,0.0642451184733428,0.993783551543831
39,24,"constrained",0.302571428571429,2.47627094127282,0.302571428571428,19.6908542769258,1.30684862931219e-09,0.0106224465409794,0.0587576220268566,0.995878897812866
39,25,"standard",0.302571428571429,2.13819257473737,0.0721315965254575,17.7745661216859,1.02510222532715e-11,0.0120893993012558,0.0626488249487567,0.992054954299004
39,25,"constrained",0.302571428571429,2.47698960416906,0.302571428571428,20.4091558827795,9.8143948523699e-10,0.0105496039360005,0.0570051362207256,0.994215879666212
40,4,"standard",0.305285714285714,1.401473998726,0.269537708975769,7.8951183288661,2.72004641033163e-15,0.0221889091428589,0.920680628340627,2.01984330275941
40,4,"constrained",0.305285714285714,1.45970646103586,0.305285714285714,8.18032213784058,8.10462807976364e-15,0.0178604759245395,0.924459951880392,2.02004569584784
40,5,"standard",0.305285714285714,1.66626945036028,0.245952746952316,10.465667288724,3.94462240649318e-13,0.0178858153545321,0.781157782238198,1.91115169385376
40,5,"constrained",0.305285714285714,1.76692295341515,0.305285714285714,11.010172965343,2.30636210130086e-09,0.012772915459917,0.787228193726668,1.91158951124373
40,6,"standard",0.305285714285714,1.87364353253353,0.227969108013111,12.797583526168,6.65512089881304e-12,0.0142896886891866,0.550726741971576,1.68703467881954
40,6,"constrained",0.305285714285714,1.99845744041007,0.305285714285714,13.5553818786451,2.03127975550998e-09,0.00928965821070259,0.563720954152711,1.68751969902441
40,7,"standard",0.305285714285714,1.98333934151159,0.204975544662271,15.1863695827232,1.47802881045322e-11,0.0154041267327087,0.426991313682787,1.57745476275911
40,7,"constrained",0.305285714285714,2.1264604317296,0.305285714285714,16.2437505001774,1.74750425241399e-09,0.0106009654241372,0.436591383628993,1.57796854953464
40,8,"standard",0.305285714285714,2.05286227628991,0.173374788297585,17.1524886321687,1.72450942415026e-11,0.017470982300436,0.310255644491687,1.47658394379509
40,8,"constrained",0.305285714285714,2.23176828305028,0.305285714285714,18.7310160764149,1.11549836034897e-09,0.0123036362378747,0.320875118176162,1.47771938422636
40,9,"standard",0.305285714285714,2.05048992045023,0.15921471523961,18.2532152073561,1.62908575518372e-11,0.0167016914455852,0.255708087053098,1.39158645317992
40,9,"constrained",0.305285714285714,2.23811060540295,0.305285714285714,20.2119041677279,8.89331663866955e-10,0.0119437111920158,0.266708389346515,1.39260642944711
40,10,"standard",0.305285714285714,2.09809285773158,0.144958418245991,19.7313480615437,1.51975099171864e-11,0.015927284312519,0.197824344020686,1.31510550038562
40,10,"constrained",0.305285714285714,2.31427312602743,0.305285714285714,22.1690827039464,1.53036339156642e-09,0.0111795580180223,0.209290734260582,1.31598060238245
40,11,"standard",0.305285714285714,2.11184973548089,0.135135282715347,21.1242480074719,1.51030299377908e-11,0.0144791233884419,0.223311209486758,1.28197021633382
40,11,"constrained",0.305285714285714,2.33372151686647,0.305285714285714,23.8803475938623,1.57222046492933e-09,0.0105608840629956,0.235119643833546,1.28257903463784
40,12,"standard",0.305285714285714,2.12522412543029,0.132257768524832,21.5921168950464,1.51060275399573e-11,0.0136964931170446,0.215519535076386,1.24438996166293
40,12,"constrained",0.305285714285714,2.35220523298047,0.305285714285714,24.460647749966,1.4926665459214e-09,0.0103104871036753,0.227911308508008,1.24539897834775
40,13,"standard",0.305285714285714,2.14086450248944,0.128611014893935,22.3890155807943,1.61219926297917e-11,0.0123899071654174,0.191762370217232,1.20062866711519
40,13,"constrained",0.305285714285714,2.37454833901498,0.305285714285714,25.4699052206901,1.38184752529469e-09,0.00952142402368034,0.203626533523495,1.20169624551831
40,14,"standard",0.305285714285714,2.16013198729389,0.119545448613716,23.7287467540171,1.55616630692634e-11,0.0124619319979071,0.157104470724854,1.14819584957337
40,14,"constrained",0.305285714285714,2.41379268324945,0.305285714285714,27.3188177627615,8.44203040806235e-10,0.00948251773450544,0.168739158983097,1.149682100344
40,15,"standard",0.305285714285714,2.1861967186846,0.114664853915143,24.8656556720844,1.64620539422344e-11,0.0119242105920125,0.136550501241929,1.1144367258664
40,15,"constrained",0.305285714285714,2.45281551179071,0.305285714285714,28.7515931086751,1.69371200398061e-09,0.00916676631936672,0.148622927225388,1.11588346959792
40,16,"standard",0.305285714285714,2.23294004734305,0.105240810809552,28.1981595859375,1.543121186387e-11,0.0127694709110531,0.106416656373076,1.08124894566206
40,16,"constrained",0.305285714285714,2.5437645039798,0.305285714285714,33.3557851281063,1.7701102805745e-09,0.00998672767200612,0.120337793461729,1.08311347486652
40,17,"standard",0.305285714285714,2.21075996654777,0.099313546296032,26.6752727100313,1.53734802665895e-11,0.0124347258289435,0.0902740224349285,1.05740507764721
40,17,"constrained",0.305285714285714,2.51251517226355,0.305285714285714,31.3983767882755,1.2502653912172e-09,0.00980395936760136,0.102166245615546,1.05864559527384
40,18,"standard",0.305285714285714,2.21062946341742,0.0987341149801683,26.6200553676082,1.54188883882966e-11,0.0118631543740083,0.0909966640434066,1.04175953527981
40,18,"constrained",0.305285714285714,2.51219378628229,0.305285714285714,31.2851391080667,1.20940601977537e-09,0.00954722426637917,0.103394704878937,1.04317797984774
40,19,"standard",0.305285714285714,2.20272224776967,0.0942070679676926,26.1767092579616,1.54976032007426e-11,0.0110406600889966,0.0970754716023228,1.02904922122765
40,19,"constrained",0.305285714285714,2.50211049971142,0.305285714285714,30.7370162379188,1.15947362822055e-09,0.0090014766806864,0.110201866545099,1.03084067265905
40,20,"standard",0.305285714285714,2.19913429471682,0.0885160678882131,23.9714853926244,1.46687106905574e-11,0.0108859120148383,0.0819686631107945,1.01394569371024
40,20,"constrained",0.305285714285714,2.49670014582222,0.305285714285714,27.9476700131935,1.54604412605508e-09,0.00893663703135558,0.0949690020588596,1.01565875431432
40,21,"standard",0.305285714285714,2.18907347124053,0.0869940970317932,23.1692705911491,1.44707579252668e-11,0.0105857702283944,0.0767763653119333,1.00825018944391
40,21,"constrained",0.305285714285714,2.48149799290155,0.305285714285714,26.905106814746,1.06689063139598e-09,0.00878974836124052,0.0895461254254819,1.01004963999089
40,22,"standard",0.305285714285714,2.18266856751038,0.0875059175627952,22.8330326169233,1.49467105359236e-11,0.0103712005951498,0.0786582647058314,1.00058469771603
40,22,"constrained",0.305285714285714,2.47279712304882,0.305285714285714,26.4247483828652,1.39866368487063e-09,0.00876322344813134,0.091808385544689,1.00250093924882
40,23,"standard",0.305285714285714,2.18128071708976,0.0857768742977791,21.9454753801738,1.50640611096264e-11,0.0102541705195327,0.073489261100093,0.99624714649159
40,23,"constrained",0.305285714285714,2.47312914397445,0.305285714285714,25.273748885966,1.03639441473291e-09,0.00871598499579115,0.0860342750911469,0.997868680894462
40,24,"standard",0.305285714285714,2.17892742928243,0.084853518624748,21.6091283903051,1.50798262765761e-11,0.010086190663104,0.0722903031553184,0.990362758916496
40,24,"constrained",0.305285714285714,2.47022409611009,0.305285714285714,24.8477352419963,1.3009678334619e-09,0.00861398121018159,0.0849984121603278,0.991920097484084
40,25,"standard",0.305285714285714,2.17800819114123,0.0850658653046668,21.559706745247,2.38629116466882e-11,0.0100652820738479,0.0724658939305307,0.98909142364541
40,25,"constrained",0.305285714285714,2.46918636830988,0.305285714285714,24.7164133984506,1.84728293772807e-09,0.00874295406921437,0.0854380462391351,0.990680738542714
41,4,"standard",0.298142857142857,1.34116002308664,0.264063853575733,7.84934556908073,1.96509475358653e-14,0.0279755890834452,0.936194884101849,2.04734264118559
41,4,"constrained",0.298142857142857,1.40229080801495,0.298142857142857,8.19116903237483,1.03868025291831e-09,0.0234663980134726,0.942769835831858,2.04769292517005
41,5,"standard",0.298142857142857,1.62988345729982,0.22698138919913,11.6990521749211,1.15463194561016e-14,0.0296415316726064,0.744589692072654,1.88777643485707
41,5,"constrained",0.298142857142857,1.77563699865703,0.298142857142857,12.7589565390392,2.35360686495767e-09,0.0229697112289038,0.746801848454766,1.88775147995637
41,6,"standard",0.298142857142857,1.80459207560901,0.2067254090843,14.2050857536665,3.86357612569554e-14,0.0260783005061355,0.544031081452784,1.67184200002985
41,6,"constrained",0.298142857142857,1.98049339433741,0.298142857142857,15.5963336719987,1.83073800563704e-09,0.0197058375146909,0.549349352298202,1.67222018891204
41,7,"standard",0.298142857142857,1.89510442849038,0.187286245929607,16.8716811847436,8.79296635503124e-14,0.0243295724683535,0.416835184390871,1.57518349680864
41,7,"constrained",0.298142857142857,2.09175393019981,0.298142857142857,18.8256406359204,1.6894489140995e-09,0.0182516193955261,0.423526469641909,1.57613906351569
41,8,"standard",0.298142857142857,2.00840225604437,0.169418680083477,17.8181810943905,2.96762614482304e-13,0.0205094198714124,0.329115045956333,1.46800619014144
41,8,"constrained",0.298142857142857,2.23088431328433,0.298142857142857,19.9226051133318,1.75332126595151e-09,0.0144877736624285,0.33817693169722,1.46872510460587
41,9,"standard",0.298142857142857,2.04091687160607,0.156888751483247,18.7197041841336,3.30624416733372e-13,0.0176710650078079,0.278556748444682,1.38842246628526
41,9,"constrained",0.298142857142857,2.27719915882859,0.298142857142857,21.0547826768848,1.27140414862836e-09,0.0125923465774764,0.28826096041098,1.38969421635994
41,10,"standard",0.298142857142857,2.12502707008379,0.133310809063832,21.5522081356409,4.48419079646101e-13,0.0175785630140705,0.173249426307566,1.31072781481497
41,10,"constrained",0.298142857142857,2.41721214179433,0.298142857142857,24.98243792199,1.40170525186889e-09,0.0122746070185869,0.178263341146599,1.31208017625585
41,11,"standard",0.298142857142857,2.12274658586304,0.12697664057661,21.1992494493266,4.52748949442139e-13,0.0153193238944686,0.188062650879872,1.27720473152097
41,11,"constrained",0.298142857142857,2.41608620802998,0.298142857142857,24.5086060299299,1.42904615918482e-09,0.0109130046479051,0.195330403164539,1.27858310974572
41,12,"standard",0.298142857142857,2.10994454580465,0.117698298359405,18.7960404706612,4.34541291838286e-13,0.0148249857294924,0.156693975029736,1.23960011418963
41,12,"constrained",0.298142857142857,2.39706576723717,0.298142857142857,21.4732337813498,1.34841615651027e-09,0.0108901590383938,0.164635645781676,1.24132165153742
41,13,"standard",0.298142857142857,2.13219787237272,0.113714798214512,19.5741865756196,4.91384710699094e-13,0.0137115482267179,0.132075418201939,1.19024143511242
41,13,"constrained",0.298142857142857,2.42905529569624,0.298142857142857,22.443760954044,8.40326808138059e-10,0.0103663120001006,0.13941866096795,1.19152868857593
41,14,"standard",0.298142857142857,2.16904276211089,0.107267182319338,20.2786198240029,7.49289519319518e-13,0.0128243621655928,0.105157970549638,1.14408932141511
41,14,"constrained",0.298142857142857,2.4756867684162,0.298142857142857,23.2529495296141,1.28211097294439e-09,0.00994156378176579,0.113546643467865,1.14653049452057
41,15,"standard",0.298142857142857,2.14978119517815,0.101381588707677,18.3939619908309,7.37854222165879e-13,0.01381032227136,0.079117593356469,1.11225316394913
41,15,"constrained",0.298142857142857,2.46322690664776,0.298142857142857,20.9421384373397,1.14358855718422e-09,0.0109189090926856,0.0869917140386942,1.11562059299893
41,16,"standard",0.298142857142857,2.15150719584196,0.0998377526367408,17.1512627738547,6.81454892514921e-13,0.0136604339721434,0.0637103506260956,1.08441944395624
41,16,"constrained",0.298142857142857,2.47021378436986,0.298142857142857,19.7572918985357,9.26951404522924e-10,0.0109989744659992,0.0715172300828728,1.08784065695904
41,17,"standard",0.298142857142857,2.15092931281781,0.099094103346869,17.1094435774821,6.94555524205498e-13,0.0128067716081844,0.0654362312278369,1.06429573308398
41,17,"constrained",0.298142857142857,2.46963838907538,0.298142857142857,19.6373351860174,1.12804221519269e-09,0.0105049758097756,0.0745233627883,1.06790074712751
41,18,"standard",0.298142857142857,2.16279659117093,0.0906091557322549,18.1432307096481,7.35189686906779e-13,0.0126012599458285,0.0503943199513328,1.05126703437046
41,18,"constrained",0.298142857142857,2.49623136142284,0.298142857142857,20.8585094642255,1.46003015233376e-09,0.0104478165960676,0.0594060401484988,1.05578739566649
41,19,"standard",0.298142857142857,2.17630673677074,0.0884147995454843,18.3571681576393,9.79216707719388e-13,0.0120842410414873,0.0455859929962275,1.03641419556406
41,19,"constrained",0.298142857142857,2.51022087991957,0.298142857142857,21.0538225236578,9.91779436354534e-10,0.0101992838611108,0.0554090746372102,1.04097674156536
41,20,"standard",0.298142857142857,2.16870634746396,0.0905529284230377,17.4048138840282,9.58455537158898e-13,0.0117603044914955,0.0415363999377165,1.02554235175521
41,20,"constrained",0.298142857142857,2.50238023199767,0.298142857142857,19.8132962716144,1.63566121758052e-09,0.00989631688217653,0.0519242941367093,1.03024850556538
41,21,"standard",0.298142857142857,2.16583666907359,0.0893953025180532,17.5631976983309,1.02640118626596e-12,0.0115524375623616,0.0383365057468756,1.01736283063659
41,21,"constrained",0.298142857142857,2.49953137518162,0.298142857142857,20.0908431403552,1.7475499936026e-09,0.00981778555188414,0.0475595953791084,1.02173894963225
41,22,"standard",0.298142857142857,2.16598951792126,0.0891587558729549,17.6331285283828,1.03184127908662e-12,0.0112068914218329,0.0374420480477351,1.01048932990557
41,22,"constrained",0.298142857142857,2.49993380111665,0.298142857142857,20.1864231196638,1.90296473023821e-09,0.00958227319306706,0.0465897995007918,1.01471510342978
41,23,"standard",0.298142857142857,2.16138767650155,0.0896007725857704,17.3482983473118,1.06437081370814e-12,0.0108535825338476,0.0398925935130139,1.00537800282573
41,23,"constrained",0.298142857142857,2.4936654611725,0.298142857142857,19.7299218041837,1.69546204853432e-09,0.00939709305119661,0.0498280648749123,1.00957473487191
41,24,"standard",0.298142857142857,2.16133495232839,0.0893671239725744,17.4059420944399,1.11299858218672e-12,0.0104966990940097,0.0384564642667762,1.00685562180143
41,24,"constrained",0.298142857142857,2.4933090623863,0.298142857142857,19.7823161954453,1.83251941399121e-09,0.00916035025435569,0.0485686667235798,1.0118403041937
41,25,"standard",0.298142857142857,2.16283176116303,0.0886979509784984,17.6188340851979,1.15873977080128e-12,0.0102582153882103,0.0365583815185584,1.00423624692946
41,25,"constrained",0.298142857142857,2.49529323872778,0.298142857142857,20.0329528555672,1.61402990972448e-09,0.00909784473172689,0.0467098158103854,1.00897032657014
42,4,"standard",0.293857142857143,1.19081107520366,0.282229860962841,7.00550554969498,3.01809072178472e-09,0.0246451397960212,0.975725960730816,2.03816150898669
42,4,"constrained",0.293857142857143,1.20661494809205,0.293857142857143,7.09622252591512,1.2267964422108e-14,0.0232268346974784,0.977338898093599,2.03815584696819
42,5,"standard",0.293857142857143,1.38719659337608,0.261605365377705,9.10019723113022,1.26565424807268e-14,0.0189818266323159,0.837269301723553,1.91718440718703
42,5,"constrained",0.293857142857143,1.43163643833499,0.293857142857143,9.392930338115,1.65192104439882e-09,0.0161677096996526,0.83965324195313,1.91723728842934
42,6,"standard",0.293857142857143,1.52962017406515,0.24534771626756,10.7973812158631,6.57252030578093e-14,0.0150529207464301,0.640085350192481,1.70351490923607
42,6,"constrained",0.293857142857143,1.5916561865898,0.293857142857143,11.2390337818396,2.22501184143908e-09,0.0118502612463309,0.645288760579687,1.70340387015749
42,7,"standard",0.293857142857143,1.64697449874716,0.227849184006482,12.2548256056799,3.9057646006313e-13,0.0127195212192087,0.558190805917762,1.62438127984312
42,7,"constrained",0.293857142857143,1.72103003694603,0.293857142857143,12.803850339615,1.85736115376756e-09,0.0101940661707447,0.566107770919554,1.624696734205
42,8,"standard",0.293857142857143,1.69826172180404,0.205969159077945,12.9101684056795,5.88973314563646e-13,0.0114619912446438,0.467832398062622,1.51449146955399
42,8,"constrained",0.293857142857143,1.77983278716089,0.293857142857143,13.5312404423672,1.60064955734285e-09,0.00894869104421232,0.477342779392589,1.51490800133482
42,9,"standard",0.293857142857143,1.73099069088111,0.181113193398777,14.1714428666409,6.25388629771351e-13,0.0121642996101129,0.385062479911277,1.41632482687966
42,9,"constrained",0.293857142857143,1.82843668228665,0.293857142857143,15.0535884300585,1.56263590955774e-09,0.0093805469031291,0.39535223291379,1.41658993847396
42,10,"standard",0.293857142857143,1.73507974539045,0.168713053193142,14.9736426420649,6.11177775056149e-13,0.0120526151460024,0.34657252393843,1.3431794539948
42,10,"constrained",0.293857142857143,1.8413074512741,0.293857142857143,16.0689921552132,1.1598860760742e-09,0.00922932571230702,0.355867189702775,1.34295555514885
42,11,"standard",0.293857142857143,1.73515440285004,0.167284583364466,15.1360391609687,6.11843908870924e-13,0.0111671223415878,0.341116729307235,1.30481433905491
42,11,"constrained",0.293857142857143,1.84161824562381,0.293857142857143,16.258290912709,1.13449555305678e-09,0.00866449118345182,0.350568451376216,1.30458209253751
42,12,"standard",0.293857142857143,1.74237086265672,0.154893748482466,16.3442054760931,5.51558798633778e-13,0.0113615200291579,0.30301894822572,1.25827586797656
42,12,"constrained",0.293857142857143,1.86107557703934,0.293857142857143,17.8066953738726,1.32185085099934e-09,0.00871711475122196,0.312892572577811,1.25815662235195
42,13,"standard",0.293857142857143,1.75389444520388,0.147224762740206,17.5002966893787,5.33795230239775e-13,0.0116746946671759,0.27008653990898,1.20492803418084
42,13,"constrained",0.293857142857143,1.88329502722515,0.293857142857143,19.2979309311869,1.22980009509277e-09,0.00910225174920996,0.279534116364338,1.20486821555798
42,14,"standard",0.293857142857143,1.75957969913799,0.144615571636805,17.7046772521632,5.71653835379493e-13,0.0110685422644332,0.258770374856437,1.15462770711411
42,14,"constrained",0.293857142857143,1.89083587726642,0.293857142857143,19.5526383136273,1.28165983381834e-09,0.00869074312153589,0.26815482946293,1.15468227398551
42,15,"standard",0.293857142857143,1.78523599716768,0.132526050814073,14.5948698380475,6.50590692430342e-13,0.0119250529062555,0.204560961889205,1.11183312886045
42,15,"constrained",0.293857142857143,1.93572155445998,0.293857142857143,16.0389335452852,1.50660850462003e-09,0.00929313645974957,0.213634249868136,1.11196521049632
42,16,"standard",0.293857142857143,1.77776997325874,0.128302840388909,14.5603915378887,6.26720897400901e-13,0.0123469046013691,0.18701606195784,1.07858222300434
42,16,"constrained",0.293857142857143,1.93112210397687,0.293857142857143,15.9582927334094,1.35034344816987e-09,0.00976058466523307,0.195736101656776,1.07859549958484
42,17,"standard",0.293857142857143,1.79357079311874,0.121305910526696,15.1235958605367,6.5314420538698e-13,0.0117026294312423,0.166112235221571,1.05875904177842
42,17,"constrained",0.293857142857143,1.9561605700343,0.293857142857143,16.6661534522818,1.75317727002522e-09,0.00930982310962035,0.174040134234982,1.05928994142468
42,18,"standard",0.293857142857143,1.7928778641679,0.11631631838571,15.7568881729942,6.27276008913213e-13,0.0114184963721469,0.153959610898579,1.04131706098174
42,18,"constrained",0.293857142857143,1.95774102095877,0.293857142857143,17.4617910192012,1.86379700561901e-09,0.00920555043222027,0.16148599309028,1.04178602911583
42,19,"standard",0.293857142857143,1.79001981835017,0.113776780898628,15.662610557663,6.54143406109142e-13,0.0109106719401954,0.156603468913556,1.0283049532109
42,19,"constrained",0.293857142857143,1.95502112296898,0.293857142857143,17.353502753093,1.32296634758333e-09,0.00891590770418674,0.164505252582607,1.02872211905962
42,20,"standard",0.293857142857143,1.79704885626439,0.111295777062142,16.366566726097,7.15982828580763e-13,0.0105350777613421,0.145546715558472,1.01315427860702
42,20,"constrained",0.293857142857143,1.96078297604235,0.293857142857143,18.1245007889539,1.62500729539161e-09,0.00869468409890537,0.154012157100985,1.01341080721459
42,21,"standard",0.293857142857143,1.78739160368398,0.103988100314413,15.0580669059425,7.00994817748324e-13,0.0108824052116845,0.134947600972791,1.00429149221325
42,21,"constrained",0.293857142857143,1.95504991375526,0.293857142857143,16.5449565700489,1.25266774730903e-09,0.00906464773977949,0.14355934847942,1.00481249065983
42,22,"standard",0.293857142857143,1.79274385037822,0.101861014664339,14.1864901680358,7.19424519957101e-13,0.0105375620294105,0.131186162849675,0.997282286569032
42,22,"constrained",0.293857142857143,1.96250222117063,0.293857142857143,15.5129829101485,1.6204981245771e-09,0.0088413272281727,0.140271671356212,0.997848279726373
42,23,"standard",0.293857142857143,1.7979803297841,0.0995894404477302,13.4891941916981,7.40629779727442e-13,0.0102765436625864,0.124928800112414,0.993347489640838
42,23,"constrained",0.293857142857143,1.9707607088666,0.293857142857143,14.6561294287382,1.20751653120976e-09,0.00863395320313493,0.134005745309,0.993936635905378
42,24,"standard",0.293857142857143,1.80442670842801,0.0965538583759568,13.9693856543953,7.77267139540072e-13,0.0100089654851862,0.129942345721149,0.989166006510513
42,24,"constrained",0.293857142857143,1.98039993313848,0.293857142857143,15.2394474177783,1.26866755989496e-09,0.00850481381967194,0.1393921600811,0.989801430127126
42,25,"standard",0.293857142857143,1.80637038425229,0.0939552022897435,14.2486565018745,7.80597808613948e-13,0.0096003308232934,0.130438232650725,0.987692409837414
42,25,"constrained",0.293857142857143,1.98378855972983,0.293857142857143,15.5758569521611,1.58959106988377e-09,0.00822102758816803,0.139680812813308,0.988342363279734
43,4,"standard",0.306714285714286,1.31263651831566,0.271509154812579,7.73128017367192,1.22124532708767e-14,0.0266520044434526,0.93988074183514,2.0407281501755
43,4,"constrained",0.306714285714286,1.36993791392036,0.306714285714286,8.04251593106058,2.00950367457153e-14,0.0222573900140645,0.947165905908798,2.04127623606611
43,5,"standard",0.306714285714286,1.57237398479267,0.246454230834324,10.4079695402097,3.74145159298678e-14,0.0215692427256545,0.792234854601907,1.91507702065887
43,5,"constrained",0.306714285714286,1.67655540938003,0.306714285714286,11.0434705255028,2.3524563963484e-09,0.0161484388326142,0.799745427410699,1.91613063080502
43,6,"standard",0.306714285714286,1.84013130235291,0.223537511946228,13.1205180662903,6.59916565837193e-13,0.0177947744254339,0.501855082000334,1.67219277825079
43,6,"constrained",0.306714285714286,1.99127079849855,0.306714285714286,14.0650622413618,1.71482633648523e-09,0.0120208786711034,0.512302413898555,1.673101657693
43,7,"standard",0.306714285714286,1.98750718828064,0.20311971197567,15.3725635248736,1.92812432686651e-12,0.0165095251525641,0.388070012540639,1.57643948999295
43,7,"constrained",0.306714285714286,2.16654860519328,0.306714285714286,16.6099688830414,1.30592087144166e-09,0.0113969351932187,0.396247859866603,1.57746785079919
43,8,"standard",0.306714285714286,2.0077679042694,0.186545734191326,16.0841996934171,2.14095408068715e-12,0.0153512491115228,0.315371021869768,1.47754186522112
43,8,"constrained",0.306714285714286,2.19958993021721,0.306714285714286,17.5161182122493,2.01319605430683e-09,0.0103471512254221,0.325280531206543,1.47875413078194
43,9,"standard",0.306714285714286,2.06209499494375,0.163642339896152,17.6968045800875,2.50766074572084e-12,0.0152774469157076,0.252086286275301,1.40000280768383
43,9,"constrained",0.306714285714286,2.28896535272236,0.306714285714286,19.6432177930069,2.12371842334136e-09,0.0102363214824574,0.265284108269489,1.40178112393416
43,10,"standard",0.306714285714286,2.07543639870869,0.150118873198098,18.8149624225052,2.92177393390602e-12,0.0140824639070567,0.187474221792693,1.3212310289234
43,10,"constrained",0.306714285714286,2.31432173390538,0.306714285714286,21.1441145761522,1.08565878509381e-09,0.00974563194640107,0.199214571458214,1.32217384681348
43,11,"standard",0.306714285714286,2.08252825213693,0.143971182135388,19.5464673165214,3.10573788908641e-12,0.0125851762082758,0.199646859100691,1.28409890984365
43,11,"constrained",0.306714285714286,2.32351808115151,0.306714285714286,22.0423652058558,1.76826825404319e-09,0.00899854105219996,0.211662483907713,1.28503786501451
43,12,"standard",0.306714285714286,2.08479656813212,0.139361992699423,20.2045451171743,3.40172334745148e-12,0.0114767324884424,0.178857485039938,1.2433812636283
43,12,"constrained",0.306714285714286,2.32395438101031,0.306714285714286,22.8373248277978,1.81112019825846e-09,0.00842195543598969,0.191451670126761,1.24404336182792
43,13,"standard",0.306714285714286,2.08939819975922,0.130937097005123,18.4935018779831,3.14714920790493e-12,0.0114042867787267,0.1392782288737,1.19378982272825
43,13,"constrained",0.306714285714286,2.33675105678353,0.306714285714286,20.8600921728639,1.63363134131345e-09,0.00853734505115391,0.14999044198854,1.19445730848077
43,14,"standard",0.306714285714286,2.10410811459109,0.128106922221699,18.821611227231,3.39295258555694e-12,0.0110634947415212,0.127861143330392,1.13899984972999
43,14,"constrained",0.306714285714286,2.35744071778145,0.306714285714286,21.1754274733009,9.5063834582021e-10,0.00853653070574865,0.138948954073308,1.1394323019205
43,15,"standard",0.306714285714286,2.11845894777901,0.12025437562886,20.3761714707793,3.64352992221484e-12,0.0113359221027365,0.0998789899050667,1.10770890199694
43,15,"constrained",0.306714285714286,2.38411977620491,0.306714285714286,23.2340586357274,1.46610684703674e-09,0.00884284121522815,0.111382339394224,1.10817893021835
43,16,"standard",0.306714285714286,2.11854733728403,0.119847039528159,20.4715843586536,3.68971520003925e-12,0.0107915905306155,0.0968603263820143,1.07780855076168
43,16,"constrained",0.306714285714286,2.38409035137917,0.306714285714286,23.3520171777104,1.73543074355464e-09,0.00853341250042272,0.10836246011796,1.0785714619059
43,17,"standard",0.306714285714286,2.12986287174335,0.11401830017393,19.2861441151714,3.97470945046052e-12,0.0105646405497538,0.0821133762884472,1.0562031179053
43,17,"constrained",0.306714285714286,2.39743098549177,0.306714285714286,21.9113527171214,1.18560300466086e-09,0.00853947023939884,0.09368800420794,1.0566141771275
43,18,"standard",0.306714285714286,2.13567117011727,0.112494126953778,19.5003779271331,4.10749212420569e-12,0.00993577519463204,0.0785801323230606,1.04235440420911
43,18,"constrained",0.306714285714286,2.40612890439541,0.306714285714286,22.1725421340274,1.26705101965996e-09,0.00818434298549778,0.090202572218196,1.04290585361877
43,19,"standard",0.306714285714286,2.13420617273673,0.114121248986599,19.6475254043526,4.14357437250601e-12,0.00985146012467679,0.0758884761180028,1.02660735557187
43,19,"constrained",0.306714285714286,2.40485567811525,0.306714285714286,22.4021371537301,1.44243572641756e-09,0.00827347286459605,0.0871570496646008,1.02728549888802
43,20,"standard",0.306714285714286,2.13228107625253,0.116598554900163,19.3354448261352,4.10249612059488e-12,0.00959327832240652,0.0713626459599208,1.01473334927903
43,20,"constrained",0.306714285714286,2.40231398433774,0.306714285714286,22.0708389185961,1.46516604404567e-09,0.00818178896421022,0.0832096608147017,1.01540478835703
43,21,"standard",0.306714285714286,2.13947083494904,0.110353749324218,20.0842828174039,4.04221101035773e-12,0.00976303051282832,0.0672494341899608,1.01000412250454
43,21,"constrained",0.306714285714286,2.41727086925794,0.306714285714286,23.0613852794566,2.07940270557927e-09,0.00837441987550259,0.0800218372764014,1.01070731970066
43,22,"standard",0.306714285714286,2.16148603927829,0.107944610160788,21.2537424675592,4.23694412887698e-12,0.00953058368533144,0.0536629848938839,1.00287784686628
43,22,"constrained",0.306714285714286,2.44953231530921,0.306714285714286,24.4876889545397,1.45403677986877e-09,0.00823147050132667,0.0660623071081341,1.00386097469304
43,23,"standard",0.306714285714286,2.16152184564672,0.110283964431685,21.4835065996648,4.55502302543209e-12,0.00944203168823612,0.0528971217460716,0.998758521358481
43,23,"constrained",0.306714285714286,2.44875282313997,0.306714285714286,24.7121378759069,1.54031443155844e-09,0.00831154784839624,0.0655703352471564,0.99987643459054
43,24,"standard",0.306714285714286,2.16157455050395,0.109102495839579,21.4009229690495,4.60076421404665e-12,0.00928019907668808,0.0538188490325568,0.994100752090905
43,24,"constrained",0.306714285714286,2.4491194322435,0.306714285714286,24.6006332033498,1.41538375464378e-09,0.00827146715838155,0.066698909969622,0.995484375236828
43,25,"standard",0.306714285714286,2.16078208288907,0.10827973584971,21.5786907771535,4.68536320852309e-12,0.00895880206226827,0.0534539367540319,0.993213565688845
43,25,"constrained",0.306714285714286,2.44772120435362,0.306714285714286,24.7790948243526,1.63017682686117e-09,0.00801796109269672,0.0664436991080768,0.994609347769428
44,4,"standard",0.301714285714286,1.35340936593168,0.263474855227972,8.11982780461635,3.60822483003176e-15,0.0292383004571502,1.01705178589524,2.05900260525245
44,4,"constrained",0.301714285714286,1.4212143518292,0.301714285714286,8.48805763335451,5.21804821573824e-15,0.0243768145397366,1.02016667611623,2.05922307438841
44,5,"standard",0.301714285714286,1.71723303946091,0.231703290620878,11.6196429950816,3.76365605347928e-14,0.0252308276303686,0.846535163409095,1.9324391080633
44,5,"constrained",0.301714285714286,1.86731658407578,0.301714285714286,12.4902802941102,2.08534256529447e-09,0.0186277817303867,0.850432578142373,1.93357668486044
44,6,"standard",0.301714285714286,1.92922600450921,0.209554232855491,14.8020418766584,5.55555601522428e-13,0.0228008928935728,0.573275702529934,1.68511761651011
44,6,"constrained",0.301714285714286,2.11328529549268,0.301714285714286,16.101078512904,1.58267715599791e-09,0.016443056568109,0.578263395459142,1.68635198292319
44,7,"standard",0.301714285714286,2.10362242760058,0.189111094153959,17.7401313621345,1.88582482962829e-12,0.0207229121575044,0.456819001045168,1.58711245539591
44,7,"constrained",0.301714285714286,2.31959525591836,0.301714285714286,19.4567089122011,1.84987392071179e-09,0.0146399069714114,0.464259557604659,1.58874743904887
44,8,"standard",0.301714285714286,2.20534059872244,0.157100886388235,20.4385721452481,1.89337434619574e-12,0.0225898474870007,0.339860809414422,1.47082604155688
44,8,"constrained",0.301714285714286,2.50840653642571,0.301714285714286,23.3175596604618,1.79122888743777e-09,0.0156394330156837,0.348235754861834,1.47258316312149
44,9,"standard",0.301714285714286,2.2503615206877,0.136823509318007,22.6524122006729,2.2708501745683e-12,0.0205081576550642,0.259533348913682,1.38497015927857
44,9,"constrained",0.301714285714286,2.58077140493609,0.301714285714286,26.3398266144416,1.822426987097e-09,0.0140972684151613,0.269520544057782,1.3862929543698
44,10,"standard",0.301714285714286,2.31889352079886,0.117145582463765,18.1395224169639,3.25928173339207e-12,0.0199706533455772,0.167452082990454,1.30827726189392
44,10,"constrained",0.301714285714286,2.6798655554812,0.301714285714286,20.6353062556065,8.92196816426605e-10,0.0138535167605328,0.176728902797358,1.30853798292921
44,11,"standard",0.301714285714286,2.32274231920558,0.115031279902168,18.4280607446948,3.52140538950607e-12,0.0181715486607572,0.172895411560844,1.27349629387998
44,11,"constrained",0.301714285714286,2.68394742468785,0.301714285714286,20.9373398184218,1.922339620819e-09,0.012876258696165,0.181314280393262,1.27428079707691
44,12,"standard",0.301714285714286,2.32910717005385,0.113024416210043,18.6704030861957,4.29178914629347e-12,0.0167990009465017,0.160802215752431,1.23471121772152
44,12,"constrained",0.301714285714286,2.6900269625921,0.301714285714286,21.202137208223,1.12914100292016e-09,0.0122207296740237,0.170224110054655,1.2360338605385
44,13,"standard",0.301714285714286,2.32960102754512,0.11165764780916,18.9954768697466,4.28035384913983e-12,0.015260744796641,0.153079375437008,1.18944622420803
44,13,"constrained",0.301714285714286,2.69086171614398,0.301714285714286,21.6147782510484,1.85428594701165e-09,0.0112936999217176,0.162824068534176,1.18988962308232
44,14,"standard",0.301714285714286,2.33059620303164,0.106746001309394,17.7014011006206,4.20685708490964e-12,0.0143488471867949,0.125326923398449,1.1413504418136
44,14,"constrained",0.301714285714286,2.6971439811028,0.301714285714286,20.242428677077,1.75610698205375e-09,0.0107428502067198,0.133452587125836,1.14176135753403
44,15,"standard",0.301714285714286,2.39089257176313,0.103815754897348,18.8608613675156,6.01585448123387e-12,0.0133088687651198,0.0990722065841814,1.10861443857641
44,15,"constrained",0.301714285714286,2.77119928362836,0.301714285714286,21.2849584607305,1.3236570728381e-09,0.00995438456695543,0.109969524866807,1.10943829212258
44,16,"standard",0.301714285714286,2.38963428865287,0.104032096084969,19.0880392585977,6.22513152137572e-12,0.0128176516059409,0.10180241572869,1.07763451431482
44,16,"constrained",0.301714285714286,2.76986091584281,0.301714285714286,21.6851876017968,1.11211267972422e-09,0.00983180820107223,0.114013378197733,1.07775634170862
44,17,"standard",0.301714285714286,2.39786916071556,0.101891843336872,19.3652144203961,6.5071281696305e-12,0.0123331194002892,0.0952690843909405,1.05604512495298
44,17,"constrained",0.301714285714286,2.78164756618989,0.301714285714286,22.0188905445004,8.33494162577608e-10,0.00966936252696139,0.107551399601381,1.0564807210931
44,18,"standard",0.301714285714286,2.38837791698407,0.100366378776774,19.1870486632227,6.60926868789602e-12,0.0118192061191944,0.0859029078064122,1.04170131057438
44,18,"constrained",0.301714285714286,2.76944273371775,0.301714285714286,22.2268498142618,1.47124862293069e-09,0.00946141574935765,0.0981289349049383,1.04205670797768
44,19,"standard",0.301714285714286,2.38511895272528,0.100348951246464,19.4118841738271,6.73294753283926e-12,0.0113720438868107,0.0799428041314583,1.02750470776553
44,19,"constrained",0.301714285714286,2.76391896781005,0.301714285714286,22.4973545330313,1.46863421424115e-09,0.00924469820474617,0.0921489867662331,1.02824271196684
44,20,"standard",0.301714285714286,2.38902355430084,0.0987934719856237,18.8060245832292,7.80164821634344e-12,0.0110744249036238,0.0733857711405026,1.01206936319248
44,20,"constrained",0.301714285714286,2.76591351878187,0.301714285714286,21.8176774815874,1.44254891365492e-09,0.00917285842775645,0.0862116610654589,1.01325964071554
44,21,"standard",0.301714285714286,2.38829229943121,0.0900890353707585,20.2113012415949,7.61468665899656e-12,0.0112509795864185,0.0608377656887109,1.00555086534254
44,21,"constrained",0.301714285714286,2.77879141305148,0.301714285714286,23.8398331194594,1.11877029862484e-09,0.00936657594602407,0.0739093232242434,1.00654209391213
44,22,"standard",0.301714285714286,2.38669518292803,0.0884708955368356,19.5528977666932,7.58182405746766e-12,0.0109319596331137,0.0583484593921231,0.997397651691099
44,22,"constrained",0.301714285714286,2.77897655559944,0.301714285714286,22.9225229873135,1.68092623153981e-09,0.00913835340792976,0.0717024222396931,0.998656651979705
44,23,"standard",0.301714285714286,2.38222649031203,0.0895892882075033,18.2902343035578,7.5085493378424e-12,0.0106621015372125,0.0503720448648037,0.994533935126044
44,23,"constrained",0.301714285714286,2.77868225665043,0.301714285714286,21.1836807185781,1.11869663532715e-09,0.00895981253856788,0.0627683118117446,0.995849736013862
44,24,"standard",0.301714285714286,2.38798992316103,0.0878700461972183,17.5841375365551,1.06622488615926e-11,0.010706834981636,0.0480932932942171,0.991490849210443
44,24,"constrained",0.301714285714286,2.7815941195849,0.301714285714286,20.3835192377113,1.51652163049576e-09,0.00910595242876259,0.0609320730955432,0.992888394596858
44,25,"standard",0.301714285714286,2.4187908213168,0.0798078482388385,17.8359938210828,1.03400621398464e-11,0.0110295082806651,0.0439678502404632,0.989709172749162
44,25,"constrained",0.301714285714286,2.85024265141872,0.301714285714286,21.0504169506286,8.61178461875056e-10,0.00944046626188571,0.0579771031639602,0.991125875490711
45,4,"standard",0.300857142857143,1.0485967005976,0.302684447006647,6.13480108026691,6.80220491044992e-10,0.0209457629334443,0.919487398062091,2.02093281946743
45,4,"constrained",0.300857142857143,1.04859667952026,0.302684451626956,6.13480101041572,1.84935800007224e-09,0.0209457629126486,0.919487415830821,2.02093281945116
45,5,"standard",0.300857142857143,1.19291886750724,0.270282667701242,8.17730373986541,2.95726687582487e-09,0.0222125713836962,0.789918823481842,1.91042353508421
45,5,"constrained",0.300857142857143,1.22683993412451,0.300857142857143,8.42651787266505,1.63131397279415e-09,0.0196894939574055,0.792386898272905,1.91074841434062
45,6,"standard",0.300857142857143,1.39045491266561,0.247232142147773,10.349832886613,2.16493489801906e-15,0.0186913339162012,0.54720050336925,1.68674188207053
45,6,"constrained",0.300857142857143,1.45069510086297,0.300857142857143,10.8257893983383,1.87359211478721e-09,0.0155832143137049,0.552144084559377,1.68677904291804
45,7,"standard",0.300857142857143,1.54501792499064,0.21893748558771,12.9668691602569,1.94289029309402e-14,0.0184913799345124,0.4317942852963,1.58894311180821
45,7,"constrained",0.300857142857143,1.62679431709996,0.300857142857143,13.7396985930156,1.85810994368651e-09,0.0151843922462216,0.436557590912003,1.58903414217245
45,8,"standard",0.300857142857143,1.59487959518755,0.196655843769906,13.8694592138815,1.23234755733392e-14,0.0177602683676814,0.349175315743142,1.48263360408222
45,8,"constrained",0.300857142857143,1.68630721306667,0.300857142857143,14.7680355630737,1.60494312284598e-09,0.0143879915261462,0.35407632320485,1.48269210326895
45,9,"standard",0.300857142857143,1.62071306720993,0.182347117896619,14.5308855577699,3.06421554796543e-14,0.0150607640463076,0.296355020787293,1.39774734294208
45,9,"constrained",0.300857142857143,1.71952981311388,0.300857142857143,15.5541151941758,1.18561427342456e-09,0.012031631740644,0.302180727935627,1.39786963328008
45,10,"standard",0.300857142857143,1.67311222236395,0.164285169169755,15.8541841787839,5.91748872125208e-14,0.0135917581584973,0.232493229803151,1.32563724955465
45,10,"constrained",0.300857142857143,1.78517529826272,0.300857142857143,17.1289250303276,1.47331963296082e-09,0.0107115496566973,0.239887206185854,1.32592926203534
45,11,"standard",0.300857142857143,1.67826800105126,0.159096075359352,16.3329026218765,6.49480469405717e-14,0.0133772278164324,0.242099870023283,1.28746907895732
45,11,"constrained",0.300857142857143,1.79092184193923,0.300857142857143,17.6466175577046,1.3410418331361e-09,0.0109455117744222,0.248867575940139,1.28756319356662
45,12,"standard",0.300857142857143,1.70241406653284,0.144137117309964,13.9711854404376,7.58282325818982e-14,0.012738840465083,0.200000672897914,1.24671055983093
45,12,"constrained",0.300857142857143,1.8236991994125,0.300857142857143,14.9824793593043,2.05359323990351e-09,0.0103392283001613,0.207034795044484,1.24712718975448
45,13,"standard",0.300857142857143,1.71093252714168,0.139399526997028,14.7264507021806,8.1379347705024e-14,0.0124491353971387,0.172887728795961,1.19572925505102
45,13,"constrained",0.300857142857143,1.8364055469108,0.300857142857143,15.8679387592969,1.79769454877743e-09,0.0101843417868856,0.180087545167734,1.19615699046898
45,14,"standard",0.300857142857143,1.71116638855972,0.133528332364458,13.8065792098703,8.09352584951739e-14,0.0119864802925476,0.153032324899964,1.14275353173221
45,14,"constrained",0.300857142857143,1.83819044621678,0.300857142857143,14.8114803099453,1.71766328938006e-09,0.00989348781341445,0.160255415385523,1.14330280382024
45,15,"standard",0.300857142857143,1.7245399950687,0.130516066663126,14.137779292798,8.55981951985996e-14,0.0114333340471307,0.139088617214177,1.11261305947966
45,15,"constrained",0.300857142857143,1.85558574561583,0.300857142857143,15.1903105320689,1.50202056348192e-09,0.00951776733277112,0.146526772366204,1.11322546545013
45,16,"standard",0.300857142857143,1.74718916962381,0.126885145801439,12.922999195433,1.2623235789988e-13,0.0107526797277833,0.118253951857634,1.08055311044647
45,16,"constrained",0.300857142857143,1.88064266905037,0.300857142857143,13.8361249937063,1.44453193851035e-09,0.00897234377373383,0.126698200985384,1.08125143990951
45,17,"standard",0.300857142857143,1.74571349753236,0.124725902444474,13.081216931375,1.29118937763906e-13,0.0104037230332686,0.112299846898133,1.0600906370671
45,17,"constrained",0.300857142857143,1.87955702508523,0.300857142857143,14.0483313990205,1.71445790897451e-09,0.00879423870067262,0.119995966822096,1.06080203200296
45,18,"standard",0.300857142857143,1.74682266328144,0.118813806664936,13.733977457077,1.27342580924505e-13,0.010270127092123,0.105296897724148,1.04732875774281
45,18,"constrained",0.300857142857143,1.88277647976826,0.300857142857143,14.8434361009599,2.0500877662144e-09,0.00876208898784695,0.114221116812486,1.04816105561067
45,19,"standard",0.300857142857143,1.74675870080789,0.117422582994427,13.4530547188347,1.2667644710973e-13,0.00985967551336269,0.102444353295795,1.03259282067768
45,19,"constrained",0.300857142857143,1.88330192287795,0.300857142857143,14.4942476746922,1.29202670784423e-09,0.00846603421413522,0.111081591711442,1.03342423634073
45,20,"standard",0.300857142857143,1.79652431172784,0.11367005778029,15.0879018243958,1.75304215588312e-13,0.00944228148648492,0.0798793131107702,1.01809549079694
45,20,"constrained",0.300857142857143,1.94534907835765,0.300857142857143,16.3947370536921,1.17555282175275e-09,0.00809098006111352,0.0889952741351472,1.01896539030586
45,21,"standard",0.300857142857143,1.79608557096041,0.112465503536798,15.1925761056945,1.74193992563687e-13,0.00933149691477963,0.0781175276694377,1.01055751148626
45,21,"constrained",0.300857142857143,1.9448386025715,0.300857142857143,16.5284629653389,1.15640569342546e-09,0.00812309908480807,0.0870359050452576,1.01137018266135
45,22,"standard",0.300857142857143,1.81379347073956,0.109870429286679,15.9809812884581,2.12496686913255e-13,0.00903323671206367,0.0713198999818907,1.00058461296689
45,22,"constrained",0.300857142857143,1.96503450422755,0.300857142857143,17.4199789075255,1.6809479919111e-09,0.0080003094529947,0.0809108725682952,1.00161621770507
45,23,"standard",0.300857142857143,1.82464726142766,0.106993655970514,16.774608091683,2.61568544601687e-13,0.00883951519344016,0.0657018494781836,0.9971940925211
45,23,"constrained",0.300857142857143,1.97793847774475,0.300857142857143,18.3312364830062,1.38455980014385e-09,0.00787391957406397,0.0752200612101914,0.998117442839597
45,24,"standard",0.300857142857143,1.82317186259616,0.105721186886002,16.4373275757205,2.64122057558325e-13,0.00891426000354581,0.0643758882054479,0.993132862936082
45,24,"constrained",0.300857142857143,1.97669570524607,0.300857142857143,17.9180932292513,1.42441869410703e-09,0.00800721602842524,0.0738624193415909,0.994030833159819
45,25,"standard",0.300857142857143,1.82526717738656,0.111258177989271,15.8787779793683,2.66675570514963e-13,0.00878654609773771,0.0637134917424031,0.989939250367029
45,25,"constrained",0.300857142857143,1.97803708966663,0.300857142857143,17.3040231401487,1.78520059845866e-09,0.00797042151508334,0.0733939485212867,0.990802780480176
46,4,"standard",0.303142857142857,1.27279602052087,0.275489136674885,7.42416433404628,7.105427357601e-15,0.0249053392495119,1.05356353412658,2.07820186104143
46,4,"constrained",0.303142857142857,1.31513108760181,0.303142857142857,7.65182394101169,1.2267964422108e-14,0.021475037889477,1.05777861839399,2.07815808685045
46,6,"standard",0.303142857142857,2.10045192757113,0.190067311639011,17.6283353420887,1.65978342181461e-12,0.0278950043441059,0.434447330172805,1.64638899158563
46,6,"constrained",0.303142857142857,2.35848868475348,0.303142857142857,19.7000357792328,1.70425445977784e-09,0.0204088719475868,0.430210206513136,1.64943366867879
46,7,"standard",0.303142857142857,2.31723784314516,0.17576371420282,20.5467074596646,8.80495676369719e-12,0.02370703485579,0.327209887935942,1.56904108525954
46,7,"constrained",0.303142857142857,2.60796060658537,0.303142857142857,22.9263721723284,1.94460192393109e-09,0.0177037424422664,0.3258002540314,1.5716251918001
46,8,"standard",0.303142857142857,2.34922887750183,0.167036503796787,20.9314000206823,1.24490417974243e-11,0.0200672019288784,0.279110862214576,1.48104316709991
46,8,"constrained",0.303142857142857,2.65280756635277,0.303142857142857,23.4304173951703,1.56190249622767e-09,0.0155174731255402,0.278730567397252,1.4832011357259
46,9,"standard",0.303142857142857,2.41021824113702,0.135087698971874,24.8726398393173,1.11697318061488e-11,0.0213282234885787,0.159126899994114,1.40572991670332
46,9,"constrained",0.303142857142857,2.80229684600525,0.303142857142857,29.304291460845,1.66859503991645e-09,0.0159436021721611,0.150476707460445,1.41148508408491
46,10,"standard",0.303142857142857,2.51437750658064,0.122450799075653,26.9119758383744,1.72706293710689e-11,0.0187975716577316,0.107505603663148,1.33688352790539
46,10,"constrained",0.303142857142857,2.94622223095029,0.303142857142857,31.8728574906503,1.10946868359107e-09,0.0136192392205822,0.102285968004637,1.34266660629104
46,11,"standard",0.303142857142857,2.51353394371885,0.122149766645331,26.884564257647,1.75712777661374e-11,0.0169529550344607,0.108054926573645,1.29838227465107
46,11,"constrained",0.303142857142857,2.94459591828259,0.303142857142857,31.8261730089187,2.07331907198238e-09,0.0124887423661514,0.102988389831951,1.30343860185637
46,12,"standard",0.303142857142857,2.60783958595104,0.110758406349706,28.8772967459096,2.86510815072916e-11,0.0154191187504717,0.0532406579159517,1.26201561821788
46,12,"constrained",0.303142857142857,3.07655704238274,0.303142857142857,34.3129504468953,8.98461305354203e-10,0.0115338263094459,0.0469338805224169,1.26757805728394
46,13,"standard",0.303142857142857,2.60992114487513,0.110602121419666,28.9329759429419,3.20046211754743e-11,0.0139001676158889,0.0515953531663786,1.20761396744562
46,13,"constrained",0.303142857142857,3.07627374936084,0.303142857142857,34.3058149411077,1.01489289194845e-09,0.0107407630319321,0.0471128830245222,1.21205448815275
46,14,"standard",0.303142857142857,2.65207750556174,0.103554139952689,30.1638106271815,3.98348021235506e-11,0.0134073950709967,0.0186202662123822,1.15811759197302
46,14,"constrained",0.303142857142857,3.14509326400505,0.303142857142857,35.9921311773733,1.25201321532487e-09,0.0105512570379084,0.0153633201535346,1.1624744071197
46,15,"standard",0.303142857142857,2.66734453198439,0.103063285339605,30.4983778630925,4.05111499901523e-11,0.0126548001439721,0.00626809885759183,1.12432330314817
46,15,"constrained",0.303142857142857,3.16674869363526,0.303142857142857,36.3875167042104,1.25886601143321e-09,0.0100339509536322,0.00312763533610649,1.12832789761353
46,16,"standard",0.303142857142857,2.67975208726199,0.102286969289077,30.8641865301564,5.09094988387915e-11,0.0118787302958594,0.00247133466654237,1.09328257601702
46,16,"constrained",0.303142857142857,3.18254379218308,0.303142857142857,36.8069562872947,1.08370240559097e-09,0.00945089533172155,0.00492980416967725,1.09697013264842
46,17,"standard",0.303142857142857,2.74322529828828,0.0966935509160911,31.8102092677351,6.9009131742348e-11,0.0108534780858089,0.0139443382114361,1.07430050012179
46,17,"constrained",0.303142857142857,3.27004198349703,0.303142857142857,37.9630448314474,1.66871788609413e-09,0.00891814003421555,0.0150208633835724,1.07797464026829
46,18,"standard",0.303142857142857,2.74088320281155,0.0976899166167186,31.4412981951703,6.94200252837618e-11,0.0102130097023643,0.0111371402299287,1.06249603859837
46,18,"constrained",0.303142857142857,3.26559082164,0.303142857142857,37.4964253233631,1.71859299014088e-09,0.00850450631626941,0.012393287478937,1.06622954839563
46,19,"standard",0.303142857142857,2.72452774135642,0.0927963545675591,31.1680496518869,7.22739645908632e-11,0.0100543580917181,0.00041342808743039,1.04587059059106
46,19,"constrained",0.303142857142857,3.24624544809713,0.303142857142857,37.1878575283652,1.41945555309775e-09,0.00862836889378128,0.000823320659455895,1.04872380010643
46,20,"standard",0.303142857142857,2.73260229702222,0.0907157463645548,31.9276868407364,8.23894286128279e-11,0.00987322312613129,0.0106574192420688,1.03362087860005
46,20,"constrained",0.303142857142857,3.25653317414373,0.303142857142857,38.1612827630107,1.49503359692105e-09,0.00859872321706903,0.0104368154043799,1.03689045348789
46,21,"standard",0.303142857142857,2.78453681155214,0.0854065366960712,33.3148084991924,8.67929061953987e-11,0.00934784186086125,0.0277140743416266,1.02788015896458
46,21,"constrained",0.303142857142857,3.33685451271398,0.303142857142857,39.9346870338488,1.84715681639247e-09,0.00831799952621374,0.0278816877111323,1.03133821396316
46,22,"standard",0.303142857142857,2.75863310293662,0.0842451999440157,32.5476512985329,1.18536513937784e-10,0.0095224709183055,0.0295569517192744,1.02205081423293
46,22,"constrained",0.303142857142857,3.29322549762911,0.303142857142857,38.6971218122986,1.49995427189964e-09,0.008458796197687,0.0297940544658601,1.0261528879924
46,23,"standard",0.303142857142857,2.74783782075054,0.0848612149766959,32.2575943958175,1.21282428544589e-10,0.0095620480966021,0.0283019747706303,1.01782059992968
46,23,"constrained",0.303142857142857,3.27669306774682,0.303142857142857,38.3072255238343,1.23182380962206e-09,0.00864593612721199,0.0283417507274359,1.02174734195068
46,24,"standard",0.303142857142857,2.74378546879461,0.082859741072284,33.2526656966762,1.23021481890362e-10,0.00958770946796798,0.0321869408529984,1.01469407958471
46,24,"constrained",0.303142857142857,3.27986764646078,0.303142857142857,39.9232092588957,1.32570004973687e-09,0.00863450023774095,0.032827393492191,1.01924298525002
46,25,"standard",0.303142857142857,2.76068316014404,0.0751332786163907,29.0001078957987,1.32803323893427e-10,0.00972799788076083,0.0311635551053975,1.01357430084414
46,25,"constrained",0.303142857142857,3.30220138954886,0.303142857142857,34.2032271843461,1.90855847792548e-09,0.00877758684576353,0.0280422081268581,1.01806322013632
47,4,"standard",0.283285714285714,1.00714025626172,0.319947891268971,5.62100235633737,1.20805332404217e-09,0.0128708958038326,0.847031670139473,1.987409749956
47,4,"constrained",0.283285714285714,1.00714025367424,0.319947886854315,5.62100234947152,2.16982543044253e-09,0.0128708958025388,0.847031661657266,1.98740974992511
47,5,"standard",0.283285714285714,1.27080881351087,0.277735293072148,8.21269318600522,7.71605002114484e-15,0.0168769529825647,0.65485791044975,1.85082339529756
47,5,"constrained",0.283285714285714,1.27741167783404,0.283285714285714,8.25312266863145,2.40159087061542e-09,0.0164933221562856,0.654493854008385,1.85079568389384
47,6,"standard",0.283285714285714,1.39685511412151,0.250331029625051,10.3513784718298,1.70974345792274e-14,0.0179077543073335,0.433400175226414,1.63647202632624
47,6,"constrained",0.283285714285714,1.43225745378207,0.283285714285714,10.6271111664444,2.27952678955035e-09,0.0161691962068344,0.432008201271979,1.63645716006127
47,7,"standard",0.283285714285714,1.53358407736354,0.227464176527779,12.4238150484266,2.38697950294409e-14,0.0161302654065104,0.32592927921683,1.55211704079214
47,7,"constrained",0.283285714285714,1.58781395216311,0.283285714285714,12.8996521853798,1.98888844282763e-09,0.0139338910040133,0.324853494393069,1.55212973577243
47,8,"standard",0.283285714285714,1.56456112033456,0.207399736349348,13.1117419622182,4.2188474935756e-14,0.0152726401281244,0.246763592815093,1.45351118837872
47,8,"constrained",0.283285714285714,1.61916458379118,0.283285714285714,13.6236477796147,1.20721888041686e-09,0.0131586276067615,0.246764296429444,1.45359511659538
47,9,"standard",0.283285714285714,1.61178177349801,0.189073160383587,13.9107903086105,8.3322237998118e-14,0.0129659155221614,0.190141742868634,1.37327428303973
47,9,"constrained",0.283285714285714,1.66840541124075,0.283285714285714,14.457513106898,1.4701918571447e-09,0.0112831784870173,0.191079797159054,1.37335309706279
47,10,"standard",0.283285714285714,1.6340650201229,0.180162238935653,14.3769489936729,1.10134124042816e-13,0.0111918556556168,0.152159675820904,1.30429287884186
47,10,"constrained",0.283285714285714,1.69474221805454,0.283285714285714,14.975757174444,2.07398864748853e-09,0.00972845298089737,0.152955730848015,1.30435060724405
47,11,"standard",0.283285714285714,1.63310654702808,0.173604929400242,14.1681985821765,1.07469588783715e-13,0.0102066901085613,0.161385460691024,1.26978582934813
47,11,"constrained",0.283285714285714,1.69417608057732,0.283285714285714,14.7522459607589,1.45631745551711e-09,0.00898825389904286,0.162370522971507,1.26981875065164
47,12,"standard",0.283285714285714,1.68696404575892,0.157416790138165,15.6171284523432,1.37001521238744e-13,0.0100800649401946,0.12121266869482,1.2276938886979
47,12,"constrained",0.283285714285714,1.75922846699049,0.283285714285714,16.3710838035423,1.75024694737402e-09,0.00872145611246381,0.122568218313773,1.22778353600071
47,13,"standard",0.283285714285714,1.70067711748066,0.14729394233872,16.9861586812343,1.36113342819044e-13,0.0101230670303208,0.0801572508781199,1.18283151563625
47,13,"constrained",0.283285714285714,1.78062294620711,0.283285714285714,17.9599684100557,1.45519063465827e-09,0.00866605046529583,0.0817483098850067,1.18303209892152
47,14,"standard",0.283285714285714,1.69816057785405,0.145134810028268,16.4578608590817,1.35114142096882e-13,0.00979842693975528,0.0720835341609503,1.13173773663911
47,14,"constrained",0.283285714285714,1.77761075907745,0.283285714285714,17.3642060792561,1.34790323347289e-09,0.00850204862003832,0.0736709882974456,1.13192883988366
47,15,"standard",0.283285714285714,1.71537870009782,0.140814097074031,17.0992846390003,1.63424829224823e-13,0.00971099327307366,0.045439372536797,1.09718047116144
47,15,"constrained",0.283285714285714,1.7984589727707,0.283285714285714,18.0891146747585,1.36560229790916e-09,0.00852820898322149,0.0463990162703096,1.09745035581448
47,16,"standard",0.283285714285714,1.76308447822054,0.13631925920996,18.1763662548022,2.86159984597134e-13,0.0095455173684723,0.0171090334276265,1.06726945424614
47,16,"constrained",0.283285714285714,1.85081975798806,0.283285714285714,19.2359683454323,1.96160027110537e-09,0.0083820250166438,0.0188509536892472,1.06749166925479
47,17,"standard",0.283285714285714,1.77873869613095,0.135181333214285,18.6423791291113,3.49775763908156e-13,0.00922587748692119,0.0055739643968904,1.04474616600194
47,17,"constrained",0.283285714285714,1.86902269333594,0.283285714285714,19.7441900089447,1.06990294401754e-09,0.00817282546688845,0.00747446502811666,1.04498978687104
47,18,"standard",0.283285714285714,1.77899172196587,0.135352350688394,17.8436674234938,3.49942297361849e-13,0.00921051041559985,0.00354159033559487,1.0306564453917
47,18,"constrained",0.283285714285714,1.87225575107645,0.283285714285714,18.8405002352183,1.52124279839683e-09,0.008211785558331,0.00213472590933339,1.03084971480708
47,19,"standard",0.283285714285714,1.78209004185678,0.133065314462418,18.1789935870135,4.20996570937859e-13,0.00914378816732509,0.000152790765130639,1.01704656400886
47,19,"constrained",0.283285714285714,1.87478925624749,0.283285714285714,19.1488484613908,1.32140842712403e-09,0.0082200886736581,0.000899180263777666,1.01725214873001
47,20,"standard",0.283285714285714,1.78402882632188,0.12932801564423,17.2612222461645,4.25215418431435e-13,0.00889817937631513,0.014271216584576,1.00492946969807
47,20,"constrained",0.283285714285714,1.87815788450338,0.283285714285714,18.1276113348565,1.49887763312151e-09,0.00800596065069466,0.0139273226237551,1.00506499277624
47,21,"standard",0.283285714285714,1.77843194209553,0.122542994260894,16.8986207426608,4.23383550440803e-13,0.00880872958584998,0.00849763795459602,0.996638687169652
47,21,"constrained",0.283285714285714,1.87248517100435,0.283285714285714,17.7213571827948,1.25805610373675e-09,0.00801983789776287,0.0079146793331315,0.996738412681156
47,22,"standard",0.283285714285714,1.77989233972282,0.11867955052878,17.2762633236689,4.21662704752634e-13,0.00860310003518307,0.00596582257143385,0.98700885849739
47,22,"constrained",0.283285714285714,1.87462511306317,0.283285714285714,18.1528822677629,1.93907584433717e-09,0.00787956980600909,0.00551482405506665,0.987123606791428
47,23,"standard",0.283285714285714,1.77985833232116,0.118710265054788,17.2875830063925,4.31044089310717e-13,0.00834266940013356,0.00588027526384138,0.982547202525142
47,23,"constrained",0.283285714285714,1.87465107194484,0.283285714285714,18.1461724212197,1.9590677413639e-09,0.00768888933558711,0.00555937808765083,0.982653863875148
47,24,"standard",0.283285714285714,1.7838485050794,0.117820032888073,17.5251299696718,4.79116746276986e-13,0.00821099791027126,0.00865578802289502,0.977941757772759
47,24,"constrained",0.283285714285714,1.87896330203908,0.283285714285714,18.3973550395558,1.96107963201797e-09,0.00759888784033629,0.00830706932440428,0.978135759640815
47,25,"standard",0.283285714285714,1.7836489376623,0.118505056625162,17.3685426661092,4.77451411740049e-13,0.00810909722750063,0.00727650446176753,0.977948318004644
47,25,"constrained",0.283285714285714,1.87879145069698,0.283285714285714,18.2313406158207,1.45287548658501e-09,0.00754375350878826,0.00696535900930417,0.978204117821933
48,4,"standard",0.299,1.35807898656041,0.279116266068002,7.48833856655841,3.99680288865056e-15,0.0191947907814718,0.871951574342828,2.00046021378366
48,4,"constrained",0.299,1.39057245290771,0.299,7.64634463060269,9.99200722162641e-15,0.0165993476845679,0.873907565345297,2.00054894834512
48,5,"standard",0.299,1.82961301211705,0.237848064934432,11.9865792455173,2.20623519453511e-12,0.0202438935484244,0.670141618342518,1.85080084540975
48,5,"constrained",0.299,1.95527784259645,0.299,12.7253536598039,1.97094202070147e-09,0.0145710580797449,0.67108728146363,1.85137013677651
48,6,"standard",0.299,2.02025354956939,0.214790413510702,15.1559620923312,1.17794662912729e-11,0.0199063733984537,0.425632956210713,1.63719715730363
48,6,"constrained",0.299,2.18191635601101,0.299,16.3248239343479,1.91758553480526e-09,0.0141791671008869,0.427195976686167,1.63801820988377
48,7,"standard",0.299,2.14188388300449,0.197627318559707,17.3631491962963,2.79841705363992e-11,0.0181426115535965,0.341302403580634,1.55812203914324
48,7,"constrained",0.299,2.31744309067661,0.299,18.7580394384334,1.74928616036851e-09,0.0133491536042796,0.345376035514969,1.55942298588143
48,8,"standard",0.299,2.24007982098702,0.180624964321975,18.0666771437465,7.94694310357613e-11,0.014882755849505,0.248480648265986,1.45741204067431
48,8,"constrained",0.299,2.43152735654478,0.299,19.5375377329248,1.77401587864168e-09,0.0105086265507979,0.25513451415949,1.45857361669095
48,9,"standard",0.299,2.34860704295367,0.157494392425568,20.0216966885385,9.92833593116416e-11,0.0133063826782363,0.150140575919612,1.37395809296086
48,9,"constrained",0.299,2.58295149101875,0.299,21.952464508475,1.23621218817149e-09,0.00895069709342418,0.156025722013164,1.37554755385699
48,10,"standard",0.299,2.39458982916027,0.137041722813302,22.6358972050884,9.83004788679409e-11,0.0143269496113754,0.0799956227016532,1.30690683070001
48,10,"constrained",0.299,2.66859241055911,0.299,25.4741752012619,1.39597305937045e-09,0.00956707577913989,0.0853734847774756,1.30853675944721
48,11,"standard",0.299,2.39504577170341,0.136277338979567,22.7930488741761,1.01607944280602e-10,0.0141019743024159,0.0760278250785049,1.27154369157464
48,11,"constrained",0.299,2.6701813868684,0.299,25.7121652721715,1.27924670856316e-09,0.00994398542337634,0.0806251915672931,1.27325751629088
48,12,"standard",0.299,2.40914508073543,0.132761171991138,23.326791588004,1.21758825244456e-10,0.0128277369056001,0.0617394028547213,1.23140121586855
48,12,"constrained",0.299,2.68675999550255,0.299,26.3469824650977,1.32899313776136e-09,0.0092126311049403,0.0666805639913015,1.23302913985039
48,13,"standard",0.299,2.4233952376838,0.131448007933144,23.6955377607098,1.41863965019695e-10,0.0116421359869189,0.050345927157287,1.18524265888278
48,13,"constrained",0.299,2.70040742950898,0.299,26.6940353296419,1.36205546841239e-09,0.0085892212961178,0.0571251828020198,1.18682795908171
48,14,"standard",0.299,2.42439711531958,0.126007162240179,23.4577357120476,1.42277967185578e-10,0.011055115565582,0.0626096060029226,1.13909358562046
48,14,"constrained",0.299,2.70198681088706,0.299,26.3901468597117,1.0540832096062e-09,0.00842030307943982,0.0699230223497258,1.14058468517262
48,15,"standard",0.299,2.42406198472366,0.126213805883723,23.4291679664238,1.53671630975794e-10,0.0104959086337609,0.0637930703927676,1.10911620275814
48,15,"constrained",0.299,2.70172546325903,0.299,26.3339783702757,1.74239489503236e-09,0.0082105400796098,0.0720430893556978,1.11086716126853
48,16,"standard",0.299,2.43709538948338,0.124352951306503,23.9928968601152,1.8784762634283e-10,0.00980778879415569,0.0521835430951816,1.0804119103079
48,16,"constrained",0.299,2.71376397262005,0.299,26.935241250382,1.73359415711616e-09,0.00783935257675171,0.0616274152431506,1.08239213914663
48,17,"standard",0.299,2.43020747021991,0.121849752659342,23.8373404180168,1.96563210153045e-10,0.00948928996766791,0.0570471751033121,1.05695336087818
48,17,"constrained",0.299,2.70539805130725,0.299,26.7484867786007,1.82602089005002e-09,0.00783447524007328,0.0668379831552084,1.05868593029338
48,18,"standard",0.299,2.48557667601391,0.109600892248191,25.5589441786288,2.3038482233062e-10,0.00926283916771649,0.0376259026319685,1.04213404973411
48,18,"constrained",0.299,2.78764894355498,0.299,29.0014797508395,1.4394440084331e-09,0.00759946053103685,0.0470618985449915,1.04396818610576
48,19,"standard",0.299,2.49840346170461,0.103142026088139,26.3911982411385,2.34182562230956e-10,0.00917985863756289,0.0303597999351997,1.0289026089082
48,19,"constrained",0.299,2.80891988440659,0.299,30.1186141100704,1.12558645737337e-09,0.0076963866026374,0.0403906656043329,1.03081020730704
48,20,"standard",0.299,2.49699658743441,0.101778403267269,26.2823442346769,2.35282238136847e-10,0.00899638905489803,0.0318911274483842,1.01600300299412
48,20,"constrained",0.299,2.80659288250386,0.299,29.95067128043,1.09630593492227e-09,0.00774525192892082,0.0423066304613515,1.0174116870656
48,21,"standard",0.299,2.49334973662317,0.0998493349116241,26.0829034068157,2.46333953235478e-10,0.0087041424780997,0.0361700673072116,1.00970616198516
48,21,"constrained",0.299,2.8044417192766,0.299,29.716828456089,1.75605840979642e-09,0.00765209735227749,0.0472872905357118,1.01103260224575
48,22,"standard",0.299,2.4934165518412,0.0997728720425546,26.1039248125422,2.48197129515404e-10,0.00839117480940782,0.0359441871842145,1.0006269920681
48,22,"constrained",0.299,2.8046072462651,0.299,29.7519719757853,1.61008179011546e-09,0.00742421150351518,0.0469944045276343,1.00200419614518
48,23,"standard",0.299,2.5135294848418,0.0962600293962648,27.4069557715533,2.4293600464631e-10,0.00862616894323864,0.0311725699646823,0.997830528891395
48,23,"constrained",0.299,2.84200130415475,0.299,31.5218405761193,1.80294607021736e-09,0.00772429288078313,0.0427595553332463,0.999341293259263
48,24,"standard",0.299,2.53942501094284,0.0944369607061998,27.8392160995759,2.92482371655467e-10,0.0086034047481961,0.0290586751306927,0.99480990958033
48,24,"constrained",0.299,2.87547379623848,0.299,32.0201658447956,1.82952997196395e-09,0.00782914652427723,0.0409859298430391,0.996096571470662
48,25,"standard",0.299,2.56543634268689,0.0908330327267851,29.0843283552126,3.03160163639404e-10,0.00852984460171425,0.0299351501401848,0.994839200730813
48,25,"constrained",0.299,2.9150101827194,0.299,33.5446263922497,1.02778868749098e-09,0.00783735618934989,0.0422888737978182,0.996238275382381
49,4,"standard",0.297571428571429,1.3320673954728,0.275652468599295,7.40868044169493,1.11022302462516e-14,0.0217046743053433,1.00658168889135,2.07051647382808
49,4,"constrained",0.297571428571429,1.36732015547908,0.297571428571429,7.58037240660024,5.60662627435704e-15,0.0188905932150867,1.00996251471472,2.07041610518365
49,5,"standard",0.297571428571429,1.52751890760537,0.260358243097838,9.15070052415142,8.53761505936745e-14,0.0142491527115106,0.895150331770465,1.96651606761085
49,5,"constrained",0.297571428571429,1.58671853904344,0.297571428571429,9.45855358719754,1.38766537149948e-09,0.0112837638953478,0.899793458234631,1.96665764164492
49,6,"standard",0.297571428571429,1.85695799964044,0.230941028538231,12.322780632083,2.03392858111329e-12,0.0137648691651452,0.59049672419907,1.69764658027339
49,6,"constrained",0.297571428571429,1.97735111300677,0.297571428571429,13.0072267538133,1.67819996788054e-09,0.00968021396929767,0.598971446238834,1.6979092645796
49,7,"standard",0.297571428571429,1.98145074664864,0.207527986686916,14.8682985292026,4.36517488822119e-12,0.0148454002900307,0.488755778355532,1.60705304746516
49,7,"constrained",0.297571428571429,2.12075987535682,0.297571428571429,15.8527339655586,1.48762424601045e-09,0.010475917026408,0.497554164592233,1.60767953890917
49,8,"standard",0.297571428571429,2.1040236474095,0.182229221815121,16.1308217402843,8.53483950180589e-12,0.0140048946476045,0.362270827056728,1.48667821162039
49,8,"constrained",0.297571428571429,2.28181574684417,0.297571428571429,17.3675499459175,8.18461853846486e-10,0.0097174860757396,0.373516233898667,1.48769457669367
49,9,"standard",0.297571428571429,2.16336325271509,0.168349190310361,16.9407717750069,1.52335921654867e-11,0.0118022237707927,0.302739881403951,1.40949114778985
49,9,"constrained",0.297571428571429,2.34346308159896,0.297571428571429,18.2171877267935,1.42325223828621e-09,0.00846459831550612,0.315902994222395,1.41072452513274
49,10,"standard",0.297571428571429,2.21557186608946,0.145441290985588,19.4815813526294,1.49292800344369e-11,0.0129196236241328,0.212898148626999,1.32827228363458
49,10,"constrained",0.297571428571429,2.43629182013752,0.297571428571429,21.4783821223296,1.79342246608982e-09,0.00918118610674159,0.225682077908447,1.32948072827014
49,11,"standard",0.297571428571429,2.22258332002786,0.129162589289782,18.662277882142,1.45664591499894e-11,0.0118142577550532,0.234416999137466,1.29829598242382
49,11,"constrained",0.297571428571429,2.45251684630448,0.297571428571429,20.5157524441776,1.29510030477675e-09,0.00882944057970261,0.247346137982012,1.29936905283577
49,12,"standard",0.297571428571429,2.32967220676303,0.115240354618487,20.9550373879892,1.89073201539713e-11,0.0118288545571075,0.194405139145941,1.2562688799586
49,12,"constrained",0.297571428571429,2.60349701509994,0.297571428571429,23.3749254428997,1.20431470351789e-09,0.00868465755950006,0.209142879973199,1.25741153064177
49,13,"standard",0.297571428571429,2.34402696067085,0.113101606843081,21.511504638922,2.37102559808022e-11,0.0107665568634748,0.177294550250885,1.21618992054822
49,13,"constrained",0.297571428571429,2.61952428088754,0.297571428571429,24.0004522743998,1.18468773679936e-09,0.00815615009856604,0.192989576778115,1.21740658880329
49,14,"standard",0.297571428571429,2.36295593183478,0.107271001313248,22.2415137002277,2.33878472144511e-11,0.0106517588391868,0.157416854113172,1.15858063869068
49,14,"constrained",0.297571428571429,2.65156084694902,0.297571428571429,24.9628632548791,1.70508412944415e-09,0.00805757519983851,0.172717173919702,1.15992566924753
49,15,"standard",0.297571428571429,2.36553008192312,0.106019553820786,21.3533084725187,2.35742536602856e-11,0.00996771777285545,0.148711070339605,1.12416197890917
49,15,"constrained",0.297571428571429,2.65451783402862,0.297571428571429,23.8596384506964,1.3482983063362e-09,0.00768515054642448,0.163669409897109,1.1255268036958
49,16,"standard",0.297571428571429,2.36514090384798,0.105884162030773,21.2829619360932,2.43510767106159e-11,0.00973434021378205,0.148081777658732,1.09629194640152
49,16,"constrained",0.297571428571429,2.65396049581715,0.297571428571429,23.7524707031858,1.36755978763503e-09,0.00756936781659432,0.162888649853728,1.09777176586733
49,17,"standard",0.297571428571429,2.36570053676304,0.105388048973336,21.3549466006338,2.43447484393755e-11,0.00923063158530337,0.146391594436205,1.07540919574256
49,17,"constrained",0.297571428571429,2.65494426055043,0.297571428571429,23.8433075827006,1.13236442444986e-09,0.00730271920536305,0.161052220562168,1.0770522560013
49,18,"standard",0.297571428571429,2.35341993044786,0.103260422967564,20.8788454775836,3.32783800516268e-11,0.0094417127655716,0.14148139310121,1.05611929019382
49,18,"constrained",0.297571428571429,2.63742918808222,0.297571428571429,23.1204812467202,1.31787292190211e-09,0.00766781732495797,0.154681567188389,1.05716655879289
49,19,"standard",0.297571428571429,2.36333120155885,0.101385993384593,21.601354400996,4.46594983216642e-11,0.00918240970913147,0.14679288817724,1.04135095456417
49,19,"constrained",0.297571428571429,2.64628704639302,0.297571428571429,23.8254474344987,1.16046133813441e-09,0.00756673422294311,0.159115359300668,1.04242003637994
49,20,"standard",0.297571428571429,2.36000147692486,0.100635921801696,21.3807571761849,4.45279368932461e-11,0.00898831673416394,0.144130599161977,1.02789826605959
49,20,"constrained",0.297571428571429,2.64174265558733,0.297571428571429,23.5492643416876,9.53314205354161e-10,0.00753774644044143,0.156088806482485,1.02890759915323
49,21,"standard",0.297571428571429,2.36168758307223,0.101839216097322,21.5611650743287,4.46886971872118e-11,0.00871737246869823,0.142375464027481,1.02099383533387
49,21,"constrained",0.297571428571429,2.64533576686699,0.297571428571429,23.8216586835233,1.16208603850865e-09,0.00740941402870087,0.153917451721335,1.02222465121342
49,22,"standard",0.297571428571429,2.35398277580153,0.100160431817495,20.91484879977,4.34400293514159e-11,0.00870617744229073,0.149254148710328,1.01399889284489
49,22,"constrained",0.297571428571429,2.63934050539621,0.297571428571429,23.0769854352853,1.12771597615691e-09,0.00750081375799918,0.160991069238563,1.01522722993045
49,23,"standard",0.297571428571429,2.35226392649586,0.101903638253563,20.7370324974261,4.35371738660706e-11,0.00867180074543348,0.148093864370032,1.01071058589656
49,23,"constrained",0.297571428571429,2.63676480511214,0.297571428571429,22.8724564108052,1.69078490097618e-09,0.00759175518872774,0.160020485165637,1.01199294387762
49,24,"standard",0.297571428571429,2.35157399763722,0.0992572999087936,20.2592409362474,4.32018865126338e-11,0.00888988707512162,0.143775486374528,1.00491088601426
49,24,"constrained",0.297571428571429,2.63699225968532,0.297571428571429,22.2550131360371,8.96878793454903e-10,0.00788669341973565,0.15505030119957,1.00614667351591
49,25,"standard",0.297571428571429,2.35408655527783,0.0999904054611987,20.4313766600984,4.39754899161926e-11,0.00863332236403087,0.144767880330694,1.00423901339448
49,25,"constrained",0.297571428571429,2.64104316942435,0.297571428571429,22.4965616973467,1.86605669805218e-09,0.00771403881982382,0.156208252596418,1.00551513283896
50,4,"standard",0.309,1.19607030307158,0.266313587784977,7.55775039447136,1.15165915692828e-09,0.0332407886114804,1.01533096908602,2.05725605804975
50,4,"constrained",0.309,1.259098715788,0.309,7.95168349388622,1.31764238409104e-09,0.0282179589588912,1.01788845484151,2.05781824709286
50,5,"standard",0.309,1.40209859584481,0.238296921115724,10.2305881683816,4.88498130835069e-15,0.0288747372362284,0.809581419955619,1.90472442231845
50,5,"constrained",0.309,1.50355681455888,0.309,11.0133537978996,2.27928326212989e-09,0.0231771268621408,0.809420839483804,1.90497714186212
50,6,"standard",0.309,1.63218963509231,0.214631205727801,13.1514192883345,1.65423230669148e-14,0.0252456564318867,0.544490529780956,1.67984276308997
50,6,"constrained",0.309,1.77236200783341,0.309,14.3401597570541,1.93574278828379e-09,0.0193635881169163,0.5470181704381,1.68062321243662
50,7,"standard",0.309,1.73356802360907,0.198105162371661,15.0705639281039,7.52731210695856e-14,0.0217015121807045,0.459859634715945,1.59458487432761
50,7,"constrained",0.309,1.89210882988688,0.309,16.5631562160755,1.97060379125702e-09,0.0161629354575732,0.462771053315352,1.5954866893451
50,8,"standard",0.309,1.78172700126121,0.178391648208262,16.0185757235096,1.11355369369903e-13,0.0198325944047601,0.364479451023952,1.48647966159278
50,8,"constrained",0.309,1.95388673844594,0.309,17.7408938327449,1.22985305273104e-09,0.0145442513019696,0.368238437989484,1.48755563814599
50,9,"standard",0.309,1.81400601044578,0.160931844294441,17.2729432962082,1.32227562232856e-13,0.0179755166652024,0.298025339456087,1.39606415023094
50,9,"constrained",0.309,2.00782388932803,0.309,19.4201240317495,9.89948678586927e-10,0.0130820076293461,0.300607607826441,1.39670748452789
50,10,"standard",0.309,1.87685345426968,0.14813655913691,18.4012912046219,1.83519865970538e-13,0.0155276408322614,0.246919436920756,1.32304120765466
50,10,"constrained",0.309,2.08911998272064,0.309,20.7589323018045,1.81609927096815e-09,0.0111666502577654,0.253191478393596,1.32377937416982
50,11,"standard",0.309,1.88411106948893,0.134493831904689,17.7487361892029,1.83297821365613e-13,0.0138398800656487,0.274462767038776,1.29083759944165
50,11,"constrained",0.309,2.10216749011843,0.309,19.9700130182211,1.41372891171443e-09,0.0102660907193856,0.282048602586489,1.29174844490385
50,12,"standard",0.309,1.94360846499495,0.119784136869391,19.5929497666325,3.25628413122558e-13,0.0130020824548117,0.220934816853445,1.24564861267624
50,12,"constrained",0.309,2.17615711018946,0.309,22.2280228234795,9.1169582994155e-10,0.00972684166035184,0.228626186908531,1.24687084904293
50,13,"standard",0.309,2.00291693316654,0.106163678564849,22.8469974482016,2.8421709430404e-13,0.013712354759072,0.161045901718661,1.19249808670931
50,13,"constrained",0.309,2.2917016773417,0.309,26.840087320864,1.38962308326995e-09,0.0100043559437959,0.166334049301066,1.1936126640641
50,14,"standard",0.309,1.99367804100062,0.0960665673970708,19.6774729727199,2.84328116606503e-13,0.0144936438717071,0.109762476233215,1.13928121463211
50,14,"constrained",0.309,2.28370393674123,0.309,22.8015902778799,1.50426049394525e-09,0.0106795984821369,0.114500964062721,1.1410338264098
50,15,"standard",0.309,1.99704804728122,0.0941690205736393,19.9824130485145,2.94764213037979e-13,0.0137777808415931,0.0976597534788857,1.10350870864949
50,15,"constrained",0.309,2.28970832201824,0.309,23.1926273640676,1.45351636282598e-09,0.0102976735992484,0.102561093147922,1.10482159569266
50,16,"standard",0.309,2.01580739087518,0.0924606251845428,20.5365631676793,4.20330437123084e-13,0.0129044669688843,0.0850826742378317,1.07530128921458
50,16,"constrained",0.309,2.31071992911195,0.309,23.7985210806754,1.53388785006925e-09,0.00971914057943193,0.0910262538382147,1.07662188960703
50,17,"standard",0.309,2.0443031434002,0.0881094572478873,21.19696541066,6.68909372336657e-13,0.0120068215984925,0.0693211903826922,1.05308880024017
50,17,"constrained",0.309,2.34648821949938,0.309,24.5564404206547,1.71129271864245e-09,0.00932439680075599,0.0757793465285213,1.05442131723789
50,18,"standard",0.309,2.04221077815917,0.0873340973238047,21.1148153716002,8.1379347705024e-13,0.0115427142123223,0.0709798395064825,1.04039938867643
50,18,"constrained",0.309,2.34085607611497,0.309,24.3323533364132,1.78598069666691e-09,0.0091478144679026,0.079720357149438,1.04190977178451
50,19,"standard",0.309,2.03059931123456,0.0835185980708981,19.6510846789012,8.09130540346814e-13,0.0110360397380362,0.0568610853810076,1.02472386887196
50,19,"constrained",0.309,2.32239051307377,0.309,22.5742391058888,8.81917594508508e-10,0.008870851765045,0.0654023649384978,1.02579068171008
50,20,"standard",0.309,2.03108497277038,0.0833718645043245,19.6786296807161,8.42770297992956e-13,0.0107185562500322,0.0561576665153014,1.01091130436446
50,20,"constrained",0.309,2.32237462997969,0.309,22.5731760560174,9.7576419166856e-10,0.00879039110579242,0.0654263045328989,1.01230771349917
50,21,"standard",0.309,2.03621134764342,0.0825201618007629,19.9720694964091,8.43658476412656e-13,0.0103844505819402,0.0542224044056407,1.00371148729799
50,21,"constrained",0.309,2.33012633301003,0.309,22.9597042912285,9.73990166297511e-10,0.00859955181011291,0.0635974700022954,1.00513427840659
50,22,"standard",0.309,2.04741729571781,0.0817240867219268,20.5569644349325,1.12099218796402e-12,0.0100565171125397,0.0482137649242738,0.994296379335107
50,22,"constrained",0.309,2.33942263134561,0.309,23.5479123443779,1.03558972508466e-09,0.00845789894985453,0.0584531493610818,0.995303689712288
50,23,"standard",0.309,2.07391294966617,0.0838560155435115,22.2876547879573,1.084021761244e-12,0.00966783158600085,0.0571780217763393,0.991751014372355
50,23,"constrained",0.309,2.38116343061307,0.309,25.7962744802216,1.0265181482616e-09,0.00822721253094808,0.0675798955969382,0.992973631887686
50,24,"standard",0.309,2.08575114667275,0.0820327014925673,22.884964304329,1.1394218901728e-12,0.00935323621745846,0.0500596461548994,0.989188256539372
50,24,"constrained",0.309,2.40060352648897,0.309,26.5886224105369,1.64677949054948e-09,0.00803645808494517,0.059752512582973,0.990747281214248
50,25,"standard",0.309,2.07525414068269,0.0856343953079083,22.0187751814433,1.20248255797151e-12,0.00924712210735793,0.0475848117952111,0.986850884441886
50,25,"constrained",0.309,2.38657568800381,0.309,25.3933361602305,9.24272158808748e-10,0.00801675525102207,0.0571474186729164,0.988294699824646
51,4,"standard",0.302714285714286,1.36393215999294,0.259360116240337,8.03766972113704,6.16173778666962e-15,0.029041720798523,0.928680725330599,2.04307975225075
51,4,"constrained",0.302714285714286,1.43532267829313,0.302714285714286,8.41976403708217,1.26747867756904e-09,0.0239027137096787,0.936095644594341,2.04328471423741
51,5,"standard",0.302714285714286,1.72410209902569,0.23477086209349,11.4529490034927,7.39075467492967e-13,0.0225846031148313,0.699589891935758,1.88712546240854
51,5,"constrained",0.302714285714286,1.84761123165186,0.302714285714286,12.2056764981803,2.35224517641797e-09,0.0167774562069082,0.704444889843733,1.88788515113438
51,6,"standard",0.302714285714286,1.95219264779568,0.216230905600181,13.9200122654753,1.03645980686906e-11,0.0181902383319164,0.46465942688938,1.66743418643555
51,6,"constrained",0.302714285714286,2.10520067722621,0.302714285714286,14.9030452984532,1.80712428354823e-09,0.0126469967888615,0.472794131232599,1.66822730445379
51,7,"standard",0.302714285714286,2.1100923270741,0.202856594908454,15.6874454185893,4.92177409938677e-11,0.0136896184954724,0.357808716980794,1.58234623648721
51,7,"constrained",0.302714285714286,2.27611353569709,0.302714285714286,16.7824741937715,1.37259703603121e-09,0.010101440247255,0.367671986064592,1.58337292433623
51,8,"standard",0.302714285714286,2.14916638121568,0.189347401710802,16.1594167726739,7.902889453959e-11,0.0128579273395202,0.305253220665614,1.48622753781985
51,8,"constrained",0.302714285714286,2.31927345829797,0.302714285714286,17.2992626396921,1.29960714412292e-09,0.0101106894133207,0.31736897742892,1.48740446497618
51,9,"standard",0.302714285714286,2.22393646420125,0.164301858047118,17.912532418263,8.99088581363117e-11,0.0122506999788442,0.201505206453162,1.39508645954729
51,9,"constrained",0.302714285714286,2.4291584948456,0.302714285714286,19.4724651468853,1.78414144569317e-09,0.00951029132550296,0.213227712257063,1.39638547081805
51,10,"standard",0.302714285714286,2.26556492805865,0.147434857745131,19.4288806936403,9.3890006880315e-11,0.0119714416456185,0.146369355505818,1.32231823458525
51,10,"constrained",0.302714285714286,2.50566592601035,0.302714285714286,21.5416896833005,1.35366223785738e-09,0.00918848198395891,0.159153610206459,1.32331821180772
51,11,"standard",0.302714285714286,2.27645903931657,0.14276955231891,20.0019727512198,1.12763021142825e-10,0.0116771344771123,0.155756691520105,1.28473236724178
51,11,"constrained",0.302714285714286,2.51653503189243,0.302714285714286,22.1307049213524,1.1435695723705e-09,0.00934975978295409,0.167553650063515,1.28550051236751
51,12,"standard",0.302714285714286,2.28534984174577,0.133157958519268,20.0947917447677,1.33127953105827e-10,0.0111410926062663,0.124618377702255,1.24424701869579
51,12,"constrained",0.302714285714286,2.52592053773263,0.302714285714286,22.4287559021715,1.40941414095153e-09,0.0089735585098696,0.136143312716148,1.24494394769372
51,13,"standard",0.302714285714286,2.33007270019132,0.128641020699814,20.9379510982357,1.84175785733487e-10,0.0100874625717218,0.10136442383402,1.20307070366311
51,13,"constrained",0.302714285714286,2.57564942052375,0.302714285714286,23.3453664696906,1.26057037030947e-09,0.00833024591028403,0.114011139807431,1.20379078113194
51,14,"standard",0.302714285714286,2.32959901178414,0.128357737367359,20.9692936654978,1.85253257178886e-10,0.00992272561432029,0.0998889760407824,1.15203867932069
51,14,"constrained",0.302714285714286,2.57505523239139,0.302714285714286,23.3932736194128,1.42896339205834e-09,0.00840732421719697,0.112240890712397,1.15276607718798
51,15,"standard",0.302714285714286,2.33383956168457,0.127771425388377,21.0502633667322,2.42669773165005e-10,0.00928444046535692,0.0963978548340654,1.1205165845661
51,15,"constrained",0.302714285714286,2.5793240498929,0.302714285714286,23.476366107662,1.54137425045775e-09,0.00805687340975115,0.10912774879303,1.12101055253496
51,16,"standard",0.302714285714286,2.33522468429597,0.12198980195183,20.4530627662098,2.76285438971513e-10,0.00947547046291354,0.0742344792543106,1.08944561092762
51,16,"constrained",0.302714285714286,2.58553009803226,0.302714285714286,22.7242675854182,1.7372480121125e-09,0.00826481823760756,0.0875328065230496,1.09027121890632
51,17,"standard",0.302714285714286,2.34235575753665,0.113200294243705,19.6944956346598,2.7603419550104e-10,0.00939929634713308,0.057237105197089,1.06507058789451
51,17,"constrained",0.302714285714286,2.60292022915665,0.302714285714286,22.0315720963216,1.01540142960488e-09,0.00814610795695985,0.0694885305455619,1.06566730761758
51,18,"standard",0.302714285714286,2.36292660651152,0.105618730459972,20.4663106022992,2.91457191714528e-10,0.00919864471236723,0.0394372380362098,1.05151189181515
51,18,"constrained",0.302714285714286,2.63373723925853,0.302714285714286,23.0259728415795,1.69105818237369e-09,0.00813696919573875,0.0512406338341957,1.05215651615415
51,19,"standard",0.302714285714286,2.39639284286648,0.0963145667989979,21.9370492551159,3.14866799300262e-10,0.00903654497014932,0.0192276563007834,1.03543652706713
51,19,"constrained",0.302714285714286,2.68593913650403,0.302714285714286,24.8895437765703,1.12054782119841e-09,0.00787589294202553,0.0316547259970257,1.03635977614388
51,20,"standard",0.302714285714286,2.39378840493986,0.0941558928521182,23.1511852849054,3.00018787591227e-10,0.00944638074709925,0.00296057239370384,1.02146606316149
51,20,"constrained",0.302714285714286,2.6909010835178,0.302714285714286,26.5348124338414,1.07605352406281e-09,0.00826807867074652,0.0143273004390396,1.02261158878467
51,21,"standard",0.302714285714286,2.39396989925966,0.0955735443632946,23.2817963062923,3.08913672419919e-10,0.00920674721842865,0.00143187799283151,1.01550553890438
51,21,"constrained",0.302714285714286,2.69114518706765,0.302714285714286,26.7034447764349,1.99198801897893e-09,0.00817763211178737,0.0127729342761569,1.01671595346977
51,22,"standard",0.302714285714286,2.39814007883972,0.094269154899249,23.7769465574211,3.08712833074765e-10,0.00899369953873708,0.00325888380754602,1.00429766450176
51,22,"constrained",0.302714285714286,2.69768748444348,0.302714285714286,27.2950553352616,1.20913079548757e-09,0.00803052648953213,0.00858923674279577,1.00548043207103
51,23,"standard",0.302714285714286,2.38527387864612,0.0926210117807511,23.3213642512337,3.13167713983376e-10,0.00882613442756758,0.00181577170465097,1.00120356268191
51,23,"constrained",0.302714285714286,2.68478859962806,0.302714285714286,26.7778232883641,1.19302007162148e-09,0.00797971398018465,0.0142290231609987,1.00241393763756
51,24,"standard",0.302714285714286,2.37433676634295,0.0915926691614115,22.2253833260547,3.08400971427147e-10,0.00879707192208702,0.00441455389622725,0.996623346799127
51,24,"constrained",0.302714285714286,2.66799647105409,0.302714285714286,25.4103940805435,1.06540942734767e-09,0.00799150775413077,0.00734219913571899,0.997657400755925
51,25,"standard",0.302714285714286,2.37937713464905,0.0859008681442017,24.3483585844025,2.90851676076898e-10,0.00884151243907727,0.0144884094070283,0.993662832050438
51,25,"constrained",0.302714285714286,2.68743542192841,0.302714285714286,28.29076129325,1.17646514752323e-09,0.0080211890469577,0.00326269012067737,0.994424949512887
52,4,"standard",0.297714285714286,1.17325459698197,0.301554043785227,6.52345827912299,1.15463194561016e-14,0.0156970116931998,1.03834438214123,2.06976602101529
52,4,"constrained",0.297714285714286,1.17325458401208,0.301554048010529,6.52345823785332,1.90926985332851e-09,0.0156970117080358,1.03834439558779,2.06976602106133
52,5,"standard",0.297714285714286,1.54894455836901,0.256517448435881,10.0881474839783,3.58602036953926e-14,0.0185506117332079,0.81002186926886,1.89549369282788
52,5,"constrained",0.297714285714286,1.61681485966116,0.297714285714286,10.4838516757324,2.28894186937723e-09,0.0150627524447855,0.808880750860598,1.89568463991815
52,6,"standard",0.297714285714286,1.81911269082739,0.239568229316077,12.2733764221702,3.0018210139815e-12,0.0126060095399698,0.601746003086507,1.68108205807657
52,6,"constrained",0.297714285714286,1.91612603366482,0.297714285714286,12.8217913278429,2.35503455625619e-09,0.00961690959512013,0.604007316073679,1.68103700295306
52,7,"standard",0.297714285714286,2.01406512576304,0.211071754025935,15.333759693071,7.25985938032636e-12,0.0146226424649,0.478615847495722,1.57663097268754
52,7,"constrained",0.297714285714286,2.14927280173551,0.297714285714286,16.2347731178313,1.72947417498293e-09,0.0117914004341074,0.480347303523512,1.57654171912481
52,8,"standard",0.297714285714286,2.03570597780185,0.18700122426559,16.6470513295422,8.57358628536531e-12,0.0157639769180676,0.362844088086424,1.4728772639231
52,8,"constrained",0.297714285714286,2.17259411475342,0.297714285714286,17.7194933365467,1.13500042697723e-09,0.0129300083762069,0.364965989030416,1.47321688058921
52,9,"standard",0.297714285714286,2.06214236738573,0.180002092106186,16.9639545947966,1.15482068352435e-11,0.0130715036083433,0.326970828530274,1.39290626758415
52,9,"constrained",0.297714285714286,2.20446311797745,0.297714285714286,18.0836490122622,1.08800662923514e-09,0.0114180740420621,0.329739883012497,1.39304686972653
52,10,"standard",0.297714285714286,2.08838495859058,0.163392506619817,18.2917741992819,1.31885613541272e-11,0.0129577297978977,0.259339015208872,1.31767978848159
52,10,"constrained",0.297714285714286,2.24552606857839,0.297714285714286,19.7269283304642,1.01408142993975e-09,0.0112117112687977,0.26130416696443,1.31786444806872
52,11,"standard",0.297714285714286,2.08962165270973,0.162437804102367,18.3895141508836,1.55871981988298e-11,0.0127352967841653,0.261301807410948,1.2850181675664
52,11,"constrained",0.297714285714286,2.24630432542459,0.297714285714286,19.7919024820678,1.27600058297261e-09,0.011187321756185,0.262468981757056,1.2858398770369
52,12,"standard",0.297714285714286,2.11048158544952,0.153222885174229,19.5308208524921,1.55900847786938e-11,0.0116586905463802,0.226714762535217,1.24649046844806
52,12,"constrained",0.297714285714286,2.27675896663137,0.297714285714286,21.1616730231597,1.69963526586159e-09,0.00999201795772855,0.22665022970935,1.24746301983027
52,13,"standard",0.297714285714286,2.1113429900844,0.141631212614652,21.7031971432592,1.42829081895002e-11,0.0118649555339022,0.185894878165386,1.19459137562774
52,13,"constrained",0.297714285714286,2.29052074496704,0.297714285714286,23.8995053599393,1.69945574279851e-09,0.01014743522338,0.185289047119412,1.19553932791044
52,14,"standard",0.297714285714286,2.12038856225605,0.133223325107548,19.4210678386864,1.60292890072355e-11,0.0113113571100595,0.154652392363778,1.13952332657466
52,14,"constrained",0.297714285714286,2.30216580582105,0.297714285714286,21.2082091574201,1.93393950853604e-09,0.0097207872624642,0.153850308080967,1.14045218428219
52,15,"standard",0.297714285714286,2.18047043892563,0.126820101457471,20.7799683771275,2.91165980215169e-11,0.0107187862910437,0.118368376499553,1.10577084258452
52,15,"constrained",0.297714285714286,2.36798678612331,0.297714285714286,22.6842600026957,1.72480268956221e-09,0.00926287958252764,0.118187613351476,1.10685189421373
52,16,"standard",0.297714285714286,2.19636536381398,0.123359848939708,19.4552816209099,3.8554270886948e-11,0.0104065810306426,0.105662871474911,1.07631791266842
52,16,"constrained",0.297714285714286,2.38435239280478,0.297714285714286,21.198206137573,1.82824189121078e-09,0.00906333273177348,0.105961213938515,1.07754804881664
52,17,"standard",0.297714285714286,2.19383342865955,0.117299286404184,20.1056866037276,3.88447052301899e-11,0.0103005632614357,0.094524251272504,1.0547369980834
52,17,"constrained",0.297714285714286,2.38675078042997,0.297714285714286,22.0375248201014,1.35741295981262e-09,0.00898153279449727,0.094527718897111,1.05602732476827
52,18,"standard",0.297714285714286,2.19329949421613,0.115576056275938,19.6497413278473,4.01939592720169e-11,0.00984662123063617,0.0908179848598207,1.04100841452734
52,18,"constrained",0.297714285714286,2.38580285457578,0.297714285714286,21.4791854944249,1.18838594520554e-09,0.00865740093508018,0.0904858139081606,1.04232887440096
52,19,"standard",0.297714285714286,2.19280150438532,0.11200143031789,18.8770278729834,4.09871026008091e-11,0.00965451542719795,0.085157113067087,1.02760186055318
52,19,"constrained",0.297714285714286,2.38553472884303,0.297714285714286,20.5462307439051,1.28748106620336e-09,0.00858401023479727,0.0852393654722965,1.02897817752101
52,20,"standard",0.297714285714286,2.20170165640676,0.108507040734464,19.8480349587208,4.6787906882173e-11,0.00961255912916527,0.0690384377659186,1.01750207117655
52,20,"constrained",0.297714285714286,2.39651102917469,0.297714285714286,21.4465999691951,1.47157341867654e-09,0.00862121661187972,0.069409036920784,1.01924108496582
52,21,"standard",0.297714285714286,2.20921870505825,0.109272828961257,20.0835304208034,6.35798080850236e-11,0.00927928729364845,0.065378622879587,1.00858453552889
52,21,"constrained",0.297714285714286,2.4028463289066,0.297714285714286,21.665047255689,1.23833499010573e-09,0.00842861917941631,0.0662944708605027,1.01014727056539
52,22,"standard",0.297714285714286,2.23868350585396,0.102776515544691,21.2472401428018,7.85786991031046e-11,0.00929963062115199,0.0572938538835528,1.00123694217177
52,22,"constrained",0.297714285714286,2.44371572449087,0.297714285714286,23.0487398704386,1.58137941630443e-09,0.00850747021314739,0.0583343579488522,1.00277223076003
52,23,"standard",0.297714285714286,2.22630316706699,0.0998912029460471,20.3517345216223,7.9840689615196e-11,0.00926803083573353,0.0525546875975085,0.997878687105874
52,23,"constrained",0.297714285714286,2.43024977918526,0.297714285714286,22.016948125151,2.12623257889177e-09,0.00849698238557687,0.0536628703292639,0.999475710256212
52,24,"standard",0.297714285714286,2.23566001703319,0.0993416200044486,19.2460311528575,9.40244548885971e-11,0.00914345096567798,0.0522994715094303,0.998186891535013
52,24,"constrained",0.297714285714286,2.43949825901883,0.297714285714286,20.7484135759668,1.97731458984052e-09,0.0084478646685086,0.0539134479067647,1.00006091783761
52,25,"standard",0.297714285714286,2.2355291511125,0.0995519252478345,19.3305135119177,9.33005894765415e-11,0.00908078211779329,0.0525810052551101,0.99733772308561
52,25,"constrained",0.297714285714286,2.43933359993659,0.297714285714286,20.8041615893755,1.86199899943063e-09,0.0084280508988695,0.0540707879685067,0.999174682732547
53,4,"standard",0.293714285714286,1.28529174122158,0.275352146524864,7.56528989730898,1.13242748511766e-14,0.0255475449687461,1.01912963057677,2.05173974281045
53,4,"constrained",0.293714285714286,1.31556116378124,0.293714285714286,7.73214647123546,1.35447209004269e-14,0.023126037335405,1.02102298750247,2.05156866284244
53,5,"standard",0.293714285714286,1.57140271325021,0.23968987512806,11.1464360248758,3.43058914609173e-14,0.0255673284336694,0.844824917545692,1.91435852988473
53,5,"constrained",0.293714285714286,1.66416335166276,0.293714285714286,11.830783824805,2.42325343124961e-09,0.020776538221029,0.847247794867044,1.91403216544986
53,6,"standard",0.293714285714286,1.86356277525317,0.219518066015509,14.2405188966635,2.12818651590396e-12,0.020421146413993,0.632330728577594,1.69499296771294
53,6,"constrained",0.293714285714286,1.99601113071277,0.293714285714286,15.2514176432973,1.94156157817815e-09,0.0153201169066543,0.641528656983028,1.6954156251512
53,7,"standard",0.293714285714286,2.06109355929163,0.196193553765525,17.4673572467164,6.51401155238318e-12,0.0196371515364964,0.511347783542022,1.59281086250124
53,7,"constrained",0.293714285714286,2.22802776315977,0.293714285714286,18.8799220789677,2.41232833708693e-09,0.0145388868316022,0.520718264203191,1.59357269653257
53,8,"standard",0.293714285714286,2.16547033672359,0.171098870049223,19.1652473661728,8.89632811862384e-12,0.0189324684390508,0.396215395953761,1.47969161487167
53,8,"constrained",0.293714285714286,2.36636976353401,0.293714285714286,20.9626406531738,1.30456179192606e-09,0.0138002499698464,0.406156972510273,1.47975199893939
53,9,"standard",0.293714285714286,2.28610710277561,0.147222993487078,21.7264581169164,1.42628131527545e-11,0.0170721893983068,0.302300215788925,1.39447933917012
53,9,"constrained",0.293714285714286,2.53708541658596,0.293714285714286,24.2153725486328,1.6704724270511e-09,0.0123802813919132,0.313463333070807,1.39464759112983
53,10,"standard",0.293714285714286,2.29843132556152,0.134318098252445,23.3278465029569,1.40244482693674e-11,0.0160530786798934,0.249131201055985,1.33004841150168
53,10,"constrained",0.293714285714286,2.56349142837175,0.293714285714286,26.3419757241357,1.46858186722554e-09,0.0118928727802507,0.262086355348209,1.33074991307892
53,11,"standard",0.293714285714286,2.29801733783607,0.133132742134838,22.9566898951432,1.40276679161389e-11,0.0152531013467608,0.244655217327749,1.2867698396535
53,11,"constrained",0.293714285714286,2.56314071646475,0.293714285714286,25.8533952337051,9.99791083255985e-10,0.0116620103332495,0.257171873278501,1.28745779172198
53,12,"standard",0.293714285714286,2.32851350486637,0.126886211904629,24.3993099023531,1.37926337018257e-11,0.0142646622795859,0.219173629610639,1.24804569353614
53,12,"constrained",0.293714285714286,2.60890431358462,0.293714285714286,27.6469763463646,1.78373477099925e-09,0.010790508829262,0.232938245247469,1.24909883888357
53,13,"standard",0.293714285714286,2.30422669146238,0.117671995258684,21.8535309435476,1.26626487073622e-11,0.0146006198259518,0.169074145828853,1.19763504090417
53,13,"constrained",0.293714285714286,2.58837027873281,0.293714285714286,24.6847187979793,9.45537370622418e-10,0.0113221851545,0.181031578874603,1.19839474321365
53,14,"standard",0.293714285714286,2.35228943674205,0.107883888879485,23.3425797229993,1.50023327094573e-11,0.0146007656922585,0.13154423973432,1.14856811658892
53,14,"constrained",0.293714285714286,2.65934551962764,0.293714285714286,26.6179302181552,1.41495742900233e-09,0.0113795315922479,0.143454839309143,1.14976479341115
53,15,"standard",0.293714285714286,2.34065320420097,0.104617776741902,21.6902853329614,1.49295020790419e-11,0.0143867427410725,0.109530078306594,1.11007455767461
53,15,"constrained",0.293714285714286,2.64903882882133,0.293714285714286,24.5559297072638,1.6514557499292e-09,0.0111694442023739,0.11952901111111,1.11053029674898
53,16,"standard",0.293714285714286,2.32961339634932,0.0965311707809813,18.5502896874617,1.29831700945715e-11,0.0151030033107853,0.0753632272765552,1.08491563066826
53,16,"constrained",0.293714285714286,2.65503720701044,0.293714285714286,21.9100848216018,1.04519443100415e-09,0.0117922513861571,0.0868229333899952,1.08598612183191
53,17,"standard",0.293714285714286,2.3295500552636,0.0956639907355157,18.6309568399709,1.32573951816539e-11,0.01442936488637,0.0728865859481358,1.06393091428697
53,17,"constrained",0.293714285714286,2.65458430025465,0.293714285714286,21.994367503823,1.08121922526294e-09,0.0115410915305702,0.0846897093162573,1.06511713279778
53,18,"standard",0.293714285714286,2.31383111080667,0.0922829009173128,18.7736483353918,1.7938428520381e-11,0.0144181775493593,0.0680270947791426,1.04902221622266
53,18,"constrained",0.293714285714286,2.63640443479268,0.293714285714286,21.3699363592437,9.52379175522822e-10,0.011765018762714,0.0788064545553935,1.05000154132941
53,19,"standard",0.293714285714286,2.32667352808777,0.0882564847970768,19.4717399731144,1.88142834645078e-11,0.0137266625316315,0.059076013616667,1.0343337043596
53,19,"constrained",0.293714285714286,2.65208382518915,0.293714285714286,22.1788540369571,1.01141645059144e-09,0.0113067982839334,0.0705718008965031,1.03531866742165
53,20,"standard",0.293714285714286,2.35948714748809,0.0859556988168312,20.7630909492498,1.91864302223621e-11,0.0131513574807255,0.0508368827933277,1.02224329526045
53,20,"constrained",0.293714285714286,2.70210774083564,0.293714285714286,23.8053150151284,1.24430737935555e-09,0.0108529759870847,0.0626030713660386,1.02351988512366
53,21,"standard",0.293714285714286,2.37748334924052,0.0757049689957023,21.9327013134851,1.96184180012438e-11,0.0125141774517838,0.0616140643999268,1.01527967587841
53,21,"constrained",0.293714285714286,2.73706709155308,0.293714285714286,26.2042742386427,1.59360108442641e-09,0.0104474678838252,0.0742153738202056,1.01645068945534
53,22,"standard",0.293714285714286,2.36568488538721,0.0741245145213703,22.7347208152719,1.9305224085997e-11,0.0122541687521887,0.0561760595020946,1.00833956613251
53,22,"constrained",0.293714285714286,2.7272133793937,0.293714285714286,27.3358792186392,1.19317394853269e-09,0.0102665209664712,0.0687427097690181,1.00994267872934
53,23,"standard",0.293714285714286,2.36552287663632,0.0738194928895683,22.5323755591266,1.93375315760136e-11,0.0119034253028391,0.055148950628598,1.00571861441159
53,23,"constrained",0.293714285714286,2.72624975484991,0.293714285714286,27.074786746997,1.43580791700515e-09,0.0100944350479435,0.0677080450679277,1.00724990741104
53,24,"standard",0.293714285714286,2.36452359086942,0.0722706971344814,22.9190336038534,2.87192492010035e-11,0.0115562790873204,0.0572864955812262,1.00510978659544
53,24,"constrained",0.293714285714286,2.72875695560216,0.293714285714286,27.7307627133872,1.74335362812528e-09,0.00994303662057822,0.0706782831910653,1.0068192000348
53,25,"standard",0.293714285714286,2.36414187386175,0.0722963070088609,22.9040154574616,2.92612600816256e-11,0.0111309657730636,0.057336877486736,1.00399036477513
53,25,"constrained",0.293714285714286,2.724972497114,0.293714285714286,27.5999748985942,1.82686371585916e-09,0.00969478939834507,0.071042001691672,1.00571527074881
54,4,"standard",0.304428571428571,1.08772842663533,0.301032760385061,6.13132908649341,1.7748894576286e-09,0.017624103066593,1.00857724004297,2.04862529706565
54,4,"constrained",0.304428571428571,1.09170921952128,0.304428571428571,6.15137812150062,3.84436860123571e-09,0.0172080165805573,1.00898121926725,2.04866543411811
54,5,"standard",0.304428571428571,1.39232842301763,0.264931691499225,9.02105491293581,1.66533453693773e-14,0.0180703254452657,0.776868638589725,1.88951378036668
54,5,"constrained",0.304428571428571,1.44751826380889,0.304428571428571,9.35021791704805,2.23726409620539e-09,0.0145989711988218,0.777887580846133,1.89002782668081
54,6,"standard",0.304428571428571,1.54572063133104,0.242480272780272,11.060451540997,5.91748872125208e-14,0.0167337209714742,0.556745384506593,1.6740526427121
54,6,"constrained",0.304428571428571,1.62817579970164,0.304428571428571,11.6252324952571,1.86381432509819e-09,0.0126636549190497,0.560604572507405,1.67470322110614
54,7,"standard",0.304428571428571,1.61201766037007,0.22386903298107,12.5251914421845,1.00142116821189e-13,0.0160050488601698,0.46253078844617,1.5851024368383
54,7,"constrained",0.304428571428571,1.70845149984275,0.304428571428571,13.2841394520185,2.10308792603087e-09,0.0119216822545069,0.464201722622901,1.58584640708048
54,8,"standard",0.304428571428571,1.67611384560699,0.200142290158823,13.417778791084,1.67754699020861e-13,0.0149225712771612,0.351814731024287,1.48110324115081
54,8,"constrained",0.304428571428571,1.78576683329521,0.304428571428571,14.3115043612672,1.56975382692437e-09,0.0109481962489259,0.353217604611512,1.48245737531238
54,9,"standard",0.304428571428571,1.76412071079422,0.175670926973463,14.6883406383801,4.60853577521902e-13,0.0126534862777711,0.261657633339103,1.39446028445974
54,9,"constrained",0.304428571428571,1.88867243725107,0.304428571428571,15.7477571622109,1.63412994247381e-09,0.00932621462507536,0.266207903690984,1.39606300723327
54,10,"standard",0.304428571428571,1.8256053949177,0.156615463323779,16.1246783637669,5.31685806492987e-13,0.0117481759750374,0.181776951735304,1.31864761263634
54,10,"constrained",0.304428571428571,1.9806765530837,0.304428571428571,17.5699951168264,1.60560376105678e-09,0.00846593861729476,0.184808000704291,1.32020216839405
54,11,"standard",0.304428571428571,1.8269778847831,0.152954975971849,16.6067558580699,5.61772850460329e-13,0.0114069102508139,0.166088309539171,1.28433374165278
54,11,"constrained",0.304428571428571,1.98496783916809,0.304428571428571,18.2130594504564,1.59074187155994e-09,0.00822580850484415,0.167331136111089,1.28644137276465
54,12,"standard",0.304428571428571,1.85166990522134,0.14476604312793,17.4889067134841,5.73319169916431e-13,0.010780609760493,0.134451326914832,1.23887551039483
54,12,"constrained",0.304428571428571,2.01994793311993,0.304428571428571,19.2906318771346,1.54367651994392e-09,0.00788291281567941,0.135374594384674,1.24087239894338
54,13,"standard",0.304428571428571,1.85995020651021,0.141088430566287,18.1369406610481,5.76871883595231e-13,0.00970418581792411,0.111605070863775,1.18949232502615
54,13,"constrained",0.304428571428571,2.0312082440995,0.304428571428571,20.057455397321,1.54513501993137e-09,0.00708969995124323,0.112508175851237,1.19116226798684
54,14,"standard",0.304428571428571,1.8765832667639,0.136029765211096,18.5877912069753,6.58251231300255e-13,0.00906689476323871,0.0853792494656709,1.13598139223653
54,14,"constrained",0.304428571428571,2.05197237559776,0.304428571428571,20.5827062324804,1.32454536228011e-09,0.00674636541702982,0.0868605489730996,1.13766238821897
54,15,"standard",0.304428571428571,1.89692909930631,0.132313215024285,19.1759740930427,8.35997937542743e-13,0.00873618079664445,0.0640126889399291,1.1001187560743
54,15,"constrained",0.304428571428571,2.07655009944172,0.304428571428571,21.270085692986,1.07121894687978e-09,0.00669769819068573,0.0661838519911138,1.10174658769361
54,16,"standard",0.304428571428571,1.91159820907588,0.131010494373028,19.5390771499774,9.9475983006414e-13,0.00837116496161814,0.0508483555095784,1.06931784577267
54,16,"constrained",0.304428571428571,2.09225059442277,0.304428571428571,21.6483762258678,1.42123618429579e-09,0.00658934014779751,0.0536931767254645,1.07081949294693
54,17,"standard",0.304428571428571,1.9094858824974,0.128615495022905,19.4252437264167,1.01851860279112e-12,0.00792273075270501,0.0539743433832793,1.04930139018725
54,17,"constrained",0.304428571428571,2.08925586658242,0.304428571428571,21.5031479431062,2.08933764733743e-09,0.00640923946821237,0.0570635189431012,1.05075904771704
54,18,"standard",0.304428571428571,1.92415405322272,0.125359797048248,19.6902804885167,1.15107923193136e-12,0.00775054708517972,0.0461097984119148,1.03837296681711
54,18,"constrained",0.304428571428571,2.10526352543331,0.304428571428571,21.7681022557471,1.47949075213205e-09,0.00648569639785035,0.0497231483621485,1.03967579198854
54,19,"standard",0.304428571428571,1.92336417369786,0.124375240376296,19.6437418085789,1.14797060746241e-12,0.00741965718443317,0.0471629905211213,1.02466867148215
54,19,"constrained",0.304428571428571,2.10434311210849,0.304428571428571,21.7157966700427,1.6854113105147e-09,0.00633391447239503,0.0506772670093127,1.02597008958135
54,20,"standard",0.304428571428571,1.92079543213306,0.121024163553166,18.2376024488892,1.14908083048704e-12,0.00753732571490269,0.0348979218651726,1.01018329455898
54,20,"constrained",0.304428571428571,2.10316766638633,0.304428571428571,20.0474359014975,1.09303199824495e-09,0.00653327894267099,0.0377912398987599,1.0114660811143
54,21,"standard",0.304428571428571,1.93037526548227,0.111925325773687,19.0781918130734,1.11088915843993e-12,0.00759518242094429,0.0202071990913169,1.00286189376155
54,21,"constrained",0.304428571428571,2.12080691698419,0.304428571428571,21.1082799699683,1.00827363125333e-09,0.00664674609141525,0.0225752606379288,1.00428820094183
54,22,"standard",0.304428571428571,1.9324200103639,0.110760475829151,18.306481962426,1.14241949233929e-12,0.00755672717385217,0.015834704840576,0.993591634084399
54,22,"constrained",0.304428571428571,2.12311650000343,0.304428571428571,20.2012938175742,1.92354865369282e-09,0.00666431921149674,0.0184622064625044,0.995176095990557
54,23,"standard",0.304428571428571,1.93628799031584,0.110052678447308,18.5027381604183,1.26931798405394e-12,0.0075619764925828,0.0140819937360206,0.989676996586412
54,23,"constrained",0.304428571428571,2.12765358498358,0.304428571428571,20.4196242405957,9.3918545163163e-10,0.00677958635963688,0.0167161164865437,0.991227805013716
54,24,"standard",0.304428571428571,1.93585946270241,0.109625002182615,18.4745941949238,1.32849287126646e-12,0.00744736921490354,0.014474231751084,0.985265784666711
54,24,"constrained",0.304428571428571,2.12695597532822,0.304428571428571,20.3715639040076,1.03324554467932e-09,0.0067468530115548,0.0173206852739067,0.986828550017807
54,25,"standard",0.304428571428571,1.93584080426089,0.109617779657216,18.4727366573888,1.33049127271079e-12,0.00736032124333362,0.0144772708008984,0.984378958047204
54,25,"constrained",0.304428571428571,2.12630499358224,0.304428571428571,20.3170472572592,1.06427477941651e-09,0.00670905950402335,0.0174368319961156,0.986062526774209
55,4,"standard",0.296571428571429,1.1849025941732,0.271023819173676,7.51514017062756,9.18626064105865e-10,0.031507978771182,0.89422990808973,2.02197549084242
55,4,"constrained",0.296571428571429,1.22224442194897,0.296571428571429,7.76205927845006,1.58294177765583e-09,0.0284049015326918,0.896724977566687,2.02184173101523
55,5,"standard",0.296571428571429,1.4430110817077,0.236673936515501,10.8296463476027,5.49560397189452e-15,0.0292699472664458,0.682616757358311,1.86514556886901
55,5,"constrained",0.296571428571429,1.53673719594563,0.296571428571429,11.5991862978795,1.64235824939851e-09,0.0242430860822357,0.680230482755679,1.86562474532197
55,6,"standard",0.296571428571429,1.65744776321853,0.22538881131091,12.6968241379172,1.39999123405232e-13,0.0200004328122048,0.483184005255012,1.66033856346147
55,6,"constrained",0.296571428571429,1.76541176600326,0.296571428571429,13.540878800909,1.79425180268922e-09,0.0154916441204075,0.488405405594139,1.66109905845017
55,7,"standard",0.296571428571429,1.73947300999833,0.208133241503242,14.5282084284359,4.0467629247587e-13,0.0181598562679629,0.392560381623031,1.57535368437448
55,7,"constrained",0.296571428571429,1.85421185463904,0.296571428571429,15.5606442045029,1.53446655382083e-09,0.014347380875357,0.398052354330369,1.57636546179038
55,8,"standard",0.296571428571429,1.8286492326656,0.181713122794818,15.7983067776844,6.5358829459683e-13,0.0173729294022479,0.278959588156928,1.47117128910688
55,8,"constrained",0.296571428571429,1.97142444027444,0.296571428571429,17.1257188648922,2.20007001505707e-09,0.0131625571048808,0.285393136021638,1.47255022967811
55,9,"standard",0.296571428571429,1.8609423282127,0.160217763616257,17.3729710918674,6.28719298845226e-13,0.0168749029892711,0.202812511626672,1.38204045276334
55,9,"constrained",0.296571428571429,2.02445057143812,0.296571428571429,19.1420148446957,1.16255616244842e-09,0.012735433899838,0.210123306530405,1.38352496635235
55,10,"standard",0.296571428571429,1.89125976731494,0.146910361103837,18.6301446438747,6.82454093237084e-13,0.0157012465415643,0.14742745073272,1.31478754095033
55,10,"constrained",0.296571428571429,2.07298264091935,0.296571428571429,20.7728880902691,1.20617099641507e-09,0.011735963200383,0.153929241938557,1.31606470042266
55,11,"standard",0.296571428571429,1.91247558410419,0.136428109046036,19.9554963367842,9.53459533548084e-13,0.0141097400557498,0.173794546591159,1.28337510327944
55,11,"constrained",0.296571428571429,2.09690712090429,0.296571428571429,22.2784239306242,1.93190802244558e-09,0.010868906508077,0.180023057970512,1.28480650142179
55,12,"standard",0.296571428571429,1.91262132483609,0.127163542964304,21.5660133710562,8.84958772928712e-13,0.0139045299114749,0.137724157169083,1.2464150690222
55,12,"constrained",0.296571428571429,2.10636126023297,0.296571428571429,24.4064306306972,1.66228419917758e-09,0.0107782099545396,0.143517847612706,1.24778939957972
55,13,"standard",0.296571428571429,1.92558168319309,0.124775351326401,22.0805891044973,9.83213510608039e-13,0.0128180903693392,0.12642824536966,1.19947211148354
55,13,"constrained",0.296571428571429,2.12451201595606,0.296571428571429,25.0537339130222,1.37697542257342e-09,0.0101775998153012,0.132608843544841,1.20053554660866
55,14,"standard",0.296571428571429,1.94194949502644,0.121116301654498,22.527638854085,1.13453690886445e-12,0.0117181143941255,0.111052709656523,1.14724503082101
55,14,"constrained",0.296571428571429,2.14335193982266,0.296571428571429,25.5369929878127,1.70090019846469e-09,0.00939099266091496,0.11847752598394,1.14879820879198
55,15,"standard",0.296571428571429,1.94752396545197,0.120295208518409,22.6921644005281,1.47482026591206e-12,0.0111123427800621,0.106433585884238,1.11675082253772
55,15,"constrained",0.296571428571429,2.14850485286382,0.296571428571429,25.6909115938233,1.58961199758778e-09,0.00917005711188851,0.11472232797089,1.11868993438755
55,16,"standard",0.296571428571429,1.9810576390915,0.117577960526125,23.4486974400396,2.27950991416037e-12,0.0107787382272361,0.0836714335732855,1.08527078329892
55,16,"constrained",0.296571428571429,2.19052209405062,0.296571428571429,26.5791788963698,1.52604667791323e-09,0.00899289631090349,0.0919304376414978,1.08715362181182
55,17,"standard",0.296571428571429,1.98745356847046,0.114242284084097,23.861129384779,2.44093634194087e-12,0.0100834702962991,0.0738527340546122,1.0638039500831
55,17,"constrained",0.296571428571429,2.19878054997918,0.296571428571429,27.0809260157659,1.16184356580007e-09,0.00855287402613643,0.0824656264751304,1.06558675752196
55,18,"standard",0.296571428571429,1.97057938883154,0.108819429318408,22.2957935603703,2.35567121364966e-12,0.00983575551511658,0.0644487355934213,1.05022947010714
55,18,"constrained",0.296571428571429,2.17602308952066,0.296571428571429,25.1476424765626,1.89394561145306e-09,0.008397840682047,0.0732246024356114,1.05205783803918
55,19,"standard",0.296571428571429,1.97522903524056,0.106729294899591,22.5548504651105,2.82873724444244e-12,0.0093891865648913,0.0593652495136903,1.03457072522703
55,19,"constrained",0.296571428571429,2.17988633484518,0.296571428571429,25.4061700612303,1.85073167902061e-09,0.00817105822362485,0.068746330414406,1.03633296182767
55,20,"standard",0.296571428571429,2.00131536529716,0.103426494440919,23.9568144464787,3.09352543581554e-12,0.00925388986598824,0.0426955308335106,1.02072574661218
55,20,"constrained",0.296571428571429,2.2190077681911,0.296571428571429,27.2022016067752,1.73773717637715e-09,0.00807391918092114,0.051265963332443,1.02277411324501
55,21,"standard",0.296571428571429,1.99385234605625,0.104185812993736,23.8095916233014,3.68238772807672e-12,0.0093163450215131,0.0466563135292883,1.01462992065645
55,21,"constrained",0.296571428571429,2.2092705514257,0.296571428571429,27.0153959499785,1.26681193313161e-09,0.00837636449467857,0.0564969651214176,1.016587062051
55,22,"standard",0.296571428571429,2.0071571042528,0.102606924637627,24.4773182349338,3.89499543729244e-12,0.00912967680182567,0.0373245784213916,1.00301772006225
55,22,"constrained",0.296571428571429,2.22702699804778,0.296571428571429,27.787436001073,1.14046500021558e-09,0.0082397972728455,0.0469096554455293,1.00498399647625
55,23,"standard",0.296571428571429,2.00456672560336,0.101623257758559,24.1655661680525,3.90854015819286e-12,0.00905048974030628,0.0353245779674634,1.00021624064219
55,23,"constrained",0.296571428571429,2.22315474219821,0.296571428571429,27.3756355984437,1.33321276241105e-09,0.00822487390344295,0.0445781415887634,1.00234356195175
55,24,"standard",0.296571428571429,2.01057416467975,0.102869935090221,24.9263210407523,4.06485956006009e-12,0.00881466102381398,0.0377446619183397,0.995531640475083
55,24,"constrained",0.296571428571429,2.23439041427015,0.296571428571429,28.3745604137362,1.32210759007378e-09,0.00805158750343217,0.0473390173349859,0.997508566118378
55,25,"standard",0.296571428571429,2.01227437121712,0.0994493466588382,24.1713267473469,4.77928807640637e-12,0.00879402094655373,0.0357892984818582,0.993634321261675
55,25,"constrained",0.296571428571429,2.23433557261584,0.296571428571429,27.4730515115616,1.14890269520274e-09,0.00811538731274551,0.0455849970868663,0.995599762236886
56,4,"standard",0.309,1.26161823087614,0.279211186016366,7.2508829127244,1.21569421196455e-14,0.0235633304526725,0.972898687322821,2.05052949641411
56,4,"constrained",0.309,1.30481427954195,0.309,7.47498411637131,9.6034291630076e-15,0.0199699600280729,0.978732975823622,2.05078375309188
56,5,"standard",0.309,1.59623558688418,0.242463620570023,10.928994398106,8.17124146124115e-14,0.0236101763451111,0.812265202175537,1.93464672350173
56,5,"constrained",0.309,1.70623063521222,0.309,11.6551681138907,2.42693370955394e-09,0.0179825261908806,0.823734963214359,1.93626277911881
56,6,"standard",0.309,1.78250920154763,0.213231519440548,14.5058765864228,2.77333711551364e-13,0.0249747096161576,0.583890025453146,1.71135031106618
56,6,"constrained",0.309,1.93581219096799,0.309,15.8401721226766,1.78083270352403e-09,0.0190069621317896,0.600953290292302,1.714586462573
56,7,"standard",0.309,1.87602279950742,0.188188921992433,11.0139707704069,3.85802501057242e-13,0.0249517504180971,0.419245754719221,1.58041701803121
56,7,"constrained",0.309,2.04747212983473,0.309,11.8729322256751,2.38155084542058e-09,0.0191383982449883,0.434218002446255,1.58196194213495
56,8,"standard",0.309,1.94822672727523,0.168075221213859,12.3017612120444,5.65880675651442e-13,0.0223296889951303,0.30838545901857,1.47199968755747
56,8,"constrained",0.309,2.15457726238224,0.309,13.49678198205,1.6587775597543e-09,0.0165950035760715,0.324797965856432,1.47355383308071
56,9,"standard",0.309,1.99122062989691,0.157488774557737,12.9551210647389,8.33777491493493e-13,0.0190491495847984,0.259712014447021,1.40232131944131
56,9,"constrained",0.309,2.20676659674251,0.309,14.2620369732361,1.05955633156185e-09,0.0145996852515871,0.27787282504186,1.4041312025322
56,10,"standard",0.309,2.06594785276568,0.134750627053183,14.7179687461466,9.42135258696908e-13,0.0183077515448164,0.159472741923661,1.32241369877657
56,10,"constrained",0.309,2.33475429962935,0.309,16.5890561622656,1.38682387795797e-09,0.0133629355784579,0.176124623567082,1.32377725768238
56,11,"standard",0.309,2.0559201680774,0.131937538669917,14.2526700523247,1.08824060873758e-12,0.0177562364893666,0.147358485089788,1.28109380170407
56,11,"constrained",0.309,2.32089821640883,0.309,15.9063582262151,1.25024218755598e-09,0.0132396259364804,0.161194925897664,1.28197157231076
56,12,"standard",0.309,2.09002978861835,0.126748218983401,15.1111439355257,1.58806301442382e-12,0.0156921215962035,0.120804470932467,1.23970691498018
56,12,"constrained",0.309,2.36211126325247,0.309,16.9125107470857,1.45548689767239e-09,0.0115809434296928,0.135826325596244,1.24088861615051
56,13,"standard",0.309,2.10560275354169,0.124213353135564,15.672518757218,1.6823209492145e-12,0.0143383508078065,0.0993455611836165,1.19182147440179
56,13,"constrained",0.309,2.38472705986051,0.309,17.6096326702285,9.67897262338369e-10,0.0107888176314097,0.114642632957942,1.19290087247376
56,14,"standard",0.309,2.10565010656619,0.123623642526972,15.6471538136233,1.74527059471075e-12,0.0134679239622448,0.100687345272702,1.13965982219811
56,14,"constrained",0.309,2.38469996465334,0.309,17.5984628276291,9.319096605509e-10,0.0105468460116085,0.115080501806473,1.14051750060561
56,15,"standard",0.309,2.10661605121588,0.119973253538255,14.7461271634126,1.72473146875518e-12,0.0132889422287701,0.0855070332083354,1.10785520624561
56,15,"constrained",0.309,2.38968696718328,0.309,16.447013538922,1.47433487640569e-09,0.0105211852382699,0.0992835072310099,1.10887996901005
56,16,"standard",0.309,2.15358845863355,0.112441204897043,15.3628226406629,2.23654428310738e-12,0.0131022570436685,0.058905086664435,1.07872822354095
56,16,"constrained",0.309,2.450868964314,0.309,17.5152667929185,1.83218201721402e-09,0.0104013214281598,0.0752620663240835,1.08063412346771
56,17,"standard",0.309,2.15534448832865,0.110458513508835,15.5460122034411,2.22222240608971e-12,0.0122781312652703,0.0534607499993234,1.06177929943825
56,17,"constrained",0.309,2.45334536428127,0.309,17.7583576369264,1.60140128935282e-09,0.00986241890076793,0.0700160282757523,1.0638816821625
56,18,"standard",0.309,2.16721555437964,0.105860399991254,14.7754603285094,2.25863772129742e-12,0.011488203417727,0.0413633866912075,1.044712067153
56,18,"constrained",0.309,2.47049392786804,0.309,16.7790481210916,1.34164584997265e-09,0.00926207972026011,0.0574639936154426,1.04685479411328
56,19,"standard",0.309,2.16246472621342,0.104252738681321,14.432867950846,2.46858089525404e-12,0.0109671335036611,0.0372516057610293,1.0280001934742
56,19,"constrained",0.309,2.4646915817198,0.309,16.2543801846256,1.14596065969863e-09,0.00891932601347717,0.0522921046744225,1.02973423926866
56,20,"standard",0.309,2.15564734287808,0.10056720530406,14.1429779553428,2.48745468667266e-12,0.0109567808822099,0.0201282999898993,1.01241358826904
56,20,"constrained",0.309,2.46373131382507,0.309,15.8104483234921,1.49610313027182e-09,0.00897512434848741,0.0331520644374539,1.01410712464008
56,21,"standard",0.309,2.16560118353199,0.0968062708830667,14.6770099844996,2.61324295536269e-12,0.0106550196379136,0.0119168928814384,1.0062797545666
56,21,"constrained",0.309,2.48134387966928,0.309,16.518226060062,1.17462034543436e-09,0.00874151653195458,0.0247400015574035,1.00821344609797
56,22,"standard",0.309,2.16138732661063,0.0954549589660315,14.6380027932309,2.59747778841302e-12,0.0107047097436161,0.00877147700296543,0.998293824500767
56,22,"constrained",0.309,2.47720600552029,0.309,16.7151762302559,8.98242591418352e-10,0.00885815050550121,0.021348877323665,1.00028624918415
56,23,"standard",0.309,2.16248747710112,0.0947658165542882,14.5646154156591,2.62057042732522e-12,0.0104221596790422,0.00539999318671391,0.995199519238043
56,23,"constrained",0.309,2.47848611351552,0.309,16.4796138695767,1.54121798656703e-09,0.00869303147583397,0.0184679094488658,0.997356803516357
56,24,"standard",0.309,2.18163737447635,0.090434241767056,15.8394873388915,2.65720778713785e-12,0.0104689126877819,0.00448436863198598,0.989120925282978
56,24,"constrained",0.309,2.50948864464949,0.309,17.9277727074355,1.57625285046592e-09,0.00883567926393455,0.00838418368555427,0.991047206795085
56,25,"standard",0.309,2.18062166273491,0.0906880342825502,15.7812396175342,3.01281222192529e-12,0.0100851691401891,0.00394663961547081,0.989794094352023
56,25,"constrained",0.309,2.50737750836261,0.309,17.7870567784283,9.69899494052129e-10,0.00859388988057391,0.00959064528630638,0.992044661220353
57,4,"standard",0.310142857142857,1.17580108631005,0.283888724377004,6.76593583878495,1.88892979036126e-09,0.0230568646406639,0.972586540636994,2.04221913609487
57,4,"constrained",0.310142857142857,1.21207213555063,0.310142857142857,6.95501546688829,2.96251423392846e-09,0.0198074344447016,0.974949824190918,2.04230052383726
57,5,"standard",0.310142857142857,1.49445452480582,0.258314064234126,9.49809141116718,6.69464483848969e-14,0.0175988490387249,0.799516155940688,1.90722809273192
57,5,"constrained",0.310142857142857,1.57481231974304,0.310142857142857,9.9673251174744,2.33220837086989e-09,0.0129557454631572,0.802588580855796,1.90738572361489
57,6,"standard",0.310142857142857,1.70282851088148,0.228934580237072,12.4323831998756,8.36442026752593e-13,0.0182363285714019,0.512537180853775,1.66200565719723
57,6,"constrained",0.310142857142857,1.82809497167674,0.310142857142857,13.3411945650149,1.84761239641063e-09,0.0134038061564266,0.517078667772643,1.66205793542177
57,7,"standard",0.310142857142857,1.84485246315738,0.207624224525656,14.7272605893439,2.21322959959025e-12,0.0169498746759845,0.393590366641916,1.56338211483668
57,7,"constrained",0.310142857142857,1.99212862069028,0.310142857142857,15.9047771018631,2.38430286625402e-09,0.01254941860094,0.397228499574068,1.56352981327996
57,8,"standard",0.310142857142857,1.85677491340255,0.197178988392948,15.0715710246971,2.4527047060019e-12,0.0144962206063789,0.346876753365254,1.46728390613228
57,8,"constrained",0.310142857142857,2.00928038054502,0.310142857142857,16.3349443365862,1.37685329804071e-09,0.0105484211704054,0.350702234103108,1.46734157553465
57,9,"standard",0.310142857142857,1.90063427354114,0.178882010280134,16.1637636465476,2.95252711168814e-12,0.0131283034063332,0.293737539894366,1.38794153977667
57,9,"constrained",0.310142857142857,2.06584154505567,0.310142857142857,17.6290015925639,1.15962089930477e-09,0.00974639191950267,0.29990603044208,1.388191890991
57,10,"standard",0.310142857142857,1.94618945406289,0.163573890578876,17.3534392927336,4.19508872084862e-12,0.0119983738158164,0.233082524429967,1.31408566484552
57,10,"constrained",0.310142857142857,2.12670397666772,0.310142857142857,19.0824328345869,1.61804170062396e-09,0.00879763648347337,0.240197355518417,1.31424470222995
57,11,"standard",0.310142857142857,1.94556606021593,0.163181153815774,17.4050357218162,4.20896650865643e-12,0.0111214441929874,0.231692100105958,1.27748431683245
57,11,"constrained",0.310142857142857,2.12592907790463,0.310142857142857,19.1441711223349,1.83444792689613e-09,0.0082674794690299,0.238848095614303,1.27759341870512
57,12,"standard",0.310142857142857,1.97749788964966,0.152928527083056,18.3398478953152,5.52957679644805e-12,0.0108946143209781,0.199615591106286,1.2325436245597
57,12,"constrained",0.310142857142857,2.16739240593312,0.310142857142857,20.2690335683437,1.49612655597764e-09,0.00825604676481966,0.207528794562485,1.23267002743774
57,13,"standard",0.310142857142857,1.95787362451664,0.143060946983932,16.889474761796,5.20616882937475e-12,0.0120383323879334,0.165138448287983,1.1848903279015
57,13,"constrained",0.310142857142857,2.15223736669123,0.310142857142857,18.5648297827999,1.20316268059639e-09,0.00943537447668631,0.171193768317689,1.1850051095086
57,14,"standard",0.310142857142857,1.9594602827147,0.136563764736783,17.5648428845314,5.55744339436615e-12,0.0115128055366379,0.138562799194196,1.13319870540765
57,14,"constrained",0.310142857142857,2.15384380917671,0.310142857142857,19.3975761741406,1.1110115605284e-09,0.00908433807043468,0.144945213990563,1.13342413537695
57,15,"standard",0.310142857142857,1.96943858398275,0.13420864694392,17.8396084582583,6.83608725182694e-12,0.0114120510566209,0.124629865403854,1.0989075790447
57,15,"constrained",0.310142857142857,2.16548073125138,0.310142857142857,19.702666801814,1.78718639887165e-09,0.00922162807718464,0.131207764019929,1.09915125790708
57,16,"standard",0.310142857142857,1.97111970871772,0.122907221727572,17.6258323891252,7.1302963533526e-12,0.0111018206107282,0.140033193826923,1.07382196713074
57,16,"constrained",0.310142857142857,2.17505301479893,0.310142857142857,19.4734601102415,1.75037656591215e-09,0.0092051137435723,0.148451120539525,1.07415452279129
57,17,"standard",0.310142857142857,1.97073619130762,0.122693985377451,17.6130104699817,7.43471950670482e-12,0.0105941065143793,0.140339673550216,1.05603241167632
57,17,"constrained",0.310142857142857,2.1739996640759,0.310142857142857,19.4344216640191,9.33183030848994e-10,0.00889912007350778,0.149279440613586,1.05659312968525
57,18,"standard",0.310142857142857,1.97580592279118,0.120355079132875,17.7977923569161,9.15356679342949e-12,0.0101208444949165,0.136920387000067,1.04138725614388
57,18,"constrained",0.310142857142857,2.17863873034191,0.310142857142857,19.6040565462056,1.12693232523497e-09,0.008632963782474,0.146557098842997,1.04207216226379
57,19,"standard",0.310142857142857,1.97682440665712,0.118919824139692,17.9184609762963,9.5998764493288e-12,0.00962576717713258,0.133915169250161,1.02493278297247
57,19,"constrained",0.310142857142857,2.17929938632807,0.310142857142857,19.7261717153907,1.32425631571564e-09,0.00833141007772283,0.143874451532559,1.02544181104167
57,20,"standard",0.310142857142857,1.97403879373903,0.116158314188257,16.2593237763183,8.91942075753605e-12,0.00990944467097774,0.113220255413234,1.01063900557766
57,20,"constrained",0.310142857142857,2.18451612642385,0.310142857142857,17.7414534350467,1.15086928875741e-09,0.00856981313930303,0.123813727925558,1.01142806941799
57,21,"standard",0.310142857142857,1.98435185685305,0.110999843384129,15.4419647460963,9.41036137902529e-12,0.00968105759817863,0.105876848005513,1.00364140873583
57,21,"constrained",0.310142857142857,2.19731386888323,0.310142857142857,17.0833179291714,9.12456610269174e-10,0.00843467567710837,0.116597267457584,1.00476441216123
57,22,"standard",0.310142857142857,2.0017040050251,0.109000746233515,16.016198542544,1.24315002736353e-11,0.009538662842383,0.100715220519636,0.995369898036913
57,22,"constrained",0.310142857142857,2.21624817325212,0.310142857142857,17.4046837659939,9.69251290339201e-10,0.00849838797554736,0.111958880301915,0.996432532268726
57,23,"standard",0.310142857142857,2.00197073169852,0.109084153551836,16.0332671309063,1.29879440535774e-11,0.00947541979293805,0.100948404059208,0.992039635743194
57,23,"constrained",0.310142857142857,2.21623923355841,0.310142857142857,17.4041541592519,9.61812962607667e-10,0.00851050063332557,0.111952549586539,0.993148955397009
57,24,"standard",0.310142857142857,2.00165695641008,0.108496562850776,15.8392346454064,1.30311317292353e-11,0.00928210826027289,0.0991206467571981,0.988524334684
57,24,"constrained",0.310142857142857,2.21571178099141,0.310142857142857,17.2088427836127,8.84131101663854e-10,0.00840268067763754,0.110221033633515,0.989677095284632
57,25,"standard",0.310142857142857,2.00049445384185,0.110158801622954,16.0234596186687,1.36722855259563e-11,0.0091009772737079,0.0987438493452961,0.986772586767275
57,25,"constrained",0.310142857142857,2.21481296147925,0.310142857142857,17.4826622418433,1.68739910932914e-09,0.00829204740592008,0.109845020916513,0.987990178763507
58,4,"standard",0.297714285714286,1.21664252677748,0.294897113135296,6.80285333922941,1.04360964314765e-14,0.0178626883099299,0.927078342289861,2.04967623211538
58,4,"constrained",0.297714285714286,1.22045395158332,0.297714285714286,6.82278950460297,5.05151476204446e-15,0.0175052546841113,0.927775133984623,2.04970145678786
58,5,"standard",0.297714285714286,1.51990770851741,0.265260498927425,9.39869251060318,1.28230759344206e-13,0.0147717802571221,0.7859122211081,1.92264942103164
58,5,"constrained",0.297714285714286,1.5697733716554,0.297714285714286,9.67595325209241,1.24401111634143e-09,0.0118023695639853,0.792052932348203,1.92287869733567
58,6,"standard",0.297714285714286,1.70423102138829,0.249394300751123,11.0446451806053,3.20488080518544e-12,0.0110345237796702,0.591101662633812,1.70348908520862
58,6,"constrained",0.297714285714286,1.77568672859775,0.297714285714286,11.4482286047567,1.91484084144378e-09,0.0080666842767832,0.601441643211495,1.70372702056058
58,7,"standard",0.297714285714286,1.78926910373855,0.230893262920378,12.5279443486407,6.66566801754698e-12,0.0107855710768783,0.506245300194757,1.6095760604681
58,7,"constrained",0.297714285714286,1.87301588197717,0.297714285714286,13.0698855494927,2.03635580620087e-09,0.00843452289155153,0.517479193467979,1.60982383538206
58,8,"standard",0.297714285714286,1.88771572582177,0.199494634176605,13.9305813587508,8.09574629556664e-12,0.0122423736579127,0.390871197200617,1.49000363675835
58,8,"constrained",0.297714285714286,1.99907251115626,0.297714285714286,14.6968204706816,1.44476275387717e-09,0.00956299414850168,0.403262268430346,1.49004196284877
58,9,"standard",0.297714285714286,1.9808563474129,0.163160864283499,16.3668139832043,7.66298136056776e-12,0.0141693470521491,0.284130347933307,1.39665210910003
58,9,"constrained",0.297714285714286,2.15022477650842,0.297714285714286,17.8029087198564,1.75138159530519e-09,0.0107600692769754,0.300354379474891,1.39754066423522
58,10,"standard",0.297714285714286,1.99880252100805,0.153943857494066,17.1148196093665,8.11073430639908e-12,0.0126987810073499,0.242198871845382,1.32974239858827
58,10,"constrained",0.297714285714286,2.17271758114109,0.297714285714286,18.679898724588,1.08383718666616e-09,0.00953132571076356,0.25831757135573,1.33050966085271
58,11,"standard",0.297714285714286,2.00470412922369,0.1471387511869,17.8461271483212,8.5327300780591e-12,0.0121405161755531,0.254046226845934,1.29289072605982
58,11,"constrained",0.297714285714286,2.17909627375619,0.297714285714286,19.4993177156079,1.01179287170794e-09,0.00942482119425115,0.26933079677905,1.29348485264479
58,12,"standard",0.297714285714286,2.02464038719159,0.137858283424342,17.7088731789803,8.79718520252482e-12,0.0117207620179989,0.227325345329854,1.25255142550696
58,12,"constrained",0.297714285714286,2.20610973375185,0.297714285714286,19.4089830108296,1.60994206854781e-09,0.00916732377251715,0.243178103752527,1.25345730768972
58,13,"standard",0.297714285714286,2.03490903633548,0.130619687257654,17.2208907864795,9.26314580595999e-12,0.0115633216340943,0.198632106253588,1.20551801563063
58,13,"constrained",0.297714285714286,2.22172692096319,0.297714285714286,18.8461727736842,1.38093891877134e-09,0.00911663060577911,0.213773465006796,1.20634817072077
58,14,"standard",0.297714285714286,2.03846977576398,0.128274356160298,17.5132174256831,9.31887900179618e-12,0.0111961729162996,0.188712601508628,1.1565960059784
58,14,"constrained",0.297714285714286,2.22755750471902,0.297714285714286,19.2191062728333,1.14344511636943e-09,0.008926827330353,0.203594589130896,1.15742711869727
58,15,"standard",0.297714285714286,2.06322744466357,0.122528377915596,17.2103977241858,1.19666498932247e-11,0.0109259246614082,0.164746785874771,1.11943070584857
58,15,"constrained",0.297714285714286,2.25874275956666,0.297714285714286,18.8338986903492,1.02374214661083e-09,0.00875890079972291,0.180790867326593,1.12021572012599
58,16,"standard",0.297714285714286,2.05632766487182,0.118765326636836,16.1741320506651,1.20158327732156e-11,0.0116111239596726,0.140495074069395,1.08864572034358
58,16,"constrained",0.297714285714286,2.25412502765037,0.297714285714286,17.6186929228356,1.14702203291017e-09,0.00947872691069261,0.154392144043266,1.08934737286578
58,17,"standard",0.297714285714286,2.06981355645957,0.109225730252691,17.2968453128649,1.15498721697804e-11,0.0114447837648564,0.118413960199205,1.06281011746485
58,17,"constrained",0.297714285714286,2.28165050358945,0.297714285714286,19.086888966062,1.94281718490785e-09,0.00931307666342515,0.13178613350246,1.06330188706604
58,18,"standard",0.297714285714286,2.06722496208413,0.112778956114285,17.2190183000257,1.11323172902189e-11,0.0113914004441928,0.105474637564871,1.04475597167602
58,18,"constrained",0.297714285714286,2.28049321006665,0.297714285714286,18.8443667609722,2.0302681758011e-09,0.00943892937062104,0.118998113567932,1.04514877957982
58,19,"standard",0.297714285714286,2.06157231886536,0.113364527028842,17.5832029547446,1.15092380070791e-11,0.0113950689847656,0.0964989308891875,1.02877095309827
58,19,"constrained",0.297714285714286,2.27583736054906,0.297714285714286,19.3456232231754,1.00852953766051e-09,0.00959259614939271,0.109109824912489,1.02928751244489
58,20,"standard",0.297714285714286,2.09689695539869,0.107804757662046,18.1847364328237,1.18997034448398e-11,0.0112112549679865,0.0931993802852817,1.02213499115556
58,20,"constrained",0.297714285714286,2.32500426002596,0.297714285714286,20.336858205058,1.62794716596082e-09,0.00951534754266092,0.10703740914252,1.02272293196555
58,21,"standard",0.297714285714286,2.06469907749429,0.0999774981373429,16.7793022812865,1.2568501794874e-11,0.011396954122457,0.082194161411504,1.01313156124299
58,21,"constrained",0.297714285714286,2.28938810150337,0.297714285714286,18.5608502492982,1.45733985990049e-09,0.00967233944265954,0.0953638973847557,1.01388011515594
58,22,"standard",0.297714285714286,2.06494228628672,0.0996822666060976,16.8740160983474,1.2519540959488e-11,0.0112618847130673,0.0814920550832472,1.00413762432797
58,22,"constrained",0.297714285714286,2.2894913086447,0.297714285714286,18.649381322468,1.54818802222678e-09,0.00969037249731239,0.0947875218011633,1.0050489509709
58,23,"standard",0.297714285714286,2.06491465511672,0.0997776392306054,16.8827955147201,1.2672196625374e-11,0.0111651599174199,0.0814437980469842,1.00072843622932
58,23,"constrained",0.297714285714286,2.28949136174271,0.297714285714286,18.6493640594563,1.71399144877071e-09,0.00973536979741239,0.094787588443606,1.00164004354063
58,24,"standard",0.297714285714286,2.06457551218715,0.0998917904333524,16.951941861389,1.2812861882594e-11,0.0107073942047819,0.0819581345761353,0.996751516216492
58,24,"constrained",0.297714285714286,2.2890902828149,0.297714285714286,18.8134178358623,1.62871144349097e-09,0.00937569887350097,0.0957912016871028,0.997670513337174
58,25,"standard",0.297714285714286,2.06449586862065,0.0996617648542685,16.9340159219037,1.28170807300876e-11,0.0103508626836018,0.0818802693912604,1.00281773813279
58,25,"constrained",0.297714285714286,2.2890648470953,0.297714285714286,18.7480631139266,1.88065346629074e-09,0.00913810178660846,0.0954635701470901,1.00411344288372
59,4,"standard",0.305428571428571,1.11371698674612,0.302426222317906,6.21751762714204,2.63295568680988e-09,0.0167590864562556,0.964575629910508,2.04045490341877
59,4,"constrained",0.305428571428571,1.11727535856125,0.305428571428571,6.23569738307999,2.77555756156289e-15,0.016389949685754,0.964739511039208,2.0404233151278
59,5,"standard",0.305428571428571,1.37312909901305,0.263612987659523,9.01769784728712,3.33066907387547e-15,0.0194940843069899,0.77955689192612,1.89891741210404
59,5,"constrained",0.305428571428571,1.42824255447121,0.305428571428571,9.36806100180506,1.04861347383078e-09,0.0159632311480294,0.779102051549413,1.89890103092709
59,6,"standard",0.305428571428571,1.59530465850364,0.235158437156838,11.7926195547646,4.96269692007445e-14,0.0191297198176972,0.501103337654916,1.66956022528469
59,6,"constrained",0.305428571428571,1.6903754506332,0.305428571428571,12.4899232075341,1.79372383612986e-09,0.0146808479644385,0.501098607863507,1.67007308186161
59,7,"standard",0.305428571428571,1.67442554250024,0.222427598830105,12.9989796056707,2.22599716437344e-13,0.015392445806606,0.412537405812435,1.57913834176329
59,7,"constrained",0.305428571428571,1.7722968906875,0.305428571428571,13.757114649635,2.13516127001157e-09,0.0117583034684131,0.413505590941891,1.57935470857572
59,8,"standard",0.305428571428571,1.7390443799211,0.19291638685185,14.3470542093816,2.85216295026203e-13,0.0163626520698559,0.290871546488207,1.47436409758386
59,8,"constrained",0.305428571428571,1.85245099192523,0.305428571428571,15.3400965476947,1.30886540494757e-09,0.0124100084901257,0.291488894364783,1.4746805080268
59,9,"standard",0.305428571428571,1.80373466219772,0.172491346738382,15.5328659295475,5.09481346000484e-13,0.0141146570150102,0.211518129322938,1.38304268210387
59,9,"constrained",0.305428571428571,1.93277429238649,0.305428571428571,16.7386501342886,1.3968863288305e-09,0.0105090967109271,0.211545554518191,1.38330747764215
59,10,"standard",0.305428571428571,1.85116090422431,0.154963284986659,16.9991523810408,9.42468325604295e-13,0.0133716956458611,0.141154590573794,1.31079355218752
59,10,"constrained",0.305428571428571,1.99260664645654,0.305428571428571,18.499858895488,1.93269855675027e-09,0.00994582035718484,0.14256316421108,1.31101971056771
59,11,"standard",0.305428571428571,1.85807552741228,0.142858868733403,18.3651482708529,9.84434755935126e-13,0.0118422799662766,0.15855252128679,1.27531764602493
59,11,"constrained",0.305428571428571,2.00272548618019,0.305428571428571,20.1071397906696,1.21003307373968e-09,0.00896897790639086,0.159568729126725,1.27565597118404
59,12,"standard",0.305428571428571,1.88286926629305,0.137786759052045,19.0227057914867,1.27198251931304e-12,0.0108955441120013,0.143727950431713,1.24235409467638
59,12,"constrained",0.305428571428571,2.03070339830254,0.305428571428571,20.8423180975481,1.11929160384605e-09,0.00854234386453687,0.145851105678188,1.24276127809199
59,13,"standard",0.305428571428571,1.88395419936934,0.137185132151106,19.1251554582514,1.36013422746828e-12,0.0104431141299458,0.139610231171766,1.19395883417486
59,13,"constrained",0.305428571428571,2.03152121212212,0.305428571428571,20.9297834268175,1.2580289587838e-09,0.00842962343887693,0.142791653110192,1.19465407542993
59,14,"standard",0.305428571428571,1.88344543576363,0.131252269014924,18.9582126531351,1.38133948723862e-12,0.00993300943778454,0.149567187366134,1.14636450295417
59,14,"constrained",0.305428571428571,2.032872591852,0.305428571428571,20.7368994953216,9.39649913433982e-10,0.00824993563713951,0.153105307313997,1.14719356817914
59,15,"standard",0.305428571428571,1.88929782049408,0.125244955353726,17.1026067435673,1.34781075189494e-12,0.0101209858429727,0.120824844580055,1.10906339277949
59,15,"constrained",0.305428571428571,2.04410795552602,0.305428571428571,18.5667417771221,1.6431918048454e-09,0.00833493474115787,0.12359706456989,1.11000413920525
59,16,"standard",0.305428571428571,1.89297164987178,0.123161037498905,17.4868468612202,1.35835787062888e-12,0.00985673136789372,0.109919170278898,1.08086825731129
59,16,"constrained",0.305428571428571,2.05012998908813,0.305428571428571,19.0365116952943,1.90108090381003e-09,0.00820543907665604,0.11255126540035,1.08183271711057
59,17,"standard",0.305428571428571,1.89157335416867,0.12217534024458,17.2900794602692,1.47282186446773e-12,0.00934646794308384,0.108103959061512,1.06051572429651
59,17,"constrained",0.305428571428571,2.04847834624409,0.305428571428571,18.7830193327763,1.91356919199137e-09,0.00788256609601546,0.110587861356095,1.06131824095699
59,18,"standard",0.305428571428571,1.89053921173471,0.122958397758919,17.2166003744517,1.55109258770381e-12,0.00915132888657035,0.108898242214991,1.04751103566642
59,18,"constrained",0.305428571428571,2.0471912458189,0.305428571428571,18.6652153854201,1.17286858003496e-09,0.007868417996067,0.111523893015414,1.0483311430839
59,19,"standard",0.305428571428571,1.89639863432202,0.119533168206059,17.541345290037,1.69514402514892e-12,0.00905173041170944,0.0995142151741648,1.03381930862082
59,19,"constrained",0.305428571428571,2.05455335057438,0.305428571428571,19.0401377826232,1.93887522703662e-09,0.00790579228749273,0.101977315310648,1.03485257607529
59,20,"standard",0.305428571428571,1.89639140011132,0.119897294829445,17.4970182883081,1.72906133855122e-12,0.00872414600961793,0.09910513813786,1.02083760640284
59,20,"constrained",0.305428571428571,2.05465841122829,0.305428571428571,19.0847718351833,1.06736081084691e-09,0.00769898903741364,0.10232088112318,1.02172840933654
59,21,"standard",0.305428571428571,1.91155208776872,0.120197886173726,17.9907972396451,2.06246131284615e-12,0.00839843066654239,0.0939219177381627,1.01380627461525
59,21,"constrained",0.305428571428571,2.07283648158941,0.305428571428571,19.6263811159122,1.83752768556644e-09,0.00750015969308445,0.097510981698889,1.01472199291874
59,22,"standard",0.305428571428571,1.92082962041717,0.112050608140879,16.3603242239077,1.90752968975971e-12,0.00854531053555864,0.0771460134241906,1.00105306048879
59,22,"constrained",0.305428571428571,2.08982637497852,0.305428571428571,17.7593764951769,1.82542236881744e-09,0.00757856685636832,0.0798838721410577,1.00176198752473
59,23,"standard",0.305428571428571,1.9339080575835,0.109740337415507,16.8322276811863,2.37299069283381e-12,0.0083114426039355,0.0741234077218307,0.997553715787273
59,23,"constrained",0.305428571428571,2.10536040465683,0.305428571428571,18.2945375523722,9.5707786140764e-10,0.00743522140224414,0.0771206680927499,0.998295314095069
59,24,"standard",0.305428571428571,1.93728754309234,0.110721876312081,16.5179558679438,3.31434879541348e-12,0.00824960570529055,0.070940303924953,0.992212412092512
59,24,"constrained",0.305428571428571,2.10719624784437,0.305428571428571,18.0021746372647,1.9182052612976e-09,0.0074453995872688,0.0742487982660318,0.992966171567781
59,25,"standard",0.305428571428571,1.93741253726492,0.109785022383233,16.4855761633273,3.59545726524857e-12,0.00819308806003859,0.0713663244369389,0.99028039309063
59,25,"constrained",0.305428571428571,2.10805042935283,0.305428571428571,18.0140028445045,1.74863712398832e-09,0.00746549744923384,0.0748263416824537,0.99095368696419
60,4,"standard",0.290285714285714,1.17849625830212,0.297901745396378,6.46263834311051,2.10387263166467e-14,0.01606826205461,0.963009534012896,2.04036977971321
60,4,"constrained",0.290285714285714,1.17849627047054,0.29790174141319,6.46263838204269,1.80843084951476e-09,0.0160682620582827,0.963009521141675,2.04036977972302
60,5,"standard",0.290285714285714,1.41862689444968,0.264203168888849,9.03366293484495,1.0325074129014e-14,0.0170371416134871,0.793696375645405,1.90183712408801
60,5,"constrained",0.290285714285714,1.45536148349743,0.290285714285714,9.2657088625809,1.18144916072538e-09,0.0146733641639831,0.795687902598338,1.90201115460891
60,6,"standard",0.290285714285714,1.61670204563447,0.242513918451609,11.0982816092416,2.35034214313146e-13,0.0144250374913945,0.581279179394069,1.68365245637744
60,6,"constrained",0.290285714285714,1.68298740511236,0.290285714285714,11.5392857683607,1.80173354014102e-09,0.0111697106782568,0.587378993362809,1.68420979171193
60,7,"standard",0.290285714285714,1.71611826025709,0.221080631172152,13.0095867625898,7.76601005725297e-13,0.0143488842965391,0.474695334939286,1.59135985195267
60,7,"constrained",0.290285714285714,1.79773793365943,0.290285714285714,13.659962848342,1.57472573869555e-09,0.0114024440682571,0.481436292879128,1.59188280319427
60,8,"standard",0.290285714285714,1.79339864485871,0.194015574705593,14.1464103941491,1.00275343584144e-12,0.0149731969159423,0.372770820030955,1.48355503133314
60,8,"constrained",0.290285714285714,1.89257633752305,0.290285714285714,14.9609071023998,1.40292893968663e-09,0.0118944922499083,0.380040398142225,1.48431936142541
60,9,"standard",0.290285714285714,1.80515519867994,0.17791436749796,15.0424877119179,9.83768622120351e-13,0.0140462498751214,0.310274478254439,1.39801822595849
60,9,"constrained",0.290285714285714,1.91483327232243,0.290285714285714,16.0752301062067,1.74554365406365e-09,0.0108615955619528,0.316306010452114,1.39877084821362
60,10,"standard",0.290285714285714,1.85613878998254,0.160270301150221,16.3619577476644,2.21023199742376e-12,0.0127840363453859,0.254721931007378,1.32945750582308
60,10,"constrained",0.290285714285714,1.97436993239832,0.290285714285714,17.6006863363042,1.05109637660306e-09,0.00990894584256684,0.26170591483886,1.33014590913829
60,11,"standard",0.290285714285714,1.87944117322998,0.145864539966272,15.7013976659995,2.80409029329576e-12,0.0112332173036359,0.283059133633745,1.30175158432141
60,11,"constrained",0.290285714285714,2.0001751732023,0.290285714285714,16.8429618118916,2.0921676058272e-09,0.00880695884143121,0.289893962614853,1.30261656920046
60,12,"standard",0.290285714285714,1.89299564330592,0.134554607962784,16.955222036355,2.61235477694299e-12,0.0117292195099318,0.240470041889128,1.25688971252454
60,12,"constrained",0.290285714285714,2.03012154393294,0.290285714285714,18.448690606503,1.98534017004093e-09,0.00917309382186738,0.246250447623694,1.25804949183719
60,13,"standard",0.290285714285714,1.92720247457661,0.132609434623272,17.4933055410286,4.45532499782075e-12,0.0105838785919958,0.21606158749328,1.21184538951966
60,13,"constrained",0.290285714285714,2.06480096150978,0.290285714285714,18.9796451082359,1.75917996836361e-09,0.0086485674504417,0.223664337334898,1.21287824133969
60,14,"standard",0.290285714285714,1.92257953142056,0.125968801705579,17.9908509615363,4.33175717517997e-12,0.0106564626581925,0.190626378650765,1.15621678192625
60,14,"constrained",0.290285714285714,2.06315834742284,0.290285714285714,19.6212761560342,1.39213601757504e-09,0.0087447814545341,0.197452115144196,1.15727064127417
60,15,"standard",0.290285714285714,1.92351432894987,0.127080972637745,17.8458866175486,4.4335646265381e-12,0.0101383734021894,0.194510330786933,1.13134182798027
60,15,"constrained",0.290285714285714,2.06417198062479,0.290285714285714,19.4508697190279,1.58628948865314e-09,0.00846300407511953,0.201052138397532,1.13268187098429
60,16,"standard",0.290285714285714,1.94095116542827,0.121643239380803,19.1167251288504,5.252798196409e-12,0.0102852378465598,0.167183598141538,1.09682921677652
60,16,"constrained",0.290285714285714,2.0906318809515,0.290285714285714,21.0368143712117,1.33573929694819e-09,0.00852362294748265,0.173445301174813,1.0979517477453
60,17,"standard",0.290285714285714,1.93587896054497,0.123335532097221,18.9946258322259,5.30164800949251e-12,0.00964390831682636,0.172427641662856,1.07747483600532
60,17,"constrained",0.290285714285714,2.08490317209175,0.290285714285714,20.9045242302798,1.67486741142753e-09,0.00817007592677964,0.178779127605683,1.0784592217497
60,18,"standard",0.290285714285714,1.92817381838538,0.111754913455609,17.3000353709021,5.19229104156693e-12,0.0102769639860012,0.156969947362304,1.06417172968652
60,18,"constrained",0.290285714285714,2.08611677344726,0.290285714285714,18.9161336958187,1.38168859686871e-09,0.0087335727847396,0.1632700906511,1.06551119918877
60,19,"standard",0.290285714285714,1.93652873017614,0.106932645375576,17.7543045592373,5.09947639670827e-12,0.0100062504558766,0.148251271481171,1.04869206487844
60,19,"constrained",0.290285714285714,2.09820055006007,0.290285714285714,19.4570069876692,1.45708822785195e-09,0.00862920727501259,0.154533601934272,1.0498068276114
60,20,"standard",0.290285714285714,1.94521081006302,0.105242934790492,18.3115349118082,6.63558097357964e-12,0.00977747479867441,0.141616720006283,1.03424380618542
60,20,"constrained",0.290285714285714,2.10633515381068,0.290285714285714,20.0532009295564,1.31814681392228e-09,0.00852525176627666,0.148734850505131,1.03528931676096
60,21,"standard",0.290285714285714,1.94538109822438,0.107211790656575,18.652278518866,6.8131056352172e-12,0.00976217074643707,0.134110292276545,1.0255980706096
60,21,"constrained",0.290285714285714,2.11002451961283,0.290285714285714,20.5552089942736,1.30861599334509e-09,0.00858310929657372,0.14019972980577,1.02682099082653
60,22,"standard",0.290285714285714,1.94669526310628,0.103282106301882,17.3971641384641,7.07134351074501e-12,0.00976251348983557,0.128127094954488,1.01888782440632
60,22,"constrained",0.290285714285714,2.11108144314404,0.290285714285714,19.0813787124194,1.10671416475583e-09,0.0086691143978575,0.134794480654137,1.02034170216487
60,23,"standard",0.290285714285714,1.94759573475301,0.102476218115295,16.9377131917092,8.756662062126e-12,0.00953050906360138,0.125361235133547,1.01324299322617
60,23,"constrained",0.290285714285714,2.11098886750889,0.290285714285714,18.5869235722219,1.58929536198116e-09,0.00853177501703693,0.132334607947354,1.0146082577743
60,24,"standard",0.290285714285714,1.95352400242908,0.10164369045486,17.2069516773974,8.91531293234493e-12,0.00934784571605822,0.123217879556963,1.00875143925258
60,24,"constrained",0.290285714285714,2.11812727264837,0.290285714285714,18.8877632472046,1.19683807309201e-09,0.00841706583786928,0.130545717971436,1.01040004066126
60,25,"standard",0.290285714285714,1.95745935608102,0.0949111662462159,18.356439792672,8.66007265898361e-12,0.00934679448976992,0.116977055509517,1.00552825538831
60,25,"constrained",0.290285714285714,2.13057175885364,0.290285714285714,20.4064914884968,1.14141801565992e-09,0.00844681074491936,0.123738416925805,1.00705011910342
61,4,"standard",0.304571428571429,1.36014904351512,0.252035569715852,8.49188044598779,2.72004641033163e-15,0.034570955071674,0.964003792670591,2.03097340766725
61,4,"constrained",0.304571428571429,1.45890802124609,0.304571428571428,9.08986287617704,2.02985800390465e-09,0.0279213076377419,0.963852002436902,2.03048434073558
61,5,"standard",0.304571428571429,1.68696106789731,0.220359504639554,12.1843465785336,2.56461518688411e-14,0.030234113164348,0.811916555941331,1.91222785985859
61,5,"constrained",0.304571428571429,1.85940859107363,0.304571428571428,13.3684831944282,2.14372813944763e-09,0.0227636889234725,0.810245524462492,1.91254304303292
61,6,"standard",0.304571428571429,2.08673525649579,0.185385002840574,18.2855059338698,6.19393425438375e-13,0.0296973080934717,0.464456143552686,1.66020980830671
61,6,"constrained",0.304571428571429,2.34255698446636,0.304571428571428,20.5849005832763,1.75619524478421e-09,0.0219966107959148,0.464452974413962,1.6611058704827
61,7,"standard",0.304571428571429,2.29356459433826,0.17413438085068,20.7733859612158,7.21200876796502e-12,0.0233801688459225,0.354186675952789,1.58226235609594
61,7,"constrained",0.304571428571429,2.59992461891831,0.304571428571428,23.5366784344343,1.12552300812752e-09,0.0172848263890629,0.354718303649424,1.58373314958053
61,8,"standard",0.304571428571429,2.35175942986177,0.1466141138899,23.7195531560573,7.7134965081882e-12,0.0243046890717953,0.216045026946735,1.4750451075821
61,8,"constrained",0.304571428571429,2.71232694270435,0.304571428571428,27.8622345863493,2.14440309953545e-09,0.0176128943452011,0.218442116263124,1.47779474134457
61,9,"standard",0.304571428571429,2.40417686004085,0.135566533769043,24.9890434488727,9.85711512413445e-12,0.0205732965465358,0.161969175455432,1.39244066562846
61,9,"constrained",0.304571428571429,2.78407233641041,0.304571428571428,29.4653036981561,1.61497926143284e-09,0.0143736509382004,0.163621416662784,1.39503120409833
61,10,"standard",0.304571428571429,2.41124213156148,0.127073154041162,22.0639763905826,1.19123599873205e-11,0.0183405597882024,0.114269736733577,1.32387000156468
61,10,"constrained",0.304571428571429,2.7854650658629,0.304571428571428,25.7425980520329,1.05380293380364e-09,0.0129453677658936,0.116444195052027,1.32655564698464
61,11,"standard",0.304571428571429,2.39218082192882,0.118370224443015,21.433472434084,1.21472831793312e-11,0.0162618378459169,0.133055789445888,1.28490415134356
61,11,"constrained",0.304571428571429,2.76026656270573,0.304571428571428,24.8875529245819,1.28904836804722e-09,0.0119529331474023,0.137119186000272,1.28695683788335
61,12,"standard",0.304571428571429,2.41245632075224,0.113200287642892,22.349792224801,1.28079769012857e-11,0.0152728943587189,0.114178563216504,1.24750854588603
61,12,"constrained",0.304571428571429,2.79543355179451,0.304571428571428,26.1534678936689,1.49255424686245e-09,0.0114545445538771,0.11857618280064,1.25020586497546
61,13,"standard",0.304571428571429,2.4285131899335,0.109008077201016,23.1586878284338,1.28261845588895e-11,0.0146626990229093,0.0975910861157079,1.20204196476945
61,13,"constrained",0.304571428571429,2.82160450937102,0.304571428571428,27.2300559803757,8.68573213352875e-10,0.0110706199670475,0.10200358223217,1.20423939250747
61,14,"standard",0.304571428571429,2.47673347269995,0.101548575585007,24.5402330671258,1.58262292160316e-11,0.0137342496743269,0.0584011983214392,1.14788513427864
61,14,"constrained",0.304571428571429,2.89368608359518,0.304571428571428,29.1114633919102,1.54119245143747e-09,0.0102623904871542,0.0636849912801711,1.1507443106795
61,15,"standard",0.304571428571429,2.50070235038205,0.097558919416876,25.5516236760639,1.64940283653436e-11,0.013397454986763,0.034714514911804,1.11851426585386
61,15,"constrained",0.304571428571429,2.93686853116199,0.304571428571428,30.5155778301902,1.20750576204642e-09,0.0100334471603079,0.0411516854748752,1.12181265300992
61,16,"standard",0.304571428571429,2.4808031093569,0.0952712198373813,24.9608678965811,1.73145942028441e-11,0.0126791007735291,0.0553344495002559,1.08787518671203
61,16,"constrained",0.304571428571429,2.91397751746319,0.304571428571428,29.7550945898479,1.83383908058943e-09,0.00984959340599845,0.0646520784419335,1.09109526834271
61,17,"standard",0.304571428571429,2.49269094361596,0.0940011285029512,25.486615545154,2.32353025708676e-11,0.0120563705635763,0.0492330007717943,1.06789547442672
61,17,"constrained",0.304571428571429,2.92340213066626,0.304571428571428,30.2852681039368,1.7241527650036e-09,0.0095728008649321,0.0602433555437036,1.07130425195135
61,18,"standard",0.304571428571429,2.49238920035653,0.0914652642464384,25.1787378108321,2.36448638446518e-11,0.0116130729710376,0.0539155940511433,1.05363514823807
61,18,"constrained",0.304571428571429,2.92507535953596,0.304571428571428,29.7970833270838,9.39307520653188e-10,0.009439486241217,0.0657008168052853,1.05720608627567
61,19,"standard",0.304571428571429,2.5173147329508,0.0903871034816912,26.0148521993629,2.40459874234489e-11,0.0112474730699548,0.0415648013207619,1.03985015006383
61,19,"constrained",0.304571428571429,2.95959741048403,0.304571428571428,30.8507151659809,9.99591409645006e-10,0.00916233337981727,0.0534922834703506,1.0438672602833
61,20,"standard",0.304571428571429,2.51200456592379,0.0887470783412475,25.3292717434882,2.4600987913459e-11,0.0113715389377501,0.0373900316892488,1.02466770930043
61,20,"constrained",0.304571428571429,2.9522979295882,0.304571428571428,29.8183199488375,1.59074564631823e-09,0.00948149089645435,0.0485501012993934,1.02773915929584
61,21,"standard",0.304571428571429,2.50408481929852,0.079333531604248,23.1707626370228,2.32218688722696e-11,0.0115973707434883,0.0318818058277479,1.02023418349238
61,21,"constrained",0.304571428571429,2.94839442853241,0.304571428571428,26.9382007124706,1.02367186949337e-09,0.00977010972614561,0.0437995074923414,1.02368018272777
61,22,"standard",0.304571428571429,2.50948523450244,0.0760937940007299,23.9932638666796,2.41555664359794e-11,0.0113900501461982,0.0224056643651238,1.0121539529199
61,22,"constrained",0.304571428571429,2.95919431908116,0.304571428571428,28.1024579577385,8.22543089196159e-10,0.00977300247623897,0.0334500920844762,1.01609358367149
61,23,"standard",0.304571428571429,2.5125394424351,0.0745657128032347,23.483460786882,2.49025244869472e-11,0.0110770758706263,0.0187808508341814,1.01027769463153
61,23,"constrained",0.304571428571429,2.9630946548616,0.304571428571428,27.4232296804212,9.62239399271425e-10,0.00954711781111019,0.0295986865536468,1.01414619802146
61,24,"standard",0.304571428571429,2.51796942134898,0.0721351297899336,22.3314444475015,2.55420129491313e-11,0.0109414349609093,0.0092510677820794,1.00710587137516
61,24,"constrained",0.304571428571429,2.97170003797554,0.304571428571428,25.8763374017468,1.70204972338439e-09,0.00954079159414321,0.0187602167145222,1.01150505813106
61,25,"standard",0.304571428571429,2.51602636518935,0.0724761963805827,22.1533351563972,2.72721845107071e-11,0.0106677451242075,0.00967845174649451,1.00683860752116
61,25,"constrained",0.304571428571429,2.9689293582724,0.304571428571428,25.4618325286416,1.7185668998998e-09,0.00940044739419738,0.0190741975263755,1.01159254007819
62,4,"standard",0.293142857142857,1.21012165780636,0.283131469230008,6.94110073183137,3.88578058618805e-15,0.0221506099388714,1.02612278899978,2.08609126145174
62,4,"constrained",0.293142857142857,1.2226591087575,0.293142857142857,7.00469911606858,9.2148511043888e-15,0.0210218729086023,1.02765548518884,2.08611304891701
62,5,"standard",0.293142857142857,1.44858908404843,0.251858009875981,9.58691987318479,2.647881913731e-14,0.0211391583371697,0.851107609974613,1.93736340737678
62,5,"constrained",0.293142857142857,1.5014968700814,0.293142857142857,9.9128199661607,1.61703206380537e-09,0.0179875493881707,0.854606290842195,1.93753948482081
62,6,"standard",0.293142857142857,1.63557300752502,0.218648870182561,12.9824968421848,6.12843109593086e-14,0.0237587006373702,0.543749814488007,1.6761218779234
62,6,"constrained",0.293142857142857,1.72845294269835,0.293142857142857,13.7521534974952,1.94129723407599e-09,0.0196754850930669,0.547930988696367,1.67629374316339
62,7,"standard",0.293142857142857,1.76117185960828,0.197436769522446,15.2477269678894,2.51687559682523e-13,0.0217898936595574,0.45124507306589,1.59172907183675
62,7,"constrained",0.293142857142857,1.86892520131853,0.293142857142857,16.2447039823418,1.32240252082028e-09,0.018052557417742,0.456890557832097,1.5918665468283
62,8,"standard",0.293142857142857,1.82002908599967,0.180634566822804,15.9702338591671,3.92907928414843e-13,0.0189451328413097,0.369987588280958,1.48457546874033
62,8,"constrained",0.293142857142857,1.94300915755094,0.293142857142857,17.1068739422283,1.35538003043223e-09,0.0151223283318295,0.37609620764953,1.484585111365
62,9,"standard",0.293142857142857,1.8999672057452,0.164180956664767,17.0173487697552,9.0116802908824e-13,0.0157789525966473,0.305504288560398,1.39981407423933
62,9,"constrained",0.293142857142857,2.03435792121435,0.293142857142857,18.2519970084333,1.51091350542032e-09,0.0124225922231899,0.313540058577344,1.40007284497374
62,10,"standard",0.293142857142857,2.00054193363217,0.140160998222907,19.4498905850514,1.34858790801218e-12,0.0153308315098311,0.213072019247348,1.32176142565317
62,10,"constrained",0.293142857142857,2.17178601659214,0.293142857142857,21.2249827218356,1.21762755433963e-09,0.0118780892868931,0.222377326063,1.32204363237086
62,11,"standard",0.293142857142857,1.99917771933024,0.138251922776484,19.3072851353633,1.41198164271827e-12,0.0148497542153338,0.216376943112739,1.28641877735897
62,11,"constrained",0.293142857142857,2.16974901597552,0.293142857142857,21.0645099638669,1.43037404143342e-09,0.0118972862882003,0.225451231566413,1.28696134757044
62,12,"standard",0.293142857142857,2.03683831086753,0.124220069846221,21.0727230175882,1.53277390779749e-12,0.0146687750370776,0.187268186695026,1.25359532920702
62,12,"constrained",0.293142857142857,2.22100018189036,0.293142857142857,23.2124177223228,1.20281223869867e-09,0.0119261109389793,0.197237017657538,1.25420725246777
62,13,"standard",0.293142857142857,2.02846859899772,0.122406786326359,20.503278366486,1.72284408961332e-12,0.0136820549742249,0.179667889199666,1.20952757653864
62,13,"constrained",0.293142857142857,2.21053311324844,0.293142857142857,22.4717449690535,1.53211926479102e-09,0.0111818370179804,0.188638745974975,1.20965651654596
62,14,"standard",0.293142857142857,2.0469946778712,0.114803858922981,18.2668063418787,1.85274018349446e-12,0.0134242172483622,0.146757492853736,1.14923456013552
62,14,"constrained",0.293142857142857,2.23665987532617,0.293142857142857,19.9312082198804,1.87764592762818e-09,0.0109647665674027,0.157761829891068,1.14908111446913
62,15,"standard",0.293142857142857,2.05827890955987,0.112668345079809,18.6340949505623,2.02926564440986e-12,0.0127041083598057,0.135999388189349,1.11334374960402
62,15,"constrained",0.293142857142857,2.25002008682993,0.293142857142857,20.3357816557017,1.91873983368396e-09,0.0103572393752781,0.147492279077573,1.11349873895244
62,16,"standard",0.293142857142857,2.08533839196619,0.110358079080819,19.7499296034824,3.21243032175289e-12,0.012138783108261,0.111622605622297,1.08376714172184
62,16,"constrained",0.293142857142857,2.27831539027681,0.293142857142857,21.5796005439406,1.44168771365472e-09,0.00996185878192591,0.123806766389875,1.0841248836311
62,17,"standard",0.293142857142857,2.09265888357038,0.104024489585422,20.4425577747823,3.20610205051253e-12,0.0117945639953069,0.0862798289204081,1.06188180506984
62,17,"constrained",0.293142857142857,2.29271813703706,0.293142857142857,22.4592495876755,1.42111322709582e-09,0.00981787853525892,0.0967069012107249,1.06239507889713
62,18,"standard",0.293142857142857,2.06492870981398,0.0951372994704307,19.0213949110988,3.1863400806742e-12,0.0120758358050046,0.0678204573109413,1.04645797974105
62,18,"constrained",0.293142857142857,2.26153859679577,0.293142857142857,20.7405850653829,1.87031962139983e-09,0.0101742787732684,0.0779228368283285,1.04707844488786
62,19,"standard",0.293142857142857,2.06223149263513,0.0934997106983858,19.2666817790408,3.71358499506869e-12,0.0116684091594185,0.0626620266370717,1.03160808354402
62,19,"constrained",0.293142857142857,2.25986967323791,0.293142857142857,21.1130036660727,1.17698994994697e-09,0.00986999872345589,0.071462770549271,1.03217682118842
62,20,"standard",0.293142857142857,2.06178245215248,0.0912659237843572,18.2446272711141,3.67805785828068e-12,0.0112609286895739,0.0510481619859062,1.01594719321896
62,20,"constrained",0.293142857142857,2.26143553743492,0.293142857142857,19.9212006739474,1.84414455928206e-09,0.00957410011153373,0.0593072018995651,1.01654441315006
62,21,"standard",0.293142857142857,2.06136209488066,0.0905000225010493,18.1707396433804,3.72080144472875e-12,0.0108315544595057,0.0524269543318079,1.00759051700568
62,21,"constrained",0.293142857142857,2.26084869593664,0.293142857142857,19.862812958978,1.06447317627101e-09,0.00926717028668687,0.0602083755355043,1.0079741632694
62,22,"standard",0.293142857142857,2.06131839587244,0.0887950000565276,18.0124442592065,3.82471831983366e-12,0.010303302969989,0.0545397858680881,0.999271629812815
62,22,"constrained",0.293142857142857,2.260821315596,0.293142857142857,19.6665398584826,1.34358868475459e-09,0.00884089564068058,0.0625157026086871,0.99974292321516
62,23,"standard",0.293142857142857,2.06276773583194,0.0867593997127558,17.1264059096324,3.62032626100017e-12,0.0102390849841683,0.0482165276270283,0.993278833559732
62,23,"constrained",0.293142857142857,2.26209284975642,0.293142857142857,18.6566405028114,1.1789412224239e-09,0.00887473183746318,0.0559437000510101,0.993630480383098
62,24,"standard",0.293142857142857,2.06455969238045,0.0922617236970402,16.3457098780161,3.49564821533477e-12,0.0102813947306067,0.0428012239299687,0.988159765273176
62,24,"constrained",0.293142857142857,2.26470413435295,0.293142857142857,17.7747603402739,1.24696908354593e-09,0.00896324953102643,0.0508773823382729,0.98863716453421
62,25,"standard",0.293142857142857,2.06609252019734,0.0849477056193918,17.4029901726334,3.61899399337062e-12,0.0100816358538902,0.0495745060774802,0.988565439247245
62,25,"constrained",0.293142857142857,2.26904973641069,0.293142857142857,19.0942481544471,1.71320924113871e-09,0.0088756715728015,0.0581905840907417,0.988962169528354
63,4,"standard",0.306,1.35639575502983,0.28219173427199,7.51054916808898,2.55351295663786e-15,0.0193931083224796,0.947550267406282,2.04882469916631
63,4,"constrained",0.306,1.39689923963772,0.306,7.70440506333719,2.22044604925031e-15,0.0161916951966371,0.952069452676323,2.04897256331601
63,5,"standard",0.306,1.70381456690436,0.245884840942909,10.9390350864008,4.8194781498978e-13,0.0191073914645797,0.74078784477063,1.88441147409322
63,5,"constrained",0.306,1.81440284821251,0.306,11.5637005297941,2.06461864271645e-09,0.0136610073554352,0.74584627761688,1.88450841164081
63,6,"standard",0.306,1.85206578080079,0.221363617321453,13.5909308848855,1.20048415652718e-12,0.0197763102820554,0.548448268028338,1.67191834858309
63,6,"constrained",0.306,1.99804910345417,0.306,14.6130020216927,1.76150305453149e-09,0.0140814404879379,0.55742764781908,1.67252826944775
63,7,"standard",0.306,1.93095965777492,0.207252591384346,15.35335557875,3.13060688483802e-12,0.016937692684054,0.469863650548107,1.58796238369479
63,7,"constrained",0.306,2.0833222918158,0.306,16.5722390652589,1.48962997492674e-09,0.0121509634586974,0.480382551135947,1.58872104556928
63,8,"standard",0.306,2.02184015040323,0.173077021709615,17.5130450514558,4.40469882789785e-12,0.0187470251363102,0.338656277808986,1.47317931201741
63,8,"constrained",0.306,2.21792365334367,0.306,19.3735995871013,1.95235361211132e-09,0.0134864285730472,0.347727642408455,1.47414554238774
63,9,"standard",0.306,2.04074256763318,0.138099048400744,14.1230003879325,3.55215856728819e-12,0.0216376233145059,0.23231452972416,1.37838245450587
63,9,"constrained",0.306,2.28891505036319,0.306,15.4520726004895,1.58988711085328e-09,0.0155524491550482,0.241296055834763,1.37967987849307
63,10,"standard",0.306,2.06233609284335,0.125455409382343,14.5260735090046,3.71980224400659e-12,0.0200964352786213,0.179894684893272,1.30692682054848
63,10,"constrained",0.306,2.32878053376858,0.306,16.3169602641005,1.20319154639503e-09,0.0144141128482449,0.189684712569603,1.30799286875073
63,11,"standard",0.306,2.06532715823117,0.122054433403946,14.3147748697515,3.87789800271321e-12,0.0182218842976015,0.189933001639088,1.2715788524527
63,11,"constrained",0.306,2.33159214742693,0.306,16.0949413422272,1.27339999655973e-09,0.0133019639926374,0.19825266394646,1.27269936543584
63,12,"standard",0.306,2.09600099354255,0.115672716154753,14.585699838858,5.10291808808461e-12,0.0164612366596669,0.160527614801368,1.23164394975928
63,12,"constrained",0.306,2.37029203117114,0.306,16.6875654795116,1.51347084864639e-09,0.0121871520158617,0.168944842294916,1.23257002477838
63,13,"standard",0.306,2.10053248091873,0.112773644702351,13.9395518216743,5.13566966731105e-12,0.0154175805719087,0.145778397229708,1.1858997600922
63,13,"constrained",0.306,2.37691286781351,0.306,15.8542265830497,8.90467644065751e-10,0.0115699325068585,0.154112237439819,1.18674222684082
63,14,"standard",0.306,2.1046724197138,0.103656523799971,14.6081061790625,5.14432940690313e-12,0.0154201690963656,0.117954347583812,1.13146287140228
63,14,"constrained",0.306,2.39848632535644,0.306,16.8931700845114,9.70668267985531e-10,0.011707203351305,0.121826636741042,1.13223517701228
63,15,"standard",0.306,2.10465380837694,0.103004439476142,14.6793774562928,5.34361443982334e-12,0.0149061982707112,0.114524028789226,1.09777169788403
63,15,"constrained",0.306,2.39831058219605,0.306,16.9802011213851,1.56919538474298e-09,0.0115368956141806,0.118427571840883,1.09823502822807
63,16,"standard",0.306,2.10283980082716,0.0975489187480053,15.0351414875647,5.21716003731854e-12,0.0151812607929793,0.0889153798367897,1.06905914787872
63,16,"constrained",0.306,2.40620790176887,0.306,17.4472243219586,1.7787780692835e-09,0.0117689435369568,0.0905766399789041,1.06977704457535
63,17,"standard",0.306,2.10595768012578,0.0964427681103096,14.7359854849943,5.77038417048925e-12,0.0141302815495167,0.0852576157665821,1.04906510489695
63,17,"constrained",0.306,2.40810202053974,0.306,17.1745613381635,9.92473825345286e-10,0.0110669913526787,0.0880174737000585,1.04992613069213
63,18,"standard",0.306,2.10793524294894,0.09548729192095,14.8899584868252,5.78126435613058e-12,0.0134434402962711,0.0866481813553337,1.03551261767811
63,18,"constrained",0.306,2.41067301457282,0.306,17.3485475090019,1.48289575063743e-09,0.0107387902983275,0.089192290432579,1.03618998680784
63,19,"standard",0.306,2.13201862758506,0.0926049784433232,15.1984700072211,9.20286069572285e-12,0.0128759194573543,0.0771680688487981,1.01983001100358
63,19,"constrained",0.306,2.43306627482482,0.306,17.5946917654476,1.10429437816251e-09,0.0104685776050842,0.0818576144801453,1.02048080976266
63,20,"standard",0.306,2.13836410449516,0.0918857862889716,14.8697249779263,1.00979224981756e-11,0.0123482687338648,0.0731822823076111,1.00811438075386
63,20,"constrained",0.306,2.44150254489169,0.306,17.1838160148144,1.75170927763091e-09,0.0101895288185957,0.0780170577569725,1.00864560654082
63,21,"standard",0.306,2.15048380138655,0.0872403619723239,14.6995888793918,1.0425660335045e-11,0.0120354766219799,0.0642493146177907,1.00040473254397
63,21,"constrained",0.306,2.46182136894948,0.306,16.8503613292395,1.74782482931235e-09,0.00988658113708513,0.0697470682588115,1.00126547396271
63,22,"standard",0.306,2.1509926699269,0.0845158958853528,14.9529811888256,1.0823897333978e-11,0.0118001387137228,0.0614966061225601,0.994835028700767
63,22,"constrained",0.306,2.46158919481485,0.306,16.3443924248217,1.69703273655841e-09,0.00977136136678327,0.067316035153393,0.995666327303579
63,23,"standard",0.306,2.1496320218046,0.0835865702633269,14.7972152192194,1.16912035608152e-11,0.0117340697855912,0.060131312463394,0.991735624608413
63,23,"constrained",0.306,2.45946661450688,0.306,16.1390316767315,1.04993891358873e-09,0.00981452124518088,0.0653369039071929,0.99284916525093
63,24,"standard",0.306,2.15098035527724,0.0828955853698109,14.9973166076417,1.19342313809057e-11,0.0114091991710217,0.0580323720408167,0.986861054767574
63,24,"constrained",0.306,2.46030615300496,0.306,16.3258983940396,1.00506336586648e-09,0.00959846977966584,0.0633712317426305,0.988173289934309
63,25,"standard",0.306,2.15255622546088,0.0767070012777948,14.5457971303782,1.22962751092359e-11,0.0111273272535221,0.0599643340297877,0.985671817647698
63,25,"constrained",0.306,2.46770820712795,0.306,16.3429815042642,1.15331444394684e-09,0.00947752940589105,0.0647217078747797,0.986877227449977
64,4,"standard",0.293285714285714,1.27787827960725,0.284053457283664,7.14201419655597,1.28230759344206e-14,0.0200455495347382,0.838192903129877,1.99297746932019
64,4,"constrained",0.293285714285714,1.29151927199921,0.293285714285714,7.20892168793736,2.44249065417534e-15,0.0188752431402292,0.838988959988292,1.99290863165396
64,5,"standard",0.293285714285714,1.5161813857204,0.257032170815687,9.63087322280442,5.26245713672324e-14,0.0176594389621902,0.673537390542517,1.86368363689301
64,5,"constrained",0.293285714285714,1.5711794897914,0.293285714285714,9.94909352444792,1.23149795916433e-09,0.0144634798031626,0.67330763328442,1.86355963126406
64,6,"standard",0.293285714285714,1.61870980385295,0.239780928163278,11.260195956487,2.35034214313146e-13,0.0156608523928198,0.497734226278331,1.6596518199088
64,6,"constrained",0.293285714285714,1.69046706143425,0.293285714285714,11.7420359664409,2.16183826395877e-09,0.0125631938480277,0.499503271658111,1.65957521389283
64,7,"standard",0.293285714285714,1.73510324982363,0.216077349510078,13.495458151725,6.78679334953358e-13,0.0158347539452128,0.40316663598078,1.56987424029321
64,7,"constrained",0.293285714285714,1.8244843430878,0.293285714285714,14.2164833646601,1.66947411450735e-09,0.0128525803999976,0.406030302082805,1.56994880102082
64,8,"standard",0.293285714285714,1.8260654617558,0.191591416392759,14.477649899276,1.71940239823698e-12,0.0140512201389568,0.308605338718626,1.47099753305427
64,8,"constrained",0.293285714285714,1.92741758049946,0.293285714285714,15.3006484644526,1.44260303702737e-09,0.0108358630065431,0.31219881663688,1.47137584157097
64,9,"standard",0.293285714285714,1.87782777880068,0.171509994953269,15.6507773729265,2.385758257617e-12,0.012825264369092,0.23817014071761,1.38393638293137
64,9,"constrained",0.293285714285714,1.99549966812786,0.293285714285714,16.6874403607008,1.80997394849669e-09,0.0095260650840482,0.242919255547386,1.38400112848997
64,10,"standard",0.293285714285714,1.92514779457296,0.157752855686479,16.7260828093988,2.82396328543655e-12,0.0118250767171816,0.178420106249645,1.31120943397627
64,10,"constrained",0.293285714285714,2.06011013535131,0.293285714285714,17.9818719074191,1.03520786387534e-09,0.00852374208965962,0.182201925429076,1.31130594856941
64,11,"standard",0.293285714285714,1.9369639937689,0.144771295615075,18.0761792487751,2.97251112613139e-12,0.0109111781736195,0.198216057403288,1.27535513659952
64,11,"constrained",0.293285714285714,2.07678896808306,0.293285714285714,19.5836756349951,1.20523480084955e-09,0.00813108657822579,0.202041481827029,1.27551195071577
64,12,"standard",0.293285714285714,1.94017793530616,0.136166876770724,19.2089823370483,2.8957947151298e-12,0.0114518083351251,0.168755104829858,1.2343053789032
64,12,"constrained",0.293285714285714,2.08448830422078,0.293285714285714,20.9438351348733,1.0977432851611e-09,0.00891761626135891,0.171955727036775,1.23458803242999
64,13,"standard",0.293285714285714,1.9504920660584,0.133567629450397,19.6916922899138,3.13438164312174e-12,0.0104479716752248,0.153018882934491,1.19007063490461
64,13,"constrained",0.293285714285714,2.09759713631662,0.293285714285714,21.5152277521884,1.789375314587e-09,0.0083339588166044,0.156326017462582,1.19054165393152
64,14,"standard",0.293285714285714,1.95392546145653,0.126901311121775,20.4288710072322,3.09530179265494e-12,0.0103750483646205,0.132325972550112,1.1402935015499
64,14,"constrained",0.293285714285714,2.10433914431176,0.293285714285714,22.423531770514,1.03106151394528e-09,0.00837457641965484,0.136081893765739,1.14074058877025
64,15,"standard",0.293285714285714,1.97148802959097,0.122770721084825,21.2748157604365,3.13638004456607e-12,0.0100861924898362,0.112119990627653,1.10794671148288
64,15,"constrained",0.293285714285714,2.1308920627376,0.293285714285714,23.4747177137092,1.58909496672521e-09,0.00816586408540667,0.115561894923226,1.1085534119899
64,16,"standard",0.293285714285714,1.99515651417824,0.119931675000293,22.0733284664985,3.56459306516399e-12,0.00983164937900043,0.0957474454808152,1.07936472531258
64,16,"constrained",0.293285714285714,2.15948681867125,0.293285714285714,24.3754505420612,1.99466176908913e-09,0.00811157525695662,0.100242156165009,1.07976236846285
64,17,"standard",0.293285714285714,1.99695362751705,0.119293719995142,22.1542499405919,3.97593069578761e-12,0.00942581921798143,0.0937832574957858,1.05914853860553
64,17,"constrained",0.293285714285714,2.16064073802807,0.293285714285714,24.4313785767457,1.73129954816886e-09,0.00794668563508508,0.0990414988304327,1.05945084645991
64,18,"standard",0.293285714285714,2.00022556559835,0.118504693391487,22.2549846754734,4.24360546702474e-12,0.00904922185209735,0.0910570405626485,1.04734735215866
64,18,"constrained",0.293285714285714,2.16326545064454,0.293285714285714,24.512725640445,2.04109512624839e-09,0.00779643344195012,0.0970372979368967,1.04759782643765
64,19,"standard",0.293285714285714,1.99334200676282,0.114200690779398,21.1231352786818,4.28512780814572e-12,0.00900739536077716,0.0836381676925608,1.03174135361658
64,19,"constrained",0.293285714285714,2.15534177975282,0.293285714285714,23.1288288054766,1.61988222835419e-09,0.00783868157724734,0.0897629503653397,1.03212831800984
64,20,"standard",0.293285714285714,1.98741358563155,0.120202827590977,20.217414395275,4.99267294173933e-12,0.00885169467948408,0.0781483728179602,1.01903131177232
64,20,"constrained",0.293285714285714,2.14641170223346,0.293285714285714,22.0410359386291,1.35332572925861e-09,0.00780310385746632,0.0844858319041615,1.01936047423886
64,21,"standard",0.293285714285714,1.99257310393019,0.119178161145206,20.4007779364192,5.12612174929927e-12,0.00875155364555896,0.0749525635269821,1.00903476689197
64,21,"constrained",0.293285714285714,2.15157348398885,0.293285714285714,22.2125564421291,1.52643364614846e-09,0.00779279236676409,0.0817870633680506,1.00938332631512
64,22,"standard",0.293285714285714,1.99879581497132,0.117578909712623,20.8048898149487,5.10436137801662e-12,0.00867477177654948,0.0699259560019918,1.00005164909165
64,22,"constrained",0.293285714285714,2.16236991820507,0.293285714285714,22.7222385467477,1.39312228419897e-09,0.00779961830036996,0.0763626340994419,1.00041859177737
64,23,"standard",0.293285714285714,2.02070881456881,0.114198412933422,21.7017739496239,8.5659257464954e-12,0.00845322092482144,0.0618030972800145,0.996202813131883
64,23,"constrained",0.293285714285714,2.18747425048622,0.293285714285714,23.7322567660165,1.28958821399294e-09,0.00766344133221074,0.0679464192672867,0.996691386066169
64,24,"standard",0.293285714285714,2.04722692037867,0.114900266010731,22.8869778858182,8.95084006913294e-12,0.00831184309542547,0.0570616063836802,0.992763376422462
64,24,"constrained",0.293285714285714,2.22640176633618,0.293285714285714,25.1881215822749,1.40903022582961e-09,0.00755024041827232,0.0635735150987822,0.993395681585296
64,25,"standard",0.293285714285714,2.05602832333076,0.11536944799238,23.768955185143,8.89155415961795e-12,0.00821386428902368,0.0520930765388981,0.991286658848483
64,25,"constrained",0.293285714285714,2.23762017905741,0.293285714285714,26.203089122977,1.95192423335655e-09,0.00748757533252622,0.0583369724360994,0.992130351997882
65,4,"standard",0.297142857142857,0.965368810163745,0.319513570891986,5.53301245458117,3.95841193157054e-10,0.0155158572938277,0.807817056274813,1.98071238843522
65,4,"constrained",0.297142857142857,0.965368814669877,0.319513567216705,5.53301246878916,1.67486646773796e-09,0.0155158572777563,0.807817046203049,1.98071238842852
65,5,"standard",0.297142857142857,1.1576381997957,0.292578909902485,7.32431292359095,1.30451205393456e-14,0.0131743548945679,0.666285087905196,1.87054634377015
65,5,"constrained",0.297142857142857,1.16230674294609,0.297142857142857,7.35218615873482,9.76996261670138e-15,0.0127847393752778,0.666525856119786,1.87057214884581
65,6,"standard",0.297142857142857,1.32882053230349,0.273318188671331,8.85134175868723,5.44009282066327e-15,0.00984671014548102,0.434476120550659,1.64813100068562
65,6,"constrained",0.297142857142857,1.35257815974406,0.297142857142857,8.99595190626258,2.43692810375506e-09,0.00881067542195806,0.436577318777167,1.64819701266634
65,7,"standard",0.297142857142857,1.38295577545601,0.255893715519355,9.86861527703287,1.18793863634892e-14,0.00941455419738792,0.368274712039176,1.57992191125686
65,7,"constrained",0.297142857142857,1.41629992969263,0.297142857142857,10.0986790958454,2.25172824830366e-09,0.00818366385005383,0.372681852867938,1.58019338793529
65,8,"standard",0.297142857142857,1.42696278915107,0.230362424973399,10.5340352326981,3.63042929052426e-14,0.0100416780952763,0.279863139392927,1.47294312753764
65,8,"constrained",0.297142857142857,1.46526464675795,0.297142857142857,10.8152552093741,1.77589809524648e-09,0.00862448455446135,0.284241440256503,1.47325293425346
65,9,"standard",0.297142857142857,1.47894843054261,0.197845232000422,11.8717444099216,2.91988655476416e-14,0.0108179262001971,0.184738805867069,1.38237804124281
65,9,"constrained",0.297142857142857,1.5352664869358,0.297142857142857,12.3562229752067,1.20111215418106e-09,0.00900735542672534,0.190694990035048,1.38277144534566
65,10,"standard",0.297142857142857,1.49785717498064,0.182588516973462,12.6627188915787,3.58602036953926e-14,0.0103802247990749,0.134319903762862,1.31376649216654
65,10,"constrained",0.297142857142857,1.5598940559924,0.297142857142857,13.2598944434035,1.54922008555047e-09,0.00872628483911152,0.139870607977344,1.31411175246957
65,11,"standard",0.297142857142857,1.49839950673643,0.178961120126451,12.8875383566578,4.22994972382185e-14,0.0101192684998576,0.140678855368465,1.27437589694147
65,11,"constrained",0.297142857142857,1.56006835220689,0.297142857142857,13.4831909416689,1.33092187271089e-09,0.00868364329792727,0.145767951359653,1.27478510549355
65,12,"standard",0.297142857142857,1.50268977609619,0.158720912377821,11.3472605107543,3.77475828372553e-14,0.0114964266087184,0.0979489033285175,1.23478177978889
65,12,"constrained",0.297142857142857,1.57473604599796,0.297142857142857,11.9023999084697,1.52361639971232e-09,0.00972533429156314,0.103479574093416,1.23534576254566
65,13,"standard",0.297142857142857,1.53500711103997,0.145582511757685,11.8752793258497,3.40838468559923e-14,0.012015434907934,0.0483110166881842,1.19058564610655
65,13,"constrained",0.297142857142857,1.62089022371864,0.297142857142857,12.657461443656,1.22093912757748e-09,0.0101233347281831,0.0542916942379872,1.191046229268
65,14,"standard",0.297142857142857,1.54958536398367,0.14173305495561,12.0751834335279,5.40678612992451e-14,0.0108973875733122,0.0327797868179722,1.13804502107305
65,14,"constrained",0.297142857142857,1.63662317362237,0.297142857142857,12.8649012355174,1.64177055284043e-09,0.00946485831732661,0.0398239204149968,1.13856127079848
65,15,"standard",0.297142857142857,1.54908741610831,0.139270140965657,12.2692032221538,5.340172748447e-14,0.0105945209876768,0.0203324132010962,1.10539071261149
65,15,"constrained",0.297142857142857,1.63728810019965,0.297142857142857,13.0827355772206,1.67704133913205e-09,0.00930582860610438,0.0260404334699977,1.10619769390302
65,16,"standard",0.297142857142857,1.54859628039729,0.139392800959989,12.239585065489,5.46229728115577e-14,0.0102650909899732,0.0215709763060863,1.0744934288665
65,16,"constrained",0.297142857142857,1.63658048330177,0.297142857142857,13.03583981853,1.537030169807e-09,0.00910299303274186,0.0278451147737435,1.07523405516135
65,17,"standard",0.297142857142857,1.54953207889939,0.136979283725687,12.3573382974724,5.3179682879545e-14,0.00977142049088275,0.0180019964399234,1.05391075158578
65,17,"constrained",0.297142857142857,1.63804349933656,0.297142857142857,13.207050383212,1.34152899899931e-09,0.00866171474251803,0.0242354626951915,1.05466278863297
65,18,"standard",0.297142857142857,1.55666274005077,0.133867076144272,12.5567851929055,6.36157793110215e-14,0.00931225934855004,0.0112036720307236,1.04062971064305
65,18,"constrained",0.297142857142857,1.64615312979996,0.297142857142857,13.4327235661788,1.33178496009023e-09,0.00833791316583655,0.0174244242155481,1.04173470180474
65,19,"standard",0.297142857142857,1.55155378848509,0.12370994329554,11.3368196310379,6.11732886568461e-14,0.0095693262183622,0.000147586899287511,1.02773231157465
65,19,"constrained",0.297142857142857,1.64246495223628,0.297142857142857,12.0552696097123,2.00435312791569e-09,0.00859323966596661,0.0058307534252311,1.02886120663987
65,20,"standard",0.297142857142857,1.55317314155333,0.121221104739674,11.7342594907741,6.30606677987089e-14,0.00949536382650238,0.0102912608404777,1.01439673336902
65,20,"constrained",0.297142857142857,1.64754405032084,0.297142857142857,12.5550662125599,1.48900008989372e-09,0.00853525768953179,0.00532197071197249,1.01549942329502
65,21,"standard",0.297142857142857,1.57495050875831,0.11643621258422,12.2122171129171,7.21644966006352e-14,0.00933650313757135,0.0171244356871609,1.0082548723615
65,21,"constrained",0.297142857142857,1.67484650173861,0.297142857142857,13.0882719366338,1.33663902168735e-09,0.00842261759266463,0.0121230583898919,1.00944485945995
65,22,"standard",0.297142857142857,1.59556004071084,0.111127452308012,12.8853558278573,7.4718009557273e-14,0.00924965899412664,0.0304531520438225,0.999474432364504
65,22,"constrained",0.297142857142857,1.70194781334941,0.297142857142857,13.700427951038,2.03040312340974e-09,0.00832400697610619,0.0252996552162523,1.00062977494564
65,23,"standard",0.297142857142857,1.59434418202246,0.110166433457031,12.9040618378063,7.48290318597356e-14,0.00895325560277275,0.0276205799463174,0.996278369853349
65,23,"constrained",0.297142857142857,1.70111083557355,0.297142857142857,13.7387461416117,1.8513106048168e-09,0.00811136703244525,0.022137819963266,0.997480835099757
65,24,"standard",0.297142857142857,1.59078199888784,0.111439372955027,12.6483412174121,7.86037901434611e-14,0.00885086309362373,0.0224665066466034,0.991809939634139
65,24,"constrained",0.297142857142857,1.6977584841396,0.297142857142857,13.3774691059687,1.44216638631178e-09,0.00808058521512029,0.0161784987298903,0.993117320576908
65,25,"standard",0.297142857142857,1.59080899287419,0.112212521054464,12.6949859990084,8.10462807976364e-14,0.00862824949850339,0.0222755888910582,0.991927349444512
65,25,"constrained",0.297142857142857,1.69766648759266,0.297142857142857,13.4009481222525,1.45505807402913e-09,0.00791234999690952,0.0161969275675586,0.993165775381284
66,4,"standard",0.303714285714286,1.2581247463134,0.282039853611341,7.17836769002768,8.77076189453874e-15,0.0226326120022367,1.02021478407791,2.06739826112756
66,4,"constrained",0.303714285714286,1.29126636430762,0.303714285714286,7.34907559895608,6.7168492989822e-15,0.0198418539423456,1.02240454397155,2.06732283601401
66,5,"standard",0.303714285714286,1.7079877431117,0.24084124628845,11.0664103064636,2.3125945602942e-13,0.0210154292924882,0.867791476211971,1.9442443961428
66,5,"constrained",0.303714285714286,1.82911742338484,0.303714285714286,11.7338342314481,2.15520690183268e-09,0.0152593220970531,0.874789513303704,1.9448867300901
66,6,"standard",0.303714285714286,1.95928269392954,0.214042971263391,14.5012502726991,3.20032889078448e-12,0.0201797837874444,0.581269739931402,1.67873723521736
66,6,"constrained",0.303714285714286,2.12569332683718,0.303714285714286,15.6120340551135,1.94014831977896e-09,0.0146305403441325,0.58991206250309,1.6791454691586
66,7,"standard",0.303714285714286,2.07936291074676,0.193807051416035,16.9979917703342,5.43476375014507e-12,0.0197819197683753,0.494705737025895,1.58417377937974
66,7,"constrained",0.303714285714286,2.27784570751054,0.303714285714286,18.5248477609311,1.09626174804589e-09,0.0142386360158502,0.503146800356968,1.58476404489403
66,8,"standard",0.303714285714286,2.20009712565962,0.17352543105669,18.0604162690402,1.49106282876232e-11,0.017029698860848,0.400596954700315,1.47223980897543
66,8,"constrained",0.303714285714286,2.42416888364309,0.303714285714286,19.7438300077611,1.63232449779116e-09,0.012343513560975,0.411319782900548,1.47289153459334
66,9,"standard",0.303714285714286,2.27553366203805,0.145731569166568,20.8036673540519,1.83275616905121e-11,0.0172200365003431,0.286083236483972,1.38258409533329
66,9,"constrained",0.303714285714286,2.54433989866195,0.303714285714286,23.3255895433119,1.39208089500187e-09,0.0123114452197369,0.29483930168964,1.38395988504484
66,10,"standard",0.303714285714286,2.35153219413986,0.133703810928267,22.31191113112,2.64588351228667e-11,0.0154386416761109,0.229086659037168,1.31143138258137
66,10,"constrained",0.303714285714286,2.64219970704431,0.303714285714286,25.1100867959877,1.26606253258998e-09,0.0110710133337731,0.239838231865926,1.31240181193919
66,11,"standard",0.303714285714286,2.36858257942894,0.127078873615632,23.3803024122109,3.43002293234917e-11,0.0139772550016049,0.242761946136874,1.27532787954867
66,11,"constrained",0.303714285714286,2.66207456525825,0.303714285714286,26.3279391071153,1.14281273333461e-09,0.0102723834201756,0.252541665997958,1.27584589385755
66,12,"standard",0.303714285714286,2.39155550116659,0.117737082120785,23.4457645661935,3.40338868198842e-11,0.0139327455052991,0.216341091854804,1.23909673456929
66,12,"constrained",0.303714285714286,2.70801880729796,0.303714285714286,26.7726024170373,1.89900950520183e-09,0.0102864647146324,0.227850527789973,1.24023449593149
66,13,"standard",0.303714285714286,2.39496085104927,0.116699879041741,23.6618891423238,3.43517436718344e-11,0.0125817534836336,0.209181803195069,1.19735225343171
66,13,"constrained",0.303714285714286,2.71174481288763,0.303714285714286,26.9973687829279,1.37425371082855e-09,0.0095332507203632,0.221648392707618,1.19838597497953
66,14,"standard",0.303714285714286,2.4083230779397,0.111540101343362,24.4896744394195,3.46236372905651e-11,0.0121948431994911,0.182618518590498,1.14410361784678
66,14,"constrained",0.303714285714286,2.73274643445776,0.303714285714286,28.1116274784296,9.05670927142666e-10,0.00932921062192555,0.194539684394249,1.1448941152709
66,15,"standard",0.303714285714286,2.40982889311289,0.105825235952485,21.7699959082979,3.35408367746481e-11,0.0127365127373256,0.150517999158156,1.11121399787811
66,15,"constrained",0.303714285714286,2.74006976668925,0.303714285714286,24.6670595378898,1.41968514721924e-09,0.00974625938974599,0.160703604436512,1.11263631912736
66,16,"standard",0.303714285714286,2.4817815197678,0.102614444823227,23.0177889398895,3.92113008729211e-11,0.0122167427931534,0.12078483155684,1.08116907098099
66,16,"constrained",0.303714285714286,2.84026166690327,0.303714285714286,26.1583393719252,1.78731829336698e-09,0.00938807121376816,0.131162554409919,1.0828167887416
66,17,"standard",0.303714285714286,2.48486393475663,0.0993626625039372,23.8801065853555,3.89872578665518e-11,0.0116371821662601,0.12684809552767,1.06127345148033
66,17,"constrained",0.303714285714286,2.8462895820447,0.303714285714286,27.2225966437059,1.24548765745303e-09,0.00915164212847295,0.137329388387509,1.06269704404097
66,18,"standard",0.303714285714286,2.45961542186567,0.0915249529500359,22.3762093295668,4.14988043928588e-11,0.0116484862154627,0.1139450093124,1.04503218637427
66,18,"constrained",0.303714285714286,2.82128345509668,0.303714285714286,25.3813498958986,8.9211321663285e-10,0.00935465682703328,0.123953999430179,1.04675117768892
66,19,"standard",0.303714285714286,2.5175529222819,0.0843026546163546,23.5645011149217,4.75841588354342e-11,0.0113134898756128,0.0951275141862524,1.02690364693185
66,19,"constrained",0.303714285714286,2.90351750223854,0.303714285714286,26.850822539656,1.06912906305823e-09,0.009137728381654,0.104492879326959,1.02854303317161
66,20,"standard",0.303714285714286,2.52108135245553,0.0840368890956829,23.6854452424218,4.8760773196932e-11,0.0107395900748152,0.0930568004170347,1.01634790963096
66,20,"constrained",0.303714285714286,2.90850029891658,0.303714285714286,27.0055458992594,1.08582653979283e-09,0.00882736692670304,0.10220531091877,1.01754407117691
66,21,"standard",0.303714285714286,2.54897838943517,0.0878909600450015,25.3370759220763,5.0636939086246e-11,0.0104543190817029,0.0824177188576822,1.00741490262771
66,21,"constrained",0.303714285714286,2.9514041638523,0.303714285714286,29.1169484195881,1.76799042073128e-09,0.00871819957184884,0.0918680474995872,1.00836434868994
66,22,"standard",0.303714285714286,2.50372478259941,0.0856173607952574,24.4699440913602,9.15137965407098e-11,0.0108986711302159,0.0752625073366922,0.999850676071748
66,22,"constrained",0.303714285714286,2.8916293256872,0.303714285714286,28.0015529877215,1.0671642458604e-09,0.00921784394042247,0.0835301367622314,1.00107939634829
66,23,"standard",0.303714285714286,2.50013717629488,0.0857137553898496,24.3241038579632,9.28644938724688e-11,0.0107210647109384,0.0738699438056356,0.998510575028866
66,23,"constrained",0.303714285714286,2.88695605085544,0.303714285714286,27.8306903637632,1.33227351373222e-09,0.00919330636979639,0.0821265236983244,1.00004816669343
66,24,"standard",0.303714285714286,2.54853399063094,0.0835167038389483,26.0338452643568,1.0384815229969e-10,0.0104993432851617,0.0697726141603159,0.994710735892544
66,24,"constrained",0.303714285714286,2.9543630034733,0.303714285714286,29.801077376689,1.26060806238115e-09,0.00903628958843388,0.0789800839115404,0.996143009864299
66,25,"standard",0.303714285714286,2.54574121297259,0.0784249977123623,25.1224226006756,1.05146336082385e-10,0.0103637311913912,0.0729326203788148,0.992862699383556
66,25,"constrained",0.303714285714286,2.96462435096253,0.303714285714286,28.7974066548686,1.00014041493068e-09,0.00903305583501485,0.0828743971275934,0.994380567926834
67,4,"standard",0.290285714285714,1.50783908002786,0.268592003418641,8.16555977214535,3.29736238313671e-14,0.0200323311994833,0.907480621927365,2.01950963647894
67,4,"constrained",0.290285714285714,1.5460933965878,0.290285714285714,8.3466506331664,7.4495964952348e-14,0.0172836614467802,0.910960586163168,2.019664217951
67,5,"standard",0.290285714285714,1.93403157985341,0.238239074363288,12.0171081039032,2.26770824340861e-11,0.0171663003452666,0.749293102627965,1.8948232255764
67,5,"constrained",0.290285714285714,2.03931078124276,0.290285714285714,12.594116178582,2.18306545063385e-09,0.012476385349466,0.753800348121292,1.89527488888446
67,6,"standard",0.290285714285714,2.10030679850932,0.208531145955118,15.7077025524308,3.80695475143966e-11,0.0211403844089313,0.505672317536267,1.66116621023318
67,6,"constrained",0.290285714285714,2.26219314387203,0.290285714285714,16.921131557152,1.70208935834637e-09,0.0155838334546387,0.509044429981558,1.66188150833195
67,7,"standard",0.290285714285714,2.32730902572474,0.188476174814995,19.1811975457611,9.6734953380917e-11,0.0191983835463936,0.404306789634688,1.57542127137907
67,7,"constrained",0.290285714285714,2.52646426316613,0.290285714285714,20.784775485321,1.20173648809896e-09,0.0139479299360093,0.408747935370529,1.5754896713253
67,8,"standard",0.290285714285714,2.42047471832421,0.171026163876478,20.245654997009,1.51680779048036e-10,0.0176886136197368,0.309707306999986,1.47961465261995
67,8,"constrained",0.290285714285714,2.64949543475907,0.290285714285714,22.0842076205345,1.05274855499715e-09,0.0128621193619978,0.315177442281957,1.48058596159418
67,9,"standard",0.290285714285714,2.50608805742792,0.149239395330899,22.3621839178963,1.87242998883619e-10,0.0163105514767676,0.226224768543312,1.39111251850188
67,9,"constrained",0.290285714285714,2.76666876406108,0.290285714285714,24.6827122249941,1.04531355793469e-09,0.0117246379071006,0.231511814764118,1.39183016912249
67,10,"standard",0.290285714285714,2.60617778924065,0.13873641219441,23.5221517081724,5.6899773781538e-10,0.0136128254848731,0.158740740507215,1.31808131461616
67,10,"constrained",0.290285714285714,2.88077893547564,0.290285714285714,25.9509741063963,1.80858467091483e-09,0.00994746069557772,0.167477020055215,1.31857359331043
67,11,"standard",0.290285714285714,2.60052555366652,0.137941583048845,23.6897829713852,1.04304065384753e-09,0.0146969190414949,0.15534872695921,1.27884211724325
67,11,"constrained",0.290285714285714,2.86838029621039,0.290285714285714,26.4542972819381,1.14038845033804e-09,0.0114828512495365,0.15949933155219,1.27967180821335
67,12,"standard",0.290285714285714,2.61092692073147,0.131470326869051,24.6133671993159,1.07044362263053e-09,0.0142949734238867,0.137263330452542,1.24214283608029
67,12,"constrained",0.290285714285714,2.88468685631505,0.290285714285714,27.080083061155,1.41537115361245e-09,0.0113310979415775,0.141732072376318,1.2433223938125
67,13,"standard",0.290285714285714,2.69875214557276,0.126581750739495,26.0575158794926,1.55385448952217e-09,0.0128969044164513,0.106436927824656,1.19375598079986
67,13,"constrained",0.290285714285714,2.98994962268639,0.290285714285714,28.6651311491661,2.03304262313964e-09,0.0102750760365909,0.112488990272154,1.19482843961521
67,14,"standard",0.290285714285714,2.6948856913682,0.125356474735231,25.9992014571363,1.87644610960547e-09,0.0121040772825849,0.109133167430337,1.14143989590145
67,14,"constrained",0.290285714285714,2.98419080234781,0.290285714285714,28.5818866037974,1.95397936719743e-09,0.0099189592373727,0.116217658124651,1.14254156136798
67,15,"standard",0.290285714285714,2.66249064603508,0.119941496395502,24.1860107892818,1.7316169609316e-09,0.0121962568771397,0.0869590104825164,1.10519069116402
67,15,"constrained",0.290285714285714,2.94410947023218,0.290285714285714,26.8602028022183,1.1354094331395e-09,0.0101006748990557,0.0943913408076238,1.10614486781871
67,16,"standard",0.290285714285714,2.71453632318484,0.112636262841322,26.3196387667886,1.8545229796274e-09,0.0119200853005714,0.0510145866248148,1.07307121601334
67,16,"constrained",0.290285714285714,3.01697513966356,0.290285714285714,29.1088332442667,2.00035843445079e-09,0.00983084250184326,0.0584901096593269,1.0745190271749
67,17,"standard",0.290285714285714,2.71539223116411,0.111580299838672,26.6136764111528,1.8463757189835e-09,0.0114124584287122,0.052972954164173,1.05186237397021
67,17,"constrained",0.290285714285714,3.02000844387014,0.290285714285714,29.6313620838038,1.20946536119604e-09,0.00960163687464729,0.0613325667470264,1.05313322207358
67,18,"standard",0.290285714285714,2.70961340248942,0.110261112300034,26.5140384355695,2.28428220783172e-09,0.0109223248716408,0.0546247879028758,1.0387287018525
67,18,"constrained",0.290285714285714,3.00916462662825,0.290285714285714,29.4565719163738,1.39693467904323e-09,0.00938273639458656,0.0642359566642394,1.04016760474625
67,19,"standard",0.290285714285714,2.73320290130921,0.107580357253187,27.1767940556081,2.1094237467878e-15,0.0104488713092552,0.0449868291638209,1.02479541372198
67,19,"constrained",0.290285714285714,3.03780500595265,0.290285714285714,30.2298267961151,1.10257952767867e-09,0.00910799158070183,0.0543630912641833,1.02598829295708
67,20,"standard",0.290285714285714,2.72784943781845,0.101235118239095,29.4740134491938,1.99840144432528e-15,0.0106462109441784,0.0285305466596482,1.0123786303952
67,20,"constrained",0.290285714285714,3.04017350880425,0.290285714285714,33.0971881176847,1.40304751150566e-09,0.00939122335010373,0.0387354637841604,1.01382981027737
67,21,"standard",0.290285714285714,2.69013546314585,0.094768510371759,29.1779303122917,1.4432899320127e-15,0.0106831823762699,0.0356751157107311,1.00827646350835
67,21,"constrained",0.290285714285714,3.00275149078925,0.290285714285714,32.9348590670914,1.74262149155169e-09,0.00956797773009391,0.0458820354794032,1.01000035869629
67,22,"standard",0.290285714285714,2.70998824725299,0.0940980941684094,29.7025165772286,1.55431223447522e-15,0.0104090851297656,0.0327058474148663,1.00178962890003
67,22,"constrained",0.290285714285714,3.02465620224297,0.290285714285714,33.4533615306258,1.461132159708e-09,0.00946670288415546,0.0432720088731555,1.00358076059197
67,23,"standard",0.290285714285714,2.70990331352842,0.0863936875521045,26.8900278116385,8.32667268468867e-16,0.0105791839371553,0.0146852334366763,0.994938819134305
67,23,"constrained",0.290285714285714,3.04048038558494,0.290285714285714,30.082807962052,1.50420942368612e-09,0.00958160052072002,0.0238412365244054,0.99647921392081
67,24,"standard",0.290285714285714,2.70876090037098,0.0865565699217135,26.8438354327756,1.38777878078145e-15,0.0103120535113734,0.015118174923602,0.990121926504108
67,24,"constrained",0.290285714285714,3.03864144999174,0.290285714285714,30.0002339954548,1.92925742048544e-09,0.00940511787663815,0.0245760732108709,0.991813066150398
67,25,"standard",0.290285714285714,2.71849779822065,0.0878297369074322,27.515437096556,8.88178419700125e-16,0.0101599261944189,0.0108894185899402,0.989479151662661
67,25,"constrained",0.290285714285714,3.0484050432592,0.290285714285714,30.7369527423584,1.1134350108577e-09,0.00935336943400916,0.0204765286094108,0.9913975318747
68,4,"standard",0.302571428571429,1.3741132656405,0.2688489509603,7.78439290921411,1.18793863634892e-14,0.0242438748822053,1.04180083284232,2.06474302126586
68,4,"constrained",0.302571428571429,1.43182373164529,0.302571428571428,8.07182708281952,1.58761892521397e-14,0.0199394488669737,1.04338080231789,2.06515464851973
68,5,"standard",0.302571428571429,1.69486806860651,0.244701355218861,10.7792682876152,3.81694675866129e-13,0.0190865878565654,0.865841773719371,1.92470142453689
68,5,"constrained",0.302571428571429,1.80269336667392,0.302571428571428,11.3836971050535,1.66006269841645e-09,0.0141053049178805,0.865939967664706,1.92515995942209
68,6,"standard",0.302571428571429,1.98259434785866,0.226571787276455,13.5675573804848,2.53617127299322e-11,0.0146951909711319,0.567421055453782,1.68272698056931
68,6,"constrained",0.302571428571429,2.12214911869163,0.302571428571428,14.4088483983688,1.76499470594393e-09,0.0105061009847646,0.569425063250888,1.68402319969643
68,7,"standard",0.302571428571429,2.26648932938345,0.195062346809012,17.6986378174382,1.06296305091291e-10,0.0158216481557219,0.458216327419988,1.59822732126423
68,7,"constrained",0.302571428571429,2.46581371603082,0.302571428571428,19.099517742817,1.77396375367067e-09,0.0110363876952417,0.465566696449075,1.60013327210342
68,8,"standard",0.302571428571429,2.45219429686445,0.169174301270304,19.3081325857778,2.99678615256482e-10,0.0144881985171198,0.337257957517312,1.4833556545852
68,8,"constrained",0.302571428571429,2.71340137130288,0.302571428571428,21.1028670777287,1.98959232422524e-09,0.00922194591696522,0.349726400196705,1.48561775156761
68,9,"standard",0.302571428571429,2.47087840377752,0.147651011612861,21.2954813397931,3.15740211753734e-10,0.0144414957030986,0.245428800301779,1.387237381166
68,9,"constrained",0.302571428571429,2.75905980332745,0.302571428571428,23.7522555313787,1.47488443680288e-09,0.00919783194218637,0.255325724786155,1.38906104226806
68,10,"standard",0.302571428571429,2.49607397629055,0.143609554839747,21.6707554451764,4.70948835484819e-10,0.0122426538637801,0.220306423985077,1.32748497998024
68,10,"constrained",0.302571428571429,2.78427438680002,0.302571428571428,24.1184542696113,9.21860809910413e-10,0.00825995306638478,0.232932326738219,1.33022598940778
68,11,"standard",0.302571428571429,2.48147559650565,0.1415606498199,22.0448573766915,4.69213778941935e-10,0.0118204861662486,0.209164749848577,1.28805737224608
68,11,"constrained",0.302571428571429,2.76451299869421,0.302571428571428,24.6530787654909,1.27749072431627e-09,0.00840850273913526,0.220301847833911,1.29003099370164
68,12,"standard",0.302571428571429,2.56840492264249,0.12789395865125,24.5485571377518,6.82272793817162e-10,0.011838076451594,0.174751291080021,1.25194631166491
68,12,"constrained",0.302571428571429,2.87946962655926,0.302571428571428,27.7464508513677,1.53183782325428e-09,0.00857370590401787,0.187972829962227,1.25432521129081
68,13,"standard",0.302571428571429,2.57318321868031,0.125902386785084,25.0804082341327,6.77920497516027e-10,0.0110956511006324,0.156836303879413,1.20831780518216
68,13,"constrained",0.302571428571429,2.88685176497338,0.302571428571428,28.4014996266012,1.47965800723071e-09,0.00829348276920545,0.169729434729885,1.21063354204645
68,14,"standard",0.302571428571429,2.57268790134123,0.122155591904376,23.3465679422633,7.02458313739385e-10,0.0106561498067418,0.139023677184504,1.15638846285332
68,14,"constrained",0.302571428571429,2.8837559629709,0.302571428571428,26.2435460160385,1.79037590308795e-09,0.0080886009065705,0.15212039748309,1.15868866809086
68,15,"standard",0.302571428571429,2.59127043212275,0.121807573183863,23.569757841791,1.00829733451491e-09,0.0101095660605243,0.131389771362596,1.12888496889271
68,15,"constrained",0.302571428571429,2.89907030523689,0.302571428571428,26.4216496861769,1.00782521217369e-09,0.00822465892652724,0.146185042543827,1.13180458867352
68,16,"standard",0.302571428571429,2.63266894339712,0.118845972939851,24.6893175540833,1.11812803460509e-09,0.0098115678216697,0.117413782268684,1.10254921549073
68,16,"constrained",0.302571428571429,2.95570413328247,0.302571428571428,27.7350709439217,1.32629912608095e-09,0.00795007025231612,0.133599104076661,1.1059618688408
68,17,"standard",0.302571428571429,2.64038509164187,0.113032226249284,25.6225557166646,1.17686571599052e-09,0.00940928348708418,0.105236165700587,1.07864105353363
68,17,"constrained",0.302571428571429,2.96655501759919,0.302571428571428,28.8981117507345,1.10559966737256e-09,0.00768775129072286,0.122042759903671,1.08208163784882
68,18,"standard",0.302571428571429,2.63751977745867,0.110540952485858,24.8673868549909,1.22538124092131e-09,0.00913600207867963,0.0992922246217187,1.05839855833935
68,18,"constrained",0.302571428571429,2.96204789546499,0.302571428571428,27.9568836486717,1.16300358232735e-09,0.00757031075447395,0.115958817645055,1.06148315627341
68,19,"standard",0.302571428571429,2.63292742697984,0.109209186535773,24.7920564377604,1.46133971590245e-09,0.00885126148005538,0.100478206029833,1.04787312490519
68,19,"constrained",0.302571428571429,2.95413997642777,0.302571428571428,27.8257333876727,1.13938747325903e-09,0.00752726803082513,0.117790751847308,1.05129541524339
68,20,"standard",0.302571428571429,2.63262654832318,0.108990110490228,24.8438600467671,1.54994050927115e-09,0.00889870616326315,0.100083840930621,1.03598079804838
68,20,"constrained",0.302571428571429,2.95335153067253,0.302571428571428,27.9105946635586,1.15230114339226e-09,0.00774220180664476,0.117279866578833,1.03951955011422
68,21,"standard",0.302571428571429,2.61060912374837,0.105890595620372,24.624573404909,1.86438409155443e-09,0.00907168820954267,0.104027848129876,1.02915420505541
68,21,"constrained",0.302571428571429,2.92686209592221,0.302571428571428,27.6820334236721,1.60770291524059e-09,0.00815754080246405,0.121900396634284,1.03284306321843
68,22,"standard",0.302571428571429,2.6105900449725,0.100962453260052,23.8024343665165,1.80578840769385e-09,0.00914572092649362,0.0951448546417248,1.01822485020777
68,22,"constrained",0.302571428571429,2.93081873766145,0.302571428571428,26.4726411863776,1.1668765398376e-09,0.00823031359270326,0.113104841204373,1.02165647500051
68,23,"standard",0.302571428571429,2.57144629856499,0.0945973490013153,22.8311731288075,1.9123937988752e-09,0.00939716883941547,0.0845151828670918,1.01060324708271
68,23,"constrained",0.302571428571429,2.89277708932815,0.302571428571428,25.3715236801807,1.04628744557189e-09,0.00839678125583447,0.102390755830712,1.01341195982684
68,24,"standard",0.302571428571429,2.56636390298463,0.091930405485781,23.599630456182,1.88531812383985e-09,0.009341275677453,0.0794398391785283,1.00800022281228
68,24,"constrained",0.302571428571429,2.88824595339062,0.302571428571428,26.3139296051657,1.11752967990597e-09,0.00838145697558239,0.0974407446766348,1.01086656844129
68,25,"standard",0.302571428571429,2.55855595197897,0.0874183839570356,22.3954563445766,1.84242388012734e-09,0.00950708315968499,0.0722349633458386,1.00618417540681
68,25,"constrained",0.302571428571429,2.88342180053639,0.302571428571428,24.879045328052,1.28458155224109e-09,0.0085573896370401,0.0898306165761333,1.0094751870047
69,4,"standard",0.299857142857143,1.25168802273279,0.280101559620033,7.18601471979539,7.04991620636974e-15,0.0232055279364883,0.969498561911431,2.03616454344272
69,4,"constrained",0.299857142857143,1.28191661481599,0.299857142857143,7.34059924086505,8.88178419700125e-15,0.020669389599912,0.971398892947076,2.03595466340413
69,5,"standard",0.299857142857143,1.57656591656413,0.251989960577092,10.3027786897129,7.41628980449605e-14,0.0193681909735085,0.787717991095476,1.8968181124417
69,5,"constrained",0.299857142857143,1.65863731834394,0.299857142857143,10.7882998292145,2.28946933633623e-09,0.015285325385473,0.789785534231044,1.89671943039055
69,6,"standard",0.299857142857143,1.75055426810763,0.221307501574693,13.5768448925839,4.89386309254769e-13,0.0216001019781302,0.509977122224307,1.65928805817776
69,6,"constrained",0.299857142857143,1.87848297819803,0.299857142857143,14.5924074772914,1.92318455605189e-09,0.0168026926048842,0.514426826012578,1.65929957398101
69,7,"standard",0.299857142857143,1.84623533553942,0.200369966674958,16.3213693789444,7.41517958147142e-13,0.0213263372298145,0.406299999784012,1.56598509218484
69,7,"constrained",0.299857142857143,1.98481363013255,0.299857142857143,17.698438674951,1.81358184025981e-09,0.0164780507187982,0.409618323621362,1.56647710578189
69,8,"standard",0.299857142857143,1.92357030698875,0.182513010755696,17.1010423439143,1.88593585193075e-12,0.0179103307971646,0.314195456188473,1.46260786947025
69,8,"constrained",0.299857142857143,2.07178693617134,0.299857142857143,18.5565403230278,1.94920296570089e-09,0.0133158811791321,0.319626314117982,1.46302169490171
69,9,"standard",0.299857142857143,1.97533338262398,0.164372554875322,18.3277674676746,2.70317102035733e-12,0.016434886800008,0.255774701770537,1.38463012584328
69,9,"constrained",0.299857142857143,2.14552024897654,0.299857142857143,20.1219421444969,1.15425158320193e-09,0.0121108971487889,0.26356781712878,1.38522612267203
69,10,"standard",0.299857142857143,2.00517955647319,0.15019431163378,19.6883171231502,2.80719891776471e-12,0.0154098694301057,0.198982946642989,1.3162731568172
69,10,"constrained",0.299857142857143,2.18998670114113,0.299857142857143,21.8504144337242,1.79573367287134e-09,0.0115173167508571,0.208888087923145,1.31718799412083
69,11,"standard",0.299857142857143,2.01110790908411,0.145187093930455,20.3132708558093,3.17001980221221e-12,0.0146436239499498,0.209230058829942,1.2785478638532
69,11,"constrained",0.299857142857143,2.1956416795311,0.299857142857143,22.506270921701,1.15074538786786e-09,0.0113545930666549,0.218006888211443,1.27955170331915
69,12,"standard",0.299857142857143,2.00591959606992,0.137142905643616,18.7338200465197,3.13338244239958e-12,0.0142690927019462,0.18227991053382,1.23948164852078
69,12,"constrained",0.299857142857143,2.19682403838874,0.299857142857143,20.6022304267121,1.04022679359161e-09,0.0111371385151054,0.189708407918753,1.24066644319141
69,13,"standard",0.299857142857143,2.01443585470432,0.134482582142577,19.4327250513134,3.10140801929037e-12,0.0133517810021593,0.164194736302915,1.19118816878449
69,13,"constrained",0.299857142857143,2.21115127436598,0.299857142857143,21.4715916653753,9.54009260478728e-10,0.0105301528364694,0.171717736178756,1.19242607138782
69,14,"standard",0.299857142857143,2.02028337243401,0.132281632330952,19.6370187293081,3.29125615650128e-12,0.0125453131523803,0.153453698507842,1.14096644611149
69,14,"constrained",0.299857142857143,2.21926369262476,0.299857142857143,21.7115234863802,1.89100768377415e-09,0.0100585766749842,0.16099599154817,1.14221314750859
69,15,"standard",0.299857142857143,2.02798157209078,0.126608598937799,21.0158183595029,3.28914673275449e-12,0.0125621057996082,0.122779854252276,1.10370444239174
69,15,"constrained",0.299857142857143,2.23749792016509,0.299857142857143,23.5176059675432,1.10251463514288e-09,0.0100450049549493,0.130204174311736,1.10496343820589
69,16,"standard",0.299857142857143,2.05108725213537,0.119264782523023,18.8215497870094,3.43314265904837e-12,0.0125256916928456,0.0900130548745537,1.07206360461119
69,16,"constrained",0.299857142857143,2.26910177445807,0.299857142857143,20.9396013824085,1.72251218844011e-09,0.0100559563929833,0.0973763036396527,1.0735477570843
69,17,"standard",0.299857142857143,2.09262452747723,0.112339219148863,19.8547397060663,5.41844347168308e-12,0.0116304811281695,0.0657394222284475,1.0537233662604
69,17,"constrained",0.299857142857143,2.31819860402689,0.299857142857143,22.1577401794276,1.50708795443322e-09,0.00946398851984033,0.0740150100476153,1.05483633438148
69,18,"standard",0.299857142857143,2.10228992138046,0.108145285235819,20.6389918025,5.57087709296411e-12,0.0113372671171403,0.0535636246733464,1.03758684110706
69,18,"constrained",0.299857142857143,2.33375250595304,0.299857142857143,23.1455741358272,1.51091661404479e-09,0.00938518423655555,0.0618241460430884,1.03872493281105
69,19,"standard",0.299857142857143,2.10129020860913,0.107085173679839,20.5959103616758,5.60829160889398e-12,0.0110240786724332,0.0543911297820463,1.02382543471871
69,19,"constrained",0.299857142857143,2.33241699389526,0.299857142857143,23.0851697212182,1.58936469540905e-09,0.00927928871909532,0.0628579974441443,1.02516934670942
69,20,"standard",0.299857142857143,2.1026580107075,0.104300553124293,19.7078256548568,5.84732262609577e-12,0.010806611956969,0.0457256811426987,1.01028463680131
69,20,"constrained",0.299857142857143,2.33437237813676,0.299857142857143,22.0474100136665,1.51830592542979e-09,0.00920725840195044,0.0539445730851487,1.01139992459247
69,21,"standard",0.299857142857143,2.10074995160524,0.101006926325568,19.3981680389392,6.00641758552456e-12,0.0105131355652087,0.0493808310427308,1.00214095798595
69,21,"constrained",0.299857142857143,2.33391353124167,0.299857142857143,21.6283293739615,1.93598803654993e-09,0.0090996410857657,0.0580901015395483,1.00333880456105
69,22,"standard",0.299857142857143,2.1120253451686,0.0972667629538473,18.4447019950003,7.10131953240989e-12,0.010244591441007,0.04235424281074,0.992088687627234
69,22,"constrained",0.299857142857143,2.34680267699504,0.299857142857143,20.5053568129592,9.74023139921343e-10,0.00896171556006976,0.0509472770623836,0.993142012089185
69,23,"standard",0.299857142857143,2.11233566196293,0.094560674710209,17.7493445266481,6.77036204876913e-12,0.0102401951466985,0.0392926709224035,0.98978298974607
69,23,"constrained",0.299857142857143,2.34621660514859,0.299857142857143,19.6846451599899,1.16634912838975e-09,0.00904020667857213,0.0486696947493126,0.990967108058338
69,24,"standard",0.299857142857143,2.08930680376667,0.0871352470792691,16.3885537435794,6.05382410867605e-12,0.0103633954013734,0.0199498109771294,0.987094434931426
69,24,"constrained",0.299857142857143,2.32623295449526,0.299857142857143,18.1352170450528,1.65521513162403e-09,0.00913151784524163,0.0280140524391079,0.988346728742479
69,25,"standard",0.299857142857143,2.0884342317502,0.0875199883408742,16.3051313678243,6.85718148929482e-12,0.0102503006151068,0.0203772291045601,0.986139798072242
69,25,"constrained",0.299857142857143,2.32534092379955,0.299857142857143,18.0258291688765,1.45557882413883e-09,0.00914301674199969,0.0284974460427332,0.987442011026659
70,4,"standard",0.299285714285714,1.18550352819982,0.277166367382191,7.05504694037431,1.98208538471079e-09,0.026299276234279,0.959995822122025,2.05564932592468
70,4,"constrained",0.299285714285714,1.21735695847397,0.299285714285714,7.23696043205972,3.17662474103031e-09,0.0235525124768613,0.963663478674405,2.05572547649161
70,5,"standard",0.299285714285714,1.45677873170738,0.251497263719274,9.55722924113813,1.19348975147204e-14,0.0204544350268826,0.792581935700323,1.91662933630651
70,5,"constrained",0.299285714285714,1.53307739191154,0.299285714285714,10.0204218505366,2.17022039228354e-09,0.016105936927921,0.796789658220888,1.9170991777327
70,6,"standard",0.299285714285714,1.70685803385777,0.226204058799019,12.2598463638848,4.2188474935756e-13,0.0180274104330366,0.532304077655276,1.67699774755303
70,6,"constrained",0.299285714285714,1.82019169360117,0.299285714285714,13.0087798685256,1.88838183978746e-09,0.0137820522726207,0.541241092660639,1.67762587995579
70,7,"standard",0.299285714285714,1.9008126657521,0.203697457816666,14.8333390014971,2.40862885192428e-12,0.0163727299822351,0.385188093625014,1.57243062900406
70,7,"constrained",0.299285714285714,2.04190749568944,0.299285714285714,15.8490729447428,1.9102138204552e-09,0.0125918215595385,0.392051297567172,1.57322766768832
70,8,"standard",0.299285714285714,1.93782270414843,0.17053971270516,17.0577170899052,2.5400792580399e-12,0.0194481762953025,0.231106957749081,1.46765588626225
70,8,"constrained",0.299285714285714,2.11851579044825,0.299285714285714,18.8246524076687,2.04559669203519e-09,0.0147035952159042,0.234041898094268,1.46973711918768
70,9,"standard",0.299285714285714,2.00998209724919,0.147399401647831,19.0411002514259,3.18578496916189e-12,0.0180099970494565,0.133551428682923,1.38125430793364
70,9,"constrained",0.299285714285714,2.22142730430908,0.299285714285714,21.3779101762575,1.28218857753382e-09,0.0132980986384577,0.13664266594587,1.38325408702339
70,10,"standard",0.299285714285714,2.02104834059737,0.138785260168231,20.0191787555864,3.31312755008639e-12,0.0168145882356817,0.0958412410843703,1.31904700249541
70,10,"constrained",0.299285714285714,2.23741062246131,0.299285714285714,22.5838280078478,1.99821109658771e-09,0.0127450460940508,0.099432680493555,1.32107610705206
70,11,"standard",0.299285714285714,2.01745806909816,0.134759530520576,19.7619648618544,3.27704530178607e-12,0.0149325416614774,0.104238454490938,1.27959202013633
70,11,"constrained",0.299285714285714,2.23268456613487,0.299285714285714,22.2807791566166,1.88117876831484e-09,0.0114352262875987,0.108009846036073,1.28146406850605
70,12,"standard",0.299285714285714,2.03823534683966,0.127576712996473,20.5179126002948,3.50752760169826e-12,0.0141256861898863,0.0765240880277105,1.23650330494694
70,12,"constrained",0.299285714285714,2.26389054449567,0.299285714285714,23.2474563270916,1.60246654834495e-09,0.0110445284910873,0.0789785456774794,1.23831072374157
70,13,"standard",0.299285714285714,2.05929559336325,0.123730640607033,21.3738666094589,3.63420404880799e-12,0.0130395725931696,0.055704872749331,1.19150646045533
70,13,"constrained",0.299285714285714,2.2948679485357,0.299285714285714,24.3327158895227,1.51230999945184e-09,0.0102447763521165,0.0586751361507911,1.19324710929519
70,14,"standard",0.299285714285714,2.08011410146717,0.117391470572907,22.0933136158362,4.00757205198943e-12,0.0124960748296294,0.0266587945120262,1.13733058941203
70,14,"constrained",0.299285714285714,2.32364610140738,0.299285714285714,25.2557629173051,1.54200996416165e-09,0.00993276675912165,0.0296581620510743,1.13924160188262
70,15,"standard",0.299285714285714,2.09236033596407,0.116697405351481,22.2367641492283,5.3543836031622e-12,0.0115917112138416,0.0177503779518444,1.10916176993111
70,15,"constrained",0.299285714285714,2.3359177240413,0.299285714285714,25.3858852818783,1.70709685276549e-09,0.00946538428652357,0.0221476123615219,1.11048044681565
70,16,"standard",0.299285714285714,2.10714353322018,0.114706875748811,22.8732602355532,5.69277958106795e-12,0.0111693299708322,0.000293500868903784,1.07507936588174
70,16,"constrained",0.299285714285714,2.35531628691279,0.299285714285714,26.1431463477731,1.73225950250711e-09,0.00920459671381482,0.00520310599225304,1.07619322762023
70,17,"standard",0.299285714285714,2.10620555416502,0.108462168908298,22.6784321908311,5.69821967388862e-12,0.0111891551576954,0.0117760223472763,1.05368646283365
70,17,"constrained",0.299285714285714,2.3562206245657,0.299285714285714,25.9198041187453,1.92585775105059e-09,0.00953587203550292,0.0179207974229065,1.05459214440276
70,18,"standard",0.299285714285714,2.11343814925652,0.104280271422374,23.3032426948104,5.90516524567875e-12,0.0108327004159468,0.00709175036607768,1.04007920068637
70,18,"constrained",0.299285714285714,2.37157772767087,0.299285714285714,26.8030955692381,1.44087408671112e-09,0.00924343756976159,0.0128821689859588,1.04081975107675
70,19,"standard",0.299285714285714,2.12541566940364,0.106202530385504,23.7427457256503,6.24111873293032e-12,0.0102903685768587,0.000880630462122056,1.02411403290595
70,19,"constrained",0.299285714285714,2.38596357816331,0.299285714285714,27.3022373359277,1.61486912730879e-09,0.00887676182151238,0.00548616663407842,1.02465125062453
70,20,"standard",0.299285714285714,2.13513945160561,0.10366984597777,20.9200314142451,7.17015335993665e-12,0.0101199001485481,0.0219552453211982,1.01029301967146
70,20,"constrained",0.299285714285714,2.39654066953709,0.299285714285714,23.8177803660155,1.55919765987278e-09,0.00880383614664322,0.0148245383002097,1.01103276968977
70,21,"standard",0.299285714285714,2.13345332204828,0.102943179784894,20.8920469190988,8.70903349436958e-12,0.00991735014285048,0.0214494016591731,1.00206043117729
70,21,"constrained",0.299285714285714,2.39351122553875,0.299285714285714,23.7673652008855,1.58507112990591e-09,0.00886371780557679,0.0138249636319951,1.00257245814083
70,22,"standard",0.299285714285714,2.14159245946981,0.0941567585862038,18.8397698028172,7.9068973590779e-12,0.0104980789686186,0.0394634943682268,0.993511380247642
70,22,"constrained",0.299285714285714,2.425584393923,0.299285714285714,21.3022953005351,1.93873733733696e-09,0.00935886386356348,0.0326093931910103,0.994428607144176
70,23,"standard",0.299285714285714,2.14306601411245,0.0953633566873335,18.1900378201352,7.99937893702918e-12,0.0101006190617299,0.0326207675439099,0.989254257544237
70,23,"constrained",0.299285714285714,2.42777805070159,0.299285714285714,20.5174670078128,1.78239090153909e-09,0.00909538553570776,0.0261886924981098,0.990165419586396
70,24,"standard",0.299285714285714,2.15201072988571,0.0948325378507224,18.3292784189924,1.16310294728805e-11,0.00987309932455562,0.0351070150387018,0.983196455410955
70,24,"constrained",0.299285714285714,2.4347333281829,0.299285714285714,20.6202969397096,1.33436317550917e-09,0.009043639744689,0.0281203568791835,0.984085275485465
70,25,"standard",0.299285714285714,2.15043842725078,0.095913337815872,18.1205045970609,1.18189902309496e-11,0.00947266666000447,0.0328614274450283,0.980801521259452
70,25,"constrained",0.299285714285714,2.43404078424652,0.299285714285714,20.3625389411928,1.52364554306672e-09,0.00877646478271027,0.0257517285061359,0.981648586898319
71,4,"standard",0.302571428571429,1.43094743686088,0.25804435565532,8.3514718179469,9.71445146547012e-15,0.0275321950214415,0.918816824444236,2.03115363686712
71,4,"constrained",0.302571428571429,1.51180996107003,0.302571428571428,8.79106765114139,1.11022302462516e-14,0.0219670241022867,0.923838102333415,2.03138955734841
71,5,"standard",0.302571428571429,1.7067016728816,0.234458650808036,11.4330661683005,2.06834549487667e-13,0.0228289353464594,0.740763544410475,1.88704796432418
71,5,"constrained",0.302571428571429,1.83630056162433,0.302571428571428,12.274941551947,1.73913017320615e-09,0.0166825520535655,0.740641045167245,1.88724826582689
71,6,"standard",0.302571428571429,1.96256210387502,0.198700801467624,16.1140620732237,1.09634523681734e-12,0.025957877273775,0.433731798982863,1.65246497348595
71,6,"constrained",0.302571428571429,2.15941624868538,0.302571428571428,17.8657983410389,1.60909352509009e-09,0.0191689139623744,0.434268459231514,1.65353152538056
71,7,"standard",0.302571428571429,2.09029159639186,0.17745878628776,19.5070338485734,2.10109707410311e-12,0.0250526691244341,0.336161562777428,1.57243003960406
71,7,"constrained",0.302571428571429,2.32231907493622,0.302571428571428,22.0079149270455,1.25439836295982e-09,0.0185185362389132,0.337827077627493,1.57426122262472
71,8,"standard",0.302571428571429,2.12247861349964,0.168948973449831,19.8953509401742,3.30613314503125e-12,0.0209589492830494,0.302986428178508,1.4863329547155
71,8,"constrained",0.302571428571429,2.36037690363859,0.302571428571428,22.4523177556455,1.46091594377395e-09,0.015339681337631,0.307692453593521,1.48837331895573
71,9,"standard",0.302571428571429,2.18672359470518,0.152000046208615,21.389127406095,4.36417568749903e-12,0.0180125663334453,0.223134616023479,1.39725832550396
71,9,"constrained",0.302571428571429,2.45412992665053,0.302571428571428,24.4153731706151,1.60257618286863e-09,0.0127463995666758,0.230308798640123,1.39902372271674
71,10,"standard",0.302571428571429,2.21227645790432,0.143831887900568,22.2454715878045,4.96336305388922e-12,0.0160430445854389,0.192868875437541,1.33380506691753
71,10,"constrained",0.302571428571429,2.49165262851341,0.302571428571428,25.5263541602766,1.4973260964446e-09,0.0114323320518823,0.201064081001936,1.33573404021206
71,11,"standard",0.302571428571429,2.21768780289439,0.142514787453663,22.5045933721145,5.46507283871733e-12,0.0143591501508832,0.184460617950464,1.29570193790663
71,11,"constrained",0.302571428571429,2.49971979601192,0.302571428571428,25.8567902751151,1.18218185241048e-09,0.0105075920804202,0.192423985889146,1.29714735541723
71,12,"standard",0.302571428571429,2.19950311415235,0.133777803335907,20.1505887894677,5.26856336335868e-12,0.0144563036000264,0.149910831920078,1.256012786417
71,12,"constrained",0.302571428571429,2.47974997759071,0.302571428571428,22.9255608575395,1.51411105875354e-09,0.0107512933148983,0.156513530917156,1.25785133918358
71,13,"standard",0.302571428571429,2.20792440891349,0.130653277052303,20.6998054951812,5.26179100290847e-12,0.0139178395014731,0.132564532565166,1.20618893888775
71,13,"constrained",0.302571428571429,2.49678210450788,0.302571428571428,23.6834777585458,9.40424682571717e-10,0.0107014497613324,0.13851810359708,1.20778086811308
71,14,"standard",0.302571428571429,2.20510932797534,0.124003152165847,20.5229270562373,5.22593079921307e-12,0.0128543887014086,0.145280228111827,1.15753323448093
71,14,"constrained",0.302571428571429,2.49519287095372,0.302571428571428,23.4906112494719,9.97125548796163e-10,0.0101656553814632,0.151340514672717,1.15917525485306
71,15,"standard",0.302571428571429,2.26867847789991,0.112146758118407,23.5768749714208,5.09436937079499e-12,0.0136733374362512,0.100796852593525,1.12274696032009
71,15,"constrained",0.302571428571429,2.6171571130496,0.302571428571428,27.7800272512822,8.83512096816474e-10,0.0107630361806972,0.108932836508427,1.12513478349572
71,16,"standard",0.302571428571429,2.27269465049137,0.106439902041372,21.027897541982,4.83568740605733e-12,0.0137004883623547,0.0716685401290551,1.08631218549086
71,16,"constrained",0.302571428571429,2.62101710484261,0.302571428571428,24.6199210117123,8.5026402585342e-10,0.0108488067473926,0.0813565451083287,1.08879048058869
71,17,"standard",0.302571428571429,2.26824294691981,0.104199442906528,20.9348886649656,5.74851277690414e-12,0.0128914538199117,0.0748980898597944,1.06826475007877
71,17,"constrained",0.302571428571429,2.61527578000023,0.302571428571428,24.4899498832353,9.32481647453187e-10,0.0104808062038974,0.0863199945683846,1.0712872917367
71,18,"standard",0.302571428571429,2.26661515725101,0.103583014534213,20.7247728332971,5.75972602945285e-12,0.0122467488018891,0.0730848516006626,1.05291527607752
71,18,"constrained",0.302571428571429,2.61243553132257,0.302571428571428,24.1533426755268,1.876650390642e-09,0.0100875179404897,0.0839324564271768,1.05572152671768
71,19,"standard",0.302571428571429,2.25280351003323,0.0990443941282102,19.6264222112024,6.88105128432426e-12,0.0123045396550264,0.0636423817241418,1.03605437717531
71,19,"constrained",0.302571428571429,2.60181422512007,0.302571428571428,22.7272031291573,1.11194164986728e-09,0.0102039887282673,0.0750225379021181,1.03927862570999
71,20,"standard",0.302571428571429,2.30257124492143,0.0957823971476335,21.1242612200469,1.07589492870375e-11,0.0117532741376125,0.0486351185828173,1.0213704709977
71,20,"constrained",0.302571428571429,2.6670838005965,0.302571428571428,24.442567584188,1.51508688928104e-09,0.00984744463922584,0.0613307414494031,1.0246924252907
71,21,"standard",0.302571428571429,2.32620209346197,0.0898005757644709,22.0506789873894,1.41805456266297e-11,0.0114469568544917,0.0346896958149445,1.01300937651179
71,21,"constrained",0.302571428571429,2.70029403366916,0.302571428571428,25.6380822244401,9.35523547518358e-10,0.0097615392886532,0.0461169688040988,1.01610331822838
71,22,"standard",0.302571428571429,2.32213912607751,0.0873658040864719,21.0400411620137,1.37982958392513e-11,0.0111841205577898,0.0294201105717669,1.00334962282324
71,22,"constrained",0.302571428571429,2.69385758488719,0.302571428571428,24.4414223065403,9.76955016884773e-10,0.00960077076704047,0.0418332783099782,1.00659451131158
71,23,"standard",0.302571428571429,2.31834719603891,0.0865233631891449,20.8492144531259,1.37944100586651e-11,0.0110025864459849,0.0282000240303679,0.998384759604871
71,23,"constrained",0.302571428571429,2.68605084095302,0.302571428571428,24.1285581505905,1.06872333205388e-09,0.00954557343601977,0.0399577410184042,1.00152452157639
71,24,"standard",0.302571428571429,2.38256697761536,0.0825434111313783,23.1511036499864,1.91615612266105e-11,0.0110475862054188,0.0102788759679822,0.994115878417321
71,24,"constrained",0.302571428571429,2.77343512773983,0.302571428571428,27.0014767487234,1.68461611327331e-09,0.00964634186262608,0.0205186009178444,0.997099184830998
71,25,"standard",0.302571428571429,2.39739255918434,0.0807100597517164,23.9079663390707,2.5483615218036e-11,0.0107695500166352,0.00521830630581821,0.993372161226417
71,25,"constrained",0.302571428571429,2.7900269491063,0.302571428571428,27.8575325139264,1.24955390479187e-09,0.0095367500933643,0.015904299656559,0.996134958226993
72,4,"standard",0.299285714285714,1.10391530091609,0.292017842971654,6.5219227418548,9.87693926646216e-10,0.0231166206871241,0.957934612378857,2.0529681591498
72,4,"constrained",0.299285714285714,1.11275810152385,0.299285714285714,6.57169770122925,2.2112933706353e-09,0.0222460089538746,0.959103797120449,2.05296187173966
72,5,"standard",0.299285714285714,1.37788300051899,0.261318505822332,9.1683189597326,1.50990331349021e-14,0.0199756779602399,0.779799980763579,1.92078702993107
72,5,"constrained",0.299285714285714,1.42862677686075,0.299285714285714,9.49301867346944,2.03298355927473e-09,0.0167843347567709,0.784566491502151,1.92121233914872
72,6,"standard",0.299285714285714,1.51756531453604,0.238560953287547,11.3263922522775,3.25295346215171e-14,0.0187527707732996,0.564496355241427,1.69137981051636
72,6,"constrained",0.299285714285714,1.59321437371637,0.299285714285714,11.9104386699216,1.81430359624812e-09,0.014964064627261,0.571997819369944,1.69204501968753
72,7,"standard",0.299285714285714,1.72841621562192,0.216047564917938,13.8048969195431,4.60076421404665e-13,0.0156264034005165,0.466758375059755,1.61307031714806
72,7,"constrained",0.299285714285714,1.82833249159502,0.299285714285714,14.6009363097596,1.4260922998055e-09,0.0116477715238921,0.476237873287907,1.61379213664093
72,8,"standard",0.299285714285714,1.80287557989066,0.191690400723725,14.8810858819714,7.5950357114607e-13,0.0146827791774605,0.361757335712567,1.50318656330073
72,8,"constrained",0.299285714285714,1.91421856616597,0.299285714285714,15.8143951148681,1.67311231535905e-09,0.011101790331975,0.374126131376067,1.50427081107862
72,9,"standard",0.299285714285714,1.92248556167545,0.160887052227583,17.0039631803501,1.09223741162623e-12,0.0139458803974953,0.257112598828171,1.41267448004289
72,9,"constrained",0.299285714285714,2.08885294101797,0.299285714285714,18.5366025375758,1.10425002475267e-09,0.00971779262897499,0.271433745405563,1.41396504690714
72,10,"standard",0.299285714285714,1.97651938036578,0.144795386821393,18.4972706612875,1.4139800441626e-12,0.0134685149316225,0.198791961655328,1.33689844793744
72,10,"constrained",0.299285714285714,2.16275843729348,0.299285714285714,20.3474596993925,1.74376080241956e-09,0.00959497609447263,0.215060953032897,1.33823533107048
72,11,"standard",0.299285714285714,2.02257147070502,0.124383285942566,21.4542444775048,1.64090963039598e-12,0.0122717397841259,0.242026673582602,1.30770380697712
72,11,"constrained",0.299285714285714,2.22701800230438,0.299285714285714,23.9834223725799,9.39847089043155e-10,0.00897644444493016,0.259020000310636,1.30892502061274
72,12,"standard",0.299285714285714,2.02946644808199,0.122168134834213,21.8342271880754,1.64479541098217e-12,0.0112535732957184,0.232119291647409,1.27199378701816
72,12,"constrained",0.299285714285714,2.23620104036567,0.299285714285714,24.4280699354496,9.26173748805326e-10,0.00859506260008562,0.249453049555902,1.27348244005726
72,13,"standard",0.299285714285714,2.06335473702215,0.114464952367038,23.7188958392331,1.61781699148378e-12,0.0118070951450164,0.194993199717015,1.21757065848548
72,13,"constrained",0.299285714285714,2.29639970448336,0.299285714285714,26.9510498977929,1.13213255437117e-09,0.00910153723894518,0.211988904823454,1.21942571440945
72,14,"standard",0.299285714285714,2.09140997385858,0.108481207876458,24.6744662490869,1.7080781233858e-12,0.0110146513932048,0.16996645625034,1.16925781112636
72,14,"constrained",0.299285714285714,2.33337169292848,0.299285714285714,28.0963957856036,1.00471447828099e-09,0.00853505471414792,0.187662990339344,1.17139764167747
72,15,"standard",0.299285714285714,2.12113129160911,0.106164136071312,25.3315311006958,2.10220729712773e-12,0.0103101527543751,0.15270024647216,1.13643781262567
72,15,"constrained",0.299285714285714,2.36882282861882,0.299285714285714,28.8204296016933,9.70789226784063e-10,0.00816789662340014,0.171407342403214,1.13898465812201
72,16,"standard",0.299285714285714,2.06906409980078,0.0987375616436806,22.9230501182759,1.96387350825944e-12,0.0112814245357524,0.117153970845969,1.09359613289973
72,16,"constrained",0.299285714285714,2.3101111988033,0.299285714285714,26.0301550469049,1.72815445287355e-09,0.00906480267775128,0.133619872671577,1.09519328013992
72,17,"standard",0.299285714285714,2.09664546676601,0.093985516774988,23.6329451629652,2.31281660489913e-12,0.0110144115984888,0.101103383067579,1.07291063041827
72,17,"constrained",0.299285714285714,2.34821582176703,0.299285714285714,26.901255944228,1.02244068767021e-09,0.00903745890853873,0.117314995660742,1.07465392559422
72,18,"standard",0.299285714285714,2.11034920449383,0.0830266204824182,22.8965406589101,2.18691731390663e-12,0.0106959386342249,0.115117404462122,1.06541903148406
72,18,"constrained",0.299285714285714,2.38457884674101,0.299285714285714,26.0616014386553,9.21886456062282e-10,0.00886618362304485,0.132999461366953,1.06769720831493
72,19,"standard",0.299285714285714,2.10317043660153,0.0841290419404365,23.3594051588124,2.18369766713522e-12,0.0105225346193161,0.107373392807318,1.04819977166631
72,19,"constrained",0.299285714285714,2.37569533479102,0.299285714285714,26.7264637212025,9.98183313782874e-10,0.00880278797299603,0.124419496661597,1.05019594767636
72,20,"standard",0.299285714285714,2.07163249762468,0.0790784443476423,22.09128473593,2.08177919347463e-12,0.0105790160991159,0.0874020302304439,1.03092511465776
72,20,"constrained",0.299285714285714,2.3344326125093,0.299285714285714,25.2003964412449,1.43648237749261e-09,0.00894995251290799,0.103103989198796,1.0323575835253
72,21,"standard",0.299285714285714,2.09220977999601,0.0867375558406136,23.4243747535444,2.09654515970215e-12,0.0104149541751255,0.0743548168668244,1.01980002231377
72,21,"constrained",0.299285714285714,2.36746258306478,0.299285714285714,26.9224671358965,1.79011599987788e-09,0.00882757438497952,0.0899730001166548,1.02098876159992
72,22,"standard",0.299285714285714,2.10811822570553,0.0835966257302877,24.6817803125376,2.02549088612614e-12,0.010423409475029,0.0649265558114482,1.01011554471186
72,22,"constrained",0.299285714285714,2.39631864602086,0.299285714285714,28.5775635285202,1.342477740085e-09,0.00896216357124588,0.0801671983322976,1.01137306632096
72,23,"standard",0.299285714285714,2.09450880413893,0.0821061710959905,24.1253726433463,2.44837483620586e-12,0.010395122005727,0.0618372356626882,1.00600813413796
72,23,"constrained",0.299285714285714,2.37800699495102,0.299285714285714,27.8179050727998,1.74424158450037e-09,0.00900011057364938,0.0769010030857267,1.00691570823367
72,24,"standard",0.299285714285714,2.10204180988556,0.0785448404288931,22.5781586807442,2.51065834788733e-12,0.0103545100538446,0.058970368368743,1.00067526070864
72,24,"constrained",0.299285714285714,2.38864123736341,0.299285714285714,25.8848208047846,2.00965499796979e-09,0.00897707952178419,0.0746219972367914,1.00186147227854
72,25,"standard",0.299285714285714,2.11102967412624,0.081038755570803,23.140091351353,2.68385313972885e-12,0.0100102714120995,0.0580984517862131,0.998938434471264
72,25,"constrained",0.299285714285714,2.39809304670883,0.299285714285714,26.5040644102204,1.78483589019507e-09,0.00878863834678745,0.0741456925588633,1.00019490387233
73,4,"standard",0.3,1.1415112129603,0.26982760921231,7.26168800603208,7.50423279072265e-10,0.0336875579186075,0.90296474224863,2.05408225374604
73,4,"constrained",0.3,1.18169454592997,0.3,7.5196371994325,1.02375269372956e-09,0.0302617411239409,0.910753424775102,2.05458008340959
73,5,"standard",0.3,1.39371664068542,0.247677382195419,9.72644441819955,6.32827124036339e-15,0.0253595901610556,0.763746562455596,1.93569325991679
73,5,"constrained",0.3,1.46801634842013,0.3,10.2411230341986,2.21698320812536e-09,0.021043113113697,0.772975745986074,1.93640574375696
73,6,"standard",0.3,1.58658551653104,0.217408072455569,12.7440639095156,1.73194791841524e-14,0.0253193156715642,0.535762616256745,1.72093476308625
73,6,"constrained",0.3,1.702678832431,0.3,13.7171695789727,1.99140415269028e-09,0.0203302766273561,0.549342225864492,1.72223732896157
73,7,"standard",0.3,1.63871614953163,0.19509461759367,15.016488056604,2.91988655476416e-14,0.0257452402290515,0.456599133190786,1.63273963686422
73,7,"constrained",0.3,1.76848221618374,0.3,16.4133460475553,1.26637833552934e-09,0.020997888635342,0.470526765855763,1.63464637544774
73,8,"standard",0.3,1.75757658215324,0.167280134729633,16.6489912627414,4.32986979603811e-14,0.0241031072845652,0.324278415565768,1.5109939708007
73,8,"constrained",0.3,1.94560645836552,0.3,18.6903418811788,1.70139735633512e-09,0.0184898926535041,0.341236891954163,1.51353653786425
73,9,"standard",0.3,1.81451337685433,0.140784970205148,19.2702972821632,3.60822483003176e-14,0.0235756361262725,0.249354080043837,1.41727038012262
73,9,"constrained",0.3,2.05239837975535,0.3,22.4423128512512,1.22560062099097e-09,0.0179466322144186,0.269561019821102,1.41962982485879
73,10,"standard",0.3,1.806755111314,0.124344357482164,16.6148313876657,3.64153152077051e-14,0.0231903329253033,0.176255761868943,1.33076520793435
73,10,"constrained",0.3,2.06192985345002,0.3,19.1211700626283,2.03481420602003e-09,0.0177219020436641,0.192734817396274,1.33126356750244
73,11,"standard",0.3,1.81341162852645,0.113118179185074,18.1603137383819,3.34177130412172e-14,0.020697324606879,0.199340461908895,1.29796324822581
73,11,"constrained",0.3,2.0753895075971,0.3,21.1957941801755,1.3361542983148e-09,0.0160440346608357,0.216386792542982,1.29881323227014
73,12,"standard",0.3,1.83679152002957,0.102974597773456,16.1393184860979,3.8968828164343e-14,0.0196006049130271,0.163370581305224,1.25400629408105
73,12,"constrained",0.3,2.11702909760709,0.3,18.9130681062737,1.6465371288632e-09,0.0150470333801195,0.180231313775363,1.25428977972696
73,13,"standard",0.3,1.85675636070513,0.099232744858373,17.2201604881657,3.8968828164343e-14,0.0185717266395232,0.137436280051721,1.20546167942343
73,13,"constrained",0.3,2.1473201971396,0.3,20.0995750657269,8.76196115662253e-10,0.0143789406358387,0.155496247237937,1.20583120596023
73,14,"standard",0.3,1.84496066093613,0.0936322299530365,16.1167868310975,3.8746783559418e-14,0.0185257304577516,0.108324700857117,1.14171860818212
73,14,"constrained",0.3,2.13026207062379,0.3,18.6362796880983,1.60739915822106e-09,0.0146996484280147,0.125179629462427,1.14161036486896
73,15,"standard",0.3,1.84409282150633,0.0876498912847117,16.6878188297125,4.30766533554561e-14,0.0181846722397633,0.0723092914564436,1.10364180163935
73,15,"constrained",0.3,2.13388490353047,0.3,19.8819800568351,1.1710514224994e-09,0.0144711418588351,0.088686722023092,1.10306999430679
73,16,"standard",0.3,1.84626230207435,0.0868006746456558,16.8758234568049,4.17443857259059e-14,0.0172473471673328,0.0653659568264766,1.07678569091875
73,16,"constrained",0.3,2.1376088664053,0.3,20.1148612355489,1.8488239827974e-09,0.0137701443147295,0.0820664404169111,1.07638267225049
73,17,"standard",0.3,1.84281090507876,0.084355542183286,16.2445264751279,4.30766533554561e-14,0.0163257201549072,0.0570208817000353,1.05678944529738
73,17,"constrained",0.3,2.13309954190781,0.3,19.2451594700174,1.02983493954767e-09,0.013158970717249,0.0732248926687165,1.05626156447417
73,18,"standard",0.3,1.84966580094793,0.0795494047141724,16.7308058636787,4.25215418431435e-14,0.0155470804485494,0.0482216332927896,1.04386605217583
73,18,"constrained",0.3,2.14875730970267,0.3,19.9584048586111,1.00177172113192e-09,0.0126314792425123,0.0635936611173289,1.04392050986946
73,19,"standard",0.3,1.84960188348082,0.0793173230905245,16.7695623095575,4.2632564145606e-14,0.0147348675388539,0.0473898039884837,1.03177212589217
73,19,"constrained",0.3,2.14861026063973,0.3,19.996155483738,9.39613331585321e-10,0.0121369152245682,0.0629707421260468,1.03147591962578
73,20,"standard",0.3,1.86945580171024,0.0745721917326929,15.2112669889498,3.97459842815806e-14,0.0146962401087954,0.0268598083833078,1.01610228577402
73,20,"constrained",0.3,2.19620914900221,0.3,18.0825188174215,9.14569697751944e-10,0.0120443826666714,0.0428645000791033,1.01574229990129
73,21,"standard",0.3,1.90010358913721,0.0705792246431831,15.9860689331661,4.42978986825437e-14,0.0141012021561488,0.0166330696652199,1.00707880878395
73,21,"constrained",0.3,2.24847610436812,0.3,19.1885547455306,1.74009268105735e-09,0.0115424109215237,0.0324233693162563,1.00676659582051
73,22,"standard",0.3,1.90861118701058,0.0693777132141716,16.2620080517669,4.90718576884319e-14,0.0136392098354446,0.0137447722682458,0.998737524406916
73,22,"constrained",0.3,2.26164793488389,0.3,19.5623982478882,8.65197413713048e-10,0.0112353759398848,0.029575502111066,0.998710005253122
73,23,"standard",0.3,1.92391028964922,0.0682041371736275,16.9602642332437,4.94049245958195e-14,0.0131120127896859,0.00782839555698445,0.994611923544464
73,23,"constrained",0.3,2.28524728759897,0.3,20.4610589935344,1.11824222104318e-09,0.0108234622375449,0.023360404514789,0.994869567445155
73,24,"standard",0.3,1.92793821811752,0.0669154298294395,17.471072644296,5.49560397189452e-14,0.0127107460293644,0.0029414663057592,0.990594428002479
73,24,"constrained",0.3,2.29000610736166,0.3,21.1123906926537,1.39750544470019e-09,0.0105820543283534,0.0186845632866621,0.990983151369453
73,25,"standard",0.3,1.93496988517692,0.0657266413282211,17.731607830753,7.02771174587724e-14,0.0122842785236566,0.00103143007733664,0.989277601931714
73,25,"constrained",0.3,2.29475440194762,0.3,21.334839712804,1.06794173504454e-09,0.0103759883006717,0.0168833116115721,0.989560514617073
74,4,"standard",0.302,1.22005517672427,0.279777963543747,7.17860193953911,8.38218383591993e-15,0.0244794327788975,0.768689503558052,1.96911843339133
74,4,"constrained",0.302,1.25186484733265,0.302,7.3513227700658,1.36002320516582e-14,0.0217621157363699,0.770921766861076,1.96907050909018
74,5,"standard",0.302,1.46248831022407,0.244332036896479,10.2162048885667,1.06581410364015e-14,0.0251122411195278,0.629500022157162,1.86688723646165
74,5,"constrained",0.302,1.55363620129966,0.302,10.8428071899146,2.34928398956669e-09,0.020109124834205,0.632624851567622,1.86694943535908
74,6,"standard",0.302,1.61259292051668,0.229246356589803,12.0083094951333,1.32116539930394e-14,0.0200746669377705,0.454252300735257,1.66445285554816
74,6,"constrained",0.302,1.72227849548783,0.302,12.7963775558331,1.9293522890429e-09,0.0152270068932283,0.461522392704707,1.6651490911177
74,7,"standard",0.302,1.75239364218226,0.200725152952761,15.2679921929137,7.7937656328686e-14,0.0211054110635418,0.307394168125572,1.55834951244338
74,7,"constrained",0.302,1.88810595835534,0.302,16.5524825724997,2.03567473988642e-09,0.0162298565116868,0.314614083841299,1.55905130728456
74,8,"standard",0.302,1.77796420601587,0.18223730564204,16.1956057113182,8.45989944764369e-14,0.0202522884864164,0.22759010888385,1.45578748496787
74,8,"constrained",0.302,1.92543521608303,0.302,17.7219667955666,1.96301752630745e-09,0.0155323221069976,0.233889392322671,1.45637931496436
74,9,"standard",0.302,1.79872694944061,0.170229613386374,16.9061277854349,9.5368157815301e-14,0.0177500817951611,0.186023805412203,1.37702745770994
74,9,"constrained",0.302,1.95393933873234,0.302,18.5929598808021,1.12237708016494e-09,0.0136803032787081,0.193456472739606,1.37754087177168
74,10,"standard",0.302,1.81920244156064,0.158993546523244,17.8577711012979,1.09801057135428e-13,0.0156945951081702,0.144243842254242,1.31036881428471
74,10,"constrained",0.302,1.98489855891933,0.302,19.8249973252984,1.34442956767344e-09,0.0119334644816989,0.153696268301526,1.31147849068253
74,11,"standard",0.302,1.82831977482214,0.14217382807415,17.0945933124416,1.13686837721616e-13,0.0136274853354019,0.175202961541332,1.28028272716264
74,11,"constrained",0.302,1.99712672244517,0.302,18.9266985388004,1.30594873803958e-09,0.0106492764547852,0.185241961934414,1.28166403316443
74,12,"standard",0.302,1.82185827862885,0.133700960164801,15.3780367057658,1.06137321154165e-13,0.0133852751417564,0.145127719686561,1.23992794390058
74,12,"constrained",0.302,1.9903467353084,0.302,16.8758275516608,1.91035215424407e-09,0.010641969884959,0.154412352564906,1.24121031113095
74,13,"standard",0.302,1.85673147969814,0.125605629331174,16.4783004977387,1.31672450720544e-13,0.0127114492062437,0.10785505046383,1.19234648419496
74,13,"constrained",0.302,2.03883098656544,0.302,18.2055575986722,2.04749567300766e-09,0.0100848383541809,0.11863778237402,1.19363435139013
74,14,"standard",0.302,1.85843660342899,0.118372601271545,16.6755886279545,1.33004718350094e-13,0.0125407465076215,0.0806068444468515,1.1384199361425
74,14,"constrained",0.302,2.0453618666308,0.302,18.5066030726884,1.25574989295885e-09,0.0101011958104557,0.0917618255361443,1.13977977981827
74,15,"standard",0.302,1.89305037396974,0.108979469813879,18.1911762340627,1.32893696047631e-13,0.0130341492898243,0.0474868935057735,1.10636635940097
74,15,"constrained",0.302,2.10987313257002,0.302,20.5811161255027,1.38689104645096e-09,0.0102781345811362,0.0599903729273281,1.10789539221827
74,16,"standard",0.302,1.88837015643665,0.107326772940955,18.5679902005825,1.30562227695918e-13,0.012669758330265,0.0363560523319011,1.0734170088679
74,16,"constrained",0.302,2.10474711519031,0.302,21.0780380391641,1.0093092472907e-09,0.0100889124860935,0.0485211409613377,1.07456906243919
74,17,"standard",0.302,1.89145694789555,0.103770204597023,18.8916264738806,1.4077627952247e-13,0.0122008120857445,0.0257282543786657,1.05362543759534
74,17,"constrained",0.302,2.11529458977598,0.302,21.5790656182486,9.76382974471335e-10,0.00976496370509002,0.0359039578321863,1.05487087010928
74,18,"standard",0.302,1.94527622199204,0.0948592712756975,20.4773474472516,1.47548639972683e-13,0.0117455580746525,0.000326379851173009,1.03624997250641
74,18,"constrained",0.302,2.19306744382336,0.302,23.5874725411567,1.13122072820104e-09,0.0093804402378662,0.0103288580909915,1.03745172620906
74,19,"standard",0.302,1.95278638026782,0.0916023778416061,21.2162180820941,1.45883305435746e-13,0.011345110356181,0.00547487738777175,1.02501954317515
74,19,"constrained",0.302,2.20613560474885,0.302,24.5809409542708,9.74753500138092e-10,0.00916139901509704,0.0052243683451012,1.02645866976236
74,20,"standard",0.302,1.96272662054937,0.0888236964052058,19.695003601625,1.94400051611865e-13,0.0110405559967254,0.0252563411326694,1.01329301987344
74,20,"constrained",0.302,2.21313846036367,0.302,22.7841671446378,1.28097277229955e-09,0.00907487856438466,0.014801794159145,1.01470289816495
74,21,"standard",0.302,1.96272249535291,0.0879153616719937,19.6083921098435,1.96065386148803e-13,0.0105832671589846,0.024682392963987,1.0106199614874
74,21,"constrained",0.302,2.21323513185658,0.302,22.6772631924722,9.69630042924052e-10,0.00877830482542196,0.0143553103933929,1.01232270191769
74,22,"standard",0.302,1.9619587666545,0.090871226752322,19.8845940302364,1.96509475358653e-13,0.010392728751806,0.0291066867476459,1.00326646056419
74,22,"constrained",0.302,2.2134363405368,0.302,23.0551952290912,1.66251168387532e-09,0.00874368888452441,0.0190379706787525,1.00531920552661
74,23,"standard",0.302,1.97188301761187,0.0882331954201855,18.8369236668924,2.49134046725885e-13,0.0100700995419412,0.0325782469040474,0.999318824594195
74,23,"constrained",0.302,2.22243342191887,0.302,21.7659526049312,1.17721526970982e-09,0.00854855563472382,0.0221955832618574,1.00142655014797
74,24,"standard",0.302,1.99433509433842,0.0965108075471126,19.7772856392604,3.72812891669128e-13,0.00978637728533837,0.0368219161243895,0.992151616622597
74,24,"constrained",0.302,2.25075847946551,0.302,22.9185210409104,1.11513215328429e-09,0.00834099213179397,0.0256220949783099,0.994045421557571
74,25,"standard",0.302,2.00110237689853,0.09101109556983,20.6698872969234,3.91575660785293e-13,0.00988082423071952,0.0452175358206413,0.991352012931118
74,25,"constrained",0.302,2.26761158727871,0.302,23.6493920474,1.66375518917405e-09,0.0084776642601726,0.0343444500004493,0.993469363264905
75,4,"standard",0.303857142857143,1.27706929577724,0.27057837408497,7.56372044951337,4.32986979603811e-15,0.0269771297356521,0.831437135971245,1.97666161656274
75,4,"constrained",0.303857142857143,1.32729196890508,0.303857142857143,7.83923550849827,7.32747196252603e-15,0.0230000230967254,0.830010078833995,1.97641815650617
75,5,"standard",0.303857142857143,1.58645543527763,0.24183211796725,10.5767810116732,4.9960036108132e-14,0.0224822457793462,0.712453493071265,1.88113025616318
75,5,"constrained",0.303857142857143,1.688535538378,0.303857142857143,11.1963889062275,2.36937824915628e-09,0.017265845475054,0.711522002256535,1.88120703820923
75,6,"standard",0.303857142857143,1.78425337245501,0.219527172659954,13.3037284959402,6.08513239797048e-13,0.020626349398789,0.463613052374794,1.65023697981124
75,6,"constrained",0.303857142857143,1.91819786887182,0.303857142857143,14.2503116904739,1.80724379905683e-09,0.0153405130767718,0.466019554089525,1.65022019179195
75,7,"standard",0.303857142857143,1.90094679740977,0.209459381646097,14.6103148899858,4.43545200567996e-12,0.0154456517531293,0.38885411636779,1.56794208561583
75,7,"constrained",0.303857142857143,2.03616351463775,0.303857142857143,15.5791012189949,1.78564751873722e-09,0.011729954471621,0.394104802543386,1.56810221660682
75,8,"standard",0.303857142857143,1.97344660796477,0.191987092784333,15.3152025424969,7.3915318310469e-12,0.0137229442343563,0.329436522194639,1.48205865833355
75,8,"constrained",0.303857142857143,2.12142418879517,0.303857142857143,16.3635403595453,1.50920964614443e-09,0.0100768732741459,0.337059470555056,1.4826470879943
75,9,"standard",0.303857142857143,2.04326709600006,0.161694652135067,17.454829729284,8.98103813540274e-12,0.0145898248237009,0.229573815115498,1.39038169426099
75,9,"constrained",0.303857142857143,2.22658215783763,0.303857142857143,19.0332601331938,1.90908855390859e-09,0.0108077234484036,0.235785520057123,1.39099546087166
75,10,"standard",0.303857142857143,2.10681611805459,0.138345419272846,20.0570198270336,9.70967750646423e-12,0.0155268271160376,0.121911593464589,1.30853652808549
75,10,"constrained",0.303857142857143,2.32353811471326,0.303857142857143,22.3635099065865,1.7973260102444e-09,0.0117852151383967,0.125179214447415,1.30951912263529
75,11,"standard",0.303857142857143,2.11478104979545,0.130594146170981,21.1746212898575,9.70290514601402e-12,0.0138988494815361,0.13540397323663,1.27136573011639
75,11,"constrained",0.303857142857143,2.33624221826625,0.303857142857143,23.7584628816735,1.38229805379808e-09,0.0107422226581037,0.138874074825603,1.27214618358671
75,12,"standard",0.303857142857143,2.16250169352896,0.124742343616632,22.1779669058579,1.30552235688697e-11,0.0132837433505012,0.10075175883151,1.23279097069843
75,12,"constrained",0.303857142857143,2.39652198174764,0.303857142857143,24.906997477367,1.11410614067609e-09,0.0103758139735123,0.103430845216335,1.23441650316896
75,13,"standard",0.303857142857143,2.15666251274152,0.12275902258797,22.7088096960807,1.43965950272218e-11,0.0129132579799435,0.0872983003058092,1.18844036967955
75,13,"constrained",0.303857142857143,2.39085491023916,0.303857142857143,25.599338067785,1.77248138388819e-09,0.0102460847138533,0.0889612712968946,1.19015625499448
75,14,"standard",0.303857142857143,2.16856904895937,0.11962971435582,23.072546407834,1.44704248583594e-11,0.0119755519213091,0.0706817690184902,1.13110979373368
75,14,"constrained",0.303857142857143,2.40618995527588,0.303857142857143,26.0063067431773,1.77493697517406e-09,0.0096378148102095,0.0733253419400741,1.13255279194742
75,15,"standard",0.303857142857143,2.25170126866083,0.114181075450818,24.5103874232036,1.97187821626699e-11,0.011156412244182,0.0342636438070167,1.09903967115055
75,15,"constrained",0.303857142857143,2.51999307507324,0.303857142857143,27.8040480983182,1.29770755252778e-09,0.00885483890224048,0.0368389789840231,1.10050631205597
75,16,"standard",0.303857142857143,2.2517528078878,0.113586908918052,24.4788208192183,2.01385574882806e-11,0.0106804076418373,0.035228807611495,1.0685261055819
75,16,"constrained",0.303857142857143,2.52010673250411,0.303857142857143,27.7517128581105,1.12941800356481e-09,0.00865999719721876,0.0381997461221077,1.06980470681728
75,17,"standard",0.303857142857143,2.25592699153795,0.111477305337395,24.8704630164369,2.02758920764268e-11,0.0101542142912444,0.0302171247038103,1.05077468697821
75,17,"constrained",0.303857142857143,2.52982588242342,0.303857142857143,28.3254557465752,1.00233504829461e-09,0.0083164779323154,0.0325692337342192,1.05175081981372
75,18,"standard",0.303857142857143,2.26093437184775,0.110458010424111,25.1561479254538,2.31350494317439e-11,0.0101532287964088,0.0315875124820888,1.03764060643609
75,18,"constrained",0.303857142857143,2.53491206013459,0.303857142857143,28.5878292876981,1.19831350398059e-09,0.00853156843290364,0.0335210685505452,1.03904558760528
75,19,"standard",0.303857142857143,2.27729940811149,0.106232098789531,24.5869337192786,2.32657226817423e-11,0.00966902667368582,0.0396289487043529,1.02380582792238
75,19,"constrained",0.303857142857143,2.55840143750661,0.303857142857143,27.8644300640815,1.79886688878028e-09,0.0082226276959701,0.0415764424762592,1.02564445262427
75,20,"standard",0.303857142857143,2.30819895916496,0.0997083591274487,27.2083277656799,2.27289298493361e-11,0.00972023211036825,0.025517323951183,1.01000769968511
75,20,"constrained",0.303857142857143,2.61144483961117,0.303857142857143,31.2518098407135,1.03079261792871e-09,0.00825261769035993,0.0282028745596854,1.01168074138626
75,21,"standard",0.303857142857143,2.27785907507846,0.0950774027069601,26.1104963978534,2.55458987297175e-11,0.010042848141452,0.0152413148411359,1.01159965889802
75,21,"constrained",0.303857142857143,2.57080273408425,0.303857142857143,29.8171679471794,1.02164693371876e-09,0.00866039268068349,0.0157520625779171,1.0146686220881
75,22,"standard",0.303857142857143,2.29763748388164,0.0942212834114057,26.7351488263687,3.28777005620395e-11,0.00950795831583927,0.0105328757203935,1.00161907496136
75,22,"constrained",0.303857142857143,2.59309481014377,0.303857142857143,30.463695652156,1.23533738793924e-09,0.00825297287430605,0.0113270677186801,1.00457799786173
75,23,"standard",0.303857142857143,2.29530212367512,0.0939969645901986,26.5938230658604,3.28124194481916e-11,0.00913397385403866,0.0102664976275024,0.99936601371735
75,23,"constrained",0.303857142857143,2.58915748066213,0.303857142857143,30.2596403637992,1.39057887427185e-09,0.00799136116085567,0.011066916906441,1.00251933393314
75,24,"standard",0.303857142857143,2.32053267076495,0.0891009590479436,27.8648030121639,3.46919160065795e-11,0.00921124378605735,0.00732391849195935,0.996464770911404
75,24,"constrained",0.303857142857143,2.62948797267937,0.303857142857143,31.8784604458898,1.97459609774242e-09,0.00812177477721706,0.00873505068007052,0.999768658816684
75,25,"standard",0.303857142857143,2.31054316731047,0.0900970539171086,27.6050090036898,3.84671183795149e-11,0.00911979247681412,0.00788627568452771,0.996208790851116
75,25,"constrained",0.303857142857143,2.61595938699995,0.303857142857143,31.5542625841756,1.21757665061395e-09,0.00817309778138392,0.00929672825051853,0.999373598284914
76,4,"standard",0.306142857142857,1.26087968282551,0.276156483193197,7.40817312833281,4.66293670342566e-15,0.0259092932047829,0.977902867620247,2.06209424824019
76,4,"constrained",0.306142857142857,1.30512967862742,0.306142857142857,7.66115126397873,7.04991620636974e-15,0.0222682663198874,0.982353535874943,2.06166309736021
76,5,"standard",0.306142857142857,1.49713749625354,0.251841100039536,9.71924992048547,5.49560397189452e-15,0.0207059802519922,0.865193600165569,1.94643234803573
76,5,"constrained",0.306142857142857,1.58101862649011,0.306142857142857,10.2265386621765,2.10450845639087e-09,0.015992706443315,0.869519182583063,1.94610268851063
76,6,"standard",0.306142857142857,1.88383575068425,0.219832131328609,13.7293532551979,2.43716158365714e-12,0.0193584703411824,0.554017227694777,1.69192000054175
76,6,"constrained",0.306142857142857,2.02924447827709,0.306142857142857,14.707513575032,2.02169259111429e-09,0.0138423889487332,0.565982450354025,1.69257228369655
76,7,"standard",0.306142857142857,2.00636305767246,0.207714277730243,15.1688188528524,1.43269840435778e-11,0.0151102480847939,0.461585874287858,1.61051201431823
76,7,"constrained",0.306142857142857,2.16098804893735,0.306142857142857,16.2400498780431,1.65563385223777e-09,0.0109729616054026,0.473635623618056,1.61134746870782
76,8,"standard",0.306142857142857,2.03798756912603,0.196802748013392,15.5557473104031,1.86390902712219e-11,0.0129074992328404,0.42213900417675,1.52741830930553
76,8,"constrained",0.306142857142857,2.19667400361767,0.306142857142857,16.6671595709429,1.42082495768747e-09,0.00918200025623442,0.435956853501392,1.52853270585541
76,9,"standard",0.306142857142857,2.17928337090756,0.166790024250237,17.6187035468079,3.79586362342366e-11,0.0124728327028407,0.312125320188026,1.42794105584531
76,9,"constrained",0.306142857142857,2.38617379511186,0.306142857142857,19.1649484871752,1.61141411325616e-09,0.00849400081910957,0.326923281171598,1.42967519791062
76,10,"standard",0.306142857142857,2.24189201059371,0.150838415763523,19.1421165372264,4.76032546714578e-11,0.0118466360054022,0.263638790224778,1.36329219974473
76,10,"constrained",0.306142857142857,2.47301457881309,0.306142857142857,21.0404283115247,1.28163785140245e-09,0.00825623355982735,0.281377087395885,1.36598052715828
76,11,"standard",0.306142857142857,2.24684188671195,0.139883711036686,20.5174316778958,5.02703434435148e-11,0.0109896281401116,0.283793032762564,1.32604080581789
76,11,"constrained",0.306142857142857,2.47875136265227,0.306142857142857,22.6652327223348,1.10477710313361e-09,0.00801941189760709,0.300780866189804,1.32865602343367
76,12,"standard",0.306142857142857,2.26273406199248,0.131229609230136,19.6109471583934,5.15839593262513e-11,0.0113145016437732,0.253683239035575,1.28534758389713
76,12,"constrained",0.306142857142857,2.50357713631481,0.306142857142857,21.7131633759011,1.17607729110958e-09,0.0085226506155086,0.270871067968299,1.2885838869619
76,13,"standard",0.306142857142857,2.27194160761218,0.126398530221919,19.5468666461674,7.75002284569837e-11,0.0109838589179026,0.225297526504296,1.23657630505223
76,13,"constrained",0.306142857142857,2.50871387899929,0.306142857142857,21.4103074260685,1.51429180306195e-09,0.0085620950616285,0.2431036908302,1.23891358324967
76,14,"standard",0.306142857142857,2.27801445809645,0.11582197240108,19.0888702530968,7.45175032790257e-11,0.0111848774687261,0.187433197284255,1.1716976039895
76,14,"constrained",0.306142857142857,2.52871981636688,0.306142857142857,21.2705343907627,1.29624427858133e-09,0.00884243022642943,0.204715237953788,1.17432391223164
76,15,"standard",0.306142857142857,2.26201608450237,0.107017443470681,19.8159593188122,6.79672984560398e-11,0.0119743371796982,0.158870441260643,1.13767771819432
76,15,"constrained",0.306142857142857,2.52371210430557,0.306142857142857,22.1085716235803,1.15892473395718e-09,0.00949256217895679,0.175873486451402,1.14022878820435
76,16,"standard",0.306142857142857,2.25997381794504,0.103770599894422,18.0804032419748,6.79806211323353e-11,0.0120843102782889,0.133187331790563,1.10215425442698
76,16,"constrained",0.306142857142857,2.52548698542599,0.306142857142857,20.0248835880311,1.13896092557297e-09,0.00968142543874958,0.149238895753562,1.10447217926414
76,17,"standard",0.306142857142857,2.25785498695616,0.100768009250148,18.4289649380637,7.39091010615311e-11,0.0115021858371717,0.122456671350066,1.08024058293106
76,17,"constrained",0.306142857142857,2.52187659600473,0.306142857142857,20.4518159318599,1.94953653220864e-09,0.00933216267634766,0.138351280941072,1.08231543838917
76,18,"standard",0.306142857142857,2.25441711364026,0.0953525484277554,19.2000715025103,7.21256387947733e-11,0.011604543225959,0.110700374318433,1.06304918671498
76,18,"constrained",0.306142857142857,2.5234383529696,0.306142857142857,21.4814083393565,1.49133583260408e-09,0.00958833573839214,0.126585355342288,1.06540806025695
76,19,"standard",0.306142857142857,2.26403575219758,0.0910492668876963,19.7087399885411,7.87426790438417e-11,0.0115444118231711,0.0997128992203438,1.04807279736973
76,19,"constrained",0.306142857142857,2.53813064812186,0.306142857142857,22.1667732058999,1.2099549695499e-09,0.00962049276080438,0.115246651862651,1.05062192787525
76,20,"standard",0.306142857142857,2.25896042331906,0.0875279548778651,20.9831852355375,8.0268458546584e-11,0.0115055863206685,0.0898755935283706,1.03631384799578
76,20,"constrained",0.306142857142857,2.5448368896839,0.306142857142857,23.9482913137142,1.96510752115131e-09,0.00963547721688449,0.10595295864591,1.03969055082345
76,21,"standard",0.306142857142857,2.22121047924835,0.0825331405249722,19.6464027118839,1.1183265424819e-10,0.0117365233207547,0.0781239553660793,1.02098490316633
76,21,"constrained",0.306142857142857,2.5018789214112,0.306142857142857,22.2142993489479,1.75835557225668e-09,0.00989220198556788,0.0932939781903919,1.02380613890065
76,22,"standard",0.306142857142857,2.22784127763742,0.0888655305293059,20.4325408269329,1.12541198582505e-10,0.0115329653747542,0.0733360902827709,1.01281634326735
76,22,"constrained",0.306142857142857,2.51321674180254,0.306142857142857,23.2345120937275,1.46963557989821e-09,0.00977958946152841,0.08873160008888,1.01596271828115
76,23,"standard",0.306142857142857,2.21838417523736,0.0843590557894732,18.9455370535771,1.08719921954048e-10,0.0112836063492505,0.0564874723469835,1.00717772601666
76,23,"constrained",0.306142857142857,2.50486893617675,0.306142857142857,21.3852742071797,1.39193673254212e-09,0.00958696414601482,0.069997550933655,1.01032911333346
76,24,"standard",0.306142857142857,2.2586166245588,0.0821588298907514,20.1447303071048,1.1285972156827e-10,0.0111495547970833,0.0417715730790933,1.00442695240579
76,24,"constrained",0.306142857142857,2.5640235313081,0.306142857142857,22.8014039304178,1.38587341602658e-09,0.00951892819010687,0.0546541136896268,1.00810031004087
76,25,"standard",0.306142857142857,2.2549448796325,0.0800197396802925,19.1484928462946,1.13371312338018e-10,0.0110428898067438,0.0390176027532423,1.00216069890984
76,25,"constrained",0.306142857142857,2.56384974419171,0.306142857142857,21.4373871401658,1.70095409979254e-09,0.00951635986843824,0.0517263954693963,1.00554984966128
77,4,"standard",0.300142857142857,1.15285057316963,0.294963075928422,6.49548826135971,2.35632657830109e-09,0.0187784276930179,0.968811286931911,2.02596133706965
77,4,"constrained",0.300142857142857,1.1596956934293,0.300142857142857,6.53091843864533,5.88418203051333e-15,0.0181132508470841,0.969610030070029,2.02600078175178
77,5,"standard",0.300142857142857,1.42962244302442,0.263916409557207,9.12421331311244,2.33146835171283e-14,0.0171784882966087,0.802478748781516,1.8995439563202
77,5,"constrained",0.300142857142857,1.48272167903556,0.300142857142857,9.44072566848631,1.37992200999193e-09,0.0138931802084741,0.806525467768045,1.89985270539417
77,6,"standard",0.300142857142857,1.67957221550694,0.243804941068602,11.3364937098358,7.66831043108596e-13,0.0126248992757141,0.578885670226144,1.68264471780751
77,6,"constrained",0.300142857142857,1.76628592495215,0.300142857142857,11.8684785985501,1.84051396345808e-09,0.00891763055596771,0.587650191915811,1.68313237752126
77,7,"standard",0.300142857142857,1.80364540036974,0.221791561835179,13.4558334205508,1.65800706497521e-12,0.0131228576723294,0.485108664298272,1.59107234806769
77,7,"constrained",0.300142857142857,1.91192752501617,0.300142857142857,14.2259555834292,1.38678651895319e-09,0.00932112086678282,0.496945328591621,1.59177693169769
77,8,"standard",0.300142857142857,1.90253661691944,0.198492968113697,14.3273197839196,3.68249875037918e-12,0.0115801877584056,0.40465861117844,1.49417703926801
77,8,"constrained",0.300142857142857,2.0255286014938,0.300142857142857,15.1857248642358,8.74987526877646e-10,0.00842775025467264,0.418285245538584,1.49536687767481
77,9,"standard",0.300142857142857,1.93009779444687,0.177171623843593,15.4649565446955,3.74578146278282e-12,0.0116666387969232,0.344905021676877,1.41233421181453
77,9,"constrained",0.300142857142857,2.06959408284086,0.300142857142857,16.5875993505089,1.55231383303089e-09,0.00847053202307186,0.360332103204836,1.41395577621698
77,10,"standard",0.300142857142857,1.98716471983045,0.154010470696307,17.4931366431354,3.8068437291372e-12,0.0126057143204777,0.258849070967583,1.32961463072158
77,10,"constrained",0.300142857142857,2.17239094808468,0.300142857142857,19.3101530070917,1.11735593000262e-09,0.00916033615194572,0.275058263696806,1.33085389444695
77,11,"standard",0.300142857142857,2.00405032334857,0.14644476911796,18.3485185426713,5.15687492708139e-12,0.0121112935484134,0.277227715702392,1.29089635202004
77,11,"constrained",0.300142857142857,2.18872129911415,0.300142857142857,20.2029446863461,1.79961306967513e-09,0.00921013995225741,0.291543083604962,1.2917803458161
77,12,"standard",0.300142857142857,2.02875502499022,0.137462906817253,19.5617041748109,4.93549645597113e-12,0.0118825248736214,0.246002794158325,1.24864241285824
77,12,"constrained",0.300142857142857,2.23036559351284,0.300142857142857,21.7680326822575,1.26890603580065e-09,0.00901788043217478,0.259266817854723,1.24966277857152
77,13,"standard",0.300142857142857,2.06570671903094,0.126949099151365,21.7253162965978,4.83257878158838e-12,0.0121220927725793,0.199046126202816,1.19324495228475
77,13,"constrained",0.300142857142857,2.28874683887041,0.300142857142857,24.5268576171781,1.56321172672946e-09,0.00914615811349998,0.21171172188484,1.19404112377445
77,14,"standard",0.300142857142857,2.0660762519513,0.125933338158375,21.8392794503644,4.89508433787478e-12,0.0115170181681761,0.194746410835066,1.14337236935283
77,14,"constrained",0.300142857142857,2.2887507227008,0.300142857142857,24.6361461411539,9.73211511379191e-10,0.00891192446010463,0.208449435864885,1.14433802129739
77,15,"standard",0.300142857142857,2.06400064281901,0.120692129770755,19.735469364317,4.75974815117297e-12,0.0114413133504948,0.173262194443488,1.1104633472647
77,15,"constrained",0.300142857142857,2.29002065789052,0.300142857142857,22.1070012844413,1.38994632470357e-09,0.0087801431991318,0.18706974885727,1.11125198725234
77,16,"standard",0.300142857142857,2.06992691884817,0.117890670853538,20.4417674554162,4.75597339288925e-12,0.0111528727145096,0.158642058544552,1.0788173829365
77,16,"constrained",0.300142857142857,2.29791488634129,0.300142857142857,22.9424940799875,1.04813246970537e-09,0.00860650454911448,0.172977392948657,1.07956528331635
77,17,"standard",0.300142857142857,2.05779719961872,0.113510426078169,19.622093137065,5.01698682597862e-12,0.0108544008565896,0.148707977145403,1.05855900422003
77,17,"constrained",0.300142857142857,2.2837651371352,0.300142857142857,21.860640632347,1.63910535144751e-09,0.00849984959363045,0.161849083214955,1.05929118879571
77,18,"standard",0.300142857142857,2.05405086147247,0.110948430845559,19.056440815765,5.3472781758046e-12,0.0104470234260213,0.14512969523079,1.0460930878852
77,18,"constrained",0.300142857142857,2.27789367557924,0.300142857142857,21.2236989757065,1.26850630000064e-09,0.00833584709456169,0.158797593396298,1.04673095648018
77,19,"standard",0.300142857142857,2.0467000141634,0.105896095403442,19.6927653103718,5.55200330154548e-12,0.0105959307058836,0.136580613181844,1.02833756659442
77,19,"constrained",0.300142857142857,2.27353011854768,0.300142857142857,22.091272555851,1.92509513885497e-09,0.00855111711805387,0.150191566408878,1.02872131859217
77,20,"standard",0.300142857142857,2.04209048166409,0.103950656747936,19.2452987821346,5.57076607066165e-12,0.0106819654296918,0.130703434097676,1.01092383188275
77,20,"constrained",0.300142857142857,2.26836394469098,0.300142857142857,21.4656701445658,1.04193859096213e-09,0.00872259795903881,0.143208303781342,1.01124485068358
77,21,"standard",0.300142857142857,2.05483536389194,0.099227439501679,18.1311567931576,5.59119417431475e-12,0.010408285265125,0.120968970787358,1.00288003334165
77,21,"constrained",0.300142857142857,2.28441383915532,0.300142857142857,20.1343307203591,1.75211078978776e-09,0.00857241375924159,0.133715284291883,1.00328593641712
77,22,"standard",0.300142857142857,2.05299709229577,0.0977452866537912,17.2996940446022,5.53135315328745e-12,0.0102837920560333,0.11171531185506,0.991612584662937
77,22,"constrained",0.300142857142857,2.28239973833383,0.300142857142857,19.15266561939,9.51392298276232e-10,0.00853399881596618,0.124279197610282,0.991722428820557
77,23,"standard",0.300142857142857,2.05964084880951,0.09559202551265,18.0714983568615,7.45614681108009e-12,0.0101618753566622,0.106133741184851,0.987689336661803
77,23,"constrained",0.300142857142857,2.28764073322055,0.300142857142857,19.9825299547769,1.70886832462358e-09,0.00854709545734179,0.119072708544318,0.987943886254847
77,24,"standard",0.300142857142857,2.06850771254453,0.0947479967131971,18.5209937555771,7.74802444425404e-12,0.00994046584145821,0.10466914215059,0.984090429831007
77,24,"constrained",0.300142857142857,2.30005248796537,0.300142857142857,20.5260712032662,1.47956819018802e-09,0.00843478862978779,0.117831955217912,0.984418820646103
77,25,"standard",0.300142857142857,2.08664966998424,0.0918016398066747,19.5973500665822,9.63185087243801e-12,0.00983610470483508,0.100850403751325,0.982160424125896
77,25,"constrained",0.300142857142857,2.32318266373106,0.300142857142857,21.8390048336339,1.03229153003426e-09,0.00847929053605324,0.114298475563377,0.982516021159407
78,4,"standard",0.299,1.24732027319177,0.289009145398524,7.12152050589981,1.04360964314765e-14,0.0202992861676437,0.942018387035653,2.03595676863145
78,4,"constrained",0.299,1.26263775587966,0.299,7.20209133793561,1.31006316905768e-14,0.0189630195624147,0.943166274229064,2.03598945387723
78,5,"standard",0.299,1.57115135453796,0.259879079724559,9.90040674880476,9.42579347906758e-14,0.0164883877211855,0.786224259665284,1.90137896718986
78,5,"constrained",0.299,1.64124963063672,0.299,10.284759346878,1.93980653762083e-09,0.0126439740092173,0.788666827818265,1.90145864426045
78,6,"standard",0.299,1.75870978270948,0.231721570973513,12.8818977476491,7.28750393363953e-13,0.017716740178057,0.557276975444983,1.67120251933485
78,6,"constrained",0.299,1.87169566913502,0.299,13.6843253056399,1.8941996304811e-09,0.0129604223585354,0.562528819276759,1.67156889779151
78,7,"standard",0.299,1.9105845444078,0.217083616261277,14.6707143363471,4.99544849930089e-12,0.0134281014551209,0.486429698853991,1.59521167615595
78,7,"constrained",0.299,2.03580974332408,0.299,15.5883231174313,1.43651690542868e-09,0.00918618276743156,0.492993402109162,1.59555369832336
78,8,"standard",0.299,1.9647760124621,0.197961573647037,15.4775860532701,8.11717359994191e-12,0.0126073692178372,0.414515731051968,1.49695155256563
78,8,"constrained",0.299,2.0986183891192,0.299,16.4969731051971,1.26314531057048e-09,0.00899874022486753,0.424001329397692,1.49748372768812
78,9,"standard",0.299,2.01903766835472,0.172987293922248,17.0371656411172,8.8001828046913e-12,0.012983321841812,0.329407499600697,1.39924569758235
78,9,"constrained",0.299,2.17727433663303,0.299,18.423593633737,1.57562274338829e-09,0.00921928298353002,0.338639604067678,1.3997947474178
78,10,"standard",0.299,2.07752322002367,0.160554140992676,18.095157235215,9.55480139452902e-12,0.0119052283266481,0.279817186059388,1.33055501090219
78,10,"constrained",0.299,2.25978576703218,0.299,19.7325658318099,1.60387580994126e-09,0.00858148806047977,0.290017510036424,1.33144118485076
78,11,"standard",0.299,2.07375088286963,0.156890120377647,17.9080002682535,9.79560876857022e-12,0.010539633788856,0.286502074300846,1.29440083039129
78,11,"constrained",0.299,2.25529836130823,0.299,19.5052249147246,2.08464895345983e-09,0.00768567328960676,0.297128784012706,1.29537485087394
78,12,"standard",0.299,2.06150189566698,0.151366742263958,18.5740860127994,9.74453850943746e-12,0.0108428729537381,0.264204605298411,1.253931416215
78,12,"constrained",0.299,2.24170003848353,0.299,20.3588199397977,1.70951136579944e-09,0.00814262507654341,0.274007066062858,1.25494988537925
78,13,"standard",0.299,2.06555145300859,0.149512638688208,18.8771360611304,9.68325419847815e-12,0.010166938022876,0.253401703992807,1.20784101042889
78,13,"constrained",0.299,2.24750959771442,0.299,20.7126973359996,1.01445102318465e-09,0.00772797484675968,0.263273331767857,1.2087455058648
78,14,"standard",0.299,2.07734344916608,0.145628873087485,19.2184247261785,1.10337294856322e-11,0.00960243758003055,0.239545379524624,1.15638133873585
78,14,"constrained",0.299,2.26282462826956,0.299,21.1367668993684,1.8265429169162e-09,0.00732035153120755,0.249770935655237,1.15707909209745
78,15,"standard",0.299,2.09561506026294,0.140385559097869,20.0435582026347,1.08346664973169e-11,0.00973928180962234,0.222535369887227,1.12617086847547
78,15,"constrained",0.299,2.29304343912557,0.299,22.2081972183398,1.04459524363776e-09,0.0074503354951252,0.233204345387501,1.12732534975499
78,16,"standard",0.299,2.10729243823866,0.139425106087308,20.2624098937406,1.56346047219813e-11,0.00916792651570701,0.215823450373125,1.09777401864819
78,16,"constrained",0.299,2.30427965511911,0.299,22.4160881505836,1.81927162223872e-09,0.00717671243637452,0.227573918172098,1.09906781874608
78,17,"standard",0.299,2.13032111166082,0.134635682027403,20.5340813308431,2.41696662683921e-11,0.00878191813119609,0.202611959517694,1.08390261577347
78,17,"constrained",0.299,2.32581242851976,0.299,22.6526917275628,1.44719303207808e-09,0.00725028979887464,0.215523804079853,1.08487721426659
78,18,"standard",0.299,2.14793700651926,0.116448235505422,17.4064313919128,2.14817053034722e-11,0.00939075964104192,0.168841685416277,1.06323499625836
78,18,"constrained",0.299,2.37305246932721,0.299,18.9979036432511,1.60025187545543e-09,0.00773048887719586,0.181739990353504,1.06470260947973
78,19,"standard",0.299,2.14909256919899,0.114764488678307,17.312335661569,2.17075246666809e-11,0.00904011523760736,0.171825487350143,1.04646474409911
78,19,"constrained",0.299,2.37504769048242,0.299,18.8724360584011,1.43465467283832e-09,0.00754725504056445,0.185197839232462,1.04827951537611
78,20,"standard",0.299,2.14750408960688,0.114930198037571,17.2795175554408,2.26219043497622e-11,0.00891261412744791,0.17250222433189,1.0371583371059
78,20,"constrained",0.299,2.37176575985069,0.299,18.8072421743653,1.63160818189567e-09,0.0076337197480108,0.186431593057637,1.03901374581341
78,21,"standard",0.299,2.12483223638353,0.100607231665994,16.3749004529119,1.97549754332726e-11,0.00946530387998919,0.160625055012188,1.02828516242336
78,21,"constrained",0.299,2.35999140629485,0.299,17.9443902359336,2.05174610634629e-09,0.00805146209176476,0.176417340168988,1.03061606618954
78,22,"standard",0.299,2.12979927976268,0.0983131113121751,16.0577687898778,2.04213312926527e-11,0.00960105615192394,0.152349927293257,1.02050389263925
78,22,"constrained",0.299,2.36895856478715,0.299,17.4490738940612,1.71747494004393e-09,0.00826131697953002,0.168365135949323,1.02311993194518
78,23,"standard",0.299,2.12158043288371,0.0983589912548397,15.7752756764077,2.00817140694198e-11,0.00950368589333378,0.147258075373927,1.01443718937552
78,23,"constrained",0.299,2.35942260827122,0.299,17.1126521511773,1.55543261604052e-09,0.00821580529445782,0.163354189187785,1.01689281340761
78,24,"standard",0.299,2.12129009255896,0.0982480625170149,15.7656514977798,2.04184447127886e-11,0.00928873172246717,0.14725868507243,1.01255775636231
78,24,"constrained",0.299,2.35926823363007,0.299,17.1082873468768,1.55936819012936e-09,0.0081117035636088,0.163352265306454,1.01501891615403
78,25,"standard",0.299,2.13558732600434,0.102459535567447,16.496972309121,2.1301405084273e-11,0.00916890530162095,0.144566457768803,1.01152448765866
78,25,"constrained",0.299,2.3819309516767,0.299,17.9933266032157,1.37876354777688e-09,0.00807384230082529,0.161390463067908,1.0141630462972
79,4,"standard",0.308714285714286,1.22237966346219,0.293064010430497,6.83469910379411,1.30451205393456e-14,0.0179925710449727,0.911197996476583,2.02074791351407
79,4,"constrained",0.308714285714286,1.24435420541667,0.308714285714286,6.94640386744344,1.14908083048704e-14,0.0159938282248849,0.913999810628285,2.02078950396266
79,5,"standard",0.308714285714286,1.4774309815344,0.260036358296079,9.68016407335362,2.1094237467878e-14,0.0184674661897718,0.761752698002685,1.89473781620438
79,5,"constrained",0.308714285714286,1.55298939250939,0.308714285714286,10.1703916880306,1.58665219851528e-09,0.0140966334244862,0.766403546785095,1.89510686073934
79,6,"standard",0.308714285714286,1.7536731367714,0.227647141563339,13.0193787208468,4.56301663120939e-13,0.0189207938772278,0.49877383815536,1.6615816362269
79,6,"constrained",0.308714285714286,1.88846036425023,0.308714285714286,13.9984354701114,1.84151310866909e-09,0.0136500813968899,0.509333072388866,1.66236000102474
79,7,"standard",0.308714285714286,1.85371381647874,0.211995404030135,14.8710179125969,1.69908531688634e-12,0.0163856192502352,0.412059921362322,1.57364843058477
79,7,"constrained",0.308714285714286,1.99386810139557,0.308714285714286,16.0135405919467,1.59853141834532e-09,0.0118744654156391,0.422365577440747,1.57440822180051
79,8,"standard",0.308714285714286,1.92352317214572,0.187267493284865,16.0957391380317,2.79964940119726e-12,0.0162682447670084,0.31658710601879,1.46496021159705
79,8,"constrained",0.308714285714286,2.08137532297885,0.308714285714286,17.4772357049258,1.83759213401302e-09,0.0119604868003099,0.32959579367557,1.46552699908541
79,9,"standard",0.308714285714286,2.02639213783502,0.155849182519899,18.6544507949928,4.02622379880313e-12,0.0160798426090967,0.207429074957351,1.38070511935792
79,9,"constrained",0.308714285714286,2.23821291027289,0.308714285714286,20.8720554097502,2.03072980653474e-09,0.0110363200926686,0.224793945549821,1.38230897615947
79,10,"standard",0.308714285714286,2.05746046423095,0.141241926319309,16.0470602587203,4.78550532534427e-12,0.0154373712577518,0.142274274535048,1.30715722276491
79,10,"constrained",0.308714285714286,2.28233367777999,0.308714285714286,17.6833312484991,1.64926389212283e-09,0.0105766945392361,0.15678086554739,1.30832963749964
79,11,"standard",0.308714285714286,2.05930187589813,0.134550308319332,15.6997462566275,4.96114260783997e-12,0.0139280776059641,0.155674424746143,1.27275981688821
79,11,"constrained",0.308714285714286,2.28563248700995,0.308714285714286,17.2488715573841,1.53426105153898e-09,0.00993878374605049,0.170355366365875,1.27380411100328
79,12,"standard",0.308714285714286,2.08703304014282,0.128274483809422,16.3127209843141,6.07625061377348e-12,0.0124126406209585,0.136904530893815,1.23623905497005
79,12,"constrained",0.308714285714286,2.32012559490591,0.308714285714286,17.9629086554668,1.4828632211028e-09,0.00928118187712738,0.152681950578217,1.23689942608516
79,13,"standard",0.308714285714286,2.09036819793715,0.124086097881115,16.8513498647726,6.07203176627991e-12,0.0113276259258223,0.146670016334778,1.19106487168099
79,13,"constrained",0.308714285714286,2.32687931488532,0.308714285714286,18.6825126203418,1.28466798310356e-09,0.00872988109638485,0.16340805071294,1.19121896155902
79,14,"standard",0.308714285714286,2.08732896332305,0.119249093836337,17.3905238246049,6.54010179346187e-12,0.0113731216214599,0.130067338311799,1.1352523235211
79,14,"constrained",0.308714285714286,2.32935719143911,0.308714285714286,19.4774478748604,1.13572118376482e-09,0.00882245213567738,0.145382305604261,1.13525867121004
79,15,"standard",0.308714285714286,2.0865378105812,0.119438458743569,17.3543889159195,6.57607301945973e-12,0.0107602375561999,0.131346370181414,1.10830403644017
79,15,"constrained",0.308714285714286,2.32809068115392,0.308714285714286,19.4304709065569,9.08658648324234e-10,0.00838841646840736,0.146734671508614,1.10878150650635
79,16,"standard",0.308714285714286,2.0772234133595,0.117801333160388,16.8264872551469,7.56639195742537e-12,0.0106965371999744,0.125964749151987,1.0813268045876
79,16,"constrained",0.308714285714286,2.31664046023999,0.308714285714286,18.7272931224374,1.43928258200532e-09,0.008442404511169,0.140854847359085,1.08204058972401
79,17,"standard",0.308714285714286,2.07592844932013,0.11582547285011,16.4674768333857,8.47300007933427e-12,0.0103979122859323,0.122068043224567,1.06095666282869
79,17,"constrained",0.308714285714286,2.31710461197427,0.308714285714286,18.1836703950313,1.54960372311663e-09,0.00831589383812435,0.135905111375022,1.06144574636723
79,18,"standard",0.308714285714286,2.07627788483182,0.116925831449544,16.5938115367206,9.18753961798302e-12,0.0100586438103654,0.120086892120124,1.04625952880142
79,18,"constrained",0.308714285714286,2.31863150186437,0.308714285714286,18.3856941294548,1.85535936614301e-09,0.00812659019893698,0.133391237856672,1.04737181574379
79,19,"standard",0.308714285714286,2.08862707940091,0.108732106340558,18.070023076445,9.08439989899534e-12,0.00967237272902495,0.137112769946819,1.03625027780403
79,19,"constrained",0.308714285714286,2.34700577505479,0.308714285714286,20.4120073016393,1.26134175326698e-09,0.00790296044121675,0.152967534924049,1.03713350090925
79,20,"standard",0.308714285714286,2.08388016477228,0.108830069450365,18.6555792059205,9.46054345973835e-12,0.00943485226811108,0.141933231027752,1.02427168660115
79,20,"constrained",0.308714285714286,2.34366945817259,0.308714285714286,21.2577381271244,8.58853266283433e-10,0.00784284553242519,0.158270041619332,1.0252029365279
79,21,"standard",0.308714285714286,2.08690289104717,0.106692957308792,17.9773437648,1.00067731878539e-11,0.00934047807565442,0.134182762900346,1.01523161658319
79,21,"constrained",0.308714285714286,2.34786063384128,0.308714285714286,20.4316088558797,1.12003512020564e-09,0.00787808581634946,0.150205046974431,1.01612980130465
79,22,"standard",0.308714285714286,2.09296034263687,0.105487946436245,18.3114786224451,9.82269821037107e-12,0.00911228424924822,0.13003741896715,1.00685896535556
79,22,"constrained",0.308714285714286,2.35482389252099,0.308714285714286,20.7815814323484,1.78896858438193e-09,0.00786656690203531,0.146583999013045,1.00774535546714
79,23,"standard",0.308714285714286,2.10086281539035,0.102844462070375,18.8872642703812,1.08836273327029e-11,0.00895854556551808,0.127069978514759,1.00293105442474
79,23,"constrained",0.308714285714286,2.3671746908428,0.308714285714286,21.4870971046824,1.28596822079885e-09,0.00784307383558904,0.14362157325677,1.00370600502434
79,24,"standard",0.308714285714286,2.09622247902141,0.103197549728475,18.2117354014241,1.05195852029283e-11,0.00899712687686132,0.12138255575652,0.996562674829161
79,24,"constrained",0.308714285714286,2.36202906812293,0.308714285714286,20.658001079921,1.82049159080933e-09,0.00796060684881236,0.137870519772182,0.997252989448025
79,25,"standard",0.308714285714286,2.09106336330662,0.100565022878314,17.7412489625906,1.04429798142291e-11,0.00882361358079443,0.11854530054162,0.993886255246733
79,25,"constrained",0.308714285714286,2.35557730328719,0.308714285714286,20.0752523251347,1.29585348007666e-09,0.0078368460833373,0.134868030890382,0.994598565940701
80,4,"standard",0.304714285714286,1.16102860733259,0.286620053212223,6.73360535686853,3.32741678654713e-09,0.0224748303575732,0.820153117080236,1.98687974910506
80,4,"constrained",0.304714285714286,1.18448124875564,0.304714285714286,6.85501626826641,1.03805852802452e-14,0.020317981542332,0.821704012359929,1.98692112905209
80,5,"standard",0.304714285714286,1.39852045944909,0.256636038984469,9.24269063260029,1.4210854715202e-14,0.0201020337756019,0.645609490975312,1.84923272692956
80,5,"constrained",0.304714285714286,1.46162531156303,0.304714285714286,9.63554436761954,1.1597080518122e-09,0.0162124707821746,0.645100206411411,1.84923828140699
80,6,"standard",0.304714285714286,1.58824793995086,0.22492433453397,12.3192152608614,1.56319401867222e-13,0.0214273151150686,0.371058436294273,1.63459743659827
80,6,"constrained",0.304714285714286,1.68774573112139,0.304714285714286,13.1367741482113,1.9788647942498e-09,0.0168343861349048,0.371716097538844,1.63558586718731
80,7,"standard",0.304714285714286,1.73397325519595,0.206788975673513,14.3324517836153,5.77760062014931e-13,0.0186722138197833,0.259762472286563,1.54833476786182
80,7,"constrained",0.304714285714286,1.84856595700245,0.304714285714286,15.3076134559887,1.7450793032836e-09,0.0142771143653179,0.260660986295841,1.54952206116871
80,8,"standard",0.304714285714286,1.78779778872747,0.189752926687801,14.9780271873668,7.88813458996174e-13,0.0162950822781949,0.181541189251068,1.45217351529415
80,8,"constrained",0.304714285714286,1.91354895976796,0.304714285714286,16.050070065582,1.38268996252577e-09,0.0121687407313164,0.183916377180881,1.45314127845935
80,9,"standard",0.304714285714286,1.80962477997315,0.169191754378894,16.2581592977476,8.40438829641244e-13,0.0159371943469173,0.118832055424773,1.37448581614573
80,9,"constrained",0.304714285714286,1.94964059778499,0.304714285714286,17.6559523545872,1.32567945509976e-09,0.0117953012011855,0.120607312604356,1.37588999049418
80,10,"standard",0.304714285714286,1.836751669797,0.160497426676539,16.9338303543121,9.10049813285241e-13,0.0137350366287225,0.0800157614899488,1.30397990657629
80,10,"constrained",0.304714285714286,1.98595484574794,0.304714285714286,18.4699548875048,1.07283321115759e-09,0.0103416021949667,0.0825787821510078,1.30496683261747
80,11,"standard",0.304714285714286,1.84476223136461,0.150746221483258,17.9548996060372,9.48241485332346e-13,0.0120838712547399,0.0992260620326686,1.27013473156545
80,11,"constrained",0.304714285714286,1.9969556568875,0.304714285714286,19.6722863653872,9.25194643119909e-10,0.00917426134343439,0.101442942020259,1.27119422343869
80,12,"standard",0.304714285714286,1.85854866834595,0.147033249855059,18.3804591938534,1.22091226018028e-12,0.0107705231097916,0.0875394176640443,1.23253333069701
80,12,"constrained",0.304714285714286,2.01130800039014,0.304714285714286,20.1206947554286,1.53050178086644e-09,0.00837755637091532,0.0907613264837588,1.23316739759378
80,13,"standard",0.304714285714286,1.86715524962811,0.143720563301051,18.9560645450216,1.37279076994901e-12,0.0101550069861888,0.0713218949414394,1.18735432700271
80,13,"constrained",0.304714285714286,2.01965481002028,0.304714285714286,20.7421991720905,1.81444664848485e-09,0.00803241107028186,0.0755378530681341,1.18806512889497
80,14,"standard",0.304714285714286,1.8718919070371,0.142542012534715,19.0378271904153,1.64324109874769e-12,0.00936477451132141,0.0643781271633106,1.13466339441368
80,14,"constrained",0.304714285714286,2.02460656729113,0.304714285714286,20.8227188228886,1.11330439311885e-09,0.00763621680213742,0.0691605043784262,1.13556586080154
80,15,"standard",0.304714285714286,1.90254101757598,0.135914476356209,20.1297136830399,1.86828330583921e-12,0.00954109641933329,0.035377168813044,1.10236656285187
80,15,"constrained",0.304714285714286,2.06486931315224,0.304714285714286,22.126420319798,1.32829491850117e-09,0.0078540876448508,0.0404625433281192,1.1034233324567
80,16,"standard",0.304714285714286,1.89909080889375,0.132804868079755,20.0183617442207,1.87194704182048e-12,0.00899885167104315,0.0389503472413573,1.07248195287886
80,16,"constrained",0.304714285714286,2.06055663610557,0.304714285714286,21.9909321781355,1.32749422565581e-09,0.00757222273023149,0.0444233564159937,1.07346718020271
80,17,"standard",0.304714285714286,1.919306035822,0.128880141070801,20.8395880301681,2.062905402056e-12,0.00890480238167926,0.0210764063345596,1.05107854526069
80,17,"constrained",0.304714285714286,2.08783730718643,0.304714285714286,22.9736032779348,1.61191149317119e-09,0.00752754054962285,0.026690601682092,1.05192280206399
80,18,"standard",0.304714285714286,1.91159615975348,0.124031550818325,20.6192769399988,2.20912177439914e-12,0.00875337627736481,0.0271864824271661,1.03555640304356
80,18,"constrained",0.304714285714286,2.07888638392216,0.304714285714286,22.7122783136496,1.50755186112406e-09,0.00757413094687267,0.0336897893821648,1.03650205722837
80,19,"standard",0.304714285714286,1.91404501055837,0.1227636286836,20.7368955776963,2.35100827694623e-12,0.00854184301921325,0.0235239267710394,1.01769924888095
80,19,"constrained",0.304714285714286,2.08062457538905,0.304714285714286,22.8185125772243,1.39433103951703e-09,0.00755418834665334,0.0307927280993638,1.01835081157119
80,20,"standard",0.304714285714286,1.91703256301199,0.118406940555366,21.8143754864627,2.34123831432953e-12,0.00846607077074085,0.0138906370730449,1.00666421631899
80,20,"constrained",0.304714285714286,2.08842091061462,0.304714285714286,24.2325353068701,9.80337477862747e-10,0.00750684619537724,0.0204652616586198,1.007710824364
80,21,"standard",0.304714285714286,1.91489934483545,0.117546561285316,21.488065360899,2.34123831432953e-12,0.00830567929436513,0.012972720262578,1.00083870297638
80,21,"constrained",0.304714285714286,2.08509772737341,0.304714285714286,23.813077852774,1.07391673331847e-09,0.0074341920291812,0.0195528975223684,1.00216643136225
80,22,"standard",0.304714285714286,1.92258524099223,0.114296758200132,22.2144154004088,2.42439401887395e-12,0.00828833848770536,0.00510692391786094,0.99245586396588
80,22,"constrained",0.304714285714286,2.09452463094713,0.304714285714286,24.6299884473566,1.23127613660401e-09,0.00747501103006914,0.0116771209651247,0.993597780809488
80,23,"standard",0.304714285714286,1.91954647991402,0.114963418113705,22.0171194681603,2.54218868178668e-12,0.00838086050648786,0.00618790845175443,0.98820324207649
80,23,"constrained",0.304714285714286,2.09060583580298,0.304714285714286,24.3462754463234,1.39961447986892e-09,0.00765020485215971,0.0130402916610048,0.989356564831196
80,24,"standard",0.304714285714286,1.91145174750533,0.115695663744511,21.6575991717684,2.60869104096173e-12,0.00835734191495902,0.0104740935302727,0.982332889939996
80,24,"constrained",0.304714285714286,2.08454777347694,0.304714285714286,23.9491358263296,1.28974414481675e-09,0.00774960478140062,0.0178163314076496,0.983333206461287
80,25,"standard",0.304714285714286,1.91330903868243,0.114856094411337,21.907770470319,2.62534438633111e-12,0.00822988276391433,0.00985341259281736,0.981428286800525
80,25,"constrained",0.304714285714286,2.0873261378839,0.304714285714286,24.2574199845024,1.81621112593788e-09,0.00768678759284712,0.0173496814368441,0.982478764375128
81,4,"standard",0.308571428571429,1.30689973823419,0.275535108880146,7.45178234114072,6.43929354282591e-15,0.0232565058673944,0.880592139450704,2.01421319755689
81,4,"constrained",0.308571428571429,1.36089585846506,0.308571428571428,7.72872981138593,6.55031584528842e-15,0.0189827221322363,0.882899221377316,2.01399953477892
81,5,"standard",0.308571428571429,1.49776250133266,0.248232119516912,9.85861589596699,3.10862446895044e-15,0.0215410280064792,0.738421146047832,1.88203510524077
81,5,"constrained",0.308571428571429,1.59387107498198,0.308571428571428,10.4712623210327,1.45462830669629e-09,0.0162064723883303,0.737597986359614,1.88227142228531
81,6,"standard",0.308571428571429,1.6043295417454,0.231866746186665,11.4795848254692,5.7065463465733e-14,0.0183390797648947,0.556313901509599,1.6766268254215
81,6,"constrained",0.308571428571429,1.70842218248297,0.308571428571428,12.231327882327,1.8855954575514e-09,0.0134979717866157,0.559863754820888,1.67687662400652
81,7,"standard",0.308571428571429,1.76499489751056,0.211656656053075,13.5894453880169,1.98896454861597e-13,0.0166717140422013,0.445780223228192,1.58792261793599
81,7,"constrained",0.308571428571429,1.89766984961497,0.308571428571428,14.5933503826895,1.3784936525596e-09,0.0117905047264138,0.44811334616288,1.58848145498791
81,8,"standard",0.308571428571429,1.86400860802111,0.183484403647723,14.9871856227639,3.81805698168591e-13,0.0167209084248287,0.342979297546557,1.49128111660573
81,8,"constrained",0.308571428571429,2.03636326986286,0.308571428571428,16.3525761854698,1.44253081701962e-09,0.0115196938131144,0.344293342800102,1.49222701875839
81,9,"standard",0.308571428571429,1.90281995608727,0.172608402458147,15.5186031871127,5.10258502117722e-13,0.0135068350367396,0.300420825455093,1.40094873685274
81,9,"constrained",0.308571428571429,2.08179299710099,0.308571428571428,16.9406419165184,1.19859178138171e-09,0.00982736139016331,0.303349655427072,1.40158216844971
81,10,"standard",0.308571428571429,2.00026147339856,0.153559530236109,17.1370488620362,8.99391672248839e-13,0.0118652426254146,0.211913033977977,1.32663539023879
81,10,"constrained",0.308571428571429,2.21105174467697,0.308571428571428,18.9100172284469,1.5117378460161e-09,0.00797476906679333,0.216504436350061,1.32769395575441
81,11,"standard",0.308571428571429,2.00345407313096,0.137354022415219,19.0600622461427,8.83626505299162e-13,0.0109858554096171,0.239303894747557,1.29198955050808
81,11,"constrained",0.308571428571429,2.22100373461506,0.308571428571428,21.3802581765317,2.08765643661124e-09,0.00786692412777459,0.244807609786347,1.29283701043245
81,12,"standard",0.308571428571429,2.02205405083828,0.133456818029865,19.6421732910288,1.0511591597151e-12,0.0102129993443741,0.220240025446742,1.25085519741917
81,12,"constrained",0.308571428571429,2.24257062352168,0.308571428571428,22.0308041101873,1.42764106092486e-09,0.00772297198464675,0.226135889670488,1.25162065091832
81,13,"standard",0.308571428571429,2.0431314486961,0.129696553666323,20.4020606686874,1.04982689208555e-12,0.00948122971875094,0.192689338972272,1.20487618533306
81,13,"constrained",0.308571428571429,2.27454107965517,0.308571428571428,22.9923498689111,1.43236300598204e-09,0.00706017145617029,0.197314118762726,1.20534604107189
81,14,"standard",0.308571428571429,2.06054729993966,0.122886312047256,21.2064057916416,1.07913677993565e-12,0.00928099450275718,0.164615664377975,1.14616368714867
81,14,"constrained",0.308571428571429,2.3007610385544,0.308571428571428,24.0164297864954,2.07293560094968e-09,0.00698455603158442,0.169252325488543,1.14666984816649
81,15,"standard",0.308571428571429,2.09270113430408,0.115258207510956,23.1589869649712,1.03150821217923e-12,0.0101835787402615,0.129482137139576,1.11404183204399
81,15,"constrained",0.308571428571429,2.36324828575995,0.308571428571428,26.6559494724468,1.53761586796364e-09,0.00784978325292062,0.135701759389537,1.11467982414018
81,16,"standard",0.308571428571429,2.09345288945994,0.115108257920525,23.2041092670914,1.16895382262783e-12,0.00977898742354374,0.128539884970153,1.08481316976744
81,16,"constrained",0.308571428571429,2.36302215361222,0.308571428571428,26.6414360734404,1.57781360199394e-09,0.0076992704955953,0.135949142187271,1.0853550029142
81,17,"standard",0.308571428571429,2.11156622628577,0.104266689079478,24.9957138816767,1.18927090397847e-12,0.0097431198186293,0.109626948562013,1.06793640136269
81,17,"constrained",0.308571428571429,2.40034354070648,0.308571428571428,29.1247573451657,1.62659691271827e-09,0.00755321382495066,0.118883234160964,1.06899216916402
81,18,"standard",0.308571428571429,2.11227387546549,0.103997849122198,25.0405190601165,1.20270460257643e-12,0.00943334600285921,0.109169685855492,1.04991964486398
81,18,"constrained",0.308571428571429,2.40154060764685,0.308571428571428,29.1891667369501,1.84460113850093e-09,0.00751881029570617,0.118393985776535,1.05081398729169
81,19,"standard",0.308571428571429,2.13362984618278,0.102422480496141,26.3704157177986,1.19337872916958e-12,0.00940078499202339,0.0927643542684979,1.0327254930777
81,19,"constrained",0.308571428571429,2.44127248266165,0.308571428571428,31.0268470956195,9.36703548060080e-10,0.00748240573281657,0.102797292262276,1.03360154202884
81,20,"standard",0.308571428571429,2.14548572128451,0.100955616254427,26.8451101178765,1.58106860936869e-12,0.00901474631284967,0.0871901878766774,1.02019324962345
81,20,"constrained",0.308571428571429,2.45315824291745,0.308571428571428,31.5037951495323,9.33874644282184e-10,0.00729860726928375,0.098002393380523,1.02102992725837
81,21,"standard",0.308571428571429,2.15386282304934,0.0993683770051348,27.2800033795008,1.63358215843346e-12,0.00902775071257428,0.0845903376668069,1.01357740154065
81,21,"constrained",0.308571428571429,2.46583520901972,0.308571428571428,32.0568844103134,1.08578196433839e-09,0.00741104367294349,0.0956516405018357,1.01454457826503
81,22,"standard",0.308571428571429,2.1763723680942,0.0955827585058582,29.3750679470217,1.57296398128892e-12,0.00931673415642349,0.0670505730151207,1.00357342834851
81,22,"constrained",0.308571428571429,2.51449969980388,0.308571428571428,35.0078020812199,1.19658588593197e-09,0.00768624563310712,0.0774131631854686,1.00487771121544
81,23,"standard",0.308571428571429,2.1601094987335,0.093099836211021,27.6314382315202,1.58351110002286e-12,0.00914108062303058,0.0595997112484019,1.00279015629377
81,23,"constrained",0.308571428571429,2.48797364525518,0.308571428571428,32.7371953644077,9.78439662624453e-10,0.00761267818260374,0.069435787887425,1.00442093973913
81,24,"standard",0.308571428571429,2.14408107461409,0.0985871352552492,26.0784857941537,1.57929225252929e-12,0.00917256938018778,0.0527548145676819,0.999258843160693
81,24,"constrained",0.308571428571429,2.4657664749294,0.308571428571428,30.7828140074288,1.17100185104135e-09,0.00769711507273172,0.0618573996609806,1.00134454940216
81,25,"standard",0.308571428571429,2.18756658475414,0.0949096435890774,27.2153983593961,2.51321186084397e-12,0.00894242541190369,0.04764671091485,0.996097147467363
81,25,"constrained",0.308571428571429,2.51564223972102,0.308571428571428,31.9702848270164,1.10907172334862e-09,0.00761010961257618,0.0568687197617459,0.998214558927962
82,4,"standard",0.302285714285714,1.35544907061613,0.251895665635766,8.48069004846686,6.27276008913213e-15,0.0341837190112025,0.929641671100677,2.03214114857883
82,4,"constrained",0.302285714285714,1.44897516617716,0.302285714285714,9.06203239246689,1.64535984836789e-09,0.0278278062523204,0.936824516755672,2.03200577399873
82,5,"standard",0.302285714285714,1.7688445552122,0.227473998265292,11.9212230305809,3.23518989375771e-13,0.0246662277009193,0.697074656422147,1.8806221433001
82,5,"constrained",0.302285714285714,1.92486259307638,0.302285714285714,12.8650603484665,1.58612256662138e-09,0.0178938824921574,0.702057234550785,1.88099554650604
82,6,"standard",0.302285714285714,2.07146945183162,0.20123798880765,15.8463700382128,3.29436478097023e-12,0.0231812612053576,0.436993362539514,1.65675320285837
82,6,"constrained",0.302285714285714,2.29515308275576,0.302285714285714,17.3914929210659,1.82432585704717e-09,0.0161330743272355,0.446015225183506,1.65711883758625
82,7,"standard",0.302285714285714,2.21521781516531,0.186262318192402,17.9896804229969,9.51627665557453e-12,0.0194757656464634,0.338001893501943,1.56817379855503
82,7,"constrained",0.302285714285714,2.46813516549298,0.302285714285714,19.8523698157043,1.20917553747546e-09,0.013728276364213,0.347510399012713,1.56840053179382
82,8,"standard",0.302285714285714,2.29562517919073,0.162435440976441,19.691824015834,9.83069181614837e-12,0.0196966154129434,0.232641285839266,1.46657450543004
82,8,"constrained",0.302285714285714,2.61481020548556,0.302285714285714,22.2759233610925,1.36457928290312e-09,0.0133201892313878,0.242019259562476,1.46721310568635
82,9,"standard",0.302285714285714,2.29074065492767,0.147779960206867,20.9752532236599,1.16859855125995e-11,0.017848183314899,0.165925205778418,1.38105221708821
82,9,"constrained",0.302285714285714,2.60702205049452,0.302285714285714,23.9479964156959,1.48433459967734e-09,0.0120733864903392,0.173811691941093,1.38267521427448
82,10,"standard",0.302285714285714,2.33546494566159,0.131207213390302,23.1062452292215,1.29585231434248e-11,0.0171619824136091,0.10241979505236,1.31000534601335
82,10,"constrained",0.302285714285714,2.68519858854716,0.302285714285714,26.9070899733008,1.50469164905687e-09,0.0116507543242586,0.112072977471652,1.31144256577044
82,11,"standard",0.302285714285714,2.33158013432564,0.130603059970458,22.8984656532804,1.67830194186536e-11,0.016015692127726,0.0993238431933339,1.27801149008024
82,11,"constrained",0.302285714285714,2.67712639117066,0.302285714285714,26.4326981329728,1.90655330412071e-09,0.0112602291888514,0.106261972506907,1.28023922797029
82,12,"standard",0.302285714285714,2.34849207541018,0.1257997232658,23.8692084414023,1.68013380985599e-11,0.0152030977169172,0.0786715823362618,1.2374173202659
82,12,"constrained",0.302285714285714,2.71252572010682,0.302285714285714,27.8246495061981,1.86511839306291e-09,0.0110007501628372,0.0847082625005271,1.23955082466752
82,13,"standard",0.302285714285714,2.35923333540051,0.123328265571689,24.6815724852769,1.65036873056579e-11,0.0142134469646927,0.0605061808470335,1.19575688735362
82,13,"constrained",0.302285714285714,2.73348052849755,0.302285714285714,28.9471488073134,1.10106490591733e-09,0.0104613103663971,0.0656804672679678,1.19919005433278
82,14,"standard",0.302285714285714,2.41153763560615,0.110380883288096,27.0129792587163,1.95262694901999e-11,0.0136592490467543,0.000812353441802749,1.14835446043013
82,14,"constrained",0.302285714285714,2.82921341028277,0.302285714285714,32.3295824476005,8.83604522883275e-10,0.0101229858764081,0.0015401409467044,1.15323849150391
82,15,"standard",0.302285714285714,2.49041211743313,0.103820265490009,28.9786735754062,2.86659584958215e-11,0.0133668647506116,0.0396102116618282,1.11827757139075
82,15,"constrained",0.302285714285714,2.94064200140132,0.302285714285714,34.8816577662915,1.83117687679868e-09,0.00993751023427393,0.0383705184890815,1.12343058965194
82,16,"standard",0.302285714285714,2.50500557371639,0.10222520988014,29.6143459116025,2.99963387462299e-11,0.0128641811858663,0.0516974529451266,1.08627460862804
82,16,"constrained",0.302285714285714,2.96674672252687,0.302285714285714,35.7653425415468,1.83312587331841e-09,0.00959895960527225,0.051335690751066,1.09169374310698
82,17,"standard",0.302285714285714,2.50727256761205,0.101719016571199,29.7072510576492,3.07698311274862e-11,0.0121461218565798,0.0533305389197176,1.06466449558622
82,17,"constrained",0.302285714285714,2.96734073609297,0.302285714285714,35.7869519988551,1.73702324746117e-09,0.00931636830180855,0.0516594657670062,1.06943186104695
82,18,"standard",0.302285714285714,2.51051313255707,0.0907293676975696,26.7338785486872,3.01205727026854e-11,0.012084797560533,0.0667004823616439,1.05329845988698
82,18,"constrained",0.302285714285714,2.98920171257703,0.302285714285714,31.8729790996048,1.34386407557585e-09,0.00932334454637961,0.06450938665738,1.05755383369982
82,19,"standard",0.302285714285714,2.51265151942832,0.0864974579494941,26.35613919391,2.99593683195098e-11,0.0115585454022808,0.0576050100921988,1.03670227726736
82,19,"constrained",0.302285714285714,2.99629695987205,0.302285714285714,31.3600375199524,9.59227974828281e-10,0.00907136253819225,0.0536667816400218,1.04066642782645
82,20,"standard",0.302285714285714,2.56794273901802,0.0832373882614025,28.0144627528343,3.45432571435822e-11,0.0112723937699169,0.0710035537719707,1.02587928031701
82,20,"constrained",0.302285714285714,3.08310317416287,0.302285714285714,33.5637432717418,9.5054819571061e-10,0.00894165690065484,0.0672136748794268,1.03038991883349
82,21,"standard",0.302285714285714,2.57387316827932,0.0826276078149457,28.1414277175307,3.53385098961212e-11,0.0108408236310696,0.0733427823470754,1.01839066137933
82,21,"constrained",0.302285714285714,3.08922959470094,0.302285714285714,33.677328826655,1.86805443336269e-09,0.00877457010174953,0.0690254213224115,1.02255906067365
82,22,"standard",0.302285714285714,2.58495973963166,0.0800535713911358,26.2475112127893,3.66003893859101e-11,0.0107406352326745,0.0752097849529099,1.01171181214234
82,22,"constrained",0.302285714285714,3.10694294224657,0.302285714285714,31.4591252282317,1.32282784726101e-09,0.00874878823614485,0.0693388804162369,1.0165630962448
82,23,"standard",0.302285714285714,2.58400432094418,0.0810664314329195,25.7669681047266,3.73021613597757e-11,0.0105796826083203,0.0736134645597044,1.00623680159473
82,23,"constrained",0.302285714285714,3.10275187528108,0.302285714285714,30.8848408112298,1.53932894209063e-09,0.00879823541403898,0.0678549350435462,1.01053965408051
82,24,"standard",0.302285714285714,2.57415822182148,0.0801491737752761,25.2855256307359,3.93456378589008e-11,0.0106553582477344,0.0750647323564761,1.00246938722837
82,24,"constrained",0.302285714285714,3.08454467419988,0.302285714285714,30.068291778724,1.15933890265651e-09,0.00898279320908273,0.0693779943097121,1.00698965899765
82,25,"standard",0.302285714285714,2.57486584596974,0.0803256943322717,25.4058916942494,3.9943159890754e-11,0.010365348171956,0.074730423970716,1.00160197636006
82,25,"constrained",0.302285714285714,3.08578836954416,0.302285714285714,30.2564633615847,1.22991566930963e-09,0.00886359487720472,0.0689530911825589,1.00599059054836
83,4,"standard",0.300857142857143,1.33172138872545,0.265709643171257,7.94529422205142,2.33146835171283e-15,0.0279566187004112,0.847161585821931,1.99787916501692
83,4,"constrained",0.300857142857143,1.38996321199355,0.300857142857143,8.2654631578361,7.49400541621981e-15,0.0236230642577749,0.851130440263828,1.99784143280811
83,5,"standard",0.300857142857143,1.5326003180676,0.247854183834701,9.97050292476493,3.8746783559418e-14,0.0201432193576091,0.727422317779887,1.89240548515713
83,5,"constrained",0.300857142857143,1.6196122499157,0.300857142857143,10.4894714864791,2.14704820589162e-09,0.0153996055093057,0.733457131133783,1.89262721106887
83,6,"standard",0.300857142857143,1.76104470323256,0.214518222298029,13.5556158725703,2.56905607898261e-13,0.0222636063262555,0.413904195174521,1.63496748320706
83,6,"constrained",0.300857142857143,1.90528229192116,0.300857142857143,14.6693974406031,1.66364139131403e-09,0.0165634195925699,0.420009702345206,1.63545612368853
83,7,"standard",0.300857142857143,1.87461379490393,0.190527959537798,16.500960343695,7.60502771868232e-13,0.0215757143708033,0.300038667723472,1.54874678768244
83,7,"constrained",0.300857142857143,2.04760640992362,0.300857142857143,18.2151704207904,2.02788696945788e-09,0.0161033491965437,0.306707609559787,1.54964994543378
83,8,"standard",0.300857142857143,1.95483622257211,0.169349837332122,17.6311626063032,1.33471012020436e-12,0.0195363835410882,0.215031849490907,1.45005880003036
83,8,"constrained",0.300857142857143,2.1601150959388,0.300857142857143,19.7090405584993,1.70316233338852e-09,0.0140037225961853,0.223558698163123,1.45103109151865
83,9,"standard",0.300857142857143,2.02560870896042,0.153560659888995,18.8513878152381,1.62792002100787e-12,0.0170723565829179,0.1574076188714,1.36901577116573
83,9,"constrained",0.300857142857143,2.26584691784761,0.300857142857143,21.3229827494807,1.04845132575804e-09,0.011736046166249,0.166744905208602,1.37021248850032
83,10,"standard",0.300857142857143,2.05120096159266,0.145830173340258,19.5267780273668,2.00439664865826e-12,0.0151642281166073,0.129302384581606,1.30369385627243
83,10,"constrained",0.300857142857143,2.3001517618304,0.300857142857143,22.1545190946289,8.66570259994148e-10,0.0104976406057771,0.140620586283977,1.30506258032778
83,11,"standard",0.300857142857143,2.0635246085874,0.121617675100872,18.6123647726566,1.89637194836223e-12,0.0143497377217267,0.180592842115939,1.27615185115093
83,11,"constrained",0.300857142857143,2.32308309920091,0.300857142857143,21.0686081327253,9.24350596065437e-10,0.0104888006693107,0.193835717558484,1.27899136620621
83,12,"standard",0.300857142857143,2.09573084003149,0.11437710396464,19.623537233638,2.42739162104044e-12,0.0128117498789384,0.152886551134891,1.2440824920033
83,12,"constrained",0.300857142857143,2.36221266261385,0.300857142857143,22.2922141524471,1.55935409029695e-09,0.00939864598755384,0.167364275892891,1.2477505259682
83,13,"standard",0.300857142857143,2.10657983413538,0.109021419407975,20.7071706956289,2.35045316543392e-12,0.0128892124763705,0.126718259781486,1.19425563673468
83,13,"constrained",0.300857142857143,2.38547416461416,0.300857142857143,23.7825420887518,1.77033748771649e-09,0.00974933887791116,0.140198946192863,1.1974773521949
83,14,"standard",0.300857142857143,2.0868281520142,0.0998060160051358,18.4475678713681,2.19979590099229e-12,0.0133130603792362,0.0863388060605477,1.13816109255155
83,14,"constrained",0.300857142857143,2.36197018114637,0.300857142857143,20.8706983544082,8.6379942088044e-10,0.010234420002902,0.0958866912195564,1.14066341678444
83,15,"standard",0.300857142857143,2.08607437657117,0.0984499501059815,18.7621487466058,2.21855867010845e-12,0.0129926453856897,0.078530128645812,1.10651550461412
83,15,"constrained",0.300857142857143,2.36087087865223,0.300857142857143,21.2804286112493,9.60222013013379e-10,0.0101793261015571,0.088089782252788,1.10859123020208
83,16,"standard",0.300857142857143,2.08658287834331,0.0980928121028203,18.8536438607851,2.22111218306509e-12,0.012280118164586,0.075476390481052,1.07517055549962
83,16,"constrained",0.300857142857143,2.36163207369091,0.300857142857143,21.3929828706582,1.31896416011301e-09,0.00969475681859644,0.0849037870138689,1.07730365766381
83,17,"standard",0.300857142857143,2.08674898269594,0.0970673990871983,18.9719007237182,2.24165130902065e-12,0.011410537971828,0.0712903785119288,1.05377670301298
83,17,"constrained",0.300857142857143,2.36168834349882,0.300857142857143,21.5474362711616,1.30091121208764e-09,0.00915884300412324,0.0802777012165894,1.05537344875858
83,18,"standard",0.300857142857143,2.11300858731226,0.0868160796009588,17.0580247426245,2.10487183238683e-12,0.0115329438118631,0.0455495416613143,1.03943294274621
83,18,"constrained",0.300857142857143,2.41480883343144,0.300857142857143,19.4141892436853,1.56876617252166e-09,0.00926131247569099,0.0546071330148825,1.04143718634958
83,19,"standard",0.300857142857143,2.13030067841143,0.081721566954751,18.1722642921542,2.13862261233544e-12,0.010874813882039,0.0515944073887038,1.02588542851048
83,19,"constrained",0.300857142857143,2.44513060367703,0.300857142857143,20.865133069952,9.34054944501383e-10,0.00886272246977557,0.060886817206093,1.02800174407055
83,20,"standard",0.300857142857143,2.12423976694697,0.0801595860916468,18.8320532205211,2.12829753820643e-12,0.0107105215973511,0.04366486368406,1.01103047991062
83,20,"constrained",0.300857142857143,2.43826766285927,0.300857142857143,21.8928078178581,1.2516767067261e-09,0.00881091712046221,0.0526143555032341,1.01300086322683
83,21,"standard",0.300857142857143,2.12197232363456,0.0775164372597037,18.0556357572492,2.18858264844357e-12,0.0104331963342982,0.0421305502358287,1.00627998954301
83,21,"constrained",0.300857142857143,2.43457849663799,0.300857142857143,20.8682596923818,1.6709078010102e-09,0.00864214704751548,0.0515158717376165,1.00812137101769
83,22,"standard",0.300857142857143,2.15196139062528,0.0713167218409003,19.6195362435265,2.30471197681936e-12,0.0105104825590197,0.0281298159162509,0.997457713473009
83,22,"constrained",0.300857142857143,2.50011503091939,0.300857142857143,22.6733584302837,8.46795966680247e-10,0.00870824170598362,0.0379982709529285,0.999320611546518
83,23,"standard",0.300857142857143,2.16452493884698,0.0687365758507532,18.5160716526796,2.26041407813682e-12,0.0102228888154358,0.0226985142856471,0.993136608555442
83,23,"constrained",0.300857142857143,2.52452355888187,0.300857142857143,21.9173140962433,1.00883856823941e-09,0.00852309678014838,0.0329939943427435,0.994829603804734
83,24,"standard",0.300857142857143,2.18649449220377,0.0663913130155867,19.6214834165276,2.37998509788895e-12,0.0102753926232643,0.0110807149393217,0.988739144747214
83,24,"constrained",0.300857142857143,2.56063715286504,0.300857142857143,23.2452642534708,1.6578284856017e-09,0.00866112382133491,0.0216506239316772,0.990504140762753
83,25,"standard",0.300857142857143,2.19718406896668,0.0652846855981712,20.058645157648,2.62734278777543e-12,0.010043060922027,0.00965103245557319,0.987401198136985
83,25,"constrained",0.300857142857143,2.57635697383374,0.300857142857143,23.6255921416,1.03360431324973e-09,0.0085835238082506,0.020485434765745,0.989251442031942
84,4,"standard",0.302714285714286,1.63920443330893,0.220053510794719,11.1109688908305,9.54791801177635e-15,0.04274557232561,0.916953333194262,2.03782129955566
84,4,"constrained",0.302714285714286,1.84083691398373,0.302714285714286,12.4864403116802,1.54271356800351e-09,0.0326739173110712,0.929837340889754,2.03794718933152
84,6,"standard",0.302714285714286,2.18304881290263,0.182771658951551,18.9196028271679,1.86627380216464e-11,0.0274578182637642,0.556220957354324,1.6795976744142
84,6,"constrained",0.302714285714286,2.46646681418185,0.302714285714286,21.6216155752908,1.95802840607939e-09,0.0197490476889488,0.570197886846962,1.67979164957795
84,7,"standard",0.302714285714286,2.36622250269416,0.160254249462556,23.8561091873311,6.40411057517554e-11,0.0260349254429173,0.457328332059951,1.59440471641941
84,7,"constrained",0.302714285714286,2.68653169266819,0.302714285714286,27.7531527639236,1.68636815622847e-09,0.0189780580765535,0.476063620344377,1.5963463199486
84,8,"standard",0.302714285714286,2.43495930876397,0.145845538318157,25.1554869904279,7.80741027384124e-11,0.0235517652624123,0.375427939051697,1.48418548663276
84,8,"constrained",0.302714285714286,2.81333783707192,0.302714285714286,29.8692209678803,1.31156979721325e-09,0.0168130134020139,0.395260400340254,1.48606430650575
84,9,"standard",0.302714285714286,2.46340912413666,0.126088080519402,20.3192739291813,9.18020104379025e-11,0.0218086872453152,0.290703494745317,1.39081656541796
84,9,"constrained",0.302714285714286,2.87616124290528,0.302714285714286,23.6083918494526,1.26635613106885e-09,0.0155717400932162,0.310194216320299,1.39212345118772
84,10,"standard",0.302714285714286,2.52627066605368,0.11578681557074,21.9455528604344,1.20842225115325e-10,0.0192633557515595,0.243131959145175,1.32260504138476
84,10,"constrained",0.302714285714286,2.96970434586764,0.302714285714286,25.6776939539065,1.07346903588379e-09,0.0139440054092021,0.265477831935804,1.32455576084794
84,11,"standard",0.302714285714286,2.5379974128121,0.102599104750407,21.0393559243267,1.25427890296237e-10,0.0170877699753269,0.275785503110498,1.29321828357294
84,11,"constrained",0.302714285714286,2.98744921636872,0.302714285714286,24.5118524755217,1.14957887653588e-09,0.0127485055985139,0.298694457936518,1.29483642118771
84,12,"standard",0.302714285714286,2.5552870296748,0.0920179165492432,18.860991378877,1.26906929409643e-10,0.0167210167570941,0.223365566899797,1.24733248156541
84,12,"constrained",0.302714285714286,3.02095205456098,0.302714285714286,22.3640957370166,1.32306049449582e-09,0.0128453257493254,0.244162297860121,1.24812221135066
84,13,"standard",0.302714285714286,2.64563691100761,0.080680691040864,21.0135504792394,1.39343980798401e-10,0.016655671059507,0.172697825081367,1.19596799484729
84,13,"constrained",0.302714285714286,3.17694913096828,0.302714285714286,25.4445233455251,9.95761473276957e-10,0.0127050775827377,0.193016105066569,1.19704768290613
84,14,"standard",0.302714285714286,2.65894556242385,0.0752067097272703,22.3273169179082,1.4764633959885e-10,0.0161196771438742,0.130773678513297,1.14375452882861
84,14,"constrained",0.302714285714286,3.20124293826949,0.302714285714286,26.4945110512908,1.31332772435044e-09,0.0123166079443864,0.148327844089321,1.1452367975331
84,15,"standard",0.302714285714286,2.6544244855928,0.0744210430753893,21.712391843475,1.46926137922776e-10,0.0154298860907337,0.123597869821633,1.11177410766342
84,15,"constrained",0.302714285714286,3.19303108546456,0.302714285714286,25.7235701083426,1.20362758648795e-09,0.0118991452749372,0.141587231897838,1.11235342245666
84,16,"standard",0.302714285714286,2.67695547921522,0.0697830183962673,19.3728159133952,1.22084231612973e-10,0.0155825287954623,0.0850500314639797,1.07556060361587
84,16,"constrained",0.302714285714286,3.25654517337534,0.302714285714286,22.8796411337081,1.6455429796558e-09,0.0119927228774858,0.102781533335771,1.07687201454423
84,17,"standard",0.302714285714286,2.67629738472813,0.0696775039853859,19.3551967849661,1.32674649044873e-10,0.0146832485199503,0.0854238466244759,1.05696173286081
84,17,"constrained",0.302714285714286,3.24894354732781,0.302714285714286,22.7803248268815,1.58457630350384e-09,0.0114674779785228,0.106083466643935,1.05888658098169
84,18,"standard",0.302714285714286,2.6868721847989,0.065844142925367,20.6501218096181,1.32638122707363e-10,0.0143682152603665,0.0643961271953435,1.03993645069489
84,18,"constrained",0.302714285714286,3.27223654966219,0.302714285714286,24.5812968441944,8.53619341878442e-10,0.0113763220228592,0.0829798922486003,1.04207818038543
84,19,"standard",0.302714285714286,2.68780878437996,0.06302929937519,21.1541374516384,1.41837430689407e-10,0.0136589248623765,0.060827273343409,1.02909837993596
84,19,"constrained",0.302714285714286,3.27263904800241,0.302714285714286,25.2784233157617,1.22048043893486e-09,0.0109786196883092,0.0807619985529078,1.03230675386623
84,20,"standard",0.302714285714286,2.71539564697896,0.0617656435257191,21.7224654698239,1.46626599750732e-10,0.0130245602542133,0.0522304535458362,1.01485446754481
84,20,"constrained",0.302714285714286,3.31916338046305,0.302714285714286,26.0412683590614,1.6205658481816e-09,0.0105667292257709,0.0713035195413916,1.018659378562
84,21,"standard",0.302714285714286,2.70424798763331,0.0580137220412732,21.3810546416012,1.52461931968162e-10,0.0123577099424104,0.0602389002716404,1.00933548698771
84,21,"constrained",0.302714285714286,3.30882589211731,0.302714285714286,25.6559526638185,1.07492836853851e-09,0.0101853695444583,0.0802755863935296,1.01275902169898
84,22,"standard",0.302714285714286,2.69713903959252,0.0565316787769441,20.9016783043068,1.76006209606783e-10,0.0123499459033574,0.0572792879447466,0.998862244823643
84,22,"constrained",0.302714285714286,3.30024830001775,0.302714285714286,24.8916437187045,1.72843350743079e-09,0.0102578849146897,0.0764238971817104,1.00244983993795
84,23,"standard",0.302714285714286,2.69886839229534,0.0554719528518167,21.6028907514007,1.79207315653684e-10,0.0120909328972558,0.0532385021920634,0.995488919759869
84,23,"constrained",0.302714285714286,3.30233946351446,0.302714285714286,25.8133798448165,8.10035094556127e-10,0.0101949607408459,0.0727834566317505,0.999391086350215
84,24,"standard",0.302714285714286,2.69290189377307,0.0547087223896385,21.1086123405009,1.78279613294308e-10,0.0117622400081193,0.0522540458420071,0.992972143010193
84,24,"constrained",0.302714285714286,3.29334809257479,0.302714285714286,25.1145324395955,1.48535683752726e-09,0.00998532565377082,0.0719633078647881,0.99663600902474
84,25,"standard",0.302714285714286,2.6980801374551,0.0546600428199911,21.4006130420207,2.00423899698876e-10,0.0115157360483929,0.0508758747725446,0.99110920829325
84,25,"constrained",0.302714285714286,3.2978772725524,0.302714285714286,25.3949545776362,1.55913304489275e-09,0.00993586723776357,0.0710406172592339,0.994617800220388
85,4,"standard",0.294428571428571,1.24321366735791,0.282890269529877,7.10664784314984,4.6074255521944e-15,0.0231213239486222,0.845032384289759,1.98481683146819
85,4,"constrained",0.294428571428571,1.2602589679187,0.294428571428571,7.19944002958505,4.6074255521944e-15,0.0216404165274681,0.844965756018781,1.98474625561016
85,5,"standard",0.294428571428571,1.60405131593279,0.253600026700221,10.1618819659119,2.37698749572246e-13,0.0181763417690468,0.685281363065362,1.86096119238509
85,5,"constrained",0.294428571428571,1.67312461151373,0.294428571428571,10.5595905984037,9.22861953522869e-10,0.0144469077423095,0.684419865545883,1.86085609375871
85,6,"standard",0.294428571428571,1.74126364037047,0.231368382304956,12.4350813019396,1.22823973214281e-12,0.0179061549632087,0.486807442221097,1.6508360984643
85,6,"constrained",0.294428571428571,1.83434675228654,0.294428571428571,13.0843837632394,1.9128579831218e-09,0.0138543920056535,0.488446531586925,1.65078824825493
85,7,"standard",0.294428571428571,1.9303036376728,0.211571472649629,14.8715777062704,1.20632392963671e-11,0.0150721244194377,0.36237630368695,1.55212027507978
85,7,"constrained",0.294428571428571,2.04146253475063,0.294428571428571,15.7145240727888,1.66046210114956e-09,0.0110827904077056,0.364779066203829,1.55214445250222
85,8,"standard",0.294428571428571,2.01301606448003,0.185501261375669,16.1697828216266,1.72016845212397e-11,0.0146411897285889,0.23732811329419,1.45491460059805
85,8,"constrained",0.294428571428571,2.1453467088381,0.294428571428571,17.244445484401,9.47896094949385e-10,0.0104197147999149,0.238821932381192,1.45514815559893
85,9,"standard",0.294428571428571,2.06126338577341,0.157866923421654,18.4291139313613,2.02100558510665e-11,0.015799329214933,0.145283179066642,1.37356645825448
85,9,"constrained",0.294428571428571,2.21817886327909,0.294428571428571,20.0547746833854,1.88346493956715e-09,0.0115452657466442,0.145456161314426,1.37427888434013
85,10,"standard",0.294428571428571,2.13645290584112,0.142635855938109,20.0432700664505,5.12863085333493e-11,0.0138269972778399,0.0781040908341382,1.30152087216142
85,10,"constrained",0.294428571428571,2.30142786095288,0.294428571428571,21.8528645066962,1.29747734778363e-09,0.0101724520866565,0.0826846551675713,1.30230463890289
85,11,"standard",0.294428571428571,2.13711169293716,0.142103350395298,20.1098019991114,6.99799107550803e-11,0.0141569602500231,0.0794533547748921,1.26388156703549
85,11,"constrained",0.294428571428571,2.30116466234272,0.294428571428571,21.8054171763975,1.46635475983814e-09,0.0109498831652551,0.0818174419986937,1.26463014141631
85,12,"standard",0.294428571428571,2.1878415094246,0.130911123397968,22.0530688282048,7.36343208629364e-11,0.0132853764574619,0.0526854685963594,1.22619943772725
85,12,"constrained",0.294428571428571,2.36427272643245,0.294428571428571,24.0309831401502,1.63862889923649e-09,0.0102694006134142,0.055651476943849,1.22688132058499
85,13,"standard",0.294428571428571,2.19186601700256,0.129400659802805,22.402432276289,7.63195062702948e-11,0.0121625961899208,0.0422857951541928,1.18279726225992
85,13,"constrained",0.294428571428571,2.3683281283491,0.294428571428571,24.4101987003304,1.14890935654088e-09,0.00951550634235449,0.0459409970407556,1.18380747353018
85,14,"standard",0.294428571428571,2.19200509208768,0.129269206192746,22.4174621924076,7.6044948116305e-11,0.0118934660346682,0.041920967818796,1.12982144876422
85,14,"constrained",0.294428571428571,2.36919639149022,0.294428571428571,24.4775154933221,1.24014193358946e-09,0.00953721986089402,0.044667832192312,1.13073550377731
85,15,"standard",0.294428571428571,2.21226025331916,0.124837383442076,23.1722566593882,8.76146932782262e-11,0.0114484579090625,0.0210793324779965,1.10137488016757
85,15,"constrained",0.294428571428571,2.39509670994797,0.294428571428571,25.3624589125319,1.84831172589384e-09,0.00927270865926389,0.0243315251905978,1.10249401492253
85,16,"standard",0.294428571428571,2.21690966656136,0.125427386145189,23.2792604428457,1.59519064624192e-10,0.0109998323968862,0.0176811789959963,1.07107231906306
85,16,"constrained",0.294428571428571,2.39723563432175,0.294428571428571,25.4217875850088,1.23732968315693e-09,0.00922391846777604,0.0224265120697851,1.07245032553264
85,17,"standard",0.294428571428571,2.2144914889901,0.124790703835134,23.1271238372111,1.84145809711822e-10,0.0107187364123866,0.016001285016678,1.05254903281231
85,17,"constrained",0.294428571428571,2.39297339243608,0.294428571428571,25.1378457512371,1.57872981354501e-09,0.00911472702708216,0.0196068933699536,1.05386098981595
85,18,"standard",0.294428571428571,2.23097960436212,0.120639636016139,23.6568125379225,2.42874165223839e-10,0.0101374896319087,0.00221435796657055,1.04158409925998
85,18,"constrained",0.294428571428571,2.40957033170064,0.294428571428571,25.674168193909,1.36522870786138e-09,0.00876334941664021,0.00636817095015729,1.04293517492742
85,19,"standard",0.294428571428571,2.2411797346867,0.117178442372939,24.1717107275218,2.49387399620105e-10,0.010069268789863,0.0019443943287758,1.03046366889558
85,19,"constrained",0.294428571428571,2.42388771656812,0.294428571428571,26.2862365424164,1.06962022572432e-09,0.00880244982427813,0.00284839983300333,1.03195713957937
85,20,"standard",0.294428571428571,2.26636585297705,0.115054523370926,25.1306830516275,2.59488985854262e-10,0.00974006818369688,0.00978448307877677,1.01707615914122
85,20,"constrained",0.294428571428571,2.45734989569862,0.294428571428571,27.4198999554306,1.67120933758369e-09,0.00858591795175523,0.00481366820645679,1.01857911963807
85,21,"standard",0.294428571428571,2.29158031661738,0.108182622996509,26.5191527270665,2.83385759303201e-10,0.00964746381677171,0.023610566152179,1.01205343709572
85,21,"constrained",0.294428571428571,2.5010229312051,0.294428571428571,29.2271624315255,1.80370945956909e-09,0.00854999540272777,0.0185852410505705,1.0140162229722
85,22,"standard",0.294428571428571,2.29086715792349,0.108434885028209,26.3710695718894,2.83201684325718e-10,0.00931743333389134,0.0215359430448006,1.00600203496238
85,22,"constrained",0.294428571428571,2.499863883378,0.294428571428571,29.0383405114444,1.58038954145567e-09,0.00832666052977906,0.0163518105713427,1.00806260597645
85,23,"standard",0.294428571428571,2.28875141135254,0.108679056662456,26.1671992516017,2.86417112249637e-10,0.00914549747918102,0.0193896557680748,1.00229480308355
85,23,"constrained",0.294428571428571,2.49783038704498,0.294428571428571,28.8034545934678,1.80996762022545e-09,0.00829686666401151,0.0139856129008082,1.00457536565943
85,24,"standard",0.294428571428571,2.28265123441456,0.106753564015547,25.4769220244423,2.82016188180023e-10,0.0090749635107004,0.0241005210415981,0.996855243953951
85,24,"constrained",0.294428571428571,2.48989844086521,0.294428571428571,27.9479927650143,1.05116648718706e-09,0.00825174836257678,0.0193732814670522,0.999118002618381
85,25,"standard",0.294428571428571,2.27728323347819,0.103126566757589,24.6968620442873,2.72589395500233e-10,0.00909714012331276,0.0283350513677672,0.995800879970589
85,25,"constrained",0.294428571428571,2.48346714281799,0.294428571428571,27.0658072637964,1.22442544991941e-09,0.00834556108477088,0.0236355359376752,0.998043151920727
86,4,"standard",0.297571428571429,1.33847125476139,0.262604703665217,7.94522844955329,7.43849426498855e-15,0.0292905533329825,0.852329515215056,2.00489256938444
86,4,"constrained",0.297571428571429,1.39664509260717,0.297571428571429,8.2691740874902,6.10622663543836e-15,0.0249942899419816,0.856988382623224,2.00513369212243
86,5,"standard",0.297571428571429,1.56811394146682,0.234889090556234,10.7577210206952,5.27355936696949e-15,0.0263359476838029,0.693227955799885,1.88719725539247
86,5,"constrained",0.297571428571429,1.67782853775253,0.297571428571429,11.4821226224771,1.86984183692118e-09,0.0208432315377769,0.694988507721687,1.88734492629265
86,6,"standard",0.297571428571429,1.76370267705974,0.212020401149349,13.5837848244859,1.03417274743833e-13,0.0238158179623441,0.477419765336069,1.66835507333675
86,6,"constrained",0.297571428571429,1.9092584262254,0.297571428571429,14.7069456205154,1.75999764762125e-09,0.0181865586287957,0.483547602414524,1.66920004796238
86,7,"standard",0.297571428571429,1.99117942926182,0.178590176476458,18.4814397489367,2.71560551823313e-13,0.0253838384342913,0.329704612745298,1.56737566643087
86,7,"constrained",0.297571428571429,2.19970437347542,0.297571428571429,20.5927077725368,1.19803578169098e-09,0.0194395830929499,0.337067786270281,1.56832828766967
86,8,"standard",0.297571428571429,2.07631063759694,0.160169808506969,19.6701702670823,4.94937424377895e-13,0.0225577405344749,0.240677573944953,1.46547581316464
86,8,"constrained",0.297571428571429,2.32247049491444,0.297571428571429,22.1965027721075,1.90408999678482e-09,0.0165806459654231,0.249199144807013,1.46668943532832
86,9,"standard",0.297571428571429,2.09394217949819,0.153181238600486,20.1528777662121,6.37156993832377e-13,0.0185684215744719,0.212048675654127,1.38918080584417
86,9,"constrained",0.297571428571429,2.34423338078215,0.297571428571429,22.7676852500899,1.1690247658791e-09,0.0136297747507942,0.223259194108357,1.39050089189794
86,10,"standard",0.297571428571429,2.14479574763307,0.144846755683026,20.993309434558,1.03084207836446e-12,0.0157876956706581,0.180952506553058,1.32693130371532
86,10,"constrained",0.297571428571429,2.40860022534029,0.297571428571429,23.753722132245,1.28790156317393e-09,0.0115082640860108,0.194509744946812,1.32843909335112
86,11,"standard",0.297571428571429,2.14894656151989,0.141976729746713,21.3878532822101,1.15296661107323e-12,0.0150199410892361,0.189112824858062,1.28675078671007
86,11,"constrained",0.297571428571429,2.41153244164725,0.297571428571429,24.0794621658649,1.68197633598766e-09,0.0114257186018573,0.200011348768538,1.28822059773544
86,12,"standard",0.297571428571429,2.16721372129503,0.13060005126241,23.2381190279925,1.20348175869367e-12,0.0142082554038238,0.151225939518928,1.24499403092349
86,12,"constrained",0.297571428571429,2.44118121528296,0.297571428571429,26.4856505979211,1.36634370484501e-09,0.0107288894511569,0.161621632183684,1.24634649398015
86,13,"standard",0.297571428571429,2.18758273572837,0.124031163243104,24.7663404025107,1.20703447237247e-12,0.0136985307476884,0.12259008070666,1.19674029083706
86,13,"constrained",0.297571428571429,2.4761563920148,0.297571428571429,28.5200460961279,1.48928019916283e-09,0.010300359107209,0.132157383648362,1.19794007312593
86,14,"standard",0.297571428571429,2.22311174491376,0.117346437300385,25.8022181349217,1.41153755350842e-12,0.0127859893618262,0.0948887410287824,1.14759843126815
86,14,"constrained",0.297571428571429,2.52631677616016,0.297571428571429,29.8272815963914,1.33191013773626e-09,0.00956028265836676,0.105827563670796,1.14943138565931
86,15,"standard",0.297571428571429,2.2233670021166,0.116921076014603,25.7735637420385,1.49036338825681e-12,0.0123203901967413,0.0955460010081257,1.11917273642885
86,15,"constrained",0.297571428571429,2.52635242216194,0.297571428571429,29.8181213803635,1.35131633660635e-09,0.00952376883396285,0.105992898848164,1.12122631943709
86,16,"standard",0.297571428571429,2.30562271285255,0.109848953660997,28.2702221072427,1.65323310596932e-12,0.0121035246590029,0.0632406940098909,1.0889848286941
86,16,"constrained",0.297571428571429,2.65850717731342,0.297571428571429,33.1423952111397,9.27787902060828e-10,0.00921392332433323,0.0752541413949279,1.09193617432914
86,17,"standard",0.297571428571429,2.27097915625631,0.103683682446184,26.9217053960084,2.71604960744298e-12,0.0126214564211841,0.0487146260766966,1.06315745915177
86,17,"constrained",0.297571428571429,2.61024822149987,0.297571428571429,31.1843429575002,1.79005033018598e-09,0.00989223930328371,0.0569503394573987,1.06540758494499
86,18,"standard",0.297571428571429,2.26681320121069,0.0933469806759225,24.5231964289259,2.58482124593229e-12,0.0125679929190086,0.0212819555854153,1.04525342058554
86,18,"constrained",0.297571428571429,2.60912582452451,0.297571428571429,28.2400826446278,1.2803887949886e-09,0.0100049426348986,0.028431723188505,1.04747545705656
86,19,"standard",0.297571428571429,2.2904631205614,0.0940920106034831,25.614508275774,3.03068681262175e-12,0.0123210395327357,0.0108059132246305,1.03329030833164
86,19,"constrained",0.297571428571429,2.64058316859469,0.297571428571429,29.5508758705576,1.5474608816568e-09,0.0099592708417925,0.0183671463965291,1.0359819880618
86,20,"standard",0.297571428571429,2.28485487090715,0.0912488842839425,25.1918996367176,3.5846881019097e-12,0.0116954278457536,0.0150140216926005,1.02108459969045
86,20,"constrained",0.297571428571429,2.63455320808906,0.297571428571429,28.9083234809646,1.29277966109953e-09,0.00960631974840495,0.0233828691060607,1.02411344284025
86,21,"standard",0.297571428571429,2.2995957155623,0.0887132610235833,26.0711148585406,3.58335583428016e-12,0.0113011104884642,0.00739631508231664,1.01338440866896
86,21,"constrained",0.297571428571429,2.65698811345657,0.297571428571429,30.0073019365432,7.77881370428446e-10,0.0093688513234762,0.0163780251235446,1.01639707856071
86,22,"standard",0.297571428571429,2.30817476210675,0.0884987869200623,26.3310264485894,5.59718937864773e-12,0.010803845465679,0.0047904653530173,1.00628883761253
86,22,"constrained",0.297571428571429,2.66193095538698,0.297571428571429,30.1605918653999,1.96781307915117e-09,0.0091331066109299,0.0150683278443609,1.00939074094826
86,23,"standard",0.297571428571429,2.2949053932181,0.0863066723015766,25.2821486276294,6.35469454834947e-12,0.0109294316954236,0.00098279789211908,1.0007424184537
86,23,"constrained",0.297571428571429,2.651030851919,0.297571428571429,28.8045287623362,7.48019868268557e-10,0.00929404415879831,0.00943849992788959,1.00370275138951
86,24,"standard",0.297571428571429,2.29535151862237,0.0860312417150993,25.3323187336377,6.84075018853036e-12,0.0107475486024483,0.000609030569944657,0.998035397929462
86,24,"constrained",0.297571428571429,2.6514840113245,0.297571428571429,28.8563799032143,8.46141767762987e-10,0.00922393344571296,0.00977538794892308,1.00110629016873
86,25,"standard",0.297571428571429,2.29758210985308,0.0825631666095981,26.0209130757402,6.85229650798647e-12,0.0103109979725877,0.00415275503203283,0.997065137087606
86,25,"constrained",0.297571428571429,2.65828747817983,0.297571428571429,29.8182241954419,1.60951024730238e-09,0.00890159837158055,0.0155072345984166,0.999931542853038
87,4,"standard",0.297285714285714,1.13150959290304,0.299116810382745,6.35779762864364,3.05859360061334e-09,0.0172291452835253,1.00675710817977,2.04934108914688
87,4,"constrained",0.297285714285714,1.13150956055687,0.299116806909705,6.35779753401796,2.380260044621e-09,0.0172291453067505,1.00675711129548,2.04934108913236
87,5,"standard",0.297285714285714,1.40168308192277,0.264838575984374,9.04459670427147,1.26010313294955e-14,0.0175328312677525,0.835271540221843,1.90687820665442
87,5,"constrained",0.297285714285714,1.44759244293398,0.297285714285714,9.3208728872731,1.94153282340181e-09,0.0146362521537016,0.834472728366936,1.90652041468571
87,6,"standard",0.297285714285714,1.64502149952485,0.236939175383714,11.7691944916844,2.04503081135954e-13,0.0166605747260241,0.520806457510668,1.66389560791879
87,6,"constrained",0.297285714285714,1.73152281784046,0.297285714285714,12.3515651655348,1.85040666123015e-09,0.0127028287393707,0.519981807063232,1.66402909878288
87,7,"standard",0.297285714285714,1.81212598968985,0.215912972331992,14.0023056872306,8.57647286522933e-13,0.0150520723985352,0.395663150824783,1.57285507647919
87,7,"constrained",0.297285714285714,1.92159604064442,0.297285714285714,14.793184920518,1.46967749081739e-09,0.0113974137657694,0.394432884555489,1.57330655566444
87,8,"standard",0.297285714285714,1.88576924933824,0.193585379408592,14.8777783482161,1.92645899232957e-12,0.0141535808092354,0.297931154960206,1.46853516689734
87,8,"constrained",0.297285714285714,2.00101757565871,0.297285714285714,15.7292276006937,2.19597401374116e-09,0.0108651292688184,0.29786753894997,1.46896908134568
87,9,"standard",0.297285714285714,1.91233321985958,0.167054555841287,16.679014017976,1.95454763485259e-12,0.0149545188172176,0.210844674000576,1.38437229810625
87,9,"constrained",0.297285714285714,2.04711775215112,0.297285714285714,17.9362429290987,1.10000847319824e-09,0.0115204552799012,0.209585123485424,1.38494047857081
87,10,"standard",0.297285714285714,1.95486286000012,0.158575799057033,17.354447749519,3.93352017624693e-12,0.0126214216307322,0.166938808015604,1.30732374101186
87,10,"constrained",0.297285714285714,2.09331217952057,0.297285714285714,18.6554857800385,1.46723849736574e-09,0.00995890750639419,0.168588984562092,1.30783759393045
87,11,"standard",0.297285714285714,1.95614472882317,0.153369803200016,17.9006266377617,4.04198896575281e-12,0.0114753297154201,0.174412631820872,1.27073616142158
87,11,"constrained",0.297285714285714,2.09495809311761,0.297285714285714,19.293317054543,2.06303774064054e-09,0.00920117160552049,0.175644893399569,1.27127092558142
87,12,"standard",0.297285714285714,2.00821687570739,0.142763935377805,19.2770477007554,6.63069599227128e-12,0.0106840436451408,0.141714958899912,1.231161656356
87,12,"constrained",0.297285714285714,2.15922725281969,0.297285714285714,20.8751008373174,1.7377574934585e-09,0.00848287347222257,0.143235226914414,1.23203019806934
87,13,"standard",0.297285714285714,2.038799356944,0.135533861297512,19.6171478914124,7.29605265092914e-12,0.010341955792948,0.104263779528661,1.18563724190772
87,13,"constrained",0.297285714285714,2.20085455339871,0.297285714285714,21.3050077026176,1.50340095927959e-09,0.00829009107812157,0.106365421356088,1.1866357921123
87,14,"standard",0.297285714285714,2.0459058441204,0.133718778124124,19.7395571661208,8.36408720061854e-12,0.00949286076681958,0.0958557765810708,1.1331907462324
87,14,"constrained",0.297285714285714,2.20779437438888,0.297285714285714,21.4213760979252,1.29795663106336e-09,0.0079259336969079,0.0989781462632733,1.13443011822656
87,15,"standard",0.297285714285714,2.04512276622627,0.132793250691312,19.7169418720797,8.4231510655286e-12,0.00911954975146432,0.0971188134886658,1.10176881433996
87,15,"constrained",0.297285714285714,2.20682947929097,0.297285714285714,21.3936415325838,1.09843878437488e-09,0.00771969508458734,0.100419632427506,1.10304109361373
87,16,"standard",0.297285714285714,2.04044315594504,0.129232967538441,20.3343669717393,8.32323099331234e-12,0.00931513612331138,0.082013449352238,1.07371340710559
87,16,"constrained",0.297285714285714,2.20108502951919,0.297285714285714,22.1140921663132,1.23233778737131e-09,0.0079594535720276,0.0852014221798685,1.07485317136521
87,17,"standard",0.297285714285714,2.04040705655704,0.129408910962867,20.3250812481323,8.71758221165919e-12,0.00904424459325571,0.0823475108437419,1.05627285928645
87,17,"constrained",0.297285714285714,2.20109062177388,0.297285714285714,22.0942253563854,1.61919450070158e-09,0.0078916947537766,0.085832531238375,1.0577369823323
87,18,"standard",0.297285714285714,2.04066166213633,0.12917811250433,20.310500367971,8.88789042363669e-12,0.00861833908838937,0.082596745889135,1.04202899676111
87,18,"constrained",0.297285714285714,2.20233883311594,0.297285714285714,22.0429418955629,1.58380447645712e-09,0.00760787678724728,0.0865337118272897,1.04352861521171
87,19,"standard",0.297285714285714,2.04258639604003,0.12597283196511,19.3502171366903,8.852918398361e-12,0.00835619308749245,0.0723486785919887,1.02998793273595
87,19,"constrained",0.297285714285714,2.20549346565706,0.297285714285714,20.8933502669052,1.0750724754871e-09,0.00747419518780502,0.0758305077260388,1.03196585731292
87,20,"standard",0.297285714285714,2.00867346123405,0.113284372218115,17.4420533807785,7.97151233911109e-12,0.00926348893673833,0.0498959337462983,1.01657677035787
87,20,"constrained",0.297285714285714,2.17581278702138,0.297285714285714,18.7767598137296,1.80979764508038e-09,0.00826038694382603,0.0517323516891679,1.01863455105148
87,21,"standard",0.297285714285714,1.9835306725324,0.101957304256958,15.6134108437598,7.61668506044089e-12,0.00988889643191378,0.0292723352842383,1.01234104582949
87,21,"constrained",0.297285714285714,2.16056479217267,0.297285714285714,16.9134747592969,1.1690540202558e-09,0.00877659184291697,0.0294583465265799,1.01468792795553
87,22,"standard",0.297285714285714,1.98249422849282,0.101731138276734,15.4377560013437,7.46480655067217e-12,0.00971844417621929,0.0278983993913133,1.00350435615805
87,22,"constrained",0.297285714285714,2.15929497776108,0.297285714285714,16.7644401668936,1.14185594313199e-09,0.00869185808277094,0.0285223542841608,1.00577693013594
87,23,"standard",0.297285714285714,1.98368754718303,0.102991898449322,15.8024429299438,7.6841866203381e-12,0.00953148427023209,0.031954871878507,1.00165268401909
87,23,"constrained",0.297285714285714,2.16024870746425,0.297285714285714,17.1953831534584,1.05523240145899e-09,0.00861123174010587,0.0320835765619307,1.00393701355538
87,24,"standard",0.297285714285714,1.99829653039132,0.0997219915935029,15.3673052653562,8.65130189708907e-12,0.00939029630394804,0.0224241119843622,0.997256589433905
87,24,"constrained",0.297285714285714,2.17799001849202,0.297285714285714,16.5360244105906,1.08397013587336e-09,0.00851272804571133,0.0220442005453902,0.999662037534982
87,25,"standard",0.297285714285714,1.99856210473292,0.0973179677749891,15.8677098302071,8.65718607911958e-12,0.00908642019446295,0.0282480224885626,0.996485676820947
87,25,"constrained",0.297285714285714,2.17891044623867,0.297285714285714,17.1261084976444,1.41297595845913e-09,0.00831875222972486,0.0281269107479547,0.998887119994788
88,4,"standard",0.301714285714286,1.06884385437787,0.307628846857602,6.10226186447915,1.9448370691677e-09,0.0174121891613655,0.961274842994773,2.03144952617774
88,4,"constrained",0.301714285714286,1.06884381479777,0.307628852376634,6.10226174201395,1.97862481954303e-09,0.0174121891917483,0.961274869248857,2.03144952616275
88,5,"standard",0.301714285714286,1.38272222433842,0.262744221210804,9.46989517897005,1.04360964314765e-14,0.0213527802389126,0.755938814806614,1.87933385587341
88,5,"constrained",0.301714285714286,1.43676578196983,0.301714285714286,9.84112054571199,2.25962082378572e-09,0.0179905664124709,0.756383252447778,1.87956595812531
88,7,"standard",0.301714285714286,1.69242807422048,0.221186844403572,13.7672755100755,4.75619543749417e-13,0.016684987342148,0.449346998021668,1.58398929959732
88,7,"constrained",0.301714285714286,1.7798846862013,0.301714285714286,14.5080668048627,2.07548511710343e-09,0.0133005673119706,0.455603245509336,1.58434332010987
88,8,"standard",0.301714285714286,1.73279196055105,0.191120385319689,15.2874259136614,4.66737759552416e-13,0.0185135693169578,0.336109474263292,1.47250376599827
88,8,"constrained",0.301714285714286,1.83758136528087,0.301714285714286,16.3303942734805,1.85692844434371e-09,0.0149214067383803,0.342477794596777,1.47294480887121
88,9,"standard",0.301714285714286,1.76819244536821,0.168847874056507,16.7409986114151,4.83280082619331e-13,0.017519467610778,0.255082242406713,1.38415583850379
88,9,"constrained",0.301714285714286,1.90010748883062,0.301714285714286,18.2694420484588,1.13562415027246e-09,0.0137743612584387,0.260426676880451,1.38489379419668
88,10,"standard",0.301714285714286,1.81557734415906,0.156164043885658,17.7771124375287,7.43516359591467e-13,0.0157842414677343,0.197590894359692,1.31940287918899
88,10,"constrained",0.301714285714286,1.96353747961012,0.301714285714286,19.5448046457482,1.05551523077452e-09,0.0122790074998171,0.202094590779179,1.32050329058041
88,11,"standard",0.301714285714286,1.80651263969434,0.14831817994006,17.4565438365842,7.87814258274011e-13,0.0147409922801038,0.210017101436844,1.28100749603474
88,11,"constrained",0.301714285714286,1.95304711139464,0.301714285714286,19.148429258286,1.19205684212531e-09,0.0118371034770756,0.215733244394429,1.2820522130553
88,12,"standard",0.301714285714286,1.84015197645313,0.139581254503328,18.4665672047082,8.49431636140707e-13,0.0135982016436444,0.176510524941015,1.23998670984772
88,12,"constrained",0.301714285714286,1.99663845418754,0.301714285714286,20.3289072453856,1.14967380060449e-09,0.0108807757681956,0.182637760470927,1.24066447357139
88,13,"standard",0.301714285714286,1.87726529531856,0.132289338994747,19.7998419638197,8.38884517406768e-13,0.0128845094219128,0.139950365476346,1.19302360982352
88,13,"constrained",0.301714285714286,2.05066338395496,0.301714285714286,21.9645153288555,1.38881017797132e-09,0.0102611297859021,0.146741407698598,1.19367071157947
88,14,"standard",0.301714285714286,1.88806145447755,0.129418137370507,20.0781164310391,9.34030630617144e-13,0.0119945073365034,0.125177480682662,1.14171856544523
88,14,"constrained",0.301714285714286,2.06430826390658,0.301714285714286,22.2928211243902,1.18932003134731e-09,0.00971729068040785,0.132285371688053,1.14260551449638
88,15,"standard",0.301714285714286,1.88987526563728,0.128548816720562,20.197830971136,9.36251076666395e-13,0.0114526936008895,0.120335803909339,1.11300823440532
88,15,"constrained",0.301714285714286,2.06733620220611,0.301714285714286,22.444947091762,1.50291690204085e-09,0.00932239770214249,0.127273166974773,1.11403745261473
88,16,"standard",0.301714285714286,1.90016108004299,0.124384335519967,21.3181859738415,1.14197540312944e-12,0.0111304649460057,0.0949215834414936,1.0777292664713
88,16,"constrained",0.301714285714286,2.08023275437048,0.301714285714286,23.8304407537616,1.6234875110932e-09,0.00891224551593985,0.101661069126314,1.07867314453293
88,17,"standard",0.301714285714286,1.9127191169066,0.119639161435918,21.7389249597504,1.24267263146294e-12,0.0106806593498868,0.0867871483139373,1.05624103245668
88,17,"constrained",0.301714285714286,2.09718805443737,0.301714285714286,24.3435178176299,1.80393355808661e-09,0.00866387895378397,0.0936527564272769,1.05734849381426
88,18,"standard",0.301714285714286,1.93316598620407,0.115792498455878,22.2246407847907,1.66910929522146e-12,0.0103367210189817,0.0737347366414065,1.04326674995089
88,18,"constrained",0.301714285714286,2.1191643195036,0.301714285714286,24.8517401396701,1.23025400977639e-09,0.00859231992382073,0.0813543135958401,1.04431325208261
88,19,"standard",0.301714285714286,1.93711516336447,0.11427344071029,22.6787622925146,1.67477143264705e-12,0.00989063369493507,0.0768156141706493,1.03433737000249
88,19,"constrained",0.301714285714286,2.12428171320148,0.301714285714286,25.3616491879868,1.36674560557992e-09,0.00831116671104353,0.0842226206427759,1.03587392903717
88,20,"standard",0.301714285714286,1.92581419166725,0.109846390133201,21.598816236497,1.60604862742275e-12,0.00988717066894118,0.0628502385917518,1.0181737845196
88,20,"constrained",0.301714285714286,2.11015654083263,0.301714285714286,24.1251811964244,1.22348675635209e-09,0.00844077732766794,0.0702513000470546,1.01930324209279
88,21,"standard",0.301714285714286,1.9315095518389,0.107968103873153,21.8462971738017,1.70907732410797e-12,0.00961522415212482,0.0579018677343033,1.01042815007497
88,21,"constrained",0.301714285714286,2.11703337229591,0.301714285714286,24.4096678025,1.31728494778827e-09,0.00835255512695305,0.0655088049663748,1.01141219234326
88,22,"standard",0.301714285714286,1.93518704634741,0.113104723496244,20.4405790520266,1.85251813888954e-12,0.00928488122133529,0.0531363963938505,1.00265911285405
88,22,"constrained",0.301714285714286,2.12039678977303,0.301714285714286,22.7460763439256,1.91937699067779e-09,0.00805401279400325,0.0611537030283866,1.00362662025411
88,23,"standard",0.301714285714286,1.93207302496137,0.114396074538957,19.9776808589448,2.09565698128245e-12,0.00914625432998781,0.056525339442544,1.00034651794166
88,23,"constrained",0.301714285714286,2.11532827176781,0.301714285714286,22.2025700510006,1.50265577758546e-09,0.00802615184736356,0.0643207831626293,1.00136628459354
88,24,"standard",0.301714285714286,1.91909721131046,0.111529322497843,19.5538873532333,2.14517292818073e-12,0.00900980558448704,0.0617189652627825,0.995047614337846
88,24,"constrained",0.301714285714286,2.10437447390403,0.301714285714286,21.7675457198771,1.43252132378535e-09,0.00800740631585411,0.069520962413292,0.996126937188592
88,25,"standard",0.301714285714286,1.91594597953475,0.111764663613194,19.479082953373,2.40940600804151e-12,0.00880358085956614,0.0628361582656298,0.997788948365564
88,25,"constrained",0.301714285714286,2.09941966427317,0.301714285714286,21.6546989484307,1.83634069061966e-09,0.007962114860254,0.0710066722505704,0.999294007374748
89,4,"standard",0.298,1.33136126650873,0.270887430386547,7.73873695542188,7.7715611723761e-15,0.0248334505042462,0.925642937353766,2.03063984597513
89,4,"constrained",0.298,1.37512188048541,0.298,7.97164964391292,7.105427357601e-15,0.0214493223550397,0.92850537611216,2.03052935792153
89,5,"standard",0.298,1.50705952172072,0.241729481812858,10.5345080722395,1.85407245112401e-14,0.0247090034364532,0.785525047418166,1.92939186901711
89,5,"constrained",0.298,1.59153848488741,0.298,11.1534556249731,1.77887921060105e-09,0.020056184354289,0.790999962652586,1.92912053713193
89,7,"standard",0.298,1.89395061825392,0.185952122596293,17.655928782982,1.81077375316363e-13,0.0245374926531161,0.402099316822583,1.57699280643858
89,7,"constrained",0.298,2.05484467293418,0.298,19.3753013269403,2.08988482075512e-09,0.0193922177037125,0.411560909723187,1.57767715142867
89,8,"standard",0.298,2.016528243702,0.166344010847556,18.7231405768353,5.36459765498876e-13,0.0210208124612383,0.302485709643118,1.46848653754773
89,8,"constrained",0.298,2.21391956854161,0.298,20.7180630588697,1.76056769163324e-09,0.0159619070817919,0.316187824435237,1.46943113429292
89,9,"standard",0.298,2.09980453028261,0.14835948135145,20.3630849344613,8.1601392309949e-13,0.0184351744120869,0.235528741129432,1.38635800792071
89,9,"constrained",0.298,2.32788009023566,0.298,22.7703982931445,1.08573222634689e-09,0.0136575394679718,0.251216459497869,1.38753789641155
89,10,"standard",0.298,2.12776586476143,0.130927057970321,22.5927931243933,8.05355782063089e-13,0.0181457722368314,0.168473340851034,1.31295177757054
89,10,"constrained",0.298,2.38687011786169,0.298,25.885002990938,1.16110471237718e-09,0.0133605092238881,0.183523412794884,1.31421167720742
89,11,"standard",0.298,2.12808879826343,0.112318761639626,21.7246650604846,7.70605801392321e-13,0.0166292660208916,0.205469379157567,1.28235056195263
89,11,"constrained",0.298,2.39535730097807,0.298,24.8733748222283,1.18276727301136e-09,0.0127218615523925,0.221376105250382,1.28365315034665
89,12,"standard",0.298,2.14660823711535,0.101737076473205,18.8787170412731,7.08544334315775e-13,0.017112968728977,0.151749140711475,1.23980390599617
89,12,"constrained",0.298,2.43458806385223,0.298,21.4178958618145,8.75725769677871e-10,0.01312527686269,0.166377842890923,1.24126522458759
89,13,"standard",0.298,2.13952246742779,0.0980111718657557,18.6500294330955,8.36997138264906e-13,0.0156580687054792,0.162032804349776,1.2085696777016
89,13,"constrained",0.298,2.42578694815475,0.298,21.1122855368512,1.50365508932992e-09,0.0123603868703556,0.178469834109634,1.21081042236809
89,14,"standard",0.298,2.14292305030701,0.0964255163930507,18.8762995599101,9.00834962180852e-13,0.014203344005455,0.152721816899704,1.15564449783499
89,14,"constrained",0.298,2.42930673331518,0.298,21.3812358133884,1.12651743489067e-09,0.011284983763011,0.169577711512103,1.15736235797826
89,15,"standard",0.298,2.15873501976172,0.09572459639047,18.4103489774886,8.65307825392847e-13,0.0143123072271149,0.123543792518822,1.12393827012616
89,15,"constrained",0.298,2.46377406811714,0.298,20.858540780333,9.26821508429043e-10,0.0112849445895323,0.139721810519193,1.12624609948083
89,16,"standard",0.298,2.14970259105948,0.093611551446539,17.5652347559938,9.00168828366077e-13,0.0141146512582598,0.112801181387211,1.08727211574648
89,16,"constrained",0.298,2.4544806891307,0.298,19.7473476046529,1.00375274758591e-09,0.011205230778236,0.12838820368671,1.08936056715094
89,17,"standard",0.298,2.1556739910197,0.089508434837003,18.1427263527142,8.82849349181924e-13,0.0132600127948299,0.0977200469228166,1.06615038407752
89,17,"constrained",0.298,2.47176981070981,0.298,20.6558668935523,8.79846417944918e-10,0.0105679836706947,0.110760714828683,1.06800949821325
89,18,"standard",0.298,2.13745551423495,0.0842790826450389,17.1038920608448,9.85100889749901e-13,0.0130162506670051,0.0828579084587115,1.04845336914215
89,18,"constrained",0.298,2.45037955284204,0.298,19.2470533966654,1.36307398701518e-09,0.010461669935519,0.0930607773059329,1.0501295512575
89,19,"standard",0.298,2.127009891498,0.0781729224263426,18.1094852561629,1.03461683664818e-12,0.0128546978770108,0.0725225346733485,1.03526788660912
89,19,"constrained",0.298,2.44805384904154,0.298,20.7659074426539,1.00677749470535e-09,0.0103888549555179,0.0829015946679474,1.03738951029471
89,20,"standard",0.298,2.15163166587011,0.0733371515270572,17.33313960463,1.07758246770118e-12,0.0127322608530227,0.0532602316551181,1.01641864689399
89,20,"constrained",0.298,2.49856161850592,0.298,19.6277092685954,8.63838556242058e-10,0.0102723453586919,0.0639654096681781,1.01783396089906
89,21,"standard",0.298,2.15920868432084,0.0710839093131964,17.9227092970452,1.11644027356306e-12,0.0124075961071321,0.0482651517532782,1.00894747370777
89,21,"constrained",0.298,2.50769667462112,0.298,20.3886222236943,9.62028456896746e-10,0.0101174157217024,0.0591997903717552,1.01057105237065
89,22,"standard",0.298,2.18206372641991,0.0706152623786294,18.4111771599864,1.61459734471237e-12,0.0115714990037332,0.0461452977056087,1.00161761282012
89,22,"constrained",0.298,2.52883493242608,0.298,20.821664609663,1.16109172276779e-09,0.00951908184174562,0.0576097332291647,1.00300775281338
89,23,"standard",0.298,2.18077341217138,0.0695298666786165,18.0192452052934,1.626032641866e-12,0.0114838067396872,0.0428860463218248,0.999414468713883
89,23,"constrained",0.298,2.5289040253147,0.298,20.196586222576,1.52632001482189e-09,0.00957166569621259,0.0536840320998069,1.00096080735472
89,24,"standard",0.298,2.184303482657,0.0692458470271727,18.180432448033,1.7187362644222e-12,0.0111474015485809,0.0412253764105817,0.998155092914541
89,24,"constrained",0.298,2.53301513588414,0.298,20.3761745235252,1.59028507029646e-09,0.00940094977595065,0.0521538954904273,0.999617768165666
89,25,"standard",0.298,2.21146934191393,0.0664829336758004,18.8193934199954,3.01259017732036e-12,0.0109582293095841,0.0365027496302996,0.996186970834831
89,25,"constrained",0.298,2.56955365362916,0.298,21.12931026884,9.69856528421076e-10,0.00940117609218171,0.0469723110065248,0.997706510816974
90,4,"standard",0.289,1.24489813530337,0.282004634308803,7.16848258252788,8.32667268468867e-15,0.0232137850889011,0.865552299204626,2.01167810446386
90,4,"constrained",0.289,1.25462918678138,0.289,7.22177005427092,1.34892097491957e-14,0.0223639037679574,0.866342843010447,2.01167867808404
90,5,"standard",0.289,1.52902969850757,0.251677011506121,10.1067096542766,7.66053886991358e-14,0.0206826917311242,0.672911814634111,1.87423329236525
90,5,"constrained",0.289,1.58533537990236,0.289,10.4718661638152,2.04354166921661e-09,0.0174919733095244,0.674467946282523,1.87424563443568
90,6,"standard",0.289,1.77291175455209,0.222130334812154,13.2534239124307,8.04911692853238e-13,0.0203969282359912,0.434303399526079,1.65424394626297
90,6,"constrained",0.289,1.87703154918373,0.289,14.0189111818211,1.80442250030666e-09,0.016136625900392,0.439297141637335,1.65466342297319
90,7,"standard",0.289,1.94016984048411,0.204813472488691,15.3261200678368,5.27289323315472e-12,0.0165227260976158,0.325139882689786,1.57065027170244
90,7,"constrained",0.289,2.05621371377884,0.289,16.2055321584984,1.33830790893796e-09,0.0127452945403187,0.331243674960725,1.57120551841435
90,8,"standard",0.289,2.01002845415171,0.179454863169275,16.8107319360426,6.27309315603952e-12,0.0168210288381608,0.22920550493224,1.47300573163309
90,8,"constrained",0.289,2.14131140327868,0.289,17.9112304808197,1.70141928323986e-09,0.0129831502611428,0.238021562227393,1.47340308046238
90,9,"standard",0.289,2.05425255535114,0.155747719164161,18.8535737698369,5.8244520317885e-12,0.0165372367023809,0.124589304942387,1.38321100195712
90,9,"constrained",0.289,2.22158386011556,0.289,20.5681309772178,1.56104179582783e-09,0.0122219464263507,0.133227805283242,1.38345909955864
90,10,"standard",0.289,2.10502096401958,0.139751317668019,20.5396860653307,8.57813819976627e-12,0.0155415988114874,0.0698714105846587,1.31715114601278
90,10,"constrained",0.289,2.29030486919546,0.289,22.6688876847868,1.24995802597283e-09,0.0113216574768171,0.0805181703349094,1.31749001457743
90,11,"standard",0.289,2.10679629110536,0.117143381381245,19.7761396456082,8.1485929115388e-12,0.0142419806214838,0.107039445615695,1.28612199774073
90,11,"constrained",0.289,2.30546293140145,0.289,21.8572042052664,1.2813198835282e-09,0.010836976676517,0.118312979238679,1.28676797510328
90,12,"standard",0.289,2.12979078298818,0.11119060838115,20.7605617204642,8.61888338477002e-12,0.0137081043314059,0.0793884185456148,1.24257236211038
90,12,"constrained",0.289,2.34053445566956,0.289,23.1020225938293,1.50053286462892e-09,0.0106103316954613,0.0907697702239467,1.24255017412742
90,13,"standard",0.289,2.14142546557294,0.108955064882537,21.2864257668651,8.5496054680334e-12,0.0128960764544174,0.0659454390919096,1.19559884403566
90,13,"constrained",0.289,2.35911651062836,0.289,23.7766880818416,2.09050460275861e-09,0.010042963749848,0.0767454385115895,1.19560103451036
90,14,"standard",0.289,2.14322398743079,0.108090740312991,21.389375016389,8.82227624288134e-12,0.0117554528747085,0.0612152098936782,1.143714833949
90,14,"constrained",0.289,2.36151306941685,0.289,23.9007875755916,1.79944981137936e-09,0.00920168064923736,0.0721996510800587,1.14391885319396
90,15,"standard",0.289,2.16096134070554,0.105870213165838,22.0406044513031,8.74356143043542e-12,0.0113534354650526,0.0422948898237809,1.10884756921639
90,15,"constrained",0.289,2.38853518534209,0.289,24.7308454711769,1.3784326458044e-09,0.00894740929785215,0.0529142439721477,1.10906447561812
90,16,"standard",0.289,2.18601366859346,0.104558154908483,22.507146713288,1.00962571636387e-11,0.0107182383286652,0.0341399589988676,1.08419035484125
90,16,"constrained",0.289,2.41953434824876,0.289,25.2590242875019,1.9463899936234e-09,0.00848501783357649,0.0450399566437767,1.08448854771642
90,17,"standard",0.289,2.21492011239662,0.0970156029969398,23.6640291868853,9.88920056954612e-12,0.01050881875058,0.0132744010093671,1.06032264289625
90,17,"constrained",0.289,2.46637652076208,0.289,26.7706675890057,1.27492794099737e-09,0.00836955543428672,0.0233898313492897,1.06112966336318
90,18,"standard",0.289,2.21455407530861,0.0893533311184522,23.9912293169146,9.61253299180953e-12,0.0105343992725211,0.000529494112758044,1.04672770272157
90,18,"constrained",0.289,2.47327674431675,0.289,27.347473952898,1.77719006178023e-09,0.00851172701952286,0.00910706519705684,1.04802645286721
90,19,"standard",0.289,2.25674701802976,0.0843224678199569,24.9472314911763,1.19031451362162e-11,0.0103729765867667,0.0180704465847699,1.03021672710096
90,19,"constrained",0.289,2.53217606383204,0.289,28.5342674459501,1.13509857069261e-09,0.0085157568955237,0.00922808362369043,1.03116636728065
90,20,"standard",0.289,2.2467884374627,0.0791091323989652,24.2440983590652,1.18194343201594e-11,0.00999564234254231,0.0078716015110798,1.01805514176506
90,20,"constrained",0.289,2.51977101378457,0.289,27.6446703765579,1.64930830104382e-09,0.0083912742124849,0.00168261940502656,1.01923533433803
90,21,"standard",0.289,2.24195046949447,0.0803318752264292,23.9876043782642,1.24907861831502e-11,0.00964665272055376,0.00229203716096293,1.01080382414107
90,21,"constrained",0.289,2.5144045316725,0.289,27.3225255460466,1.65116226247264e-09,0.00820404538506567,0.00812930850914473,1.01178100761456
90,22,"standard",0.289,2.25962433310627,0.0758756220562644,25.7803466376993,1.18346443755968e-11,0.00962154976059419,0.0159959350882062,1.00279255042359
90,22,"constrained",0.289,2.54792814532408,0.289,29.6023534788947,1.59266089205801e-09,0.00819258690743857,0.00505787586165685,1.0037083176375
90,23,"standard",0.289,2.25454094124358,0.0764039909025167,23.3574843330016,1.12235776228431e-11,0.0100416312350482,0.0297346021965028,0.99801242743687
90,23,"constrained",0.289,2.56460323296264,0.289,26.7238530620433,1.94580901391461e-09,0.00857609474600371,0.0182940564721736,0.998799293271834
90,24,"standard",0.289,2.27234454710454,0.0730286485270036,24.6544352047705,1.18050014208393e-11,0.0100049119576675,0.0429444154544552,0.99346626169814
90,24,"constrained",0.289,2.59076960542565,0.289,28.3869792370252,1.69078379075316e-09,0.00858483506987542,0.0327064176509166,0.994693427231459
90,25,"standard",0.289,2.27680883328304,0.0711727595211444,25.3374199254681,1.17381659947569e-11,0.00977544892057103,0.0456388906760594,0.991299773962979
90,25,"constrained",0.289,2.5991783720864,0.289,29.2440617385629,1.90818927325864e-09,0.00847356736719681,0.035655802251302,0.992371529362798
91,4,"standard",0.297428571428571,1.21244832200838,0.291043333155019,6.88702516757812,2.1094237467878e-15,0.0195559005561067,0.861546749196846,2.00603180941772
91,4,"constrained",0.297428571428571,1.22117451967671,0.297428571428571,6.93358157753,1.2490009027033e-14,0.0187529488662944,0.862461739140745,2.00603455646512
91,5,"standard",0.297428571428571,1.58206955756108,0.252793984542876,10.5678178998243,9.6034291630076e-14,0.0200518541237129,0.704045944528727,1.88426635060811
91,5,"constrained",0.297428571428571,1.65781492872854,0.297428571428571,11.0580028481695,1.26282995172033e-09,0.0159599805717514,0.708230952370035,1.88450830669517
91,6,"standard",0.297428571428571,1.82151092625222,0.214811303324632,14.5849198950176,7.25308701987615e-13,0.0234171086889584,0.37386899051204,1.63584774803723
91,6,"constrained",0.297428571428571,1.96531744828756,0.297428571428571,15.8120685049646,2.01600180993466e-09,0.0178344058387753,0.377451026735211,1.63600962696121
91,7,"standard",0.297428571428571,1.94133647961655,0.19950317269817,16.6526846599023,2.14361861594625e-12,0.0200238485317419,0.269108375825146,1.54723419710595
91,7,"constrained",0.297428571428571,2.09844560917974,0.297428571428571,18.086570341295,1.54007534503009e-09,0.0149561601887367,0.272129953426186,1.54733915896452
91,8,"standard",0.297428571428571,2.02715147569487,0.18104992371996,17.5988791802188,4.4104719876259e-12,0.0173881332052363,0.177341787459008,1.44774738242262
91,8,"constrained",0.297428571428571,2.20119565473056,0.297428571428571,19.1766566494565,1.13098580500903e-09,0.0124829698515635,0.182932053916405,1.44793064449509
91,9,"standard",0.297428571428571,2.03885674585526,0.165885580739758,18.724908312879,6.14897022188643e-12,0.0157865637194495,0.126082874649863,1.37005888176748
91,9,"constrained",0.297428571428571,2.2137681001814,0.297428571428571,20.5230176722005,1.12172188204696e-09,0.0113121015462289,0.133839098881263,1.37053159428298
91,10,"standard",0.297428571428571,2.03271541535415,0.151505164050318,16.5006014053483,5.93058935294266e-12,0.0158486179277409,0.083148885934909,1.30793812962988
91,10,"constrained",0.297428571428571,2.21286931794152,0.297428571428571,18.0757508663571,1.50332446491319e-09,0.011728549091695,0.0906822510532788,1.30855394628415
91,11,"standard",0.297428571428571,2.0550153435947,0.12680955102359,15.5747499828474,5.74296166178101e-12,0.0140640176860063,0.13181506227187,1.27419056494153
91,11,"constrained",0.297428571428571,2.255034068671,0.297428571428571,17.055944004997,1.87533938378337e-09,0.0106075323487341,0.141248583556989,1.27492563624911
91,12,"standard",0.297428571428571,2.0530657305552,0.12338991273497,15.8170230640378,5.8786309153902e-12,0.0129916252085808,0.113956318663687,1.23323053016893
91,12,"constrained",0.297428571428571,2.25227114783179,0.297428571428571,17.123379629005,1.42534201108546e-09,0.0101231769185466,0.12256638872494,1.23387395549905
91,13,"standard",0.297428571428571,2.05325432662225,0.122968898129281,15.8744520799505,6.50735021423543e-12,0.0123721750367071,0.111175059314851,1.19021709608416
91,13,"constrained",0.297428571428571,2.25215957563041,0.297428571428571,17.1425924125177,1.10852077517265e-09,0.00998982046007265,0.121746267324845,1.19149754748528
91,14,"standard",0.297428571428571,2.06228947271939,0.12125899596812,15.9928060349652,7.44526662543876e-12,0.0113288420979673,0.10296903416427,1.13891316152683
91,14,"constrained",0.297428571428571,2.26284019627248,0.297428571428571,17.2698300588167,1.91001164884241e-09,0.00929517147196607,0.113962257220749,1.14027934404674
91,15,"standard",0.297428571428571,2.07295583858102,0.1174171534936,16.6939167430367,7.65887353537664e-12,0.0113863960978313,0.0737551095966511,1.10620997403416
91,15,"constrained",0.297428571428571,2.28033730938851,0.297428571428571,18.1431680333702,1.69814590167405e-09,0.0095418758327424,0.0835868618218383,1.10773763826565
91,16,"standard",0.297428571428571,2.09701514196268,0.115132803375377,17.0976747996357,1.44017020531351e-11,0.0110193572645402,0.0573707645777786,1.07614819645666
91,16,"constrained",0.297428571428571,2.30242449726108,0.297428571428571,18.5221276203839,1.06813791145299e-09,0.0094444709832165,0.0688074598120538,1.07752413497818
91,17,"standard",0.297428571428571,2.10248529872763,0.108362475991135,17.6378921327157,1.43270950658803e-11,0.0106879290177335,0.0470238042785969,1.05595402544767
91,17,"constrained",0.297428571428571,2.31614056622314,0.297428571428571,19.2417472978643,1.55832946546752e-09,0.00922480857903222,0.0579310991853594,1.05763251503793
91,18,"standard",0.297428571428571,2.10773388997281,0.107149082479164,17.9631340323623,1.49996681741982e-11,0.0100394668974911,0.038362636296065,1.04273423918529
91,18,"constrained",0.297428571428571,2.32189198542172,0.297428571428571,19.5979602021554,9.98964855281059e-10,0.00874618886411728,0.0496943513396531,1.04448919358997
91,19,"standard",0.297428571428571,2.10779131004304,0.106964793826172,17.9482289969135,1.5613399462211e-11,0.00964764427933589,0.0387206844483563,1.02716545957307
91,19,"constrained",0.297428571428571,2.32197986039268,0.297428571428571,19.5724158543052,9.61867752113932e-10,0.0084867646307516,0.0502141172257407,1.0290446091808
91,20,"standard",0.297428571428571,2.12257614908274,0.101154255537755,18.9664700893162,1.61100022211258e-11,0.00955646280011105,0.0221797607622616,1.0104444112239
91,20,"constrained",0.297428571428571,2.34241106876468,0.297428571428571,20.781656735917,1.12287401599076e-09,0.00841373810091299,0.0340851061018261,1.01194844811042
91,21,"standard",0.297428571428571,2.12304749835779,0.0997018475648019,18.4959273360066,1.61720636882023e-11,0.00931141508102888,0.0192018846888908,1.00412044901122
91,21,"constrained",0.297428571428571,2.34403332207376,0.297428571428571,20.1866404085779,1.02168723481455e-09,0.00827505034638794,0.0309128737177744,1.00576619847434
91,22,"standard",0.297428571428571,2.11859007005491,0.10103166092864,17.9963951586538,1.60375046576178e-11,0.00893802599504514,0.0289270965447059,0.996084584424884
91,22,"constrained",0.297428571428571,2.33870364804953,0.297428571428571,19.5905950145988,1.33523375689393e-09,0.00798577156722698,0.0411066560266979,0.997874925782037
91,23,"standard",0.297428571428571,2.10630014763977,0.0957068033511153,16.9053969590079,1.6258883128728e-11,0.00911901157717186,0.0196097586794464,0.990766487726587
91,23,"constrained",0.297428571428571,2.33057413453317,0.297428571428571,18.2009313671774,1.01013847286779e-09,0.00818557069219859,0.0304243130701485,0.992192199521973
91,24,"standard",0.297428571428571,2.13309924856664,0.0940448414598961,17.4632001393536,2.23456808612355e-11,0.00896379723120363,0.0153742646350317,0.987571630447564
91,24,"constrained",0.297428571428571,2.36438107249453,0.297428571428571,18.822079432692,1.50975282275922e-09,0.00808336067230721,0.0268604391538023,0.989043043130816
91,25,"standard",0.297428571428571,2.14619441504934,0.0840137674463115,19.492517997768,2.13095097123528e-11,0.00937864247279526,0.00979195552241929,0.985304702894422
91,25,"constrained",0.297428571428571,2.4081668653422,0.297428571428571,21.5297806766492,1.91436966279213e-09,0.00840861478603709,0.0213980389092621,0.987218119264195
92,4,"standard",0.297,1.2342091308647,0.284449636553895,7.04768186228662,5.93969318174459e-15,0.0222748976473335,0.699095847026898,1.94951435792144
92,4,"constrained",0.297,1.25149788463627,0.297,7.13895768444801,1.14352971536391e-14,0.0207501488092547,0.699482871252197,1.94938317312132
92,5,"standard",0.297,1.4272044895267,0.254835337443709,9.5230465017999,3.44169137633799e-15,0.0218065881203424,0.5301077447118,1.82560912953724
92,5,"constrained",0.297,1.48379876959504,0.297,9.90150355708473,1.13726650319279e-09,0.0183751682382825,0.529428228171785,1.82550257047948
92,6,"standard",0.297,1.56695544556534,0.237716639938178,11.2853267087587,5.73985303731206e-14,0.0178917240689243,0.330972069473582,1.62777018546955
92,6,"constrained",0.297,1.63892638035835,0.297,11.8027323862943,2.49357828829844e-09,0.0143714926114797,0.333746389628836,1.62776544408904
92,7,"standard",0.297,1.64618840678261,0.218142475756263,13.0293116643543,1.07580611086178e-13,0.017144311108388,0.238224240950809,1.54336572130304
92,7,"constrained",0.297,1.72769971631965,0.297,13.7157275024659,2.12884410100145e-09,0.0136790293454305,0.24117953670998,1.54345554001239
92,8,"standard",0.297,1.69207767212675,0.19752253398249,13.7410822127678,1.2490009027033e-13,0.0159564318373763,0.143241715943501,1.44861037080237
92,8,"constrained",0.297,1.79155315699985,0.297,14.5952430768193,1.62055779906467e-09,0.0122869426980759,0.146033797826504,1.4488901096299
92,9,"standard",0.297,1.72053075747209,0.178888849946065,14.7683140519444,1.30229160788531e-13,0.0150906300076053,0.0777922407424851,1.37089555020295
92,9,"constrained",0.297,1.8318336399134,0.297,15.8350246317435,1.78486253554766e-09,0.0118417536275382,0.0795864122845646,1.37133887899262
92,10,"standard",0.297,1.73420559045494,0.172649869679063,15.1340002324742,1.46327394645596e-13,0.0130494335763778,0.05120772610901,1.30233524998411
92,10,"constrained",0.297,1.84893205278171,0.297,16.2562678379509,1.52000650954776e-09,0.0104415074553456,0.0533628998668396,1.30282554764769
92,11,"standard",0.297,1.75402834519883,0.145194675028567,17.9597233620393,1.59094959428785e-13,0.0123805943354889,0.0978721828445259,1.26840353053475
92,11,"constrained",0.297,1.88158135366575,0.297,19.6787412068851,1.70882819006124e-09,0.0101210138359173,0.0998355476966317,1.26885734614743
92,12,"standard",0.297,1.81141161447202,0.134258997247461,19.5511860566771,2.00062189037453e-13,0.0119799453382863,0.0571709244962371,1.22517837398013
92,12,"constrained",0.297,1.95750027890621,0.297,21.6026402677947,1.68516650633777e-09,0.00974423621663031,0.0592619979713529,1.22552784397694
92,13,"standard",0.297,1.81849615578239,0.132808562074201,19.863614286663,2.25153229393982e-13,0.0108041309857431,0.0466957633058724,1.18373954126067
92,13,"constrained",0.297,1.96455193141337,0.297,21.9187146070581,1.88914001109097e-09,0.00885693359830565,0.0497436345583333,1.18431268538686
92,14,"standard",0.297,1.81567548035914,0.12551825171636,19.5094459021332,2.25819363208757e-13,0.0102924451592217,0.0649927315363588,1.13502616838365
92,14,"constrained",0.297,1.96215148549333,0.297,21.5223140095272,1.27094562651919e-09,0.00864690082445121,0.0680862026621503,1.13591223597086
92,15,"standard",0.297,1.81235186515552,0.124851881040443,19.2879037870099,2.44360087719997e-13,0.0105542155899206,0.0617859867983173,1.10345226422458
92,15,"constrained",0.297,1.95724786409047,0.297,21.2097810572887,1.72231484629748e-09,0.00899957565222415,0.0640905507258624,1.10411887940271
92,16,"standard",0.297,1.81100079222079,0.121804142712587,20.009213764966,2.37809771874709e-13,0.0109406278319845,0.0465241133368268,1.07413383072749
92,16,"constrained",0.297,1.95832946023752,0.297,22.1196736327413,1.19712473267697e-09,0.00947728102797431,0.0486355781148049,1.07486455188098
92,17,"standard",0.297,1.82805620524337,0.117391251607271,20.498492556164,2.73114864057789e-13,0.0100032566809302,0.0377854611615902,1.0529929406338
92,17,"constrained",0.297,1.9794117253814,0.297,22.6805045078355,1.77752029761891e-09,0.00867692985243631,0.0402506842704833,1.05374666301388
92,18,"standard",0.297,1.83619431800152,0.109301165446456,18.5367021658291,2.8199664825479e-13,0.00984986653534161,0.0185457696534082,1.03906751382118
92,18,"constrained",0.297,1.9905001740679,0.297,20.3704619905732,1.99824035096441e-09,0.00859975941282927,0.020746979412305,1.03975094169393
92,19,"standard",0.297,1.83526546192189,0.110050059339215,18.4485544503731,2.82329715162177e-13,0.00960551256635214,0.0199432076094839,1.0268724103693
92,19,"constrained",0.297,1.98921135625789,0.297,20.2633079510377,2.00735944533292e-09,0.00853054863563552,0.022230241144074,1.02762132789671
92,20,"standard",0.297,1.83198534786205,0.111522968047228,17.4883136611484,2.76556555434126e-13,0.00939226353350437,0.00984376282171873,1.01488709995764
92,20,"constrained",0.297,1.98521476525899,0.297,19.1218036920569,1.91387861114833e-09,0.00836581289431821,0.0119982613368164,1.01579527393841
92,21,"standard",0.297,1.83223789579677,0.109883182739511,17.7303272063472,2.76778600039052e-13,0.00909644831990827,0.0115573488353986,1.00799465001762
92,21,"constrained",0.297,1.98532344832365,0.297,19.369255089294,1.94842386669336e-09,0.00814359983368273,0.0136155173204928,1.00877561053857
92,22,"standard",0.297,1.83216605842087,0.108150225842624,18.1221316756491,2.76778600039052e-13,0.00897692753325821,0.0101143834264548,1.00422531196066
92,22,"constrained",0.297,1.98615942459389,0.297,19.8601333275413,1.48365586483123e-09,0.00805711395677004,0.0123498388875918,1.00521801210099
92,23,"standard",0.297,1.83846962489906,0.112418055643266,17.3950619522571,3.51829676503712e-13,0.00874744478786111,0.00398719061831532,1.00639495627949
92,23,"constrained",0.297,1.9916307419265,0.297,19.0524476472909,1.36419486818085e-09,0.00791628361038204,0.00620815305775668,1.00793115666979
92,24,"standard",0.297,1.86071506958339,0.107540159663809,18.3111334630377,4.16555678839359e-13,0.00856964352726264,0.00190539149357782,1.00402772720419
92,24,"constrained",0.297,2.02080241080478,0.297,20.1109149007953,1.13173836968627e-09,0.00776801987246042,0.000811370062767658,1.00586486483337
92,25,"standard",0.297,1.86849061159222,0.105409327858836,19.4543457789442,4.12447853648246e-13,0.00863737661633672,0.00586958621228817,1.00328956317364
92,25,"constrained",0.297,2.03548348581364,0.297,21.5802676338237,1.63946939357729e-09,0.0077855529008031,0.0032072105276626,1.00551611598403
93,4,"standard",0.293285714285714,1.21999497236445,0.283004546963317,6.93840343919504,1.28785870856518e-14,0.0219033772074145,0.957804128230391,2.0459875681383
93,4,"constrained",0.293285714285714,1.2341611984386,0.293285714285714,7.01169014627243,6.66133814775094e-15,0.0206408332842531,0.959646583787005,2.04608811774831
93,5,"standard",0.293285714285714,1.53234606169388,0.249219458778355,10.0972229825347,3.35287353436797e-14,0.0209233202846491,0.748835429176235,1.88560660790427
93,5,"constrained",0.293285714285714,1.6026894674553,0.293285714285714,10.5378677114897,1.45116202387996e-09,0.0170157046296146,0.753507186758741,1.88626970791931
93,6,"standard",0.293285714285714,1.70310934050929,0.227814653075,12.458203665717,2.91877633173954e-13,0.0186051270096873,0.532262530538192,1.66814209144621
93,6,"constrained",0.293285714285714,1.80211828932068,0.293285714285714,13.1792410999979,1.85250492723554e-09,0.0142520829723366,0.539687344102568,1.66880207473339
93,7,"standard",0.293285714285714,1.76894047826781,0.212401444291454,13.9827395100882,7.4140693584468e-13,0.0166178650701112,0.453149164861169,1.58639197270062
93,7,"constrained",0.293285714285714,1.87204865451629,0.293285714285714,14.847163434742,1.79196485428079e-09,0.0125841846299622,0.460883252396907,1.58722708827109
93,8,"standard",0.293285714285714,1.79578998796111,0.190860625719992,14.8757856046897,7.97806265495637e-13,0.0165353052638582,0.368506318901089,1.48050343061267
93,8,"constrained",0.293285714285714,1.90841365376766,0.293285714285714,15.9240507673266,1.53046497697318e-09,0.0125041078696278,0.376915273617069,1.48155944392935
93,9,"standard",0.293285714285714,1.88449130750403,0.16192154847656,16.7942468860452,1.07580611086178e-12,0.0164340487184677,0.246365629997273,1.38328506657979
93,9,"constrained",0.293285714285714,2.03061412004995,0.293285714285714,18.294151342344,1.4727775110579e-09,0.0124844821842583,0.250491417002091,1.38414054379889
93,10,"standard",0.293285714285714,1.91770734288018,0.152343033404805,14.5882731395674,1.46849199467169e-12,0.0142457435185636,0.210329522021405,1.31559812575363
93,10,"constrained",0.293285714285714,2.069974122281,0.293285714285714,15.7326765461525,1.93955140836977e-09,0.0109484082931213,0.216826827521609,1.31638929597441
93,11,"standard",0.293285714285714,1.91908859710507,0.150591544721135,14.4990857588325,1.50801593434835e-12,0.0133099380376448,0.213413203533542,1.28066103021788
93,11,"constrained",0.293285714285714,2.07107095092957,0.293285714285714,15.6539332703114,1.45047635013995e-09,0.0105497974865155,0.219169305747497,1.28149770461078
93,12,"standard",0.293285714285714,1.93436457040937,0.137630568984657,15.7539751780278,1.37201361383177e-12,0.0140955741765251,0.171474447271208,1.23740086945987
93,12,"constrained",0.293285714285714,2.10030696215915,0.293285714285714,17.2107320041544,1.7725559353643e-09,0.0113234901858457,0.17691817480523,1.2385661990312
93,13,"standard",0.293285714285714,1.93908002987403,0.137090922889554,15.8554673602419,2.14339657134133e-12,0.0128463820233879,0.166857351603318,1.19219887967766
93,13,"constrained",0.293285714285714,2.10297772150758,0.293285714285714,17.2722486793616,1.04059461047967e-09,0.0106171156019143,0.174321338066691,1.19309975986508
93,14,"standard",0.293285714285714,1.95602920589394,0.130945537693661,16.4506517267772,2.18858264844357e-12,0.0119936699115072,0.134436887672464,1.14295794662747
93,14,"constrained",0.293285714285714,2.12679360133863,0.293285714285714,18.0073288557961,1.57931201449912e-09,0.00995750122785848,0.141611568626877,1.14401145363814
93,15,"standard",0.293285714285714,1.96652614615888,0.125871395060572,17.2212727701472,2.11841655328726e-12,0.012048675909744,0.113883541821688,1.10841119892124
93,15,"constrained",0.293285714285714,2.14681510665624,0.293285714285714,18.9931271411656,1.79438913727736e-09,0.0100001624329263,0.120896981006544,1.10966016500654
93,16,"standard",0.293285714285714,1.98116180187314,0.119967013812447,18.3095264018413,2.11097805902227e-12,0.0119463574840189,0.0863370507888703,1.0782556236611
93,16,"constrained",0.293285714285714,2.17012495163574,0.293285714285714,20.3395469686924,1.11642295408387e-09,0.00984241775674788,0.0931702058773318,1.0795753227439
93,17,"standard",0.293285714285714,1.97435245924253,0.116249637675155,18.1517875254543,2.76978440183484e-12,0.0113598770724785,0.0915293985308958,1.05875549271563
93,17,"constrained",0.293285714285714,2.16237782913532,0.293285714285714,20.1433773201903,1.36159999941654e-09,0.00956899946785627,0.099767227968445,1.0602490099483
93,18,"standard",0.293285714285714,1.97128767509621,0.112024310078447,17.3547349974996,2.73403522044191e-12,0.0112761438624184,0.0816974932080861,1.04470664274248
93,18,"constrained",0.293285714285714,2.16014518475576,0.293285714285714,19.1587746505708,1.35386468702592e-09,0.00957765610912558,0.089364322640888,1.04612678195917
93,19,"standard",0.293285714285714,1.97209162080542,0.111611991601153,17.408941550797,3.14215320429412e-12,0.0109609459527275,0.0797065803184678,1.02897396244346
93,19,"constrained",0.293285714285714,2.16074951866266,0.293285714285714,19.2144456546091,1.3928327935453e-09,0.00949597527845749,0.0874716565238547,1.03010535727515
93,20,"standard",0.293285714285714,1.99820335757912,0.107837045931038,18.7625131637639,2.98094882111855e-12,0.0109270474068062,0.06503486025656,1.01436841389544
93,20,"constrained",0.293285714285714,2.19976253765064,0.293285714285714,20.893536291221,1.01622604775642e-09,0.00944339189609001,0.0730083665939416,1.01544481122969
93,21,"standard",0.293285714285714,2.04093560225618,0.0965987208466155,20.3684900810514,3.28315152842151e-12,0.0106489064145468,0.0438399489200529,1.00539905707806
93,21,"constrained",0.293285714285714,2.26977386582395,0.293285714285714,23.0123002799323,1.4742809195667e-09,0.00916300712068381,0.0518528996152137,1.00639209833349
93,22,"standard",0.293285714285714,2.03822282208081,0.0971007286158656,20.2415198237225,3.47921691457032e-12,0.0103456207894049,0.0446914781380832,0.998970637857573
93,22,"constrained",0.293285714285714,2.26571002460327,0.293285714285714,22.8250071957487,1.26464599903287e-09,0.00904836596756983,0.0529045713619976,0.999902069157644
93,23,"standard",0.293285714285714,2.05857716082126,0.0951471083831883,20.9090487918608,3.9137582064086e-12,0.0098843804781361,0.0426095148845071,0.99504220938238
93,23,"constrained",0.293285714285714,2.29136289414033,0.293285714285714,23.5853906170535,1.46961443014959e-09,0.00869875512504422,0.0511660960312446,0.995945353093673
93,24,"standard",0.293285714285714,2.07801689833944,0.0918842645899676,21.7699632326234,3.84114962059812e-12,0.0097485512690283,0.0355292018507978,0.990436992883179
93,24,"constrained",0.293285714285714,2.32370285734438,0.293285714285714,24.7544471656196,1.58665425242788e-09,0.0085889814179084,0.0437392211218253,0.991321283145351
93,25,"standard",0.293285714285714,2.13025285516144,0.0861261006098163,23.450377414948,4.53037607428541e-12,0.00945042687365416,0.0322290793006781,0.987897335485362
93,25,"constrained",0.293285714285714,2.38865959122276,0.293285714285714,26.6988578998281,1.42232409183762e-09,0.00836722002120111,0.0415575861494144,0.9887089929517
94,4,"standard",0.296,1.22727193098371,0.280736700222759,7.1301252523439,1.16573417585641e-14,0.023757736878414,0.865380835282444,2.00887990633123
94,4,"constrained",0.296,1.24881506324044,0.296,7.2455252236193,5.32907051820075e-15,0.0219001066294102,0.867274411709893,2.00889483575303
94,5,"standard",0.296,1.61545057959864,0.250000295691572,10.4560059810266,3.42614825399323e-13,0.0190223391781719,0.671219430752853,1.87085844670664
94,5,"constrained",0.296,1.69098848871165,0.296,10.8938270947807,1.92403437626609e-09,0.0150326894716303,0.674745874807522,1.87087993259416
94,6,"standard",0.296,1.79577132064465,0.230762016379951,12.685417422623,2.34379182728617e-12,0.0164962734260581,0.44750540795707,1.66490719721805
94,6,"constrained",0.296,1.90238726139578,0.296,13.3664199123864,1.77895953523688e-09,0.0123216437510563,0.453561227890775,1.66553990007307
94,7,"standard",0.296,1.93970534299891,0.21113746603392,15.0723088165555,7.95086219085306e-12,0.0148919451930406,0.348310024872367,1.57887724217236
94,7,"constrained",0.296,2.06165100176634,0.296,15.9738529922528,1.85919835082871e-09,0.010974965420332,0.357121929190547,1.57994131316867
94,8,"standard",0.296,2.03154525036995,0.176770975326419,17.2789203900883,1.28841382007749e-11,0.0171448934689149,0.197721004615074,1.46175539336756
94,8,"constrained",0.296,2.18168235720013,0.296,18.6084359475584,1.91259008630595e-09,0.0129212757444393,0.205679919243372,1.46274779467586
94,9,"standard",0.296,2.08506932735961,0.154500853623574,19.0705196633271,1.31689104065913e-11,0.0171158599459405,0.117099399932045,1.3788100886333
94,9,"constrained",0.296,2.272366957949,0.296,20.9835119657204,1.86499382603955e-09,0.0125846638100671,0.12130612195535,1.37988999395941
94,10,"standard",0.296,2.17485000590476,0.132968571562709,21.8912124509608,1.15309983783618e-11,0.016988282931639,0.0367261591852968,1.3080725687422
94,10,"constrained",0.296,2.42482588068615,0.296,24.7320142154707,1.30816008026002e-09,0.0123684041333327,0.0416701377544229,1.30924093688813
94,11,"standard",0.296,2.16943065739768,0.125084371014432,21.4597485169096,1.17025278356664e-11,0.0149047901768331,0.0564658638845028,1.27366126828004
94,11,"constrained",0.296,2.41755798584768,0.296,24.2121530051177,1.47020645657747e-09,0.011208496595247,0.062571170436792,1.27447292115594
94,12,"standard",0.296,2.11407849583082,0.113406001538871,19.1232095197354,1.12239106897505e-11,0.0156277252188673,0.019894581521859,1.23271602794936
94,12,"constrained",0.296,2.35324597559031,0.296,21.4270298951696,1.59727964188505e-09,0.0121043617240552,0.0232808462536545,1.23354574000149
94,13,"standard",0.296,2.11958421464117,0.10793827379327,20.5080123221563,1.13752340880069e-11,0.014998933226651,0.0130013218055494,1.18918881559634
94,13,"constrained",0.296,2.36136045005312,0.296,23.1614201996535,1.81558457157394e-09,0.011754257867419,0.00987588016096641,1.19003746959707
94,14,"standard",0.296,2.1161856739251,0.105511552066666,19.5422526199077,1.13195008921707e-11,0.0142578404782207,0.0236647096907774,1.14320331789633
94,14,"constrained",0.296,2.35751787942571,0.296,21.8845728364896,1.51039131202069e-09,0.0112973042725415,0.0210726411854436,1.14484673298806
94,15,"standard",0.296,2.13041531350615,0.10184397468712,18.8005978496889,1.11907150213142e-11,0.0137560922203567,0.0480505280942225,1.11167636727407
94,15,"constrained",0.296,2.38050618570588,0.296,21.1809992838171,1.11191417184742e-09,0.0109147116122077,0.0458037865974577,1.11350222532671
94,16,"standard",0.296,2.13616945975913,0.100769099272245,19.1335691002904,1.19733112313725e-11,0.0129986987436379,0.0572673804153183,1.08110454834285
94,16,"constrained",0.296,2.38941803657097,0.296,21.6112584928089,1.49484385980614e-09,0.0102891671197273,0.0554671383649747,1.08261720073488
94,17,"standard",0.296,2.13870125432053,0.102562299845817,19.5920031431901,1.18927090397847e-11,0.012481665045003,0.0521550580015182,1.05774005471257
94,17,"constrained",0.296,2.39209043798934,0.296,22.0632707193439,1.30143912313585e-09,0.0100965918174558,0.0512932207972732,1.05907824961846
94,18,"standard",0.296,2.14101819199872,0.10112636206141,19.9287799865381,1.1814771383456e-11,0.0117992808692582,0.0560803428774044,1.04354802997316
94,18,"constrained",0.296,2.39531534175611,0.296,22.454739292403,1.6228875465707e-09,0.00967956908227729,0.0549649660597966,1.04481219568611
94,19,"standard",0.296,2.14581868419568,0.0998075128196347,20.1208223270923,1.1851741810176e-11,0.0114986187163907,0.0590998563457221,1.02958424171837
94,19,"constrained",0.296,2.40246927207241,0.296,22.697536843638,1.78405801243287e-09,0.00963906362992723,0.0582148585532432,1.0308680419673
94,20,"standard",0.296,2.1454973751589,0.0993900802204026,20.0934936810799,1.384647951852e-11,0.0109727384518538,0.0584830191609589,1.01807072824709
94,20,"constrained",0.296,2.40201538769794,0.296,22.588791042217,1.74452741141806e-09,0.00932534125762188,0.0558676926769799,1.01921419083403
94,21,"standard",0.296,2.13939463190276,0.100937208190535,19.7820660508138,1.48203671557212e-11,0.0106310313840685,0.0540823135852815,1.01071323666223
94,21,"constrained",0.296,2.39547666400292,0.296,22.183239481313,1.85678611375195e-09,0.00914848889386721,0.0505161448822422,1.0118093697129
94,22,"standard",0.296,2.14334172233073,0.0988507031263076,20.1522901209383,1.48463463744974e-11,0.0104254698222151,0.0572963346853355,1.00152759142604
94,22,"constrained",0.296,2.40351530930083,0.296,22.7096495664031,1.41682887644379e-09,0.00900324150756396,0.0541689445247142,1.00258364041094
94,23,"standard",0.296,2.1560963714843,0.0928100972955911,19.5337385586803,1.44545486691072e-11,0.0103167497989933,0.0472268288015094,0.999778335316942
94,23,"constrained",0.296,2.42495473552928,0.296,21.9682569563475,1.03421732289277e-09,0.00900181048582316,0.0441119167196318,1.00093281013699
94,24,"standard",0.296,2.17600305414126,0.0904950361161762,20.0291299639468,2.13600248599732e-11,0.009916487858263,0.0528910773624762,0.995180734287644
94,24,"constrained",0.296,2.44497951968955,0.296,22.4850146961185,1.12025377863034e-09,0.00878541493092701,0.0490486406614661,0.99647219467898
94,25,"standard",0.296,2.17622459345869,0.0904508563446207,20.0395603305477,2.14098738737789e-11,0.00966189423341511,0.0529839951195132,0.995789178668448
94,25,"constrained",0.296,2.44396502006105,0.296,22.4402392458365,1.5409570286451e-09,0.00866093085189089,0.0486954377898421,0.996858800743866
95,4,"standard",0.310714285714286,1.24602841165579,0.28836580705003,6.98026193750281,1.22124532708767e-14,0.0185851025953249,0.817935470244588,1.9855264100824
95,4,"constrained",0.310714285714286,1.27915991570592,0.310714285714286,7.13949786299298,2.27595720048157e-15,0.0157099545968918,0.82063990007039,1.98545938073157
95,5,"standard",0.310714285714286,1.52583873943592,0.254254402838699,10.0165781268394,5.51780843238703e-14,0.0191599933071705,0.602917896250917,1.84320126972698
95,5,"constrained",0.310714285714286,1.61415886069976,0.310714285714286,10.5492053406949,2.24786061986393e-09,0.0142561403601729,0.603475039741256,1.8437306898387
95,6,"standard",0.310714285714286,1.70682032316815,0.239253658529443,11.7333161830646,1.22635235300095e-12,0.0139730689662071,0.400365358972119,1.63364160286431
95,6,"constrained",0.310714285714286,1.81251844501262,0.310714285714286,12.3846610711015,1.95680049941416e-09,0.00978809691280558,0.405394027378635,1.6339585789988
95,7,"standard",0.310714285714286,1.85876202700929,0.22434132313354,13.3243882714749,9.40525435311201e-12,0.0101587063474702,0.313068063489101,1.55272497563844
95,7,"constrained",0.310714285714286,1.97502760672475,0.310714285714286,14.0565303765824,1.35315447735707e-09,0.00700514636425234,0.320015619439715,1.55307270849009
95,8,"standard",0.310714285714286,1.94109825152996,0.203861149559846,14.0321744006625,1.44982914562775e-11,0.00940406567737101,0.225722441797535,1.45185093855439
95,8,"constrained",0.310714285714286,2.0782924329198,0.310714285714286,14.8798276393568,1.2027256968139e-09,0.00610658640394068,0.232898795504803,1.45219511523039
95,9,"standard",0.310714285714286,1.98637447500144,0.184862691290099,14.9531792119318,1.73518976964715e-11,0.00873882438573631,0.160253851023676,1.36929955961796
95,9,"constrained",0.310714285714286,2.13448573214997,0.310714285714286,15.9392965615121,1.39927619491331e-09,0.0061693311678938,0.168252415471783,1.36971482410584
95,10,"standard",0.310714285714286,2.00278017763078,0.178705858272171,15.2979897184108,2.94499979958118e-11,0.00760466536146234,0.137717703283886,1.30495203805215
95,10,"constrained",0.310714285714286,2.14941758059927,0.310714285714286,16.2929238680244,1.5732829483639e-09,0.0059953440153887,0.147772696093782,1.30541015840475
95,11,"standard",0.310714285714286,1.99454519089804,0.15244584193996,14.4647733413749,2.86791701498146e-11,0.00737406126687008,0.186822286544111,1.27603011321269
95,11,"constrained",0.310714285714286,2.14511512112586,0.310714285714286,15.383590932761,1.84576082196131e-09,0.00591698869631637,0.19824384998897,1.27650898913724
95,12,"standard",0.310714285714286,2.05327608011868,0.13451924375357,16.4504848028899,3.22999405000246e-11,0.0087625317535708,0.141769934069004,1.24172788234219
95,12,"constrained",0.310714285714286,2.23088878607944,0.310714285714286,17.8164157839676,1.07233477653068e-09,0.00714737976863065,0.154867206902929,1.24289000083232
95,13,"standard",0.310714285714286,2.05848477801396,0.131161567767866,17.0709668801121,3.20905524375803e-11,0.00885256750598122,0.126255321092061,1.19796060652002
95,13,"constrained",0.310714285714286,2.23974463894991,0.310714285714286,18.5712689025988,1.23293902865029e-09,0.00714799993162227,0.139716223949791,1.19921818050498
95,14,"standard",0.310714285714286,2.05556783924538,0.125869174292323,15.9162927994249,3.2010061268295e-11,0.00889359814048994,0.107561647726803,1.14377402354895
95,14,"constrained",0.310714285714286,2.23904181752335,0.310714285714286,17.173145094204,1.58228996571808e-09,0.00718255476824658,0.12062287013012,1.14504477771312
95,15,"standard",0.310714285714286,2.05336339844253,0.12177932643163,16.256623683707,3.18680637434454e-11,0.00892349714674862,0.0874439302018928,1.10847037540344
95,15,"constrained",0.310714285714286,2.24164944381335,0.310714285714286,17.8398162917611,1.94556615262798e-09,0.00739893144977408,0.100744745344095,1.10949037052269
95,16,"standard",0.310714285714286,2.05346240236688,0.121047148066566,16.3432105723443,3.20250492791274e-11,0.00848530869966787,0.0885864090466555,1.07830679805029
95,16,"constrained",0.310714285714286,2.24177412532554,0.310714285714286,17.9529065544694,1.94153376709139e-09,0.00716394971906968,0.101953340723841,1.07931502410673
95,17,"standard",0.310714285714286,2.05339762743855,0.1211717436411,16.3528073174728,3.35036443033232e-11,0.00848153167124695,0.0882854305769003,1.05576409776133
95,17,"constrained",0.310714285714286,2.24169003375291,0.310714285714286,17.9791732730417,8.97954877121521e-10,0.00732115864388146,0.101259284171192,1.05665608308791
95,18,"standard",0.310714285714286,2.05197332343094,0.113875650255725,17.08954635425,3.32254224133521e-11,0.00838136438890147,0.0758412541059714,1.03936265608595
95,18,"constrained",0.310714285714286,2.24367231619838,0.310714285714286,18.9395799771945,1.08555814337663e-09,0.00725783703711181,0.0886490835450147,1.04019271610961
95,19,"standard",0.310714285714286,2.04084003469121,0.11663212875243,17.7042971627016,3.50788287306614e-11,0.00852218870895681,0.0641262188302631,1.02507910946969
95,19,"constrained",0.310714285714286,2.23679229301733,0.310714285714286,19.7757468108975,1.90804527733235e-09,0.00737409814965706,0.0764771428687503,1.02593350869386
95,20,"standard",0.310714285714286,2.04249658861855,0.108234702057021,17.2719742652515,3.62382346352774e-11,0.00836787940873002,0.0734069039051635,1.01341540141204
95,20,"constrained",0.310714285714286,2.24173957541202,0.310714285714286,19.3066076452014,1.70829372869719e-09,0.00732554382235217,0.0857120308818118,1.014430286537
95,21,"standard",0.310714285714286,2.03627082160193,0.0999474632766356,15.5434489955032,3.46714879029264e-11,0.00836109226405743,0.0598989256403959,1.00527936650769
95,21,"constrained",0.310714285714286,2.23761689358315,0.310714285714286,17.1310966700958,1.00829400384583e-09,0.00733565924320868,0.0716016937449959,1.00615711872185
95,22,"standard",0.310714285714286,2.04313335797859,0.0950935363547518,15.2797840927155,3.95176114054152e-11,0.00845429747194682,0.0672028354771657,0.995228866504184
95,22,"constrained",0.310714285714286,2.24440765926433,0.310714285714286,16.6616702770211,2.01647343267553e-09,0.00752515016610285,0.0783329882705361,0.995920852028845
95,23,"standard",0.310714285714286,2.04195067983888,0.0921515605678219,14.9979355327008,3.96144228531625e-11,0.00850540417360748,0.0620692158800766,0.991852658995051
95,23,"constrained",0.310714285714286,2.24326768988389,0.310714285714286,16.202954222784,1.60681778993421e-09,0.00763662202191872,0.0730872820526409,0.992590084944135
95,24,"standard",0.310714285714286,2.04302737940317,0.0901987370724651,14.9465181727163,3.97377686311984e-11,0.00838857402295068,0.05852323830426,0.987190239679469
95,24,"constrained",0.310714285714286,2.24705582124815,0.310714285714286,16.4925505608481,1.69547287320881e-09,0.00753077572578317,0.0692086221483539,0.988065645724658
95,25,"standard",0.310714285714286,2.03283343314486,0.0963166754043632,15.758848432065,3.96727095619553e-11,0.00846059408329757,0.05511969834164,0.983491883795095
95,25,"constrained",0.310714285714286,2.23764980847672,0.310714285714286,17.3014705765687,1.02867614426572e-09,0.00765815817018525,0.0658633769409631,0.984248281808788
96,4,"standard",0.305,1.28957201554753,0.278007232412632,7.30238703899374,5.71764857681956e-15,0.0224202807160856,0.80262622398418,1.98243117255028
96,4,"constrained",0.305,1.33184038986982,0.305,7.51889367638805,5.99520433297585e-15,0.0189694373155789,0.805525132128813,1.98238403093906
96,5,"standard",0.305,1.53059355094604,0.255704993258073,9.48983038505795,6.18394224716212e-14,0.0174831387769557,0.633256659522792,1.85548679288995
96,5,"constrained",0.305,1.60975337194116,0.305,9.92564017519888,1.00184815998716e-09,0.0139630398592319,0.635328259091556,1.85557730187066
96,6,"standard",0.305,1.70829369524329,0.243844707973532,11.0150538945482,1.96997973489488e-12,0.011878562708021,0.398250928600997,1.65068188197848
96,6,"constrained",0.305,1.80026149837072,0.305,11.5305391629269,2.08771072651714e-09,0.00958714090230311,0.40445268125697,1.65076940609138
96,7,"standard",0.305,1.81891231655089,0.213599427924637,13.9134495544315,3.16202619643491e-12,0.0146997819320506,0.277823977269033,1.55563736684476
96,7,"constrained",0.305,1.93945032258268,0.305,14.8674958053919,1.52575496681351e-09,0.0113031153848303,0.284758497412483,1.55579691633803
96,8,"standard",0.305,1.89181662811482,0.189451333462247,14.8564093392009,4.61242155580521e-12,0.0141964888797796,0.175720068290583,1.45591800121155
96,8,"constrained",0.305,2.04151063298197,0.305,16.0625202357629,1.19637849627097e-09,0.0109437256056091,0.182299726319624,1.45656148035715
96,9,"standard",0.305,1.89964737992783,0.179096095004424,15.3797107296032,5.11668485358996e-12,0.0127403380623256,0.141357623930413,1.37639150539681
96,9,"constrained",0.305,2.05004472767733,0.305,16.6734294974308,1.45118050909332e-09,0.0101077317764273,0.148879698456912,1.37680923372946
96,10,"standard",0.305,1.94682242177126,0.164168515446909,16.4966499442976,6.92290669235263e-12,0.0115075068647101,0.0939599339092929,1.30990686085708
96,10,"constrained",0.305,2.11136817213805,0.305,18.0085088694267,1.80128684190706e-09,0.00907937742556927,0.10213811555909,1.31041300376711
96,11,"standard",0.305,1.94787322047917,0.139596437220346,15.6421045124473,6.98574531554641e-12,0.0109526484119913,0.124571413411656,1.27478777918782
96,11,"constrained",0.305,2.11655629946422,0.305,17.0613442604466,1.29369742696284e-09,0.00888950485834592,0.13095838099624,1.27503133065267
96,12,"standard",0.305,1.96988171200514,0.134963351582194,16.0865331034187,8.07531819191354e-12,0.0101326535825545,0.105088769931831,1.2402701705018
96,12,"constrained",0.305,2.14272368144544,0.305,17.554444949849,1.46582179727517e-09,0.00826300480400267,0.111542345252801,1.24092593977812
96,13,"standard",0.305,1.96978994475341,0.133376784897282,16.255952070564,8.16979817130914e-12,0.00946647038061835,0.10875425594226,1.1975656590136
96,13,"constrained",0.305,2.14273803265448,0.305,17.76448027581,9.84906101120231e-10,0.00783677556608745,0.115465944318948,1.19844009616826
96,14,"standard",0.305,1.98186062817922,0.124465790899165,16.9677429920679,8.15292278133484e-12,0.00978768630906015,0.0861276857399114,1.14250965086036
96,14,"constrained",0.305,2.16724425442772,0.305,18.6947849044605,2.04153166594168e-09,0.0081679722792422,0.0931415832119731,1.14384443405255
96,15,"standard",0.305,1.9799336830782,0.122450041434156,16.8812040096354,9.32387500540699e-12,0.0094677119878918,0.0899135998211555,1.11818559420195
96,15,"constrained",0.305,2.16500538233116,0.305,18.5807179501436,1.92753385475086e-09,0.00818059841024139,0.0972679595556993,1.11957908193776
96,16,"standard",0.305,1.96974888658978,0.118542027304359,15.5825459472204,9.17166342873088e-12,0.00970584763724872,0.0727863772122026,1.08385438206422
96,16,"constrained",0.305,2.1522307434923,0.305,17.0502256477903,1.40638217738243e-09,0.00845790646278599,0.0805573827816222,1.0851416382661
96,17,"standard",0.305,1.96600637223068,0.113797524145995,16.002471172582,9.31765775646909e-12,0.00957367574466925,0.0590590091720529,1.06495894533515
96,17,"constrained",0.305,2.14877394005665,0.305,17.6004856571024,1.60552271477599e-09,0.00841946208135957,0.065652305252696,1.06630194362286
96,18,"standard",0.305,1.98045803760915,0.110440123479711,16.3180651073057,1.12678755215256e-11,0.0091323057541785,0.0537704710278355,1.05119328273793
96,18,"constrained",0.305,2.16333476731077,0.305,17.9246209444839,1.81340337190861e-09,0.00818340271210997,0.0612475220041375,1.05263826765713
96,19,"standard",0.305,1.9910147304125,0.10988395730352,15.7740876720838,1.15688569835015e-11,0.00899384803984187,0.0391783507410626,1.03374729457492
96,19,"constrained",0.305,2.1787723623866,0.305,17.2023870934913,1.0793239635376e-09,0.00809620535005564,0.0465058031404713,1.03519750258704
96,20,"standard",0.305,1.9884480364801,0.108771851546009,15.2318319013747,1.190647580529e-11,0.00883074229542321,0.0332973577499258,1.01861307802176
96,20,"constrained",0.305,2.17507877353914,0.305,16.5667362850117,1.39706296531372e-09,0.00800967262988996,0.0406688309051049,1.01994980837191
96,21,"standard",0.305,1.99084735933365,0.107711202965304,15.3378611352801,1.21473942016337e-11,0.00892468943014982,0.0318531943518012,1.01123084329863
96,21,"constrained",0.305,2.17738104240695,0.305,16.672724652327,1.25516969040618e-09,0.00819671713392894,0.0396254238231251,1.01277797988411
96,22,"standard",0.305,1.99641778199045,0.107482258039568,14.2901810914062,1.19646514917804e-11,0.00885333003254464,0.0141319370616202,1.00105232383514
96,22,"constrained",0.305,2.19179888065416,0.305,15.3841370136461,1.65430585896686e-09,0.00814201322403406,0.0207429344313823,1.00210678609433
96,23,"standard",0.305,1.9964163538683,0.107004573518449,14.1631582161501,1.20978782547354e-11,0.00873981413978106,0.0131090970389121,0.996227208254176
96,23,"constrained",0.305,2.19168569771741,0.305,15.2267607158374,1.58343643752445e-09,0.0081193779095266,0.0196976680740377,0.997127752180897
96,24,"standard",0.305,1.99836484517632,0.106764097468157,14.2701232207621,1.27665655824671e-11,0.00864065757209463,0.0119337043767267,0.994542027381706
96,24,"constrained",0.305,2.19305606659741,0.305,15.3050872787941,1.50828433076455e-09,0.00808386803023855,0.0189300646953869,0.995849279891868
96,25,"standard",0.305,1.99848255486388,0.106146490044164,14.4946227276531,1.29014576799591e-11,0.00845438398620608,0.0119137732381063,0.993662844677405
96,25,"constrained",0.305,2.19378313011217,0.305,15.6036764284763,1.78933057259911e-09,0.0079296124449192,0.0191364678501103,0.994975911765525
97,4,"standard",0.296571428571429,1.4675197003354,0.258460748072428,8.60923182374791,8.04911692853238e-15,0.027389629874498,0.866581564740238,2.00744102678992
97,4,"constrained",0.296571428571429,1.54020262307466,0.296571428571429,8.99618908210294,3.17523785042795e-14,0.0225161250885394,0.87068394694963,2.00719108242482
97,5,"standard",0.296571428571429,1.62440169942984,0.249040068292213,10.0072033116548,1.9373391779709e-13,0.0164520132377609,0.776229277620883,1.91338698307997
97,5,"constrained",0.296571428571429,1.70870865527744,0.296571428571429,10.4623208274207,8.20467804807379e-10,0.0130134863515013,0.780897745055276,1.91355940707717
97,6,"standard",0.296571428571429,1.77655779221473,0.223196219687672,12.593441770541,7.38742400585579e-13,0.0182688265127068,0.521660580118611,1.66737918541276
97,6,"constrained",0.296571428571429,1.90131785421717,0.296571428571429,13.4382310223669,1.93727867081606e-09,0.0140378736934913,0.52527467871943,1.66701666204299
97,7,"standard",0.296571428571429,1.82368957504303,0.205392941155012,14.3917948485982,9.44910816258471e-13,0.0183798652505852,0.440152991904275,1.57612620858007
97,7,"constrained",0.296571428571429,1.96204315261204,0.296571428571429,15.5417908625102,1.95942984060338e-09,0.0140730992661262,0.443266951529581,1.57586840205663
97,8,"standard",0.296571428571429,1.95030716725086,0.182705983942879,15.4045428827133,3.25972582260192e-12,0.015524040276959,0.327517451310609,1.47255322735028
97,8,"constrained",0.296571428571429,2.11362728008077,0.296571428571429,16.7007128356622,1.89847904064067e-09,0.0119040532161338,0.33274568636106,1.47249444445886
97,9,"standard",0.296571428571429,2.02340265363689,0.162536266974559,16.6606548289376,5.15010256663118e-12,0.012994486163753,0.256441364868143,1.38683683499672
97,9,"constrained",0.296571428571429,2.20065539328253,0.296571428571429,18.1360642879529,1.7539223962082e-09,0.00984284132670825,0.263979364646133,1.38709126327957
97,10,"standard",0.296571428571429,2.0281121467344,0.155699580567122,17.1843464470182,5.09359221467776e-12,0.012178990393529,0.2256328388208,1.31742227449297
97,10,"constrained",0.296571428571429,2.21537527281693,0.296571428571429,18.8687183462503,1.1581163250618e-09,0.00922651848783538,0.23124427478363,1.31763674084605
97,11,"standard",0.296571428571429,2.0301028172466,0.153565457124137,17.4021171942678,5.38336042410492e-12,0.0112886280129697,0.229736459164564,1.28381166336106
97,11,"constrained",0.296571428571429,2.21755060352153,0.296571428571429,19.117182667223,1.0429648811261e-09,0.00882613246967003,0.235309572733877,1.28412423641225
97,12,"standard",0.296571428571429,2.09557302075604,0.142446736729242,18.7986383257987,7.59747820211487e-12,0.0102994748296027,0.180648556758448,1.24439504817232
97,12,"constrained",0.296571428571429,2.30548540622252,0.296571428571429,20.8005605441232,1.18374554602951e-09,0.00813854387741815,0.185607737806501,1.24517790105679
97,13,"standard",0.296571428571429,2.11610959828666,0.140068157877836,18.6898143360516,1.48777656860943e-11,0.00976324310530299,0.162358001942475,1.19985238482714
97,13,"constrained",0.296571428571429,2.32258201588711,0.296571428571429,20.6070066614868,1.62751889742907e-09,0.00816886800741035,0.169448160336436,1.20065258913283
97,14,"standard",0.296571428571429,2.1628643608108,0.130222024645053,19.544903351681,2.05570005462619e-11,0.0090276504500472,0.127425885353928,1.14792458374383
97,14,"constrained",0.296571428571429,2.37867827048858,0.296571428571429,21.5695958253496,1.6935716717903e-09,0.00757178550849925,0.136045950463335,1.14894810476706
97,15,"standard",0.296571428571429,2.16439492841154,0.128439913087895,19.2668397619985,2.05301331490659e-11,0.00909179032300859,0.117688712440637,1.11285658917264
97,15,"constrained",0.296571428571429,2.3824626636953,0.296571428571429,21.4676082525643,1.45709244669945e-09,0.00766169505279527,0.125772508429576,1.11415416505288
97,16,"standard",0.296571428571429,2.18803506468414,0.126802646670037,19.7649915659441,2.9696800574186e-11,0.00850045315556909,0.108605329298906,1.08465256217777
97,16,"constrained",0.296571428571429,2.40586327619659,0.296571428571429,21.9651209850347,1.94115395979466e-09,0.00724927669484098,0.117971443574172,1.08582188269217
97,17,"standard",0.296571428571429,2.18540951782834,0.125359614365849,19.4677695721903,2.97151192540923e-11,0.00822517626402654,0.10507885511128,1.06225114637983
97,17,"constrained",0.296571428571429,2.40221029882943,0.296571428571429,21.5852672053894,1.62661301095213e-09,0.00711196458057534,0.113934638527622,1.06311064877216
97,18,"standard",0.296571428571429,2.21473720024192,0.114612701755103,20.7650032924593,2.84001711037263e-11,0.00835102370602549,0.0876665201695461,1.04479701924138
97,18,"constrained",0.296571428571429,2.45178891936877,0.296571428571429,23.2535212471985,1.59193785931322e-09,0.00731029083242128,0.0960574244760224,1.04571609887953
97,19,"standard",0.296571428571429,2.23556267533935,0.111255509172986,21.3765500428439,2.98119307018396e-11,0.0083168320907363,0.0802819246062194,1.03063718348984
97,19,"constrained",0.296571428571429,2.47690877113306,0.296571428571429,23.941855941096,1.9422174979411e-09,0.00734638425264785,0.0894552566906226,1.03186692473502
97,20,"standard",0.296571428571429,2.20720115484611,0.106302739689476,20.0048617960684,2.89359647354104e-11,0.00843340952215687,0.0658609152102425,1.01327791342983
97,20,"constrained",0.296571428571429,2.44581289502716,0.296571428571429,22.3200521186505,9.60637902558403e-10,0.00743623526488678,0.0743299297710758,1.01410874564713
97,21,"standard",0.296571428571429,2.21016278366556,0.107428398469165,20.0617048217759,3.67150754243539e-11,0.00820203406533173,0.0654304659007598,1.00782798743296
97,21,"constrained",0.296571428571429,2.44646110644609,0.296571428571429,22.3323620756206,1.1667051214026e-09,0.00737760633248256,0.0742585153192907,1.00872244779077
97,22,"standard",0.296571428571429,2.19284131170292,0.100045986321481,19.7084508181687,3.84241527484619e-11,0.00823654384010839,0.0689300612281922,1.00354723976122
97,22,"constrained",0.296571428571429,2.42647033632733,0.296571428571429,21.9443653704466,1.80893089396506e-09,0.00757738212936777,0.0776044326605554,1.00465628599008
97,23,"standard",0.296571428571429,2.19303049561341,0.0996754390308119,19.669655079242,3.87957443948039e-11,0.00789916206934803,0.0690879392188908,1.00189118417078
97,23,"constrained",0.296571428571429,2.42719452512419,0.296571428571429,21.8611413000243,1.9532698236624e-09,0.00733577025082316,0.0778493955180481,1.0031602887455
97,24,"standard",0.296571428571429,2.19385602672549,0.0996035595160794,19.692467904982,4.44360104268071e-11,0.0077283075289572,0.0687879642181386,0.998672980330661
97,24,"constrained",0.296571428571429,2.42674230370485,0.296571428571429,21.8487603679363,1.26238991482452e-09,0.00724878379607822,0.0779978667219456,1.00004195558984
97,25,"standard",0.296571428571429,2.18652416617253,0.099399373546166,21.0542077525099,4.36566338635203e-11,0.00777539864713449,0.0634838244595786,0.997318307596701
97,25,"constrained",0.296571428571429,2.42649736645583,0.296571428571429,23.6738340469009,1.74341291403479e-09,0.0072834562265782,0.0731492104865206,0.999058732209456
98,4,"standard",0.296142857142857,1.23649378004046,0.279248931652073,7.27338227475063,7.49400541621981e-15,0.0251264516461995,0.919796284934079,2.01520286386354
98,4,"constrained",0.296142857142857,1.26087790935506,0.296142857142857,7.4117040810028,7.105427357601e-15,0.023045265262848,0.919789438010547,2.01520928352126
98,5,"standard",0.296142857142857,1.52870936694715,0.247116844617554,10.4139306711097,2.93098878501041e-14,0.023025054795956,0.733522395551196,1.88061713022876
98,5,"constrained",0.296142857142857,1.60650201887359,0.296142857142857,10.9402809622318,2.09504152914874e-09,0.0187921057707057,0.730903167765988,1.8806253798667
98,6,"standard",0.296142857142857,1.70191918669694,0.234931623283996,12.1990635597743,6.57696119787943e-13,0.0172763314755598,0.532391000197651,1.67884143293228
98,6,"constrained",0.296142857142857,1.79253163063531,0.296142857142857,12.8286269701365,2.2250599696072e-09,0.0143361302465302,0.535369986679125,1.67918835025207
98,7,"standard",0.296142857142857,1.79401624371882,0.221580439635255,13.4439750970712,2.10487183238683e-12,0.0143289204821131,0.461391606655384,1.59051664048543
98,7,"constrained",0.296142857142857,1.8908907834039,0.296142857142857,14.1422496198356,1.68807678946337e-09,0.0123073174201188,0.465996854609253,1.59071795251574
98,8,"standard",0.296142857142857,1.91602559386388,0.191395263941942,14.7506414743825,4.43856063014891e-12,0.0142377752413976,0.324294629757338,1.47576664827721
98,8,"constrained",0.296142857142857,2.03873092848151,0.296142857142857,15.6341062877461,1.62351287968932e-09,0.011490729084204,0.327449550793231,1.47612085938752
98,9,"standard",0.296142857142857,1.98891955218488,0.167908709745966,16.2991509561893,4.33353353201937e-12,0.0139138271532523,0.251130088278384,1.39262153872211
98,9,"constrained",0.296142857142857,2.14766443839905,0.296142857142857,17.5696076074931,1.57490437358021e-09,0.0108025754530242,0.255968262149167,1.39314091318675
98,10,"standard",0.296142857142857,2.04629514832811,0.142207143724688,18.9083842897917,5.00199881514618e-12,0.0149659255908305,0.141168293641814,1.31479467114998
98,10,"constrained",0.296142857142857,2.23605927218334,0.296142857142857,20.8439174563367,1.22958859760658e-09,0.011589296241129,0.144411720059201,1.31527941303742
98,11,"standard",0.296142857142857,2.04255993439666,0.125205997381751,18.1119542590373,4.8141490793796e-12,0.0128861734948941,0.175747698508296,1.28323478747107
98,11,"constrained",0.296142857142857,2.23697345178837,0.296142857142857,19.930964873142,1.46116940769048e-09,0.0100777156081121,0.181266831962612,1.28403786756987
98,12,"standard",0.296142857142857,2.03493260395796,0.118912590044717,18.9111690833636,4.8517856399144e-12,0.0128138623282145,0.154880941050048,1.24707796520688
98,12,"constrained",0.296142857142857,2.23488309814289,0.296142857142857,20.997986128492,2.02457123288369e-09,0.0101665675639911,0.160237945595372,1.24789535225771
98,13,"standard",0.296142857142857,2.06544287402818,0.115223732962972,19.8608686523418,6.18216589032272e-12,0.0122023897736512,0.128675996322598,1.19756003262728
98,13,"constrained",0.296142857142857,2.27115072741458,0.296142857142857,22.1089295252219,1.63153546228756e-09,0.00968054894760868,0.134631610424302,1.19847691652648
98,14,"standard",0.296142857142857,2.04096724037853,0.103192853115283,17.1979464915105,5.81712455982597e-12,0.013239432780394,0.0880810085136545,1.14550490876538
98,14,"constrained",0.296142857142857,2.25212669646924,0.296142857142857,18.946070366538,1.15380238696616e-09,0.0107051016225852,0.0937828761911321,1.14683552291904
98,15,"standard",0.296142857142857,2.05554002744084,0.0982980925548051,18.1170890413334,6.07636163607594e-12,0.0131568645235279,0.0659859149478903,1.10832444549682
98,15,"constrained",0.296142857142857,2.27340100764086,0.296142857142857,20.0915231605742,1.06555220202864e-09,0.0107358771847865,0.0723110283935116,1.109041711621
98,16,"standard",0.296142857142857,2.06213279095471,0.0954273934906742,18.9000761540183,6.11788397719693e-12,0.0129756403744534,0.0505823488130028,1.07782078059585
98,16,"constrained",0.296142857142857,2.28505762115532,0.296142857142857,21.1153053558914,1.68857500204567e-09,0.0106361247018731,0.0566453835194931,1.07846791936218
98,17,"standard",0.296142857142857,2.061609200145,0.0977439744404034,20.0980613881921,7.09932113096556e-12,0.012415389957892,0.0609039945943604,1.0577936647668
98,17,"constrained",0.296142857142857,2.29376064056269,0.296142857142857,22.9126911760362,1.62285301863463e-09,0.0103578983033046,0.0687380530176096,1.05828656726224
98,18,"standard",0.296142857142857,2.06188468559244,0.0916537444891881,18.6947043680933,7.38364924757207e-12,0.0121406221020254,0.0463766817755067,1.04158909044876
98,18,"constrained",0.296142857142857,2.29362484281949,0.296142857142857,21.2500768650281,1.94682886478503e-09,0.0102628772101669,0.0544885148354677,1.04218687476326
98,19,"standard",0.296142857142857,2.0871541741945,0.0846111726570956,19.9534023205263,6.88682444405231e-12,0.0118649808113492,0.0382374039323921,1.02966109493258
98,19,"constrained",0.296142857142857,2.32768756579759,0.296142857142857,22.7313649590789,1.7814019703799e-09,0.0101015036938196,0.0481864334770137,1.03061520341317
98,20,"standard",0.296142857142857,2.09202208810332,0.0841080117595121,20.16414891459,7.34956540071607e-12,0.0113536199470636,0.0362900699576381,1.01579315482646
98,20,"constrained",0.296142857142857,2.33282902940574,0.296142857142857,22.9515417305961,1.15120912802524e-09,0.00973925944477206,0.0465904650831765,1.01693278233818
98,21,"standard",0.296142857142857,2.11188890138526,0.0831649946315566,20.6322686453018,9.59909929321157e-12,0.0109603714793562,0.0309617993059312,1.00913431310483
98,21,"constrained",0.296142857142857,2.35602120692609,0.296142857142857,23.4599777244526,1.49368223345547e-09,0.0095471064795942,0.0420347575189037,1.01039628895805
98,22,"standard",0.296142857142857,2.1024165575385,0.0800400915264795,19.4254192604547,9.13569220273303e-12,0.0109396740854187,0.0222763393796681,1.00016039604902
98,22,"constrained",0.296142857142857,2.34700750409703,0.296142857142857,22.0180558476848,1.97020039172102e-09,0.00962159918511154,0.0337007190598166,1.00098671458198
98,23,"standard",0.296142857142857,2.11452802756545,0.0758870321268187,17.6300376809397,9.93716220420993e-12,0.0106170059740477,0.0117044161126865,0.995449578855152
98,23,"constrained",0.296142857142857,2.36353957408722,0.296142857142857,19.8320772288793,1.9643475179798e-09,0.00934491453071512,0.0238926242600606,0.996467098629516
98,24,"standard",0.296142857142857,2.11672705542768,0.0736297924710023,17.0395231016494,1.0702438935084e-11,0.0104244771455169,0.00697303696749696,0.990065841800598
98,24,"constrained",0.296142857142857,2.367832390747,0.296142857142857,19.1178891431138,1.51509554902063e-09,0.00921337179583464,0.0193011836438277,0.991046956905555
98,25,"standard",0.296142857142857,2.11375370379079,0.0707308783207072,16.6647777456084,1.05888631196649e-11,0.0101018638927551,0.00951870064693594,0.988598918991246
98,25,"constrained",0.296142857142857,2.36401110801936,0.296142857142857,18.6741897515685,1.34752675684524e-09,0.00901296187872858,0.0222831552896068,0.989397384566616
99,4,"standard",0.309428571428571,1.30245751071362,0.273277625272498,7.51322702011137,1.14352971536391e-14,0.0247056839293343,0.833198502414049,1.99521753460335
99,4,"constrained",0.309428571428571,1.3619566852544,0.309428571428571,7.82370659700772,1.52655665885959e-14,0.0200632412074623,0.834293498245585,1.99484375862747
99,5,"standard",0.309428571428571,1.66038339974231,0.242432447914865,10.7555022065288,2.25486296301369e-13,0.0203961121186602,0.61149742791384,1.84459384696271
99,5,"constrained",0.309428571428571,1.78442278271225,0.309428571428571,11.4721228217821,1.86138521263146e-09,0.0143022160063304,0.609916456242046,1.84434640599861
99,6,"standard",0.309428571428571,1.83009701864571,0.226248231775016,12.777180744681,2.32280861212075e-12,0.0166353002678292,0.420635998458635,1.63721490252985
99,6,"constrained",0.309428571428571,1.97129869700637,0.309428571428571,13.6668403295866,1.91772608904017e-09,0.0112402387352263,0.424365710652953,1.6372482769064
99,7,"standard",0.309428571428571,1.91023964199072,0.211515967018738,14.3135871826978,4.73188155325488e-12,0.0144455404973087,0.335875475722726,1.55903940519956
99,7,"constrained",0.309428571428571,2.06417022852092,0.309428571428571,15.3974132372974,2.18387852246593e-09,0.00950963474256033,0.33726041162148,1.55970269452483
99,8,"standard",0.309428571428571,1.94989846461643,0.199145985936507,14.6446889856762,6.91247059592115e-12,0.0125153882031526,0.273203247522189,1.45825383120997
99,8,"constrained",0.309428571428571,2.11008816795998,0.309428571428571,15.7598696236188,1.41546668830372e-09,0.00830024967154966,0.276516824433477,1.45859447780937
99,9,"standard",0.309428571428571,2.00340526281458,0.185774109141559,15.3138744588819,1.05058184374229e-11,0.0102426952740857,0.225282240813037,1.37696884719991
99,9,"constrained",0.309428571428571,2.17451881704159,0.309428571428571,16.5109059295099,2.01938782362632e-09,0.00687516423344074,0.230180688929957,1.37738646436582
99,10,"standard",0.309428571428571,2.0223452829965,0.17335346551017,16.1365968154715,1.15352172258554e-11,0.0103168803444809,0.190855748104919,1.30905682889855
99,10,"constrained",0.309428571428571,2.20069001681361,0.309428571428571,17.5021779277517,1.99393684896521e-09,0.0071725630276615,0.197022280263305,1.30971327692405
99,11,"standard",0.309428571428571,2.06685397451936,0.158202576471274,17.5675244999922,1.6287193815856e-11,0.009539756626517,0.217718928396122,1.27547723356655
99,11,"constrained",0.309428571428571,2.25203360268505,0.309428571428571,19.0756991306275,1.81125359155487e-09,0.0070004807361697,0.222808719306574,1.27604836803163
99,12,"standard",0.309428571428571,2.13879626809144,0.139704098814668,20.0322949537788,1.75907066690684e-11,0.00991534403482297,0.173498885563819,1.2372142746879
99,12,"constrained",0.309428571428571,2.35905817607164,0.309428571428571,22.1564367614844,1.08461767345247e-09,0.00725385793360483,0.180048812945537,1.23827174488949
99,13,"standard",0.309428571428571,2.13671827973158,0.135019305044677,20.9793558615842,1.74619207982118e-11,0.00982216178256024,0.151255271844661,1.18760890295873
99,13,"constrained",0.309428571428571,2.35983027077747,0.309428571428571,23.3981515590749,9.8860392094835e-10,0.00735109681060594,0.157370748646405,1.18828225719751
99,14,"standard",0.309428571428571,2.13471533987575,0.129721886075433,20.8356276608738,1.73238090539485e-11,0.00937307602030605,0.162273707685118,1.13936334553528
99,14,"constrained",0.309428571428571,2.35745973780916,0.309428571428571,23.2342734297462,1.76189507428148e-09,0.00732477723607063,0.168419409754361,1.14003735579902
99,15,"standard",0.309428571428571,2.14087009840749,0.128245003232207,21.0436707600043,1.93036697737625e-11,0.00903577422028617,0.15749890870735,1.10844641968757
99,15,"constrained",0.309428571428571,2.36388325391765,0.309428571428571,23.4515470625152,9.68731928008282e-10,0.00734517977717551,0.164338974201635,1.10931968918531
99,16,"standard",0.309428571428571,2.17438169044545,0.12444176934548,21.6780160999144,2.95244939607642e-11,0.00896532710776439,0.141846304310982,1.0810584616662
99,16,"constrained",0.309428571428571,2.40316461266276,0.309428571428571,24.151212749928,1.65550939623671e-09,0.00746373603165669,0.149502378388121,1.08190870411846
99,17,"standard",0.309428571428571,2.16523801321805,0.115224793024329,19.5159028330056,2.89234192152321e-11,0.00898185256101282,0.113763402773517,1.05916211523594
99,17,"constrained",0.309428571428571,2.39966216220231,0.309428571428571,21.5002933217501,1.41499323369487e-09,0.00747443233388817,0.119957583972711,1.06039199028137
99,18,"standard",0.309428571428571,2.16231307608178,0.121862477275678,18.5621540950121,2.74212874629143e-11,0.00956344526871433,0.09547009851756,1.04442646103656
99,18,"constrained",0.309428571428571,2.39892526723047,0.309428571428571,20.3643477535478,1.11822218151758e-09,0.00810819929297585,0.0997977598729394,1.04602561478339
99,19,"standard",0.309428571428571,2.18040488697844,0.116371704870407,19.2657140274166,3.46299655618054e-11,0.00927412426726159,0.0837745740865063,1.02735816508975
99,19,"constrained",0.309428571428571,2.42134766075831,0.309428571428571,21.1923043726297,1.20204984854766e-09,0.00792718846174842,0.0881554204002608,1.02890216888336
99,20,"standard",0.309428571428571,2.19115364309298,0.117239668431639,17.831670017411,3.82152087752274e-11,0.0090018430134603,0.0713007858684733,1.01337391825318
99,20,"constrained",0.309428571428571,2.43374492618108,0.309428571428571,19.5498817172117,1.07347669642266e-09,0.00780822152387068,0.0758544527231235,1.01476680793767
99,21,"standard",0.309428571428571,2.19559080297746,0.115728157697247,18.0401864400296,3.92719190500657e-11,0.00891670538203351,0.0695353449877292,1.00571318566468
99,21,"constrained",0.309428571428571,2.43942775618601,0.309428571428571,19.7956011726469,1.12929682272167e-09,0.00785554975952798,0.074138976269734,1.00680579479304
99,22,"standard",0.309428571428571,2.19600196234212,0.115309937508783,18.1347433390459,3.98132637968729e-11,0.00869445816587362,0.069133983112037,0.998928265889325
99,22,"constrained",0.309428571428571,2.43988585339581,0.309428571428571,19.8902531786364,9.60498403035359e-10,0.00771249579610164,0.0738515750529922,1.00006383646474
99,23,"standard",0.309428571428571,2.19675815462406,0.117070893044792,18.283810434255,4.04311029100768e-11,0.00852395180685769,0.0688569030995785,0.997637580772629
99,23,"constrained",0.309428571428571,2.44124773081988,0.309428571428571,20.082305893669,1.12662151829923e-09,0.00762294628026552,0.0737071260952717,0.99882096182594
99,24,"standard",0.309428571428571,2.19596966943554,0.11504484664275,18.5460413510996,4.38271641201027e-11,0.00873720292766014,0.0665471674707474,0.994936905313654
99,24,"constrained",0.309428571428571,2.44091817894818,0.309428571428571,20.4123586212823,1.4040162366058e-09,0.00785432526186562,0.0717563554590326,0.996183999236955
99,25,"standard",0.309428571428571,2.19530388208015,0.110994778175309,17.6963545492353,4.25759427713501e-11,0.0087686037306697,0.0589041387106155,0.994893954502998
99,25,"constrained",0.309428571428571,2.44313270663458,0.309428571428571,19.3088328583559,1.34845523636073e-09,0.00794238422141035,0.0637788225664266,0.99642544814993
100,4,"standard",0.288428571428571,1.43651463328745,0.276122788197287,7.89481926417753,7.04991620636974e-15,0.0199628834574108,0.928706742344343,2.02822227088044
100,4,"constrained",0.288428571428571,1.4583156164612,0.288428571428571,8.00296792157068,2.76445533131664e-14,0.0183107619530578,0.92982777514335,2.02823210270365
100,5,"standard",0.288428571428571,1.74699441716113,0.245463700849616,11.0719635545635,1.01330055457538e-12,0.0185058088423088,0.750396402557596,1.8953386216331
100,5,"constrained",0.288428571428571,1.82660201867148,0.288428571428571,11.5332564799104,2.2507898322921e-09,0.0145707588860512,0.751919694084242,1.89538888944852
100,6,"standard",0.288428571428571,1.98123457292654,0.21777699196501,14.3454135341716,9.06197339389792e-12,0.0189480026692445,0.459659699176423,1.65742210175308
100,6,"constrained",0.288428571428571,2.1065073804316,0.288428571428571,15.2102726022312,2.36007829945706e-09,0.0142932320312598,0.460882207245751,1.65796379382241
100,7,"standard",0.288428571428571,2.12156049065784,0.201556872830271,16.4597271317569,3.09459124991918e-11,0.0160280641323392,0.356029562897598,1.56948234429614
100,7,"constrained",0.288428571428571,2.26029931190166,0.288428571428571,17.4932855234608,2.04445993468028e-09,0.0122590065888529,0.359436721227942,1.5700680051458
100,8,"standard",0.288428571428571,2.18626014016317,0.177656092831704,17.8305083349144,3.38099548358173e-11,0.016633039602726,0.243358955319595,1.46399973342165
100,8,"constrained",0.288428571428571,2.35014164909576,0.288428571428571,19.1418561008386,1.85916060324587e-09,0.0124732676519121,0.246456908528366,1.46458583249775
100,9,"standard",0.288428571428571,2.22013259165381,0.162889046254924,18.8545894267255,4.8962167653599e-11,0.0148969390952444,0.173900044520424,1.37427948863967
100,9,"constrained",0.288428571428571,2.3901857042168,0.288428571428571,20.3246798164914,1.66090952102849e-09,0.0114116931227318,0.177860240344574,1.3745482637764
100,10,"standard",0.288428571428571,2.26127926766445,0.147160242499686,20.4443386674202,4.96500618396567e-11,0.0134898302187326,0.102034883235145,1.30601242420415
100,10,"constrained",0.288428571428571,2.45158398855422,0.288428571428571,22.2911614077195,2.12686857015143e-09,0.0101535171109473,0.105944808676345,1.30580363635044
100,11,"standard",0.288428571428571,2.26195917850311,0.146419111288146,20.5404901148063,4.98380225977257e-11,0.0123184656902184,0.103578829345116,1.26875576395194
100,11,"constrained",0.288428571428571,2.45265159957221,0.288428571428571,22.415936508703,1.20326232311285e-09,0.00947499760599112,0.107686393896707,1.26860847152986
100,12,"standard",0.288428571428571,2.26170982124846,0.14078267797581,21.0362288366206,5.20854470664744e-11,0.0112651504886601,0.0814740231646631,1.23097268169572
100,12,"constrained",0.288428571428571,2.45092106649004,0.288428571428571,22.9633373801521,1.57051616156423e-09,0.00883412834989128,0.0864092722070691,1.23123721770718
100,13,"standard",0.288428571428571,2.30910671023354,0.133683159871141,22.6194260547777,5.65655300377443e-11,0.0109342353802236,0.0392505857509695,1.18502471674709
100,13,"constrained",0.288428571428571,2.52020357354411,0.288428571428571,24.932169855495,1.19478621440905e-09,0.00870240575181159,0.0429489642498488,1.1853326349211
100,14,"standard",0.288428571428571,2.30308962459088,0.129818667159588,22.5353162289962,6.0393356982047e-11,0.0101411274944312,0.0484234535502983,1.13585304538872
100,14,"constrained",0.288428571428571,2.51344567610708,0.288428571428571,24.843973349284,1.42082712262237e-09,0.0084259469652625,0.0532638380055914,1.13631531816732
100,15,"standard",0.288428571428571,2.28517541562181,0.125977296881106,20.932701187316,6.27480289949744e-11,0.0100527255698041,0.0335926480407807,1.1014063633736
100,15,"constrained",0.288428571428571,2.48868172949344,0.288428571428571,22.9469719507866,1.58403318240019e-09,0.00847166767025784,0.0384982158259852,1.10197010023574
100,16,"standard",0.288428571428571,2.28090547527997,0.123194840122637,19.6380980708138,6.64115429316325e-11,0.0100374249112385,0.0141412119898483,1.07075804171228
100,16,"constrained",0.288428571428571,2.48236260427457,0.288428571428571,21.4231581782244,1.77283965285824e-09,0.00861114867068223,0.0192647025869199,1.07156733495354
100,17,"standard",0.288428571428571,2.28316412043052,0.121564635484799,19.7814124460979,6.70692390514205e-11,0.00970818477634035,0.0110768573302593,1.04926648759342
100,17,"constrained",0.288428571428571,2.48551288583089,0.288428571428571,21.5874833613483,1.78139863971083e-09,0.00841148621262474,0.0161585111329385,1.05009305837978
100,18,"standard",0.288428571428571,2.26551298436655,0.109070592637758,18.3615061730083,6.43934905397714e-11,0.00990131476017358,0.0070848345326775,1.0367134331454
100,18,"constrained",0.288428571428571,2.47254744376863,0.288428571428571,19.9689240978784,1.0598559807562e-09,0.00853511058398037,0.00228251954846925,1.03780024238138
100,19,"standard",0.288428571428571,2.26070350173337,0.11015287932672,18.0806332843019,6.43832764879448e-11,0.00973199351733686,0.0102710616526283,1.02337057568477
100,19,"constrained",0.288428571428571,2.46600634568573,0.288428571428571,19.6698829152564,1.10591008573024e-09,0.00851146430545407,0.00540161424140262,1.02459978476194
100,20,"standard",0.288428571428571,2.26274444960078,0.110241539543494,18.2193031342487,6.6300742673775e-11,0.00938498845356356,0.0121070579629832,1.01155220107594
100,20,"constrained",0.288428571428571,2.46844058048913,0.288428571428571,19.82222979007,1.27834182128694e-09,0.00823101981624985,0.00710960849012565,1.01282186941292
100,21,"standard",0.288428571428571,2.25069983520143,0.103587138052948,18.3149678135534,6.36872776738073e-11,0.00964650572764412,0.02227743577075,1.0050477670014
100,21,"constrained",0.288428571428571,2.45884862116354,0.288428571428571,20.0909647699814,2.07706679633546e-09,0.00845297112792152,0.017003683957677,1.00655402976765
100,22,"standard",0.288428571428571,2.25176203561482,0.102685998757499,18.4488534913004,6.54309939562836e-11,0.0094150696997643,0.0211535860496461,0.99586299559574
100,22,"constrained",0.288428571428571,2.45977241788321,0.288428571428571,20.2222630355289,1.1370708263847e-09,0.00830213053887272,0.01600385282216,0.997437677891338
100,23,"standard",0.288428571428571,2.28300732309743,0.0995501172889955,19.8080713928525,7.78472841744815e-11,0.0091553395440748,0.0321949616781678,0.99325964910353
100,23,"constrained",0.288428571428571,2.50163699687675,0.288428571428571,21.8519557590764,1.21037674327695e-09,0.0081772601477124,0.0276621339913437,0.994760487320009
100,24,"standard",0.288428571428571,2.28512731610422,0.0968117400042627,20.3963505412641,7.80433495606303e-11,0.00913202462893432,0.0403578779988623,0.99235842619378
100,24,"constrained",0.288428571428571,2.50982433802038,0.288428571428571,22.6234747728964,2.01026029156282e-09,0.00816518407691987,0.0366834497585762,0.994025616562847
100,25,"standard",0.288428571428571,2.3030720250895,0.0987275224471978,21.0663511061464,9.45192812906726e-11,0.00897908059093297,0.0426287049804595,0.990412711931541
100,25,"constrained",0.288428571428571,2.52918220718995,0.288428571428571,23.3486940834813,1.36873024025874e-09,0.00810786061098771,0.0385756335654124,0.992151439176057
