"rep","method","rr_obs","n_resp","undersample_ratio_11","y_mean_bias","y_mean_abs_err","y_pred_mae","cov_bias","cov_abs_err","p11_bias","p11_abs_err","weight_var","min_weight","max_weight"
1,"unweighted",0.3624,1812,0.0298865438483417,0.510054471093624,0.510054471093624,0.913212311414,-0.115964040356916,0.115964040356916,-0.250793730684327,0.250793730684327,0,1,1
1,"oracle_ipw",0.3624,1812,0.0298865438483417,-0.0370736879454932,0.0370736879454932,0.913212311414,0.0105865306833675,0.0105865306833675,0.017241444464709,0.017241444464709,9.37849492647856,0.660952033558272,35.6914098121467
1,"oracle_joint",0.3624,1812,0.0298865438483417,0.0103134703594026,0.0103134703594026,0.913212311414,-1.18922358172818e-07,1.18922358172818e-07,-1.77635683940025e-15,1.77635683940025e-15,8.21008932870757,0.692516880415945,33.4598742857143
1,"standard",0.3624,1812,0.0298865438483417,0.774318083431477,0.774318083431477,0.913212311414,-0.199791298671413,0.199791298671413,-0.199791179749197,0.199791179749197,0.653869225763116,0.259445921872521,7.60118730675143
1,"constrained",0.3624,1812,0.0298865438483417,0.619402695033606,0.619402695033606,0.913212311414,-0.159280118922359,0.159280118922359,-0.159279999999999,0.159279999999999,1.29070006117042,0.3624,12.8444914285714
2,"unweighted",0.3556,1778,0.0239313270120981,0.547658155791706,0.547658155791706,0.935851966763987,-0.125572684157517,0.125572684157517,-0.252333273340832,0.252333273340832,0,1,1
2,"oracle_ipw",0.3556,1778,0.0239313270120981,-0.041325972401952,0.041325972401952,0.935851966763997,-0.0133559512505784,0.0133559512505784,-0.0247437660526554,0.0247437660526554,8.43181435231573,0.699754451108392,37.7867403598532
2,"oracle_joint",0.3556,1778,0.0239313270120981,-0.115718283104229,0.115718283104229,0.935851966763992,-1.18922356812795e-07,1.18922356812795e-07,8.32667268468867e-16,8.32667268468867e-16,10.365635953592,0.672529262435678,41.7862327272727
2,"standard",0.3556,1778,0.0239313270120981,0.813868932736408,0.813868932736408,0.93585196676399,-0.211171507876639,0.211171507876639,-0.211171388954522,0.211171388954522,0.57215105603378,0.247361825828068,7.65325731263159
2,"constrained",0.3556,1778,0.0239313270120981,0.639145415677772,0.639145415677772,0.935851966763986,-0.171480118899746,0.171480118899746,-0.171479999950133,0.171479999950133,1.25005494752232,0.3556,14.0688290997381
3,"unweighted",0.3706,1853,0.0375753416913697,0.53600420803214,0.53600420803214,0.924000772274791,-0.118796376341321,0.118796376341321,-0.248806022665947,0.248806022665947,0,1,1
3,"oracle_ipw",0.3706,1853,0.0375753416913697,-0.212431375948259,0.212431375948259,0.924000772274795,0.0193703495412814,0.0193703495412814,0.0664071017849787,0.0664071017849787,10.3365680900768,0.619434073670346,33.4494399781987
3,"oracle_joint",0.3706,1853,0.0375753416913697,-0.0637527682945034,0.0637527682945034,0.92400077227479,-1.18922357742607e-07,1.18922357742607e-07,3.44169137633799e-15,3.44169137633799e-15,6.4442707671055,0.645534849921011,26.6131977777778
3,"standard",0.3706,1853,0.0375753416913697,0.745265741723111,0.745265741723111,0.924000772274786,-0.194950296931737,0.194950296931737,-0.194950178009404,0.194950178009404,0.583436314539228,0.28346346230144,6.54416000825477
3,"constrained",0.3706,1853,0.0375753416913697,0.608858671908256,0.608858671908256,0.924000772274792,-0.162080118829641,0.162080118829641,-0.162079999792889,0.162079999792889,0.973505950838093,0.3706,9.92796224581881
4,"unweighted",0.3566,1783,0.0195252686915614,0.529937453522518,0.529937453522518,0.931375543966047,-0.127474654173857,0.127474654173857,-0.253472327537858,0.253472327537858,0,1,1
4,"oracle_ipw",0.3566,1783,0.0195252686915614,0.214904276276751,0.214904276276751,0.931375543966048,-0.0274544085135855,0.0274544085135855,-0.0593862443076196,0.0593862443076196,7.50770421238709,0.730566844443455,39.4506095999466
4,"oracle_joint",0.3566,1783,0.0195252686915614,0.110232425214712,0.110232425214712,0.931375543966048,-1.18922357510154e-07,1.18922357510154e-07,8.88178419700125e-16,8.88178419700125e-16,12.8045360427237,0.67442051457976,51.2156844444444
4,"standard",0.3566,1783,0.0195252686915614,0.829336620920388,0.829336620920388,0.93137554396605,-0.217065524408484,0.217065524408484,-0.217065405486845,0.217065405486845,0.570791460043295,0.23337102163598,8.21261577968759
4,"constrained",0.3566,1783,0.0195252686915614,0.680969482824879,0.680969482824879,0.931375543966046,-0.172280118922358,0.172280118922358,-0.172279999999998,0.172279999999998,1.49527321824235,0.3566,17.0851022222226
5,"unweighted",0.377,1885,0.0205208099481603,0.47718317408429,0.47718317408429,0.913584584187661,-0.115171587559891,0.115171587559891,-0.253214960212202,0.253214960212202,0,1,1
5,"oracle_ipw",0.377,1885,0.0205208099481603,0.0766148190257033,0.0766148190257033,0.913584584187661,-0.0110192180234441,0.0110192180234441,-0.0515109433537738,0.0515109433537738,7.71696669220472,0.722614947737297,39.0212071778141
5,"oracle_joint",0.377,1885,0.0205208099481603,0.0021588165423837,0.0021588165423837,0.913584584187662,-1.18922357576073e-07,1.18922357576073e-07,4.77395900588817e-15,4.77395900588817e-15,12.1607199055034,0.66937230273752,48.73102
5,"standard",0.377,1885,0.0205208099481603,0.773454092468392,0.773454092468392,0.91358458418766,-0.209920097671681,0.209920097671681,-0.209919978750883,0.209919978750883,0.721631510248314,0.230205365288061,9.16110400552193
5,"constrained",0.377,1885,0.0205208099481603,0.557997046062965,0.557997046062965,0.913584584187661,-0.151280118909833,0.151280118909833,-0.151279999971593,0.151279999971593,2.16144015940162,0.377,20.2147400059975
6,"unweighted",0.375,1875,0.0309453814018258,0.488597112370274,0.488597112370274,0.937928910632252,-0.116537370477915,0.116537370477915,-0.25052,0.25052,0,1,1
6,"oracle_ipw",0.375,1875,0.0309453814018258,-0.204086806141575,0.204086806141575,0.937928910632259,0.0118128251575586,0.0118128251575586,0.0244687746266983,0.0244687746266983,9.53604398856767,0.655066607932191,35.3735968283383
6,"oracle_joint",0.375,1875,0.0309453814018258,-0.134371905281088,0.134371905281088,0.937928910632259,-1.1892235765934e-07,1.1892235765934e-07,1.88737914186277e-15,1.88737914186277e-15,7.91475514888781,0.680057565789474,32.315
6,"standard",0.375,1875,0.0309453814018258,0.705661596782344,0.705661596782344,0.93792891063226,-0.199168170473304,0.199168170473304,-0.199168051551061,0.199168051551061,0.64164814391192,0.26309413024904,7.41899355612115
6,"constrained",0.375,1875,0.0309453814018258,0.521397972888308,0.521397972888308,0.937928910632261,-0.155480118922359,0.155480118922359,-0.155479999999998,0.155479999999998,1.32462059873232,0.375,12.8800000000001
7,"unweighted",0.3628,1814,0.0362507913334508,0.51997287880082,0.51997287880082,0.92663879080196,-0.112942896223376,0.112942896223376,-0.249148445424476,0.249148445424476,0,1,1
7,"oracle_ipw",0.3628,1814,0.0362507913334508,-0.210530215095312,0.210530215095312,0.926638790801962,0.0248257361195728,0.0248257361195728,0.0574721054354747,0.0574721054354747,10.134681768613,0.624411415315829,33.7182164270548
7,"oracle_joint",0.3628,1814,0.0362507913334508,-0.0589124889810503,0.0589124889810503,0.926638790801967,-1.1892235715627e-07,1.1892235715627e-07,4.6074255521944e-15,4.6074255521944e-15,6.69072694361473,0.714327285714286,27.5856047058824
7,"standard",0.3628,1814,0.0362507913334508,0.728915664786737,0.728915664786737,0.92663879080197,-0.19197810929175,0.19197810929175,-0.191977990369454,0.191977990369454,0.654018093566676,0.274603643898163,7.10042385116723
7,"constrained",0.3628,1814,0.0362507913334508,0.584061816178973,0.584061816178973,0.926638790801971,-0.156680118773512,0.156680118773512,-0.15667999966504,0.15667999966504,1.12210053506252,0.3628,10.8669270986188
8,"unweighted",0.3764,1882,0.0267195774590685,0.489051759659032,0.489051759659032,0.919454976819387,-0.117337802428356,0.117337802428356,-0.251612454835282,0.251612454835282,0,1,1
8,"oracle_ipw",0.3764,1882,0.0267195774590685,-0.0725599876044066,0.0725599876044066,0.919454976819393,0.0025176161397813,0.0025176161397813,-0.00470096357226618,0.00470096357226618,8.89454980139662,0.680466419596854,36.7451866582301
8,"oracle_joint",0.3764,1882,0.0267195774590685,-0.0708604781464672,0.0708604781464672,0.91945497681939,-1.18922357010554e-07,1.18922357010554e-07,5.60662627435704e-15,5.60662627435704e-15,9.23518152562941,0.692852487479132,37.4257415384616
8,"standard",0.3764,1882,0.0267195774590685,0.759038866413124,0.759038866413124,0.919454976819395,-0.203797538984731,0.203797538984731,-0.203797420062616,0.203797420062616,0.654394261574097,0.250803553591478,7.92214580325121
8,"constrained",0.3764,1882,0.0267195774590685,0.559023995254244,0.559023995254244,0.919454976819392,-0.154680118922349,0.154680118922349,-0.154679999999988,0.154679999999988,1.55188073569121,0.3764,15.0328369230791
9,"unweighted",0.3678,1839,0.033654574662127,0.514843882465562,0.514843882465562,0.917467788008478,-0.119132762400078,0.119132762400078,-0.249819619358347,0.249819619358347,0,1,1
9,"oracle_ipw",0.3678,1839,0.033654574662127,-0.0108664760510496,0.0108664760510496,0.917467788008477,0.0137180003688448,0.0137180003688448,0.0415439855645562,0.0415439855645562,9.85051196438296,0.638677858163443,34.4886043408259
9,"oracle_joint",0.3678,1839,0.033654574662127,0.0620175909330662,0.0620175909330662,0.917467788008478,-1.18922357926488e-07,1.18922357926488e-07,-1.11022302462516e-16,1.11022302462516e-16,7.24121702053762,0.718160641711229,29.7136425
9,"standard",0.3678,1839,0.033654574662127,0.768872561992696,0.768872561992696,0.917467788008475,-0.198133588850674,0.198133588850674,-0.198133469928362,0.198133469928362,0.594814125010087,0.271393838978594,6.94067680011034
9,"constrained",0.3678,1839,0.033654574662127,0.637395237999697,0.637395237999697,0.917467788008479,-0.161280118922361,0.161280118922361,-0.161279999999997,0.161279999999997,1.09292204181869,0.3678,11.1765225000001
10,"unweighted",0.3576,1788,0.0259608904377733,0.48463727850043,0.48463727850043,0.912948108674326,-0.117395584968752,0.117395584968752,-0.251808590604027,0.251808590604027,0,1,1
10,"oracle_ipw",0.3576,1788,0.0259608904377733,-0.00098412914902779,0.00098412914902779,0.912948108674326,0.000332541270669364,0.000332541270669364,-0.00976708179729899,0.00976708179729899,8.79558768816247,0.686373792818561,37.0641848122023
10,"oracle_joint",0.3576,1788,0.0259608904377733,-0.00834361200615297,0.00834361200615297,0.912948108674326,-1.18922358172818e-07,1.18922358172818e-07,-3.44169137633799e-15,3.44169137633799e-15,9.52115983449372,0.657149600000001,38.51948
10,"standard",0.3576,1788,0.0259608904377733,0.781231146084946,0.781231146084946,0.912948108674326,-0.204830058756128,0.204830058756128,-0.204829939834101,0.204829939834101,0.661250521167693,0.249676989321044,7.99981896473071
10,"constrained",0.3576,1788,0.0259608904377733,0.619523274554131,0.619523274554131,0.912948108674326,-0.162880118922299,0.162880118922299,-0.16287999999988,0.16287999999988,1.39376033711983,0.3576,14.2503600000203
11,"unweighted",0.3664,1832,0.0211144796682763,0.471022994626173,0.471022994626173,0.913500773398921,-0.121206928779835,0.121206928779835,-0.253061484716157,0.253061484716157,0,1,1
11,"oracle_ipw",0.3664,1832,0.0211144796682763,0.0558927877220253,0.0558927877220253,0.913500773398921,-0.0159899950811724,0.0159899950811724,-0.0466112214399848,0.0466112214399848,7.85831419653338,0.718920152448062,38.8216882321954
11,"oracle_joint",0.3664,1832,0.0211144796682763,-0.0296860487715809,0.0296860487715809,0.913500773398922,-1.18922357142393e-07,1.18922357142393e-07,3.66373598126302e-15,3.66373598126302e-15,11.8060357597352,0.667756429752067,47.3608640000001
11,"standard",0.3664,1832,0.0211144796682763,0.756181747763582,0.756181747763582,0.91350077339892,-0.212234933747056,0.212234933747056,-0.212234814825449,0.212234814825449,0.637675139671849,0.235286503213785,8.47944592400589
11,"constrained",0.3664,1832,0.0211144796682763,0.571207946892767,0.571207946892767,0.913500773398921,-0.162280118804314,0.162280118804314,-0.162279999736398,0.162279999736398,1.70599685653015,0.3664,17.6311680534351
12,"unweighted",0.3712,1856,0.0270938818846804,0.517028213918271,0.517028213918271,0.923164987888095,-0.121180874100422,0.121180874100422,-0.251515689655172,0.251515689655172,0,1,1
12,"oracle_ipw",0.3712,1856,0.0270938818846804,-0.0754906701389976,0.0754906701389976,0.923164987888099,-0.00148062705007488,0.00148062705007488,-0.00141399512731405,0.00141399512731405,9.00078422500556,0.679756047070813,36.7068265418239
12,"oracle_joint",0.3712,1856,0.0270938818846804,-0.0816848269961183,0.0816848269961183,0.923164987888101,-1.18922358172818e-07,1.18922358172818e-07,-4.66293670342566e-15,4.66293670342566e-15,9.10543404969188,0.646579968404423,36.9087015384615
12,"standard",0.3712,1856,0.0270938818846804,0.769480733423208,0.769480733423208,0.923164987888093,-0.205765060188863,0.205765060188863,-0.205764941266672,0.205764941266672,0.609333409877393,0.255572419784913,7.53179915454846
12,"constrained",0.3712,1856,0.0270938818846804,0.589601283721331,0.589601283721331,0.923164987888097,-0.162280118922348,0.162280118922348,-0.162279999999969,0.162279999999969,1.33174208730945,0.3712,13.7401107692356
13,"unweighted",0.3548,1774,0.0305267291167954,0.468037516051046,0.468037516051046,0.931789646816555,-0.118439626080651,0.118439626080651,-0.250628229988726,0.250628229988726,0,1,1
13,"oracle_ipw",0.3548,1774,0.0305267291167954,-0.193568501213362,0.193568501213362,0.931789646816547,0.00873934208825772,0.00873934208825772,0.0219152164893581,0.0219152164893581,9.49496777970659,0.658058299010743,35.5351481465801
13,"oracle_joint",0.3548,1774,0.0305267291167954,-0.138020492281384,0.138020492281384,0.931789646816546,-1.18922359657742e-07,1.18922359657742e-07,-8.21565038222616e-15,8.21565038222616e-15,8.0306934312953,0.665310340136055,32.7581771428572
13,"standard",0.3548,1774,0.0305267291167954,0.69519338299675,0.69519338299675,0.931789646816551,-0.200759633370163,0.200759633370163,-0.200759514447907,0.200759514447907,0.622041079009263,0.26341812242273,7.31907866924711
13,"constrained",0.3548,1774,0.0305267291167954,0.549602583694618,0.549602583694618,0.931789646816548,-0.165680118922358,0.165680118922358,-0.165680000000003,0.165680000000003,1.12600503896196,0.3548,11.7641542857142
14,"unweighted",0.3676,1838,0.0273592191392638,0.524307766212583,0.524307766212583,0.969479079194153,-0.11950328972027,0.11950328972027,-0.251447094668118,0.251447094668118,0,1,1
14,"oracle_ipw",0.3676,1838,0.0273592191392638,0.212734647686159,0.212734647686159,0.969479079194151,0.000940926685456277,0.000940926685456277,0.000414137858454733,0.000414137858454733,9.0400067181957,0.67795006464934,36.6093034910644
14,"oracle_joint",0.3676,1838,0.0273592191392638,0.214170363988871,0.214170363988871,0.969479079194142,-1.18922357808526e-07,1.18922357808526e-07,-6.10622663543836e-16,6.10622663543836e-16,9.01285604497112,0.647469265175719,36.5507507692308
14,"standard",0.3676,1838,0.0273592191392638,0.803090405573317,0.803090405573317,0.969479079194148,-0.204590330154125,0.204590330154125,-0.204590211231965,0.204590211231965,0.62816088665809,0.255455188223667,7.62484244274905
14,"constrained",0.3676,1838,0.0273592191392638,0.68014757647479,0.68014757647479,0.969479079194151,-0.161880118922352,0.161880118922352,-0.161879999999984,0.161879999999984,1.33653749817826,0.3676,13.6634092307718
15,"unweighted",0.367,1835,0.0274039481078839,0.475275499025512,0.475275499025512,0.92494914787843,-0.118039830968213,0.118039830968213,-0.25143553133515,0.25143553133515,0,1,1
15,"oracle_ipw",0.367,1835,0.0274039481078839,0.0638079517693467,0.0638079517693467,0.924949147878435,0.00304800080629384,0.00304800080629384,0.000374694751272664,0.000374694751272664,9.02165810037483,0.676740405795706,36.5439819129681
15,"oracle_joint",0.367,1835,0.0274039481078839,0.0724230169257296,0.0724230169257296,0.924949147878435,-1.18922357825874e-07,1.18922357825874e-07,-8.32667268468867e-16,8.32667268468867e-16,8.99485545411528,0.674423666666666,36.4910923076923
15,"standard",0.367,1835,0.0274039481078839,0.75247984217422,0.75247984217422,0.924949147878433,-0.203562164882085,0.203562164882085,-0.203562045959939,0.203562045959939,0.643110479324219,0.253746055786889,7.7575265895082
15,"constrained",0.367,1835,0.0274039481078839,0.605879405338844,0.605879405338844,0.924949147878434,-0.159680118922356,0.159680118922356,-0.159679999999982,0.159679999999982,1.38917495413134,0.367,13.9516461538487
16,"unweighted",0.3656,1828,0.0232767502338679,0.502932397223064,0.502932397223064,0.923783662078091,-0.120636005898613,0.120636005898613,-0.25250249452954,0.25250249452954,0,1,1
16,"oracle_ipw",0.3656,1828,0.0232767502338679,0.124435809281571,0.124435809281571,0.923783662078098,-0.0094360629668582,0.0094360629668582,-0.0299213214449243,0.0299213214449243,8.2901381582255,0.70349896363412,37.9889440362425
16,"oracle_joint",0.3656,1828,0.0232767502338679,0.0804844243790426,0.0804844243790426,0.923783662078098,-1.18922357052187e-07,1.18922357052187e-07,2.66453525910038e-15,2.66453525910038e-15,10.6674171083941,0.682082165820643,42.9613236363636
16,"standard",0.3656,1828,0.0232767502338679,0.803195461967812,0.803195461967812,0.923783662078099,-0.209369022666943,0.209369022666943,-0.209368903745019,0.209368903745019,0.632548484207572,0.241931736703979,8.16801854129785
16,"constrained",0.3656,1828,0.0232767502338679,0.639961036578943,0.639961036578943,0.923783662078096,-0.162080118916349,0.162080118916349,-0.162079999986582,0.162079999986582,1.55427663400812,0.3656,16.0265745479225
17,"unweighted",0.3644,1822,0.0297225123233782,0.536318477242964,0.536318477242964,0.913501835177718,-0.122854538765711,0.122854538765711,-0.25083613611416,0.25083613611416,0,1,1
17,"oracle_ipw",0.3644,1822,0.0297225123233782,-0.0253877203867808,0.0253877203867808,0.913501835177717,0.00247719989159815,0.00247719989159815,0.0160808433221233,0.0160808433221233,9.35123063830617,0.66180256155146,35.7373383237789
17,"oracle_joint",0.3644,1822,0.0297225123233782,-0.00225846063311042,0.00225846063311042,0.913501835177719,-1.18922357985468e-07,1.18922357985468e-07,1.72084568816899e-15,1.72084568816899e-15,8.25875085399112,0.702753098591549,33.6445314285714
17,"standard",0.3644,1822,0.0297225123233782,0.817380266669007,0.817380266669007,0.913501835177718,-0.203878419715162,0.203878419715162,-0.20387830079288,0.20387830079288,0.573470752604871,0.262973631746246,7.11122685395745
17,"constrained",0.3644,1822,0.0297225123233782,0.665422206220462,0.665422206220462,0.913501835177717,-0.166080118922351,0.166080118922351,-0.166079999999986,0.166079999999986,1.12346688403566,0.3644,12.0304057142878
18,"unweighted",0.377,1885,0.0328332959170565,0.51709875982245,0.51709875982245,0.914094330278512,-0.118962228456541,0.118962228456541,-0.250031936339523,0.250031936339523,0,1,1
18,"oracle_ipw",0.377,1885,0.0328332959170565,-0.0366559786219017,0.0366559786219017,0.914094330278513,0.0122327648817936,0.0122327648817936,0.0370293586168455,0.0370293586168455,9.79887022428251,0.644803866889757,34.8194088120469
18,"oracle_joint",0.377,1885,0.0328332959170565,0.032983902371177,0.032983902371177,0.914094330278514,-1.18922355241136e-07,1.18922355241136e-07,7.7715611723761e-15,7.7715611723761e-15,7.4357662467471,0.662966826156301,30.4568875000001
18,"standard",0.377,1885,0.0328332959170565,0.767392879377491,0.767392879377491,0.914094330278513,-0.198951268617401,0.198951268617401,-0.19895114969511,0.19895114969511,0.603809622771359,0.270224070786928,7.01795517654692
18,"constrained",0.377,1885,0.0328332959170565,0.617259253675935,0.617259253675935,0.914094330278513,-0.158280118922361,0.158280118922361,-0.158279999999998,0.158279999999998,1.18219646007468,0.377,11.8095250000001
19,"unweighted",0.3664,1832,0.0316717195024145,0.509681192369833,0.509681192369833,0.920741011084737,-0.120195375319759,0.120195375319759,-0.250332227074236,0.250332227074236,0,1,1
19,"oracle_ipw",0.3664,1832,0.0316717195024145,0.0259211128224143,0.0259211128224143,0.920741011084738,0.00908826586931094,0.00908826586931094,0.0292503398061136,0.0292503398061136,9.63310232206916,0.650858348796033,35.1463508349858
19,"oracle_joint",0.3664,1832,0.0316717195024145,0.0728695137719544,0.0728695137719544,0.920741011084735,-1.18922358269963e-07,1.18922358269963e-07,-7.7715611723761e-15,7.7715611723761e-15,7.72304468756636,0.688232776831346,31.5739093333333
19,"standard",0.3664,1832,0.0316717195024145,0.787653606071621,0.787653606071621,0.920741011084736,-0.200596070746148,0.200596070746148,-0.200595951823848,0.200595951823848,0.593726653331195,0.266981836343875,7.07445708391593
19,"constrained",0.3664,1832,0.0316717195024145,0.653260253940145,0.653260253940145,0.920741011084733,-0.162880118922352,0.162880118922352,-0.16288,0.16288,1.12704873093934,0.3664,11.6808320000004
20,"unweighted",0.3646,1823,0.0169749760843806,0.496800177662557,0.496800177662557,0.914354426603686,-0.114832029798826,0.114832029798826,-0.254131629182666,0.254131629182666,0,1,1
20,"oracle_ipw",0.3646,1823,0.0169749760843806,0.123224785602966,0.123224785602966,0.914354426603686,-0.021568194545247,0.021568194545247,-0.0812073941819269,0.0812073941819269,6.8510156432133,0.748242778718383,40.4051100507927
20,"oracle_joint",0.3646,1823,0.0169749760843806,-0.0135954314852262,0.0135954314852262,0.914354426603686,-1.18922357763424e-07,1.18922357763424e-07,-1.11022302462516e-15,1.11022302462516e-15,14.7922825513399,0.683687006802722,58.9102450000001
20,"standard",0.3646,1823,0.0169749760843806,0.805398355138726,0.805398355138726,0.914354426603686,-0.214498612035007,0.214498612035007,-0.214498493116999,0.214498493116999,0.745606824311769,0.216435444384969,10.0314008811561
20,"constrained",0.3646,1823,0.0169749760843806,0.577000600570442,0.577000600570442,0.914354426603687,-0.154680118922358,0.154680118922358,-0.154679999999996,0.154679999999996,2.46726081660686,0.3646,23.6625400000011
21,"unweighted",0.3644,1822,0.0212303659452702,0.560249088746344,0.560249088746344,0.916673098204479,-0.126544649029217,0.126544649029217,-0.253031525795829,0.253031525795829,0,1,1
21,"oracle_ipw",0.3644,1822,0.0212303659452702,0.0901238141214004,0.0901238141214004,0.916673098204482,-0.0216537698567106,0.0216537698567106,-0.0454583974062133,0.0454583974062133,7.90089953399002,0.718885629492392,38.8198239925892
21,"oracle_joint",0.3644,1822,0.0212303659452702,-0.021707506559713,0.021707506559713,0.916673098204481,-1.18922358280371e-07,1.18922358280371e-07,3.33066907387547e-16,3.33066907387547e-16,11.7413304255495,0.656515424836601,47.102344
21,"standard",0.3644,1822,0.0212303659452702,0.817607595115302,0.817607595115302,0.91667309820448,-0.214691771041451,0.214691771041451,-0.214691652119555,0.214691652119555,0.574657861828477,0.239242725663061,7.98552498383339
21,"constrained",0.3644,1822,0.0212303659452702,0.639293496462007,0.639293496462007,0.916673098204481,-0.16908011892236,0.16908011892236,-0.16908,0.16908,1.47076251605859,0.3644,16.295968
22,"unweighted",0.367,1835,0.0358359321410789,0.503671679003845,0.503671679003845,0.936445962416194,-0.12079343371231,0.12079343371231,-0.249255694822888,0.249255694822888,0,1,1
22,"oracle_ipw",0.367,1835,0.0358359321410789,0.0507699504219787,0.0507699504219787,0.936445962416187,0.0151472286692969,0.0151472286692969,0.055591707221822,0.055591707221822,10.1326606212277,0.62788124482794,33.9055872207087
22,"oracle_joint",0.367,1835,0.0358359321410789,0.122902069597809,0.122902069597809,0.936445962416187,-1.18922357923018e-07,1.18922357923018e-07,-1.88737914186277e-15,1.88737914186277e-15,6.77533793579306,0.680091092436975,27.9049529411765
22,"standard",0.367,1835,0.0358359321410789,0.778845281935761,0.778845281935761,0.936445962416185,-0.197352339601773,0.197352339601773,-0.197352220679442,0.197352220679442,0.566637111114428,0.278791388158926,6.60252206195511
22,"constrained",0.367,1835,0.0358359321410789,0.668922532665888,0.668922532665888,0.936445962416188,-0.164280118922359,0.164280118922359,-0.164279999999997,0.164279999999997,0.97040469031152,0.367,10.1723764705882
23,"unweighted",0.3612,1806,0.0364113706970541,0.492886659606862,0.492886659606862,0.942838738214463,-0.121036634355553,0.121036634355553,-0.249106932447398,0.249106932447398,0,1,1
23,"oracle_ipw",0.3612,1806,0.0364113706970541,0.059505112123392,0.059505112123392,0.942838738214469,0.0155115840594902,0.0155115840594902,0.0593422506586361,0.0593422506586361,10.2111930054863,0.625336846066993,33.7681896876176
23,"oracle_joint",0.3612,1806,0.0364113706970541,0.131306365090587,0.131306365090587,0.942838738214469,-1.18922357201373e-07,1.18922357201373e-07,1.88737914186277e-15,1.88737914186277e-15,6.66292400164736,0.65936940397351,27.4639482352941
23,"standard",0.3612,1806,0.0364113706970541,0.761709858884517,0.761709858884517,0.942838738214458,-0.197127832512877,0.197127832512877,-0.197127713590548,0.197127713590548,0.562753852354635,0.281103461003825,6.52202760326367
23,"constrained",0.3612,1806,0.0364113706970541,0.666258526413254,0.666258526413254,0.942838738214462,-0.167280118922359,0.167280118922359,-0.167280000000001,0.167280000000001,0.909715662936551,0.3612,9.6929082352941
24,"unweighted",0.3624,1812,0.0170780250561952,0.516271168822257,0.516271168822257,0.915086782750669,-0.123784725609511,0.123784725609511,-0.254104988962472,0.254104988962472,0,1,1
24,"oracle_ipw",0.3624,1812,0.0170780250561952,0.171870378836339,0.171870378836339,0.915086782750667,-0.031300464668837,0.031300464668837,-0.0799033086153424,0.0799033086153424,6.91084942283427,0.749197788863422,40.4566805986248
24,"oracle_joint",0.3624,1812,0.0170780250561952,0.0243355342041937,0.0243355342041937,0.915086782750667,-1.18922358030571e-07,1.18922358030571e-07,2.22044604925031e-15,2.22044604925031e-15,14.7021255657542,0.656128472906404,58.55478
24,"standard",0.3624,1812,0.0170780250561952,0.86122691380833,0.86122691380833,0.915086782750668,-0.218616634166346,0.218616634166346,-0.218616515246152,0.218616515246152,0.626024196850678,0.222199461536974,9.03813929683198
24,"constrained",0.3624,1812,0.0170780250561952,0.660110558653296,0.660110558653296,0.915086782750668,-0.166080118922198,0.166080118922198,-0.166079999999636,0.166079999999636,1.9514093261468,0.3624,20.9376600000903
25,"unweighted",0.3614,1807,0.0235472603361984,0.437865092522056,0.437865092522056,0.921138943913138,-0.115060401410311,0.115060401410311,-0.252432562257886,0.252432562257886,0,1,1
25,"oracle_ipw",0.3614,1807,0.0235472603361984,0.0563156047169863,0.0563156047169863,0.921138943913139,-0.00255807344734487,0.00255807344734487,-0.027976145494739,0.027976145494739,8.33421687221978,0.7013345876953,37.8720677355462
25,"oracle_joint",0.3614,1807,0.0235472603361984,0.0312291411931594,0.0312291411931594,0.921138943913142,-1.18922357267293e-07,1.18922357267293e-07,2.77555756156289e-16,2.77555756156289e-16,10.5403156486002,0.679999385665529,42.4677854545454
25,"standard",0.3614,1807,0.0235472603361984,0.723626898305399,0.723626898305399,0.921138943913139,-0.206102564305295,0.206102564305295,-0.206102445383623,0.206102445383623,0.704011199481764,0.240041666012392,8.61077465382562
25,"constrained",0.3614,1807,0.0235472603361984,0.560952493762036,0.560952493762036,0.921138943913141,-0.157680118921807,0.157680118921807,-0.157679999998768,0.157679999998768,1.68909594943662,0.3614,16.565261818407
26,"unweighted",0.3676,1838,0.023150108502454,0.51380807206818,0.51380807206818,0.918386634694257,-0.123461559164398,0.123461559164398,-0.252535233949946,0.252535233949946,0,1,1
26,"oracle_ipw",0.3676,1838,0.023150108502454,0.111149272817791,0.111149272817791,0.918386634694252,-0.0132805193674668,0.0132805193674668,-0.0304451018862236,0.0304451018862236,8.29853002904547,0.705726704937908,38.1092420666471
26,"oracle_joint",0.3676,1838,0.023150108502454,0.0526708143873283,0.0526708143873283,0.918386634694252,-1.18922358953444e-07,1.18922358953444e-07,2.16493489801906e-15,2.16493489801906e-15,10.7313823188151,0.646436618819775,43.1963418181817
26,"standard",0.3676,1838,0.023150108502454,0.791462192296502,0.791462192296502,0.918386634694249,-0.211109182416192,0.211109182416192,-0.211109063494203,0.211109063494203,0.602141785261379,0.244270836455833,7.92193648161791
26,"constrained",0.3676,1838,0.023150108502454,0.631080082621436,0.631080082621436,0.918386634694252,-0.165280118914123,0.165280118914123,-0.165279999981693,0.165279999981693,1.46517443333955,0.3676,15.5795563670101
27,"unweighted",0.3684,1842,0.0251998219884575,0.505892862149308,0.505892862149308,0.915246375248347,-0.118398811814516,0.118398811814516,-0.252005342019544,0.252005342019544,0,1,1
27,"oracle_ipw",0.3684,1842,0.0251998219884575,-0.0106327492552852,0.0106327492552852,0.915246375248348,-0.0020632461263905,0.0020632461263905,-0.0158525138041222,0.0158525138041222,8.62379245847428,0.689804798723487,37.2494591310683
27,"oracle_joint",0.3684,1842,0.0251998219884575,-0.033467461892927,0.033467461892927,0.915246375248348,-1.18922356240336e-07,1.18922356240336e-07,7.54951656745106e-15,7.54951656745106e-15,9.81826962428834,0.710136083916084,39.68282
27,"standard",0.3684,1842,0.0251998219884575,0.790518758640702,0.790518758640702,0.91524637524835,-0.205968813030253,0.205968813030253,-0.205968694108202,0.205968694108202,0.648775509113221,0.246399756560866,8.06662545440189
27,"constrained",0.3684,1842,0.0251998219884575,0.600538287356844,0.600538287356844,0.915246375248349,-0.158480118922147,0.158480118922147,-0.158479999999528,0.158479999999528,1.5378162400383,0.3684,15.3561400000806
28,"unweighted",0.3734,1867,0.0310779807865149,0.549244713709738,0.549244713709738,0.914719344722391,-0.120217172960096,0.120217172960096,-0.25048572040707,0.25048572040707,0,1,1
28,"oracle_ipw",0.3734,1867,0.0310779807865149,-0.0502892984222293,0.0502892984222293,0.91471934472239,0.00793302318157625,0.00793302318157625,0.0254533403450173,0.0254533403450173,9.56141874647315,0.654541020276733,35.3452150949436
28,"oracle_joint",0.3734,1867,0.0310779807865149,0.0015406420844768,0.0015406420844768,0.91471934472239,-1.18922358197104e-07,1.18922358197104e-07,-2.05391259555654e-15,2.05391259555654e-15,7.87934248099978,0.679390825082509,32.1771226666667
28,"standard",0.3734,1867,0.0310779807865149,0.816253510627235,0.816253510627235,0.91471934472239,-0.201186992095675,0.201186992095675,-0.201186873173392,0.201186873173392,0.597011150715455,0.265528344329968,7.13606318568749
28,"constrained",0.3734,1867,0.0310779807865149,0.650599780537985,0.650599780537985,0.914719344722389,-0.160280118922362,0.160280118922362,-0.160279999999999,0.160279999999999,1.20092673079877,0.3734,12.2276053333333
29,"unweighted",0.3602,1801,0.0257734992241747,0.542358440317436,0.542358440317436,0.919680650600617,-0.126690444445164,0.126690444445164,-0.251857034980566,0.251857034980566,0,1,1
29,"oracle_ipw",0.3602,1801,0.0257734992241747,0.108201988115261,0.108201988115261,0.919680650600612,-0.010185613125554,0.010185613125554,-0.0111389009019043,0.0111389009019043,8.76237139997243,0.687551480672314,37.127779956305
29,"oracle_joint",0.3602,1801,0.0257734992241747,0.0718519051292823,0.0718519051292823,0.919680650600614,-1.18922356507484e-07,1.18922356507484e-07,4.88498130835069e-15,4.88498130835069e-15,9.59372026288479,0.678900034188034,38.7995433333334
29,"standard",0.3602,1801,0.0257734992241747,0.797547446324296,0.797547446324296,0.919680650600612,-0.20979745490049,0.20979745490049,-0.209797335978259,0.209797335978259,0.551267195465796,0.253967653757645,7.31245982526712
29,"constrained",0.3602,1801,0.0257734992241747,0.664314777520801,0.664314777520801,0.919680650600612,-0.171280118920004,0.171280118920004,-0.171279999994804,0.171279999994804,1.16060848785189,0.3602,13.0932700008543
30,"unweighted",0.3776,1888,0.0225370230018593,0.499770683305286,0.499770683305286,0.943735220673459,-0.118715910096157,0.118715910096157,-0.252693728813559,0.252693728813559,0,1,1
30,"oracle_ipw",0.3776,1888,0.0225370230018593,0.186681731692104,0.186681731692104,0.943735220673458,-0.0090515765373292,0.0090515765373292,-0.0359334619888587,0.0359334619888587,8.1185898876115,0.707480444048901,38.2039439786407
30,"oracle_joint",0.3776,1888,0.0225370230018593,0.149003850947595,0.149003850947595,0.943735220673461,-1.18922358141593e-07,1.18922358141593e-07,-1.55431223447522e-15,1.55431223447522e-15,11.0304159346149,0.71291397260274,44.3714327272727
30,"standard",0.3776,1888,0.0225370230018593,0.840720396414084,0.840720396414084,0.943735220673464,-0.209141657248389,0.209141657248389,-0.209141538326628,0.209141538326628,0.659279837306598,0.237894314731203,8.47513960359738
30,"constrained",0.3776,1888,0.0225370230018593,0.660593830180207,0.660593830180207,0.943735220673457,-0.154680118917449,0.154680118917449,-0.154679999988933,0.154679999988933,1.83588829024438,0.3776,17.82272000212
31,"unweighted",0.3724,1862,0.0166194314725165,0.52548598866663,0.52548598866663,0.915607898832429,-0.125753336295378,0.125753336295378,-0.254223544575725,0.254223544575725,0,1,1
31,"oracle_ipw",0.3724,1862,0.0166194314725165,0.139159456951704,0.139159456951704,0.91560789883243,-0.034755236072931,0.034755236072931,-0.0840890708120913,0.0840890708120913,6.77289430131533,0.751829606823802,40.5987987684853
31,"oracle_joint",0.3724,1862,0.0166194314725165,-0.0464913582371912,0.0464913582371912,0.91560789883243,-1.18922358155471e-07,1.18922358155471e-07,-1.11022302462516e-15,1.11022302462516e-15,15.1186668051764,0.685489549248748,60.17053
31,"standard",0.3724,1862,0.0166194314725165,0.836283367040103,0.836283367040103,0.915607898832431,-0.219994244714157,0.219994244714157,-0.21999412579396,0.21999412579396,0.602432287822773,0.220973185190605,8.96689722153991
31,"constrained",0.3724,1862,0.0166194314725165,0.611113118498575,0.611113118498575,0.91560789883243,-0.163880118920846,0.163880118920846,-0.163879999996628,0.163879999996628,2.07983516828832,0.3724,22.0274600008667
32,"unweighted",0.3626,1813,0.0128014539720735,0.544105323831918,0.544105323831918,0.926557891692461,-0.125235622727422,0.125235622727422,-0.25521056811914,0.25521056811914,0,1,1
32,"oracle_ipw",0.3626,1813,0.0128014539720735,0.199925983056435,0.199925983056435,0.926557891692455,-0.0482413375154195,0.0482413375154195,-0.118764646884247,0.118764646884247,5.65067687195278,0.782026096292789,42.2294091998106
32,"oracle_joint",0.3626,1813,0.0128014539720735,-0.0797328008174925,0.0797328008174925,0.926557891692451,-1.18922357083412e-07,1.18922357083412e-07,2.60902410786912e-15,2.60902410786912e-15,19.7594772237534,0.696520487804878,78.1161266666667
32,"standard",0.3626,1813,0.0128014539720735,0.840501117893427,0.840501117893427,0.926557891692454,-0.225348487445695,0.225348487445695,-0.225348368533339,0.225348368533339,0.622771913775608,0.204347345939455,10.023361308603
32,"constrained",0.3626,1813,0.0128014539720735,0.598472460743039,0.598472460743039,0.92655789169245,-0.166080118921933,0.166080118921933,-0.16607999999905,0.16607999999905,2.59028281569377,0.3626,27.9322866669822
33,"unweighted",0.3496,1748,0.0243420477274087,0.565517740635079,0.565517740635079,0.941380059460894,-0.11986566301917,0.11986566301917,-0.25222709382151,0.25222709382151,0,1,1
33,"oracle_ipw",0.3496,1748,0.0243420477274087,0.212335410834772,0.212335410834772,0.941380059460896,-0.0058707757604412,0.0058707757604412,-0.0219603482077783,0.0219603482077783,8.48666596064466,0.696138503927294,37.5914792120739
33,"oracle_joint",0.3496,1748,0.0243420477274087,0.185897185472683,0.185897185472683,0.941380059460902,-1.18922357426887e-07,1.18922357426887e-07,2.72004641033163e-15,2.72004641033163e-15,10.1811061138065,0.688337428571429,41.0811781818182
33,"standard",0.3496,1748,0.0243420477274087,0.8652567371348,0.8652567371348,0.941380059460896,-0.207755387267554,0.207755387267554,-0.207755268345543,0.207755268345543,0.636082714542332,0.244836355555834,8.06697735746603
33,"constrained",0.3496,1748,0.0243420477274087,0.733556643714549,0.733556643714549,0.941380059460895,-0.167480118917987,0.167480118917987,-0.167479999990315,0.167479999990315,1.35198552555076,0.3496,14.467083638057
34,"unweighted",0.3582,1791,0.0280771885974131,0.548703505502958,0.548703505502958,0.954524569995279,-0.123944160471307,0.123944160471307,-0.251261485203797,0.251261485203797,0,1,1
34,"oracle_ipw",0.3582,1791,0.0280771885974131,0.197354683172026,0.197354683172026,0.954524569995264,-0.00217306301675521,0.00217306301675521,0.00533209183182848,0.00533209183182848,9.14468348137711,0.673161106083787,36.3506997285245
34,"oracle_joint",0.3582,1791,0.0280771885974131,0.193629413968399,0.193629413968399,0.954524569995275,-1.18922357832812e-07,1.18922357832812e-07,-2.33146835171283e-15,2.33146835171283e-15,8.77014952844245,0.6671475,35.6161015384615
34,"standard",0.3582,1791,0.0280771885974131,0.820400913373356,0.820400913373356,0.954524569995263,-0.206133358744227,0.206133358744227,-0.206133239821969,0.206133239821969,0.570767321710797,0.259428816156263,7.21728365222268
34,"constrained",0.3582,1791,0.0280771885974131,0.709560702444148,0.709560702444148,0.954524569995272,-0.169680118922287,0.169680118922287,-0.169679999999838,0.169679999999838,1.11153455469963,0.3582,12.2394184615629
35,"unweighted",0.3648,1824,0.016965669628194,0.556861468306823,0.556861468306823,1.01703266720706,-0.1214679764182,0.1214679764182,-0.254134035087719,0.254134035087719,0,1,1
35,"oracle_ipw",0.3648,1824,0.016965669628194,-0.00134813622312313,0.00134813622312313,1.01703266720709,-0.0289154293408873,0.0289154293408873,-0.081121127043461,0.081121127043461,6.86174866142143,0.749017463594265,40.4469430340903
35,"oracle_joint",0.3648,1824,0.016965669628194,-0.246884069538288,0.246884069538288,1.01703266720708,-1.18922356257684e-07,1.18922356257684e-07,-2.22044604925031e-16,2.22044604925031e-16,14.8003293728782,0.67944,58.94256
35,"standard",0.3648,1824,0.016965669628194,0.807396916198776,0.807396916198776,1.01703266720708,-0.217646157731969,0.217646157731969,-0.217646038812237,0.217646038812237,0.653973055813031,0.219803641227848,9.319263150917
35,"constrained",0.3648,1824,0.016965669628194,0.538234111806715,0.538234111806715,1.01703266720708,-0.162080118922245,0.162080118922245,-0.16207999999976,0.16207999999976,2.1284911716205,0.3648,21.9883200000611
36,"unweighted",0.3744,1872,0.0309949733592005,0.510999776411174,0.510999776411174,0.92068941285138,-0.125195609626134,0.125195609626134,-0.25050717948718,0.25050717948718,0,1,1
36,"oracle_ipw",0.3744,1872,0.0309949733592005,0.034052973790626,0.034052973790626,0.920689412851377,0.00220728128338562,0.00220728128338562,0.0250330120848719,0.0250330120848719,9.55908395749854,0.655322516818361,35.3874159081915
36,"oracle_joint",0.3744,1872,0.0309949733592005,0.0584181828962256,0.0584181828962256,0.920689412851381,-1.18922358103429e-07,1.18922358103429e-07,4.71844785465692e-15,4.71844785465692e-15,7.90323029615109,0.680088039538715,32.263296
36,"standard",0.3744,1872,0.0309949733592005,0.773218930982126,0.773218930982126,0.920689412851376,-0.204040970062277,0.204040970062277,-0.20404085113996,0.20404085113996,0.54291602164929,0.268555552296478,6.79899777773427
36,"constrained",0.3744,1872,0.0309949733592005,0.638131642884422,0.638131642884422,0.920689412851378,-0.165480118922363,0.165480118922363,-0.165479999999997,0.165479999999997,1.07887523026795,0.3744,11.611392
37,"unweighted",0.3702,1851,0.0292568435727688,0.518454038089435,0.518454038089435,0.923411249364939,-0.121241299788774,0.121241299788774,-0.250956520799568,0.250956520799568,0,1,1
37,"oracle_ipw",0.3702,1851,0.0292568435727688,0.0716547893692918,0.0716547893692918,0.923411249364933,0.00340009251820312,0.00340009251820312,0.0131229335812051,0.0131229335812051,9.29804618155595,0.665094008014309,35.9150764327727
37,"oracle_joint",0.3702,1851,0.0292568435727688,0.089559188334694,0.089559188334694,0.923411249364936,-1.18922358550988e-07,1.18922358550988e-07,-6.66133814775094e-15,6.66133814775094e-15,8.3967635405001,0.691834779661017,34.1800371428571
37,"standard",0.3702,1851,0.0292568435727688,0.803411096125894,0.803411096125894,0.923411249364934,-0.203441564375453,0.203441564375453,-0.203441445453184,0.203441445453184,0.593987536612145,0.260672052169663,7.28217174758546
37,"constrained",0.3702,1851,0.0292568435727688,0.658278688715254,0.658278688715254,0.923411249364934,-0.162080118922355,0.162080118922355,-0.162079999999995,0.162079999999995,1.2320740127405,0.3702,12.7507457142865
38,"unweighted",0.3488,1744,0.0199619002735401,0.467429425084519,0.467429425084519,0.915263571876811,-0.11925906370613,0.11925906370613,-0.253359449541284,0.253359449541284,0,1,1
38,"oracle_ipw",0.3488,1744,0.0199619002735401,0.0373289708436582,0.0373289708436582,0.915263571876809,-0.0174064519270483,0.0174064519270483,-0.0557596623381912,0.0557596623381912,7.61279610355559,0.727600882473647,39.2904476535769
38,"oracle_joint",0.3488,1744,0.0199619002735401,-0.0675265963606332,0.0675265963606332,0.91526357187681,-1.18922357184026e-07,1.18922357184026e-07,2.77555756156289e-15,2.77555756156289e-15,12.5152224747559,0.650739221658206,50.0954311111111
38,"standard",0.3488,1744,0.0199619002735401,0.776219222065566,0.776219222065566,0.915263571876812,-0.21280411199388,0.21280411199388,-0.212803993072826,0.212803993072826,0.670680607292153,0.230829949608681,8.8587462312725
38,"constrained",0.3488,1744,0.0199619002735401,0.595721298892312,0.595721298892312,0.91526357187681,-0.167280118922357,0.167280118922357,-0.16728,0.16728,1.65756109546644,0.3488,17.6802844444446
39,"unweighted",0.3736,1868,0.0496981500029322,0.47137095692136,0.47137095692136,0.919622541841875,-0.118813512271603,0.118813512271603,-0.245672034261242,0.245672034261242,0,1,1
39,"oracle_ipw",0.3736,1868,0.0496981500029322,-0.361576486140216,0.361576486140216,0.919622541841871,0.0328698827486217,0.0328698827486217,0.130471747562514,0.130471747562514,11.1631637562366,0.560676376887955,30.2765243519496
39,"oracle_joint",0.3736,1868,0.0496981500029322,-0.089360252375013,0.089360252375013,0.919622541841871,-1.18922358429557e-07,1.18922358429557e-07,2.44249065417534e-15,2.44249065417534e-15,4.76325425234563,0.705361917808219,20.1214733333333
39,"standard",0.3736,1868,0.0496981500029322,0.688957096906651,0.688957096906651,0.919622541841873,-0.185876350102427,0.185876350102427,-0.185876231180064,0.185876231180064,0.521302916312823,0.310007210523096,5.65410667315163
39,"constrained",0.3736,1868,0.0496981500029322,0.589315418890746,0.589315418890746,0.919622541841868,-0.162080118919368,0.162080118919368,-0.162079999993309,0.162079999993309,0.728504550598606,0.3736,7.50624666724278
40,"unweighted",0.3664,1832,0.0274488235687592,0.486869394334048,0.486869394334048,0.915387316183254,-0.121558216417371,0.121558216417371,-0.251423930131004,0.251423930131004,0,1,1
40,"oracle_ipw",0.3664,1832,0.0274488235687592,0.0118506388088107,0.0118506388088107,0.915387316183255,-0.00100216585577406,0.00100216585577406,0.00100879433877243,0.00100879433877243,9.05162430244681,0.677288819414027,36.5735962483575
40,"oracle_joint",0.3664,1832,0.0274488235687592,0.00955696156445518,0.00955696156445518,0.915387316183254,-1.18922357413009e-07,1.18922357413009e-07,5.99520433297585e-15,5.99520433297585e-15,8.98127826463915,0.654769270664506,36.4314338461539
40,"standard",0.3664,1832,0.0274488235687592,0.739897730102851,0.739897730102851,0.915387316183252,-0.20555123054449,0.20555123054449,-0.205551111622284,0.205551111622284,0.602112162347697,0.256503667890506,7.46453873138772
40,"constrained",0.3664,1832,0.0274488235687592,0.59325792289033,0.59325792289033,0.915387316183252,-0.164280118922334,0.164280118922334,-0.164279999999952,0.164279999999952,1.2661366352479,0.3664,13.2805907692384
41,"unweighted",0.3724,1862,0.0249291472087748,0.511330951048545,0.511330951048545,0.916376125688105,-0.119439888874462,0.119439888874462,-0.252075316863588,0.252075316863588,0,1,1
41,"oracle_ipw",0.3724,1862,0.0249291472087748,0.0732868162928462,0.0732868162928462,0.916376125688102,-0.00420041951676872,0.00420041951676872,-0.0173676334173391,0.0173676334173391,8.61052318318599,0.692940905211295,37.41880888141
41,"oracle_joint",0.3724,1862,0.0249291472087748,0.0481387043633875,0.0481387043633875,0.916376125688104,-1.18922359172019e-07,1.18922359172019e-07,-3.77475828372553e-15,3.77475828372553e-15,9.93212926440415,0.665491474878444,40.1136866666667
41,"standard",0.3724,1862,0.0249291472087748,0.789880313648657,0.789880313648657,0.916376125688103,-0.206988855011353,0.206988855011353,-0.206988736089329,0.206988736089329,0.639926063725682,0.24711543133316,7.99593445015071
41,"constrained",0.3724,1862,0.0249291472087748,0.617483245084589,0.617483245084589,0.916376125688103,-0.158880118922201,0.158880118922201,-0.158879999999641,0.158879999999641,1.54249709327237,0.3724,15.4608066667282
42,"unweighted",0.3656,1828,0.0338570912492623,0.568802409643098,0.568802409643098,0.92832302530353,-0.126178886161387,0.126178886161387,-0.249767264770241,0.249767264770241,0,1,1
42,"oracle_ipw",0.3656,1828,0.0338570912492623,-0.152813439568402,0.152813439568402,0.928323025303527,0.00580010017469279,0.00580010017469279,0.0439175581424138,0.0439175581424138,9.948875496178,0.639879463292045,34.5534910177704
42,"oracle_joint",0.3656,1828,0.0338570912492623,-0.0698107014596949,0.0698107014596949,0.92832302530353,-1.18922357714851e-07,1.18922357714851e-07,-6.66133814775094e-16,6.66133814775094e-16,7.20080640007811,0.648087717041801,29.53591
42,"standard",0.3656,1828,0.0338570912492623,0.758542526770634,0.758542526770634,0.92832302530353,-0.202230547183833,0.202230547183833,-0.202230428261498,0.202230428261498,0.521731252861431,0.278105980363482,6.43108357112452
42,"constrained",0.3656,1828,0.0338570912492623,0.63012847612525,0.63012847612525,0.928323025303528,-0.170880118922359,0.170880118922359,-0.170879999999998,0.170879999999998,0.895726385962016,0.3656,10.0128700000003
43,"unweighted",0.3606,1803,0.0300357279274515,0.477850573623413,0.477850573623413,0.915051407855752,-0.118209821175323,0.118209821175323,-0.250755163616195,0.250755163616195,0,1,1
43,"oracle_ipw",0.3606,1803,0.0300357279274515,-0.095459058098008,0.095459058098008,0.91505140785575,0.00834648502274734,0.00834648502274734,0.0182923123212749,0.0182923123212749,9.40289792002863,0.660175395655106,35.6494713653757
43,"oracle_joint",0.3606,1803,0.0300357279274515,-0.051639196108591,0.051639196108591,0.91505140785575,-1.18922357537909e-07,1.18922357537909e-07,1.83186799063151e-15,1.83186799063151e-15,8.16710551949102,0.693887539267016,33.2936828571429
43,"standard",0.3606,1803,0.0300357279274515,0.733171904072653,0.733171904072653,0.915051407855751,-0.200959513142949,0.200959513142949,-0.200959394220706,0.200959394220706,0.625292468552063,0.261061480947718,7.41298373000847
43,"constrained",0.3606,1803,0.0300357279274515,0.582897487543332,0.582897487543332,0.91505140785575,-0.162480118922359,0.162480118922359,-0.162479999999996,0.162479999999996,1.20615732787495,0.3606,12.3685800000004
44,"unweighted",0.3564,1782,0.0369017595279909,0.542824460428515,0.542824460428515,0.914236173526903,-0.116227835538546,0.116227835538546,-0.248980157126824,0.248980157126824,0,1,1
44,"oracle_ipw",0.3564,1782,0.0369017595279909,-0.0810330120304662,0.0810330120304662,0.914236173526903,0.0219236101128387,0.0219236101128387,0.0616868590298999,0.0616868590298999,10.2222253664007,0.621578020469792,33.5652131053688
44,"oracle_joint",0.3564,1782,0.0369017595279909,0.0463853515164653,0.0463853515164653,0.914236173526903,-1.18922357301987e-07,1.18922357301987e-07,2.22044604925031e-16,2.22044604925031e-16,6.56572209527669,0.695516176991151,27.0989788235294
44,"standard",0.3564,1782,0.0369017595279909,0.774281640084315,0.774281640084315,0.914236173526902,-0.193604913676865,0.193604913676865,-0.193604794754539,0.193604794754539,0.611719984193559,0.278421956345695,6.80464092631933
44,"constrained",0.3564,1782,0.0369017595279909,0.660269455719848,0.660269455719848,0.914236173526903,-0.163280118922357,0.163280118922357,-0.163279999999998,0.163279999999998,0.979213978357985,0.3564,9.98339294117672
45,"unweighted",0.3752,1876,0.0329908117290253,0.512024052401942,0.512024052401942,0.926494785193428,-0.11991933019461,0.11991933019461,-0.249991215351812,0.249991215351812,0,1,1
45,"oracle_ipw",0.3752,1876,0.0329908117290253,0.0399222188575464,0.0399222188575464,0.926494785193431,0.0116868436389864,0.0116868436389864,0.0377431661336941,0.0377431661336941,9.79823191041242,0.643275115355084,34.7368562291745
45,"oracle_joint",0.3752,1876,0.0329908117290253,0.0973929271719268,0.0973929271719268,0.926494785193428,-1.18922358457313e-07,1.18922358457313e-07,-4.9960036108132e-15,4.9960036108132e-15,7.39653470076891,0.689492533333333,30.31147
45,"standard",0.3752,1876,0.0329908117290253,0.783069696584825,0.783069696584825,0.926494785193432,-0.199243566408304,0.199243566408304,-0.199243447485995,0.199243447485995,0.590044666386375,0.270430017579359,6.95017578226862
45,"constrained",0.3752,1876,0.0329908117290253,0.646227694717716,0.646227694717716,0.926494785193435,-0.15948011892236,0.15948011892236,-0.159479999999996,0.159479999999996,1.14621961829651,0.3752,11.6124400000002
46,"unweighted",0.351,1755,0.0242449569387524,0.517728264469467,0.517728264469467,0.91386163309752,-0.117354903686249,0.117354903686249,-0.252252193732194,0.252252193732194,0,1,1
46,"oracle_ipw",0.351,1755,0.0242449569387524,0.0549885902744182,0.0549885902744182,0.91386163309752,-0.00377651159150946,0.00377651159150946,-0.0223518974738,0.0223518974738,8.49342869672212,0.697769393827425,37.6795472666809
46,"oracle_joint",0.351,1755,0.0242449569387524,0.0222827420271513,0.0222827420271513,0.91386163309752,-1.1892235734709e-07,1.1892235734709e-07,5.93969318174459e-15,5.93969318174459e-15,10.2268773551287,0.651536363636363,41.2456909090909
46,"standard",0.351,1755,0.0242449569387524,0.796703503448408,0.796703503448408,0.91386163309752,-0.206733235845038,0.206733235845038,-0.206733116923196,0.206733116923196,0.672259114749444,0.24448430424899,8.26236179999992
46,"constrained",0.351,1755,0.0242449569387524,0.641420427136218,0.641420427136218,0.91386163309752,-0.165280118921637,0.165280118921637,-0.165279999998407,0.165279999998407,1.430744741091,0.351,14.8760181820987
47,"unweighted",0.367,1835,0.0379439281493777,0.495571864151692,0.495571864151692,0.93282375941311,-0.120192345278956,0.120192345278956,-0.248710735694823,0.248710735694823,0,1,1
47,"oracle_ipw",0.367,1835,0.0379439281493777,0.0136523264075219,0.0136523264075219,0.932823759413121,0.0187956777894781,0.0187956777894781,0.0681806066451492,0.0681806066451492,10.3464113203642,0.616765034150049,33.3053118441026
47,"oracle_joint",0.367,1835,0.0379439281493777,0.106853850237194,0.106853850237194,0.93282375941312,-1.18922356982798e-07,1.18922356982798e-07,6.38378239159465e-15,6.38378239159465e-15,6.37472737537703,0.677812730318258,26.3546777777778
47,"standard",0.367,1835,0.0379439281493777,0.750383082009564,0.750383082009564,0.932823759413127,-0.195285019936977,0.195285019936977,-0.195284901014636,0.195284901014636,0.562980325295005,0.283892607602647,6.4464670354529
47,"constrained",0.367,1835,0.0379439281493777,0.647552469539568,0.647552469539568,0.932823759413124,-0.164080118922359,0.164080118922359,-0.164079999999999,0.164079999999999,0.922305396353678,0.367,9.62763333333343
48,"unweighted",0.3644,1822,0.0233534025397972,0.506978975641443,0.506978975641443,0.913436091487753,-0.119439755912886,0.119439755912886,-0.252482678375412,0.252482678375412,0,1,1
48,"oracle_ipw",0.3644,1822,0.0233534025397972,0.0479439159940561,0.0479439159940561,0.913436091487753,-0.00784492078328317,0.00784492078328317,-0.0294469936683047,0.0294469936683047,8.29686877251973,0.70264481066727,37.9428197760326
48,"oracle_joint",0.3644,1822,0.0233534025397972,-0.00179019785202139,0.00179019785202139,0.913436091487753,-1.1892235722219e-07,1.1892235722219e-07,5.21804821573824e-15,5.21804821573824e-15,10.6304028753469,0.690356426116839,42.8203127272728
48,"standard",0.3644,1822,0.0233534025397972,0.787501683085901,0.787501683085901,0.913436091487753,-0.208631468314524,0.208631468314524,-0.208631349392633,0.208631349392633,0.646548470776132,0.24133386563743,8.26337467334627
48,"constrained",0.3644,1822,0.0233534025397972,0.607605928604024,0.607605928604024,0.913436091487753,-0.16108011891805,0.16108011891805,-0.161079999990371,0.161079999990371,1.58224928913401,0.3644,16.1396072744946
49,"unweighted",0.3726,1863,0.0332210213653524,0.521967555436472,0.521967555436472,0.913452317752855,-0.1204073496748,0.1204073496748,-0.249931701556629,0.249931701556629,0,1,1
49,"oracle_ipw",0.3726,1863,0.0332210213653524,-0.0723812271015566,0.0723812271015566,0.913452317752855,0.0113484978427589,0.0113484978427589,0.0394791677257622,0.0394791677257622,9.84470127171125,0.642560705408657,34.6982780920675
49,"oracle_joint",0.3726,1863,0.0332210213653524,0.00141699590712008,0.00141699590712008,0.913452317752855,-1.18922358505885e-07,1.18922358505885e-07,-1.0547118733939e-15,1.0547118733939e-15,7.34363178018842,0.66801424390244,30.1014225
49,"standard",0.3726,1863,0.0332210213653524,0.802223470677214,0.802223470677214,0.913452317752855,-0.199416679143259,0.199416679143259,-0.199416560220947,0.199416560220947,0.584750289732873,0.271922205567793,6.8818567692749
49,"constrained",0.3726,1863,0.0332210213653524,0.649879838725295,0.649879838725295,0.913452317752856,-0.161480118922359,0.161480118922359,-0.161479999999998,0.161479999999998,1.10048762152544,0.3726,11.2990950000001
50,"unweighted",0.3598,1799,0.0193516142729594,0.518211355154845,0.518211355154845,0.915899958015441,-0.123563548480343,0.123563548480343,-0.253517220678155,0.253517220678155,0,1,1
50,"oracle_ipw",0.3598,1799,0.0193516142729594,0.148406088791313,0.148406088791313,0.915899958015444,-0.0235878155041135,0.0235878155041135,-0.0609943716328571,0.0609943716328571,7.45319806136414,0.731169970025689,39.4831783813872
50,"oracle_joint",0.3598,1799,0.0193516142729594,0.0359126777427904,0.0359126777427904,0.915899958015443,-1.18922357073004e-07,1.18922357073004e-07,2.88657986402541e-15,2.88657986402541e-15,12.921284622424,0.685173540587219,51.6752755555556
50,"standard",0.3598,1799,0.0193516142729594,0.79571755970593,0.79571755970593,0.915899958015442,-0.215462170751443,0.215462170751443,-0.215462051830114,0.215462051830114,0.616355548168788,0.229979125387879,8.60680541755287
50,"constrained",0.3598,1799,0.0193516142729594,0.623692644796704,0.623692644796704,0.915899958015444,-0.166680118922361,0.166680118922361,-0.166679999999997,0.166679999999997,1.70179003324564,0.3598,18.3577955555558
51,"unweighted",0.357,1785,0.0216704351553402,0.50455107246637,0.50455107246637,0.923333185434049,-0.119923868694453,0.119923868694453,-0.252917759103642,0.252917759103642,0,1,1
51,"oracle_ipw",0.357,1785,0.0216704351553402,0.00697779659511544,0.00697779659511544,0.923333185434051,-0.0127451824295704,0.0127451824295704,-0.0427034440725373,0.0427034440725373,7.93953033077576,0.713393615426887,38.5232552330519
51,"oracle_joint",0.357,1785,0.0216704351553402,-0.0812109355807975,0.0812109355807975,0.923333185434056,-1.18922358544049e-07,1.18922358544049e-07,-8.49320613838245e-15,8.49320613838245e-15,11.4897469029402,0.718299635036496,46.14582
51,"standard",0.357,1785,0.0216704351553402,0.773549393476182,0.773549393476182,0.92333318543405,-0.21079271426139,0.21079271426139,-0.210792595339718,0.210792595339718,0.648637981988365,0.235639155538636,8.51934173188632
51,"constrained",0.357,1785,0.0216704351553402,0.583319629976365,0.583319629976365,0.923333185434053,-0.163880118814116,0.163880118814116,-0.163879999758805,0.163879999758805,1.61775370257523,0.357,16.8932400475538
52,"unweighted",0.3608,1804,0.0321632982973522,0.531192522391433,0.531192522391433,0.914779136796217,-0.117890210991208,0.117890210991208,-0.250205144124169,0.250205144124169,0,1,1
52,"oracle_ipw",0.3608,1804,0.0321632982973522,-0.0140974565501513,0.0140974565501513,0.914779136796222,0.0119193184451686,0.0119193184451686,0.0329386425583578,0.0329386425583578,9.73045762808187,0.649125174290469,35.0527594116853
52,"oracle_joint",0.3608,1804,0.0321632982973522,0.0493634671498918,0.0493634671498918,0.914779136796222,-1.18922356667078e-07,1.18922356667078e-07,6.88338275267597e-15,6.88338275267597e-15,7.60217261342472,0.64371857605178,31.0913386666667
52,"standard",0.3608,1804,0.0321632982973522,0.780595652692471,0.780595652692471,0.914779136796222,-0.199086524594319,0.199086524594319,-0.199086405672041,0.199086405672041,0.622586598976661,0.268753107489925,7.14788027784517
52,"constrained",0.3608,1804,0.0321632982973522,0.651284679008768,0.651284679008768,0.91477913679622,-0.163880118922358,0.163880118922358,-0.16388,0.16388,1.1089813452554,0.3608,11.3820373333335
53,"unweighted",0.3596,1798,0.0344220037840109,0.485848945405238,0.485848945405238,0.917228615605055,-0.123519165047886,0.123519165047886,-0.249621223581758,0.249621223581758,0,1,1
53,"oracle_ipw",0.3596,1798,0.0344220037840109,-0.165284313902334,0.165284313902334,0.91722861560506,0.00986243878430575,0.00986243878430575,0.0471008114976916,0.0471008114976916,9.99054816955001,0.636002568371353,34.3441386920531
53,"oracle_joint",0.3596,1798,0.0344220037840109,-0.0795891377522976,0.0795891377522976,0.91722861560506,-1.18922357485868e-07,1.18922357485868e-07,6.88338275267597e-15,6.88338275267597e-15,7.07302926607382,0.669755,29.051185
53,"standard",0.3596,1798,0.0344220037840109,0.71514536238243,0.71514536238243,0.917228615605064,-0.20016307365855,0.20016307365855,-0.200162954736225,0.200162954736225,0.544959655713841,0.277101889976339,6.55787296151765
53,"constrained",0.3596,1798,0.0344220037840109,0.594908783508025,0.594908783508025,0.917228615605062,-0.169880118922357,0.169880118922357,-0.169880000000003,0.169880000000003,0.907051859449253,0.3596,9.96091999999976
54,"unweighted",0.3658,1829,0.0359534912405029,0.519023242330872,0.519023242330872,0.917344570033617,-0.12116647858659,0.12116647858659,-0.249225303444505,0.249225303444505,0,1,1
54,"oracle_ipw",0.3658,1829,0.0359534912405029,-0.0318821457632582,0.0318821457632582,0.917344570033618,0.0149786117665422,0.0149786117665422,0.0559572117962486,0.0559572117962486,10.1220096736289,0.626556449210604,33.8340482573726
54,"oracle_joint",0.3658,1829,0.0359534912405029,0.0577223494379724,0.0577223494379724,0.917344570033617,-1.18922357770362e-07,1.18922357770362e-07,-2.1094237467878e-15,2.1094237467878e-15,6.75104313990111,0.711342292768959,27.8137105882353
54,"standard",0.3658,1829,0.0359534912405029,0.761700619208453,0.761700619208453,0.917344570033618,-0.197412167943692,0.197412167943692,-0.197412049021362,0.197412049021362,0.561184588383906,0.278937054511013,6.57449660823188
54,"constrained",0.3658,1829,0.0359534912405029,0.645690194841434,0.645690194841434,0.917344570033619,-0.164880118922357,0.164880118922357,-0.164880000000001,0.164880000000001,0.954650846540547,0.3658,10.0745623529411
55,"unweighted",0.3686,1843,0.033581531635188,0.551301711432471,0.551301711432471,0.94712174690035,-0.120208612501736,0.120208612501736,-0.249838502441671,0.249838502441671,0,1,1
55,"oracle_ipw",0.3686,1843,0.033581531635188,0.12855305639305,0.12855305639305,0.947121746900342,0.0122378123413347,0.0122378123413347,0.0416709049195266,0.0416709049195266,9.88171289650944,0.640337775192935,34.5782398604185
55,"oracle_joint",0.3686,1843,0.033581531635188,0.182729991513028,0.182729991513028,0.94712174690035,-1.18922357617707e-07,1.18922357617707e-07,1.66533453693773e-15,1.66533453693773e-15,7.25962428845497,0.675113554817276,29.7782725
55,"standard",0.3686,1843,0.033581531635188,0.80015286290662,0.80015286290662,0.947121746900342,-0.198948952675086,0.198948952675086,-0.198948833752771,0.198948833752771,0.584628089416938,0.272560545106101,6.86185371210396
55,"constrained",0.3686,1843,0.033581531635188,0.68759524165641,0.68759524165641,0.947121746900351,-0.162680118922362,0.162680118922362,-0.162680000000004,0.162680000000004,1.06722315711717,0.3686,11.0395699999995
56,"unweighted",0.3662,1831,0.027463814734007,0.502921562284971,0.502921562284971,0.916920503956904,-0.118639362593169,0.118639362593169,-0.251420054614965,0.251420054614965,0,1,1
56,"oracle_ipw",0.3662,1831,0.027463814734007,0.0424648229761266,0.0424648229761266,0.916920503956903,0.00231768045071878,0.00231768045071878,0.000981681553539004,0.000981681553539004,9.04450702452992,0.676848403026396,36.5498137634254
56,"oracle_joint",0.3662,1831,0.027463814734007,0.0498443851281788,0.0498443851281788,0.916920503956905,-1.18922357794649e-07,1.18922357794649e-07,8.32667268468867e-16,8.32667268468867e-16,8.97558617266141,0.659758366013072,36.4115476923077
56,"standard",0.3662,1831,0.027463814734007,0.800390091622316,0.800390091622316,0.916920503956904,-0.203921772508215,0.203921772508215,-0.20392165358606,0.20392165358606,0.636777542367582,0.254775187904624,7.68996709877044
56,"constrained",0.3662,1831,0.027463814734007,0.642708851829627,0.642708851829627,0.916920503956904,-0.161080118922356,0.161080118922356,-0.161079999999986,0.161079999999986,1.35236657170214,0.3662,13.7240492307714
57,"unweighted",0.374,1870,0.0330966646008832,0.481132481133301,0.481132481133301,0.913337763888264,-0.118412590386341,0.118412590386341,-0.24996385026738,0.24996385026738,0,1,1
57,"oracle_ipw",0.374,1870,0.0330966646008832,-0.0994542868390742,0.0994542868390742,0.913337763888263,0.0135461716457454,0.0135461716457454,0.0384005253485197,0.0384005253485197,9.81000328188561,0.642640488890881,34.7025864001076
57,"oracle_joint",0.374,1870,0.0330966646008832,-0.0216494623582068,0.0216494623582068,0.913337763888264,-1.18922357687096e-07,1.18922357687096e-07,3.88578058618805e-15,3.88578058618805e-15,7.37135854863417,0.687287333333334,30.214525
57,"standard",0.374,1870,0.0330966646008832,0.723933750284239,0.723933750284239,0.913337763888264,-0.198265193326741,0.198265193326741,-0.198265074404439,0.198265074404439,0.606892426784272,0.269860600089089,7.04229442898296
57,"constrained",0.374,1870,0.0330966646008832,0.573568385523284,0.573568385523284,0.913337763888264,-0.15828011892236,0.15828011892236,-0.158280000000002,0.158280000000002,1.17271696541161,0.374,11.7155499999997
58,"unweighted",0.3692,1846,0.0272406526424523,0.532251843379202,0.532251843379202,0.914421440652203,-0.123788335694862,0.123788335694862,-0.251477746478873,0.251477746478873,0,1,1
58,"oracle_ipw",0.3692,1846,0.0272406526424523,0.0479069884189942,0.0479069884189942,0.914421440652206,-0.0036192213617495,0.0036192213617495,-0.000905834890637836,0.000905834890637836,8.98620834455514,0.677429841583882,36.5812114455296
58,"oracle_joint",0.3692,1846,0.0272406526424523,0.036008798518634,0.036008798518634,0.914421440652207,-1.18922358387924e-07,1.18922358387924e-07,-4.94049245958195e-15,4.94049245958195e-15,9.0514911037231,0.700653907056799,36.70984
58,"standard",0.3692,1846,0.0272406526424523,0.817457644177746,0.817457644177746,0.914421440652208,-0.206788951427856,0.206788951427856,-0.206788832505612,0.206788832505612,0.575309978878091,0.256260284956465,7.34582578420681
58,"constrained",0.3692,1846,0.0272406526424523,0.659085413010111,0.659085413010111,0.914421440652206,-0.164880118922271,0.164880118922271,-0.164879999999807,0.164879999999807,1.24828516991,0.3692,13.2968800000304
59,"unweighted",0.3666,1833,0.0253235527019851,0.536042019214072,0.536042019214072,0.918685273995033,-0.120984820046397,0.120984820046397,-0.251973355155483,0.251973355155483,0,1,1
59,"oracle_ipw",0.3666,1833,0.0253235527019851,-0.00676871523764455,0.00676871523764455,0.918685273995037,-0.00498656019709202,0.00498656019709202,-0.0144172259187177,0.0144172259187177,8.68432177703116,0.690494421128059,37.2866987409152
59,"oracle_joint",0.3666,1833,0.0253235527019851,-0.0384470554427241,0.0384470554427241,0.918685273995036,-1.18922357968121e-07,1.18922357968121e-07,-6.66133814775094e-15,6.66133814775094e-15,9.7708062511802,0.664824276315789,39.48893
59,"standard",0.3666,1833,0.0253235527019851,0.782025731965763,0.782025731965763,0.91868527399504,-0.207382713331583,0.207382713331583,-0.207382594409483,0.207382594409483,0.618916060420731,0.249228409278557,7.81123870396031
59,"constrained",0.3666,1833,0.0253235527019851,0.605959038489093,0.605959038489093,0.918685273995035,-0.162880118922057,0.162880118922057,-0.162879999999331,0.162879999999331,1.40835404736534,0.3666,14.6090100001131
60,"unweighted",0.3718,1859,0.0270501585680295,0.527290481981811,0.527290481981811,0.915344791910723,-0.120857016554823,0.120857016554823,-0.251526993006993,0.251526993006993,0,1,1
60,"oracle_ipw",0.3718,1859,0.0270501585680295,-0.0229782056816665,0.0229782056816665,0.915344791910723,-0.00111921864845033,0.00111921864845033,-0.00180847055830768,0.00180847055830768,8.98761305520472,0.679810161299298,36.7097487101621
60,"oracle_joint",0.3718,1859,0.0270501585680295,-0.0281554787298331,0.0281554787298331,0.915344791910726,-1.18922357530971e-07,1.18922357530971e-07,-2.83106871279415e-15,2.83106871279415e-15,9.12016351201797,0.652781337579618,36.96836
60,"standard",0.3718,1859,0.0270501585680295,0.798830966854917,0.798830966854917,0.915344791910724,-0.205592738140916,0.205592738140916,-0.205592619218733,0.205592619218733,0.612693866946374,0.254983249107138,7.56861545172729
60,"constrained",0.3718,1859,0.0270501585680295,0.621390072762084,0.621390072762084,0.915344791910725,-0.161480118922346,0.161480118922346,-0.161479999999965,0.161479999999965,1.35325472752796,0.3718,13.8767200000053
61,"unweighted",0.3598,1799,0.0301025110912702,0.494148869900616,0.494148869900616,0.919492212440734,-0.118584870003851,0.118584870003851,-0.250737898832685,0.250737898832685,0,1,1
61,"oracle_ipw",0.3598,1799,0.0301025110912702,-0.115213339274121,0.115213339274121,0.919492212440733,0.00793995629873442,0.00793995629873442,0.0189139592536772,0.0189139592536772,9.4244329324712,0.660190069705522,35.6502637640982
61,"oracle_joint",0.3598,1799,0.0301025110912702,-0.0695531437638769,0.0695531437638769,0.91949221244073,-1.18922358516294e-07,1.18922358516294e-07,-3.88578058618805e-15,3.88578058618805e-15,8.14887035723206,0.679307328767123,33.21982
61,"standard",0.3598,1799,0.0301025110912702,0.732098416223665,0.732098416223665,0.919492212440732,-0.201170225972617,0.201170225972617,-0.201170107050365,0.201170107050365,0.621337007992165,0.261816614764271,7.36946124403157
61,"constrained",0.3598,1799,0.0301025110912702,0.581905459844661,0.581905459844661,0.91949221244073,-0.163480118922358,0.163480118922358,-0.163479999999995,0.163479999999995,1.18264248390794,0.3598,12.2126400000006
62,"unweighted",0.3616,1808,0.0235342364090213,0.546372751601567,0.546372751601567,0.923969849097365,-0.122166396894321,0.122166396894321,-0.25243592920354,0.25243592920354,0,1,1
62,"oracle_ipw",0.3616,1808,0.0235342364090213,0.156698381156919,0.156698381156919,0.923969849097369,-0.0104659071507014,0.0104659071507014,-0.0279664191166002,0.0279664191166002,8.33971067544349,0.701752313530594,37.8946249306521
62,"oracle_joint",0.3616,1808,0.0235342364090213,0.109535097545323,0.109535097545323,0.923969849097368,-1.18922358047918e-07,1.18922358047918e-07,8.32667268468867e-16,8.32667268468867e-16,10.546054954981,0.686230912220309,42.4912872727272
62,"standard",0.3616,1808,0.0235342364090213,0.842746399244878,0.842746399244878,0.923969849097369,-0.20985345824558,0.20985345824558,-0.209853339323578,0.209853339323578,0.612523883207692,0.243607909962731,7.99902931846437
62,"constrained",0.3616,1808,0.0235342364090213,0.687010606519988,0.687010606519988,0.923969849097368,-0.165280118912215,0.165280118912215,-0.165279999977445,0.165279999977445,1.44342415511445,0.3616,15.3252654586339
63,"unweighted",0.3636,1818,0.0297879083900963,0.560822210946023,0.560822210946023,0.915913893457127,-0.117107669459495,0.117107669459495,-0.250819229922992,0.250819229922992,0,1,1
63,"oracle_ipw",0.3636,1818,0.0297879083900963,0.0390434994611698,0.0390434994611698,0.915913893457125,0.00892498656852267,0.00892498656852267,0.0168189679539202,0.0168189679539202,9.38147833843795,0.662124661032046,35.7547316957305
63,"oracle_joint",0.3636,1818,0.0297879083900963,0.0803251200153724,0.0803251200153724,0.915913893457125,-1.18922358013224e-07,1.18922358013224e-07,-2.77555756156289e-15,2.77555756156289e-15,8.23996254003823,0.673790521008404,33.5706685714286
63,"standard",0.3636,1818,0.0297879083900963,0.852231038003526,0.852231038003526,0.915913893457124,-0.200650733069959,0.200650733069959,-0.200650614147743,0.200650614147743,0.641585514520595,0.260304135049548,7.51475310567652
63,"constrained",0.3636,1818,0.0297879083900963,0.697694083698749,0.697694083698749,0.915913893457125,-0.160480118922368,0.160480118922368,-0.160479999999999,0.160479999999999,1.26554567413059,0.3636,12.7311942857141
64,"unweighted",0.3626,1813,0.0234693322821348,0.476788717734743,0.476788717734743,0.921738826176349,-0.118329868520429,0.118329868520429,-0.252452708218423,0.252452708218423,0,1,1
64,"oracle_ipw",0.3626,1813,0.0234693322821348,-0.0324534241300635,0.0324534241300635,0.921738826176347,-0.00627350379739738,0.00627350379739738,-0.0286399710588745,0.0286399710588745,8.31376852327092,0.701637192710875,37.8884084063872
64,"oracle_joint",0.3626,1813,0.0234693322821348,-0.0849645256680233,0.0849645256680233,0.921738826176351,-1.18922359043649e-07,1.18922359043649e-07,-3.77475828372553e-15,3.77475828372553e-15,10.575422514447,0.695309147826087,42.6087963636364
64,"standard",0.3626,1813,0.0234693322821348,0.726405029273558,0.726405029273558,0.921738826176347,-0.207896140283356,0.207896140283356,-0.207896021361499,0.207896021361499,0.659744938655073,0.241008420472223,8.34375211561865
64,"constrained",0.3626,1813,0.0234693322821348,0.541351386108958,0.541351386108958,0.921738826176352,-0.160480118919392,0.160480118919392,-0.160479999993344,0.160479999993344,1.59634827236391,0.3626,16.1587745466703
65,"unweighted",0.3694,1847,0.0230373034258313,0.473678240492829,0.473678240492829,0.936656589535026,-0.116520560074053,0.116520560074053,-0.252564396318354,0.252564396318354,0,1,1
65,"oracle_ipw",0.3694,1847,0.0230373034258313,0.145194616409906,0.145194616409906,0.936656589535016,-0.00527704180532255,0.00527704180532255,-0.0320880190930792,0.0320880190930792,8.21807738604107,0.704073853089366,38.0199880668258
65,"oracle_joint",0.3694,1847,0.0230373034258313,0.117443049644637,0.117443049644637,0.936656589535017,-1.18922358328943e-07,1.18922358328943e-07,-9.15933995315754e-15,9.15933995315754e-15,10.7814111343858,0.707118819444445,43.4078581818182
65,"standard",0.3694,1847,0.0230373034258313,0.778348833839779,0.778348833839779,0.93665658953502,-0.207388357356848,0.207388357356848,-0.207388238435125,0.207388238435125,0.685255262614363,0.23842388471761,8.58548760096279
65,"constrained",0.3694,1847,0.0230373034258313,0.61292742282261,0.61292742282261,0.93665658953502,-0.155480118920563,0.155480118920563,-0.155479999995962,0.155479999995962,1.78187964369327,0.3694,17.3013527280288
66,"unweighted",0.3694,1847,0.0418860062287842,0.543420498355771,0.543420498355771,0.917434115880072,-0.125176221122024,0.125176221122024,-0.247691629669735,0.247691629669735,0,1,1
66,"oracle_ipw",0.3694,1847,0.0418860062287842,-0.0756530923444861,0.0756530923444861,0.917434115880072,0.0181776968555492,0.0181776968555492,0.0907396335515653,0.0907396335515653,10.700889226654,0.597298651083087,32.2541271584867
66,"oracle_joint",0.3694,1847,0.0418860062287842,0.0612461060180801,0.0612461060180801,0.91743411588007,-1.1892235809649e-07,1.1892235809649e-07,-2.44249065417534e-15,2.44249065417534e-15,5.73607926705588,0.674338476821192,23.874322
66,"standard",0.3694,1847,0.0418860062287842,0.760883764269879,0.760883764269879,0.917434115880071,-0.195326031127541,0.195326031127541,-0.195325912205188,0.195325912205188,0.49494867005338,0.297289124104289,5.8359740078511
66,"constrained",0.3694,1847,0.0418860062287842,0.668306320831047,0.668306320831047,0.917434115880067,-0.169480118811147,0.169480118811147,-0.169479999754045,0.169479999754045,0.743660013990656,0.3694,8.22284402493413
67,"unweighted",0.3654,1827,0.0148205849625602,0.49311001310986,0.49311001310986,0.913255457149127,-0.121891652499851,0.121891652499851,-0.254688582375479,0.254688582375479,0,1,1
67,"oracle_ipw",0.3654,1827,0.0148205849625602,0.179185137517708,0.179185137517708,0.913255457149127,-0.0368453869275272,0.0368453869275272,-0.100164752569924,0.100164752569924,6.26264750121934,0.765383695912025,41.3307195792494
67,"oracle_joint",0.3654,1827,0.0148205849625602,-0.000498415710880384,0.000498415710880384,0.913255457149127,-1.1892235778424e-07,1.1892235778424e-07,8.32667268468867e-16,8.32667268468867e-16,17.006077277316,0.692250927835052,67.4737200000001
67,"standard",0.3654,1827,0.0148205849625602,0.831497755296444,0.831497755296444,0.913255457149126,-0.220878546297414,0.220878546297414,-0.220878427380514,0.220878427380514,0.657429805109577,0.211112515264071,9.82445045391816
67,"constrained",0.3654,1827,0.0148205849625602,0.608511447266153,0.608511447266153,0.913255457149126,-0.161680118794022,0.161680118794022,-0.161679999713166,0.161679999713166,2.45203602687446,0.3654,25.2752400828909
68,"unweighted",0.3568,1784,0.0390286480684462,0.486516596518097,0.486516596518097,0.922054544010031,-0.115665444197028,0.115665444197028,-0.248430313901345,0.248430313901345,0,1,1
68,"oracle_ipw",0.3568,1784,0.0390286480684462,-0.0517341855534456,0.0517341855534456,0.922054544010025,0.0255140141685278,0.0255140141685278,0.0738821879129479,0.0738821879129479,10.4089670178666,0.610087966292907,32.944750179817
68,"oracle_joint",0.3568,1784,0.0390286480684462,0.0757278605079793,0.0757278605079793,0.922054544010029,-1.18922357513623e-07,1.18922357513623e-07,2.99760216648792e-15,2.99760216648792e-15,6.18327792198423,0.716589581056466,25.6222044444445
68,"standard",0.3568,1784,0.0390286480684462,0.742212717606449,0.742212717606449,0.922054544010029,-0.191444784211058,0.191444784211058,-0.191444665288724,0.191444665288724,0.606087086590822,0.283069880926759,6.64791095138502
68,"constrained",0.3568,1784,0.0390286480684462,0.642073003915246,0.642073003915246,0.922054544010027,-0.162680118757796,0.162680118757796,-0.162679999632703,0.162679999632703,0.936770921487458,0.3568,9.49880892915085
69,"unweighted",0.3642,1821,0.0382356442361933,0.517859851176384,0.517859851176384,0.915732915305255,-0.118189714191638,0.118189714191638,-0.248635321252059,0.248635321252059,0,1,1
69,"oracle_ipw",0.3642,1821,0.0382356442361933,-0.1755799793122,0.1755799793122,0.915732915305252,0.0210868378821616,0.0210868378821616,0.0701444149028068,0.0701444149028068,10.3910791755783,0.615738579771614,33.2498833076671
69,"oracle_joint",0.3642,1821,0.0382356442361933,-0.0280385828266275,0.0280385828266275,0.915732915305253,-1.18922358228329e-07,1.18922358228329e-07,-3.49720252756924e-15,3.49720252756924e-15,6.32459110271354,0.654017785016286,26.1536066666667
69,"standard",0.3642,1821,0.0382356442361933,0.752559653626419,0.752559653626419,0.915732915305251,-0.193976998372611,0.193976998372611,-0.193976879450282,0.193976879450282,0.585872203245207,0.284358295978517,6.52961236228069
69,"constrained",0.3642,1821,0.0382356442361933,0.630639500747256,0.630639500747256,0.915732915305251,-0.163680118799701,0.163680118799701,-0.163679999726605,0.163679999726605,0.934297046949844,0.3642,9.59464669722304
70,"unweighted",0.367,1835,0.0295119441161826,0.520637343559848,0.520637343559848,0.920318982318521,-0.12249483471759,0.12249483471759,-0.250890572207084,0.250890572207084,0,1,1
70,"oracle_ipw",0.367,1835,0.0295119441161826,-0.093438125059532,0.093438125059532,0.920318982318524,0.00243720559910781,0.00243720559910781,0.0150084748522281,0.0150084748522281,9.34579499766497,0.663921628774919,35.8517679538456
70,"oracle_joint",0.367,1835,0.0295119441161826,-0.0679438907868607,0.0679438907868607,0.920318982318527,-1.18922357333212e-07,1.18922357333212e-07,4.94049245958195e-15,4.94049245958195e-15,8.32122591648906,0.681236026936027,33.8845857142857
70,"standard",0.367,1835,0.0295119441161826,0.784528948569156,0.784528948569156,0.920318982318525,-0.203923711605999,0.203923711605999,-0.203923592683725,0.203923592683725,0.579038840657912,0.26240876996457,7.15602910181439
70,"constrained",0.367,1835,0.0295119441161826,0.621312903403951,0.621312903403951,0.920318982318521,-0.164880118922354,0.164880118922354,-0.164879999999989,0.164879999999989,1.15818015399257,0.367,12.2735285714302
71,"unweighted",0.3744,1872,0.0206633155728003,0.48857404908262,0.48857404908262,0.920361726051924,-0.112953515152471,0.112953515152471,-0.25317811965812,0.25317811965812,0,1,1
71,"oracle_ipw",0.3744,1872,0.0206633155728003,0.130107112766769,0.130107112766769,0.92036172605193,-0.00817652477409177,0.00817652477409177,-0.050411388081927,0.050411388081927,7.745025937829,0.721443187982649,38.9579321510631
71,"oracle_joint",0.3744,1872,0.0206633155728003,0.0750923841009843,0.0750923841009843,0.920361726051929,-1.18922357655871e-07,1.18922357655871e-07,-9.43689570931383e-16,9.43689570931383e-16,12.0747796606502,0.669065542949757,48.394944
71,"standard",0.3744,1872,0.0206633155728003,0.79402327133427,0.79402327133427,0.920361726051927,-0.208572728208383,0.208572728208383,-0.208572609287904,0.208572609287904,0.753396268865868,0.229830836081382,9.35015154138277
71,"constrained",0.3744,1872,0.0206633155728003,0.591715164741869,0.591715164741869,0.920361726051928,-0.149880118918621,0.149880118918621,-0.149879999991511,0.149879999991511,2.20924244835953,0.3744,20.3374080017828
72,"unweighted",0.3772,1886,0.0328158869584579,0.501626092358959,0.501626092358959,0.919904716450563,-0.117041368153457,0.117041368153457,-0.250036436903499,0.250036436903499,0,1,1
72,"oracle_ipw",0.3772,1886,0.0328158869584579,0.00306877703018382,0.00306877703018382,0.91990471645056,0.0145046291865492,0.0145046291865492,0.0367000557103048,0.0367000557103048,9.78183485177224,0.644427112349118,34.7990640668523
72,"oracle_joint",0.3772,1886,0.0328158869584579,0.0720328130084081,0.0720328130084081,0.919904716450563,-1.18922357603829e-07,1.18922357603829e-07,3.33066907387547e-16,3.33066907387547e-16,7.43883596319535,0.676261333333333,30.473045
72,"standard",0.3772,1886,0.0328158869584579,0.769736899244086,0.769736899244086,0.91990471645056,-0.197751497023341,0.197751497023341,-0.197751378101053,0.197751378101053,0.625475912630228,0.268654693436075,7.16310130634064
72,"constrained",0.3772,1886,0.0328158869584579,0.621301157877813,0.621301157877813,0.919904716450564,-0.155680118922364,0.155680118922364,-0.155679999999999,0.155679999999999,1.24196830577272,0.3772,12.1222649999998
73,"unweighted",0.378,1890,0.0204665220911546,0.509345965754231,0.509345965754231,0.92216143631947,-0.118177466914183,0.118177466914183,-0.253228994708995,0.253228994708995,0,1,1
73,"oracle_ipw",0.378,1890,0.0204665220911546,0.159125230940066,0.159125230940066,0.92216143631947,-0.0141761162448059,0.0141761162448059,-0.0522295531826983,0.0522295531826983,7.6832510809706,0.722016563860555,38.98889444847
73,"oracle_joint",0.378,1890,0.0204665220911546,0.087453375371984,0.087453375371984,0.922161436319468,-1.18922357586482e-07,1.18922357586482e-07,-4.9960036108132e-16,4.9960036108132e-16,12.1912120946806,0.707610865874364,48.86028
73,"standard",0.378,1890,0.0204665220911546,0.820560691310029,0.820560691310029,0.922161436319469,-0.211380486192915,0.211380486192915,-0.211380367271676,0.211380367271676,0.677678672205308,0.230517932428293,8.9093905856972
73,"constrained",0.378,1890,0.0204665220911546,0.619751205194554,0.619751205194554,0.922161436319473,-0.153480118830102,0.153480118830102,-0.153479999791441,0.153479999791441,2.06918036254227,0.378,19.8525600440439
74,"unweighted",0.3654,1827,0.0275239435018976,0.482632601752878,0.482632601752878,0.91977990252319,-0.118337652399789,0.118337652399789,-0.25140451012589,0.25140451012589,0,1,1
74,"oracle_ipw",0.3654,1827,0.0275239435018976,0.0391504464466025,0.0391504464466025,0.919779902523185,0.00312840323544266,0.00312840323544266,0.00103486966796401,0.00103486966796401,9.0275212210154,0.675508186443539,36.4774420679511
74,"oracle_joint",0.3654,1827,0.0275239435018976,0.0494140792125949,0.0494140792125949,0.919779902523185,-1.18922356975859e-07,1.18922356975859e-07,7.66053886991358e-15,7.66053886991358e-15,8.95261547338682,0.692250927835051,36.3320030769231
74,"standard",0.3654,1827,0.0275239435018976,0.788220855686032,0.788220855686032,0.919779902523183,-0.203528650698682,0.203528650698682,-0.203528531776502,0.203528531776502,0.637491796821602,0.253796797238967,7.72841634187775
74,"constrained",0.3654,1827,0.0275239435018976,0.631229066524859,0.631229066524859,0.919779902523185,-0.160280118922347,0.160280118922347,-0.160279999999974,0.160279999999974,1.36582267863836,0.3654,13.8064984615427
75,"unweighted",0.3702,1851,0.0376159417364171,0.559344756066829,0.559344756066829,0.919705384401352,-0.119591951137016,0.119591951137016,-0.248795526742301,0.248795526742301,0,1,1
75,"oracle_ipw",0.3702,1851,0.0376159417364171,-0.16498910572043,0.16498910572043,0.919705384401353,0.019045376950555,0.019045376950555,0.066190009023357,0.066190009023357,10.3105531762643,0.618352085084596,33.3910125945682
75,"oracle_joint",0.3702,1851,0.0376159417364171,-0.0207172044493291,0.0207172044493291,0.919705384401353,-1.1892235885283e-07,1.1892235885283e-07,-3.66373598126302e-15,3.66373598126302e-15,6.43374491170859,0.681439933222038,26.5844733333334
75,"standard",0.3702,1851,0.0376159417364171,0.774635445133476,0.774635445133476,0.919705384401355,-0.195166321819493,0.195166321819493,-0.195166202897157,0.195166202897157,0.570872910762062,0.28258546271454,6.51488213540971
75,"constrained",0.3702,1851,0.0376159417364171,0.639800627726053,0.639800627726053,0.919705384401349,-0.162080118747743,0.162080118747743,-0.162079999609949,0.162079999609949,0.963690427109655,0.3702,9.9172467110578
76,"unweighted",0.3682,1841,0.021011258420577,0.532542343908972,0.532542343908972,0.913543186926098,-0.121877002312487,0.121877002312487,-0.253088169473112,0.253088169473112,0,1,1
76,"oracle_ipw",0.3682,1841,0.021011258420577,0.0929351127235348,0.0929351127235348,0.913543186926099,-0.0172670289234099,0.0172670289234099,-0.0472209446360746,0.0472209446360746,7.85220222643658,0.720373260972197,38.9001560924986
76,"oracle_joint",0.3682,1841,0.021011258420577,-0.00274036216616824,0.00274036216616824,0.913543186926098,-1.18922357610768e-07,1.18922357610768e-07,1.16573417585641e-15,1.16573417585641e-15,11.8679958951914,0.64852607028754,47.593532
76,"standard",0.3682,1841,0.021011258420577,0.814313868057724,0.814313868057724,0.913543186926098,-0.212792445950653,0.212792445950653,-0.21279232702906,0.21279232702906,0.631782448569917,0.235986195601434,8.41846459397848
76,"constrained",0.3682,1841,0.021011258420577,0.622666553429585,0.622666553429585,0.913543186926099,-0.162880118822232,0.162880118822232,-0.162879999776577,0.162879999776577,1.6950101379912,0.3682,17.607324045482
77,"unweighted",0.3622,1811,0.0213593190238996,0.574621420248046,0.574621420248046,0.917459703009023,-0.121710390031278,0.121710390031278,-0.252998188845941,0.252998188845941,0,1,1
77,"oracle_ipw",0.3622,1811,0.0213593190238996,0.0950940718407384,0.0950940718407384,0.91745970300902,-0.0156293166674249,0.0156293166674249,-0.0450812648221326,0.0450812648221326,7.87940650127227,0.715810276679842,38.6537549407115
77,"oracle_joint",0.3622,1811,0.0213593190238996,-0.00170293394064314,0.00170293394064314,0.917459703009022,-1.18922357676687e-07,1.18922357676687e-07,1.22124532708767e-15,1.22124532708767e-15,11.6640195910468,0.71442168157424,46.817972
77,"standard",0.3622,1811,0.0213593190238996,0.866916378535682,0.866916378535682,0.917459703009023,-0.212076746082875,0.212076746082875,-0.212076627161169,0.212076627161169,0.62831074178619,0.235701316252256,8.41089482113657
77,"constrained",0.3622,1811,0.0213593190238996,0.669513573198364,0.669513573198364,0.91745970300902,-0.163880118922361,0.163880118922361,-0.16388,0.16388,1.63281626127773,0.3622,17.1393039999998
78,"unweighted",0.3626,1813,0.0192021809581103,0.521054715401438,0.521054715401438,0.914740981585776,-0.118043890770107,0.118043890770107,-0.253555852178709,0.253555852178709,0,1,1
78,"oracle_ipw",0.3626,1813,0.0192021809581103,0.100902999584068,0.100902999584068,0.914740981585778,-0.0178479926581562,0.0178479926581562,-0.0624336574541035,0.0624336574541035,7.40202464649971,0.731490821061125,39.5005043373008
78,"oracle_joint",0.3626,1813,0.0192021809581103,-0.0121362944004266,0.0121362944004266,0.914740981585776,-1.18922358124246e-07,1.18922358124246e-07,2.38697950294409e-15,2.38697950294409e-15,13.0239316940593,0.695309147826087,52.0774177777778
78,"standard",0.3626,1813,0.0192021809581103,0.843167669284833,0.843167669284833,0.914740981585778,-0.212964725206207,0.212964725206207,-0.21296460628551,0.21296460628551,0.686874431582536,0.226092017968903,9.17688097833043
78,"constrained",0.3626,1813,0.0192021809581103,0.627560684889754,0.627560684889754,0.914740981585776,-0.159280118922357,0.159280118922357,-0.159280000000002,0.159280000000002,1.99455754331596,0.3626,19.9913466666664
79,"unweighted",0.362,1810,0.0277824556784347,0.520780036810152,0.520780036810152,0.91608725604324,-0.123815044579573,0.123815044579573,-0.251337679558011,0.251337679558011,0,1,1
79,"oracle_ipw",0.362,1810,0.0277824556784347,-0.0280357376879166,0.0280357376879166,0.91608725604324,-0.00250067405231506,0.00250067405231506,0.00287695838266139,0.00287695838266139,9.07032772264004,0.673972214633356,36.3944995902012
79,"oracle_joint",0.362,1810,0.0277824556784347,-0.0310082234537521,0.0310082234537521,0.91608725604324,-1.18922357392193e-07,1.18922357392193e-07,6.10622663543836e-16,6.10622663543836e-16,8.86651910756827,0.703952733686067,35.9939384615385
79,"standard",0.362,1810,0.0277824556784347,0.745576432856835,0.745576432856835,0.916087256043239,-0.206267294360197,0.206267294360197,-0.206267175437947,0.206267175437947,0.572389695878774,0.25791238816362,7.27520095825847
79,"constrained",0.362,1810,0.0277824556784347,0.600297823636051,0.600297823636051,0.91608725604324,-0.167680118922266,0.167680118922266,-0.167679999999791,0.167679999999791,1.16355000906902,0.362,12.6477230769551
80,"unweighted",0.364,1820,0.0276298048230587,0.510484472342869,0.510484472342869,0.929064936108853,-0.120305424727936,0.120305424727936,-0.251377142857143,0.251377142857143,0,1,1
80,"oracle_ipw",0.364,1820,0.0276298048230587,-0.108387124853154,0.108387124853154,0.929064936108849,0.00118111176292079,0.00118111176292079,0.00164915184388575,0.00164915184388575,9.03500691359195,0.674512615891572,36.4236812581449
80,"oracle_joint",0.364,1820,0.0276298048230587,-0.1031323617115,0.1031323617115,0.929064936108849,-1.18922358335882e-07,1.18922358335882e-07,-3.1641356201817e-15,3.1641356201817e-15,8.91644860760503,0.710347610619469,36.1928
80,"standard",0.364,1820,0.0276298048230587,0.759242586559428,0.759242586559428,0.929064936108852,-0.204485485358267,0.204485485358267,-0.204485366436055,0.204485366436055,0.612723871012708,0.255047817391442,7.56484869895726
80,"constrained",0.364,1820,0.0276298048230587,0.583780516322345,0.583780516322345,0.929064936108849,-0.162880118922326,0.162880118922326,-0.162879999999935,0.162879999999935,1.29081682555761,0.364,13.3896000000104
81,"unweighted",0.374,1870,0.031028123063328,0.51495754845898,0.51495754845898,0.913218212176675,-0.119570187114872,0.119570187114872,-0.250498609625669,0.250498609625669,0,1,1
81,"oracle_ipw",0.374,1870,0.031028123063328,-0.0576737917293286,0.0576737917293286,0.913218212176677,0.00865849171345008,0.00865849171345008,0.0249521149713026,0.0249521149713026,9.54276472795791,0.654435623452258,35.3395236664219
81,"oracle_joint",0.374,1870,0.031028123063328,-0.00655057405860926,0.00655057405860926,0.913218212176677,-1.18922358783441e-07,1.18922358783441e-07,-2.83106871279415e-15,2.83106871279415e-15,7.89191065606999,0.693062857142857,32.2288266666667
81,"standard",0.374,1870,0.031028123063328,0.78794134567285,0.78794134567285,0.913218212176676,-0.200812679642246,0.200812679642246,-0.200812560719963,0.200812560719963,0.604002442512006,0.26470043621012,7.19419409691376
81,"constrained",0.374,1870,0.031028123063328,0.622831244179162,0.622831244179162,0.913218212176677,-0.159080118922357,0.159080118922357,-0.159079999999999,0.159079999999999,1.22946038661372,0.374,12.3968533333336
82,"unweighted",0.3654,1827,0.0232894906554518,0.552418371907752,0.552418371907752,0.914255588327502,-0.125386034794981,0.125386034794981,-0.252499200875753,0.252499200875753,0,1,1
82,"oracle_ipw",0.3654,1827,0.0232894906554518,0.0867273200270444,0.0867273200270444,0.914255588327502,-0.0151798762706965,0.0151798762706965,-0.0292206369426723,0.0292206369426723,8.33770469590487,0.705269253039953,38.0845396641575
82,"oracle_joint",0.3654,1827,0.0232894906554518,0.0162933606746433,0.0162933606746433,0.914255588327502,-1.18922357402601e-07,1.18922357402601e-07,1.16573417585641e-15,1.16573417585641e-15,10.6660402961034,0.636477156398104,42.9378218181818
82,"standard",0.3654,1827,0.0232894906554518,0.83334689288209,0.83334689288209,0.914255588327501,-0.211955205683007,0.211955205683007,-0.211955086760951,0.211955086760951,0.580261647434473,0.246316066700311,7.73400877162323
82,"constrained",0.3654,1827,0.0232894906554518,0.665757269265896,0.665757269265896,0.914255588327502,-0.168480118910352,0.168480118910352,-0.168479999973412,0.168479999973412,1.36459742389556,0.3654,14.9548254593984
83,"unweighted",0.3554,1777,0.0522431875101167,0.517945497866476,0.517945497866476,0.91405277100938,-0.116200036459165,0.116200036459165,-0.245014091164885,0.245014091164885,0,1,1
83,"oracle_ipw",0.3554,1777,0.0522431875101167,-0.228968177136436,0.228968177136436,0.91405277100938,0.0373327535476185,0.0373327535476185,0.143039329454658,0.143039329454658,11.3102936263793,0.55059485219207,29.7321220183718
83,"oracle_joint",0.3554,1777,0.0522431875101167,0.0346288421312529,0.0346288421312529,0.914052771009381,-1.18922357655871e-07,1.18922357655871e-07,1.55431223447522e-15,1.55431223447522e-15,4.51197810965293,0.665303972835314,19.1412516666667
83,"standard",0.3554,1777,0.0522431875101167,0.742819455033843,0.742819455033843,0.914052771009381,-0.182650434374525,0.182650434374525,-0.182650315452167,0.182650315452167,0.538520160711364,0.314815972424234,5.61751789339582
83,"constrained",0.3554,1777,0.0522431875101167,0.683224085051193,0.683224085051193,0.914052771009381,-0.167280118915387,0.167280118915387,-0.167279999984534,0.167279999984534,0.658549064604464,0.3554,6.75556166792676
84,"unweighted",0.3584,1792,0.0345372560288234,0.526609032670936,0.526609032670936,0.913668641033478,-0.118580363806287,0.118580363806287,-0.249591428571429,0.249591428571429,0,1,1
84,"oracle_ipw",0.3584,1792,0.0345372560288234,-0.0916654762192038,0.0916654762192038,0.913668641033478,0.0157160430035662,0.0157160430035662,0.0474231206290615,0.0474231206290615,9.977150769911,0.634548694638067,34.2656295104556
84,"oracle_joint",0.3584,1792,0.0345372560288234,0.00555589906363874,0.00555589906363874,0.913668641033477,-1.18922357773832e-07,1.18922357773832e-07,-1.16573417585641e-15,1.16573417585641e-15,7.0456285160142,0.69085986013986,28.95424
84,"standard",0.3584,1792,0.0345372560288234,0.763387426436537,0.763387426436537,0.913668641033477,-0.197085635749572,0.197085635749572,-0.197085516827253,0.197085516827253,0.597241668628319,0.273748854002553,6.88066211534895
84,"constrained",0.3584,1792,0.0345372560288234,0.638782012970223,0.638782012970223,0.913668641033478,-0.164680118922364,0.164680118922364,-0.164680000000003,0.164680000000003,1.01033461337131,0.3584,10.5100799999996
85,"unweighted",0.3554,1777,0.0239447942754701,0.507149471275172,0.507149471275172,0.929589010238055,-0.1237440657283,0.1237440657283,-0.252329791783905,0.252329791783905,0,1,1
85,"oracle_ipw",0.3554,1777,0.0239447942754701,0.13893704610511,0.13893704610511,0.929589010238051,-0.0115992141464176,0.0115992141464176,-0.0243907122032267,0.0243907122032267,8.45308321083273,0.700417078139493,37.8225222195326
85,"oracle_joint",0.3554,1777,0.0239447942754701,0.0931231548485744,0.0931231548485744,0.929589010238054,-1.18922357145862e-07,1.18922357145862e-07,4.71844785465692e-15,4.71844785465692e-15,10.3610420520722,0.645575024711697,41.7627309090909
85,"standard",0.3554,1777,0.0239447942754701,0.799492870403116,0.799492870403116,0.929589010238045,-0.21038238684474,0.21038238684474,-0.210382267922667,0.210382267922667,0.59503842692995,0.247099498332383,7.77643180923004
85,"constrained",0.3554,1777,0.0239447942754701,0.664847361198217,0.664847361198217,0.929589010238055,-0.170280118914442,0.170280118914442,-0.17027999998251,0.17027999998251,1.29015619504887,0.3554,14.2547709121896
86,"unweighted",0.359,1795,0.0387894752947677,0.511263830511846,0.511263830511846,0.91464018147279,-0.116624726544706,0.116624726544706,-0.248492144846797,0.248492144846797,0,1,1
86,"oracle_ipw",0.359,1795,0.0387894752947677,-0.0950840634325149,0.0950840634325149,0.914640181472788,0.0241040913566548,0.0241040913566548,0.0725714755718955,0.0725714755718955,10.3914718102233,0.611429216719705,33.0171777028641
86,"oracle_joint",0.359,1795,0.0387894752947677,0.0430918622641641,0.0430918622641641,0.914640181472788,-1.18922358176288e-07,1.18922358176288e-07,-2.1094237467878e-15,2.1094237467878e-15,6.22428629496349,0.713213333333333,25.7801888888889
86,"standard",0.359,1795,0.0387894752947677,0.775061419638575,0.775061419638575,0.914640181472789,-0.192265499533824,0.192265499533824,-0.192265380611485,0.192265380611485,0.596524322804619,0.283105383888465,6.60705787791067
86,"constrained",0.359,1795,0.0387894752947677,0.663188943497148,0.663188943497148,0.914640181472789,-0.162880118743002,0.162880118743002,-0.162879999599783,0.162879999599783,0.93492363473061,0.359,9.53743337746434
87,"unweighted",0.3814,1907,0.0223124800354014,0.531678924536296,0.531678924536296,0.933473066739826,-0.120627756769149,0.120627756769149,-0.252751777661248,0.252751777661248,0,1,1
87,"oracle_ipw",0.3814,1907,0.0223124800354014,0.187740449289929,0.187740449289929,0.933473066739826,-0.0120448729928626,0.0120448729928626,-0.0372318248742746,0.0372318248742746,8.10631046004334,0.710431902297594,38.3633227240701
87,"oracle_joint",0.3814,1907,0.0223124800354014,0.136437268749004,0.136437268749004,0.933473066739823,-1.18922357572604e-07,1.18922357572604e-07,-1.83186799063151e-15,1.83186799063151e-15,11.1479796899824,0.670704370015949,44.8179672727273
87,"standard",0.3814,1907,0.0223124800354014,0.841488893146932,0.841488893146932,0.93347306673983,-0.210517373515711,0.210517373515711,-0.210517254593919,0.210517254593919,0.638477748657152,0.238996921114001,8.32193049905684
87,"constrained",0.3814,1907,0.0223124800354014,0.65917094083383,0.65917094083383,0.933473066739829,-0.156080118916187,0.156080118916187,-0.156079999986094,0.156079999986094,1.80422652184626,0.3814,17.7593709117766
88,"unweighted",0.3596,1798,0.0322706285475102,0.487674090831366,0.487674090831366,0.914672307701096,-0.116028763526477,0.116028763526477,-0.250177397107898,0.250177397107898,0,1,1
88,"oracle_ipw",0.3596,1798,0.0322706285475102,-0.0448784275762318,0.0448784275762318,0.914672307701097,0.0148878211681851,0.0148878211681851,0.0329403524746077,0.0329403524746077,9.69650424742366,0.646970016974475,34.9363809166217
88,"oracle_joint",0.3596,1798,0.0322706285475102,0.0261563076647663,0.0261563076647663,0.914672307701098,-1.1892235778771e-07,1.1892235778771e-07,2.55351295663786e-15,2.55351295663786e-15,7.57089892604788,0.695605192982456,30.9879306666667
88,"standard",0.3596,1798,0.0322706285475102,0.74626826570596,0.74626826570596,0.914672307701099,-0.19754892576573,0.19754892576573,-0.197548806843463,0.197548806843463,0.639409636709721,0.266081539426732,7.30841368636648
88,"constrained",0.3596,1798,0.0322706285475102,0.61260182288122,0.61260182288122,0.914672307701098,-0.16088011892236,0.16088011892236,-0.160879999999998,0.160879999999998,1.16394139355493,0.3596,11.7037813333335
89,"unweighted",0.3714,1857,0.0312453366335074,0.455321465490026,0.455321465490026,0.915327364373897,-0.119063819502156,0.119063819502156,-0.250442455573506,0.250442455573506,0,1,1
89,"oracle_ipw",0.3714,1857,0.0312453366335074,-0.126210507289724,0.126210507289724,0.915327364373899,0.00964737989239917,0.00964737989239917,0.0263200641387046,0.0263200641387046,9.56745503280424,0.653022221117993,35.2631999403716
89,"oracle_joint",0.3714,1857,0.0312453366335074,-0.0703011163207446,0.0703011163207446,0.915327364373899,-1.18922357923018e-07,1.18922357923018e-07,-1.4432899320127e-15,1.4432899320127e-15,7.83375889892597,0.697624599659285,32.004776
89,"standard",0.3714,1857,0.0312453366335074,0.706113105185784,0.706113105185784,0.915327364373899,-0.200303234263418,0.200303234263418,-0.200303115341132,0.200303115341132,0.60855808053843,0.26492735226386,7.20725032077015
89,"constrained",0.3714,1857,0.0312453366335074,0.547874691055053,0.547874691055053,0.915327364373898,-0.15948011892236,0.15948011892236,-0.159479999999999,0.159479999999999,1.21479810798217,0.3714,12.2611520000001
90,"unweighted",0.3748,1874,0.0288977681180337,0.471413025049463,0.471413025049463,0.914593424773184,-0.113377076243885,0.113377076243885,-0.251049348986126,0.251049348986126,0,1,1
90,"oracle_ipw",0.3748,1874,0.0288977681180337,-0.0152716010913916,0.0152716010913916,0.91459342477318,0.0116929250219815,0.0116929250219815,0.0102748058974613,0.0102748058974613,9.21729052232645,0.666298235782884,35.9801047322757
90,"oracle_joint",0.3748,1874,0.0288977681180337,0.0274087161694641,0.0274087161694641,0.914593424773183,-1.18922356739937e-07,1.18922356739937e-07,3.77475828372553e-15,3.77475828372553e-15,8.50537888487434,0.708841303602058,34.6047485714286
90,"standard",0.3748,1874,0.0288977681180337,0.773306946045348,0.773306946045348,0.914593424773184,-0.199165195667461,0.199165195667461,-0.199165076745322,0.199165076745322,0.692309526494813,0.25495068368254,7.94508044138386
90,"constrained",0.3748,1874,0.0288977681180337,0.592473268463805,0.592473268463805,0.914593424773184,-0.150880118922355,0.150880118922355,-0.150880000000004,0.150880000000004,1.54309545427026,0.3748,14.4083828571427
91,"unweighted",0.3648,1824,0.0339313392563879,0.519273002215931,0.519273002215931,0.915795321457029,-0.120210377926358,0.120210377926358,-0.249748070175439,0.249748070175439,0,1,1
91,"oracle_ipw",0.3648,1824,0.0339313392563879,-0.120956635095259,0.120956635095259,0.915795321457026,0.0128510555394173,0.0128510555394173,0.0438077042446374,0.0438077042446374,9.9185557026387,0.638247375627566,34.4653582838886
91,"oracle_joint",0.3648,1824,0.0339313392563879,-0.0323536141164366,0.0323536141164366,0.91579532145703,-1.18922356934226e-07,1.18922356934226e-07,-1.16573417585641e-15,1.16573417585641e-15,7.17999373140272,0.680589644670051,29.47128
91,"standard",0.3648,1824,0.0339313392563879,0.775684566987748,0.775684566987748,0.915795321457031,-0.198621416398013,0.198621416398013,-0.198621297475683,0.198621297475683,0.582489482402935,0.273358306828056,6.82845208777303
91,"constrained",0.3648,1824,0.0339313392563879,0.635162440005706,0.635162440005706,0.915795321457029,-0.16408011892236,0.16408011892236,-0.164080000000001,0.164080000000001,1.03127418263119,0.3648,10.7661599999998
92,"unweighted",0.3704,1852,0.0271523999881031,0.49180526520182,0.49180526520182,0.925479740891281,-0.121948939400243,0.121948939400243,-0.251500561555076,0.251500561555076,0,1,1
92,"oracle_ipw",0.3704,1852,0.0271523999881031,-0.105219792911778,0.105219792911778,0.925479740891277,-0.00195047141177808,0.00195047141177808,-0.00118810903852407,0.00118810903852407,8.99662968918852,0.678886982992364,36.6598970815877
92,"oracle_joint",0.3704,1852,0.0271523999881031,-0.112569104609497,0.112569104609497,0.925479740891282,-1.1892235835323e-07,1.1892235835323e-07,-4.82947015711943e-15,4.82947015711943e-15,9.08329306612687,0.664069983739837,36.8291569230769
92,"standard",0.3704,1852,0.0271523999881031,0.753759006359997,0.753759006359997,0.925479740891276,-0.206003171793882,0.206003171793882,-0.206003052871665,0.206003052871665,0.598173345125888,0.255487922420672,7.4816450832106
92,"constrained",0.3704,1852,0.0271523999881031,0.57240871852324,0.57240871852324,0.925479740891281,-0.162880118922328,0.162880118922328,-0.162879999999935,0.162879999999935,1.30871405029317,0.3704,13.6250215384721
93,"unweighted",0.3642,1821,0.0339872393210607,0.493529949399234,0.493529949399234,0.913349577850626,-0.117431581225246,0.117431581225246,-0.249733618890719,0.249733618890719,0,1,1
93,"oracle_ipw",0.3642,1821,0.0339872393210607,-0.10293816647564,0.10293816647564,0.913349577850625,0.0162073113961629,0.0162073113961629,0.0438042546296802,0.0438042546296802,9.90115555700551,0.637190356111866,34.4082792300408
93,"oracle_joint",0.3642,1821,0.0339872393210607,-0.0109168993797096,0.0109168993797096,0.913349577850625,-1.18922357482398e-07,1.18922357482398e-07,6.82787160144471e-15,6.82787160144471e-15,7.16597444924301,0.704503368421053,29.4228075
93,"standard",0.3642,1821,0.0339872393210607,0.733663448314966,0.733663448314966,0.913349577850625,-0.196826549349178,0.196826549349178,-0.196826430426873,0.196826430426873,0.612804141949418,0.271351135025387,7.02149938704325
93,"constrained",0.3642,1821,0.0339872393210607,0.59768066588298,0.59768066588298,0.913349577850625,-0.160880118922357,0.160880118922357,-0.160880000000001,0.160880000000001,1.09775204048079,0.3642,11.1126525
94,"unweighted",0.3552,1776,0.0196022263947376,0.425685879991734,0.425685879991734,0.916477396039329,-0.11754752811934,0.11754752811934,-0.253452432432432,0.253452432432432,0,1,1
94,"oracle_ipw",0.3552,1776,0.0196022263947376,0.0173184933443797,0.0173184933443797,0.916477396039331,-0.0161469503793887,0.0161469503793887,-0.0590833576652088,0.0590833576652088,7.50025008512055,0.72880550779133,39.3554974207318
94,"oracle_joint",0.3552,1776,0.0196022263947376,-0.0828008367860927,0.0828008367860927,0.916477396039331,-1.18922356358298e-07,1.18922356358298e-07,7.21644966006352e-16,7.21644966006352e-16,12.7497194251872,0.687093894736842,51.0146133333333
94,"standard",0.3552,1776,0.0196022263947376,0.717791390847882,0.717791390847882,0.916477396039332,-0.212224056234189,0.212224056234189,-0.21222393731338,0.21222393731338,0.691961240581606,0.227470239054693,9.13575637022191
94,"constrained",0.3552,1776,0.0196022263947376,0.527874242805396,0.527874242805396,0.916477396039331,-0.161880118922358,0.161880118922358,-0.161879999999998,0.161879999999998,1.86796938379419,0.3552,19.0702933333335
95,"unweighted",0.356,1780,0.0304238300298849,0.516027595882648,0.516027595882648,0.930679827378331,-0.123737053503347,0.123737053503347,-0.250654831460674,0.250654831460674,0,1,1
95,"oracle_ipw",0.356,1780,0.0304238300298849,0.0841365331497241,0.0841365331497241,0.930679827378328,0.00261898750180078,0.00261898750180078,0.0214371724132416,0.0214371724132416,9.4952612084029,0.65915842181953,35.5945547782546
95,"oracle_joint",0.356,1780,0.0304238300298849,0.104514302956604,0.104514302956604,0.93067982737833,-1.18922357066065e-07,1.18922357066065e-07,5.27355936696949e-15,5.27355936696949e-15,8.06051635638689,0.659706890756304,32.8689714285715
95,"standard",0.356,1780,0.0304238300298849,0.766594508924161,0.766594508924161,0.930679827378327,-0.203842647968873,0.203842647968873,-0.203842529046577,0.203842529046577,0.56229183661671,0.266422440148643,6.95184987836575
95,"constrained",0.356,1780,0.0304238300298849,0.659532267681307,0.659532267681307,0.930679827378328,-0.170880118922354,0.170880118922354,-0.170879999999986,0.170879999999986,1.00662947409912,0.356,11.1428000000019
96,"unweighted",0.3618,1809,0.0277978135864936,0.492578006320864,0.492578006320864,0.917443227377625,-0.115758005150138,0.115758005150138,-0.25133370923162,0.25133370923162,0,1,1
96,"oracle_ipw",0.3618,1809,0.0277978135864936,-0.0701861520411537,0.0701861520411537,0.917443227377626,0.0061549182528974,0.0061549182528974,0.00328809900905752,0.00328809900905752,9.0945645941137,0.674659332061803,36.4316039313374
96,"oracle_joint",0.3618,1809,0.0277978135864936,-0.0499908429035135,0.0499908429035135,0.917443227377626,-1.1892235772526e-07,1.1892235772526e-07,4.9960036108132e-16,4.9960036108132e-16,8.86329301408014,0.657200461285008,35.9740523076923
96,"standard",0.3618,1809,0.0277978135864936,0.738524686650637,0.738524686650637,0.917443227377629,-0.201985307378304,0.201985307378304,-0.201985188456215,0.201985188456215,0.672139991917844,0.254520724061874,7.86703646791003
96,"constrained",0.3618,1809,0.0277978135864936,0.574153253150161,0.574153253150161,0.917443227377625,-0.159880118922361,0.159880118922361,-0.159879999999995,0.159879999999995,1.37969873046069,0.3618,13.7261353846159
97,"unweighted",0.364,1820,0.025504435221285,0.475323388002736,0.475323388002736,0.93544224802838,-0.11573924914528,0.11573924914528,-0.251926593406593,0.251926593406593,0,1,1
97,"oracle_ipw",0.364,1820,0.025504435221285,0.117241056783881,0.117241056783881,0.935442248028375,0.00139963753431974,0.00139963753431974,-0.0133526338754254,0.0133526338754254,8.69721123064578,0.688587355473353,37.183717195561
97,"oracle_joint",0.364,1820,0.025504435221285,0.116576242181934,0.116576242181934,0.935442248028372,-1.1892235809649e-07,1.1892235809649e-07,1.66533453693773e-15,1.66533453693773e-15,9.69768461181994,0.676806745362563,39.2088666666667
97,"standard",0.364,1820,0.025504435221285,0.802667878075144,0.802667878075144,0.935442248028386,-0.204281588610201,0.204281588610201,-0.204281469688247,0.204281469688247,0.68348039339072,0.246707396068415,8.22617709729732
97,"constrained",0.364,1820,0.025504435221285,0.646825743716628,0.646825743716628,0.935442248028366,-0.157880118922315,0.157880118922315,-0.15787999999991,0.15787999999991,1.55133452590742,0.364,15.2637333333487
98,"unweighted",0.3526,1763,0.0263290255829488,0.49529680766936,0.49529680766936,0.91358222844692,-0.119544264051475,0.119544264051475,-0.251713420306296,0.251713420306296,0,1,1
98,"oracle_ipw",0.3526,1763,0.0263290255829488,0.0200732602990933,0.0200732602990933,0.91358222844692,-0.000910269202166296,0.000910269202166296,-0.00733181110325154,0.00733181110325154,8.84192701387759,0.683402433680519,36.903731418748
98,"oracle_joint",0.3526,1763,0.0263290255829488,0.0110875687090298,0.0110875687090298,0.91358222844692,-1.18922357947304e-07,1.18922357947304e-07,-1.77635683940025e-15,1.77635683940025e-15,9.37976044037451,0.682064491228071,37.9808966666667
98,"standard",0.3526,1763,0.0263290255829488,0.773258759950688,0.773258759950688,0.913582228446919,-0.205471116565157,0.205471116565157,-0.205470997643027,0.205470997643027,0.629787425732798,0.25106214351009,7.79378259628629
98,"constrained",0.3526,1763,0.0263290255829488,0.628626108811019,0.628626108811019,0.91358222844692,-0.166480118922111,0.166480118922111,-0.166479999999449,0.166479999999449,1.27628591056907,0.3526,13.5222100000891
99,"unweighted",0.3656,1828,0.0253928184369468,0.53488061745668,0.53488061745668,0.91580721898553,-0.116439792366349,0.116439792366349,-0.251955448577681,0.251955448577681,0,1,1
99,"oracle_ipw",0.3656,1828,0.0253928184369468,0.0794353844456956,0.0794353844456956,0.915807218985527,0.000639329749554458,0.000639329749554458,-0.0145545797739116,0.0145545797739116,8.64939367203557,0.688223438539054,37.1640656811089
99,"oracle_joint",0.3656,1828,0.0253928184369468,0.06876100393167,0.06876100393167,0.915807218985529,-1.1892235791261e-07,1.1892235791261e-07,-3.33066907387547e-15,3.33066907387547e-15,9.73997587117764,0.717278576512455,39.3812133333333
99,"standard",0.3656,1828,0.0253928184369468,0.817131000991189,0.817131000991189,0.91580721898553,-0.204650580564919,0.204650580564919,-0.204650461642909,0.204650461642909,0.67241808579255,0.245830700025443,8.20612634307614
99,"constrained",0.3656,1828,0.0253928184369468,0.643905727245033,0.643905727245033,0.915807218985528,-0.157280118922255,0.157280118922255,-0.157279999999772,0.157279999999772,1.56695982558947,0.3656,15.4222266667056
100,"unweighted",0.3704,1852,0.0313296922939651,0.539224932515127,0.539224932515127,0.918345060499371,-0.124867388429722,0.124867388429722,-0.250420647948164,0.250420647948164,0,1,1
100,"oracle_ipw",0.3704,1852,0.0313296922939651,-0.0921031883402591,0.0921031883402591,0.918345060499373,0.00299490096520524,0.00299490096520524,0.0275254939773915,0.0275254939773915,9.62374944239304,0.654020067711252,35.3170836564076
100,"oracle_joint",0.3704,1852,0.0313296922939651,-0.0487100956508401,0.0487100956508401,0.918345060499374,-1.18922358283841e-07,1.18922358283841e-07,1.33226762955019e-15,1.33226762955019e-15,7.81539495874002,0.655542600321027,31.9186026666667
100,"standard",0.3704,1852,0.0313296922939651,0.785030827997312,0.785030827997312,0.918345060499369,-0.203657537306453,0.203657537306453,-0.203657418384131,0.203657418384131,0.546195532016723,0.269893503194038,6.77370007684037
100,"constrained",0.3704,1852,0.0313296922939651,0.635288722700071,0.635288722700071,0.918345060499371,-0.167080118922356,0.167080118922356,-0.167079999999999,0.167079999999999,1.04085713372036,0.3704,11.2897920000002
101,"unweighted",0.379,1895,0.0285775289990475,0.548319309696654,0.548319309696654,0.916140020112813,-0.117114022166807,0.117114022166807,-0.251132137203166,0.251132137203166,0,1,1
101,"oracle_ipw",0.379,1895,0.0285775289990475,-0.0280760863651908,0.0280760863651908,0.916140020112813,0.00595535212572432,0.00595535212572432,0.00895528664796108,0.00895528664796108,9.2318866091849,0.670457233065995,36.2046905855637
101,"oracle_joint",0.379,1895,0.0285775289990475,0.000172552452460284,0.000172552452460284,0.916140020112815,-1.18922357461582e-07,1.18922357461582e-07,-3.10862446895044e-15,3.10862446895044e-15,8.61107429884671,0.640928527607362,34.9925285714286
101,"standard",0.379,1895,0.0285775289990475,0.84222786715352,0.84222786715352,0.916140020112812,-0.202101796099116,0.202101796099116,-0.202101677176975,0.202101677176975,0.652461553693053,0.258305904030949,7.63662298212412
101,"constrained",0.379,1895,0.0285775289990475,0.647978954450762,0.647978954450762,0.916140020112814,-0.155480118922364,0.155480118922364,-0.155479999999997,0.155479999999997,1.43919401529904,0.379,13.9472000000001
102,"unweighted",0.356,1780,0.0260775685970442,0.524059749517101,0.524059749517101,0.921306682390077,-0.1238513067542,0.1238513067542,-0.251778426966292,0.251778426966292,0,1,1
102,"oracle_ipw",0.356,1780,0.0260775685970442,0.0999949527143412,0.0999949527143412,0.921306682390079,-0.00634570525204139,0.00634570525204139,-0.00895640976050879,0.00895640976050879,8.8129960265395,0.685529615164036,37.0185992188579
102,"oracle_joint",0.356,1780,0.0260775685970442,0.0755644997881798,0.0755644997881798,0.921306682390078,-1.18922357399132e-07,1.18922357399132e-07,6.66133814775094e-16,6.66133814775094e-16,9.47575151765907,0.674442611683849,38.3471333333333
102,"standard",0.356,1780,0.0260775685970442,0.816717066227029,0.816717066227029,0.921306682390077,-0.20804859407583,0.20804859407583,-0.208048475153635,0.208048475153635,0.581053068755394,0.253060779132173,7.4866095188827
102,"constrained",0.356,1780,0.0260775685970442,0.680745565849109,0.680745565849109,0.921306682390078,-0.169880118921379,0.169880118921379,-0.16987999999783,0.16987999999783,1.19123343412704,0.356,13.1482666670197
103,"unweighted",0.3696,1848,0.0293043384486987,0.547355099098476,0.547355099098476,0.914433972328822,-0.116676136932816,0.116676136932816,-0.250944242424242,0.250944242424242,0,1,1
103,"oracle_ipw",0.3696,1848,0.0293043384486987,-0.0195976244874815,0.0195976244874815,0.914433972328823,0.00867131543736024,0.00867131543736024,0.013284290906251,0.013284290906251,9.29359992993237,0.664410488881941,35.8781663996248
103,"oracle_joint",0.3696,1848,0.0293043384486987,0.0200551703393564,0.0200551703393564,0.914433972328823,-1.18922357995876e-07,1.18922357995876e-07,6.10622663543836e-16,6.10622663543836e-16,8.381673792677,0.695428259385666,34.12464
103,"standard",0.3696,1848,0.0293043384486987,0.820462700470743,0.820462700470743,0.914433972328825,-0.200772502901437,0.200772502901437,-0.200772383979216,0.200772383979216,0.648032705668043,0.258075793379973,7.62268531474809
103,"constrained",0.3696,1848,0.0293043384486987,0.646276826631067,0.646276826631067,0.914433972328823,-0.157080118922362,0.157080118922362,-0.157079999999997,0.157079999999997,1.36120552711754,0.3696,13.3900800000002
104,"unweighted",0.3628,1814,0.0234563943922329,0.461272730576077,0.461272730576077,1.03203011984901,-0.124234467719845,0.124234467719845,-0.25245605292172,0.25245605292172,0,1,1
104,"oracle_ipw",0.3628,1814,0.0234563943922329,-0.255175883127332,0.255175883127332,1.03203011984902,-0.012970579193396,0.012970579193396,-0.0285296797272789,0.0285296797272789,8.32674922822093,0.70236101174193,37.9274946340642
104,"oracle_joint",0.3628,1814,0.0234563943922329,-0.352794534064055,0.352794534064055,1.03203011984901,-1.18922358623846e-07,1.18922358623846e-07,-9.99200722162641e-16,9.99200722162641e-16,10.5831140400439,0.688508227194492,42.6322981818182
104,"standard",0.3628,1814,0.0234563943922329,0.713387974948872,0.713387974948872,1.03203011984901,-0.210981206159264,0.210981206159264,-0.210981087237204,0.210981087237204,0.588814906204023,0.244644848298305,7.83959888652965
104,"constrained",0.3628,1814,0.0234563943922329,0.491535997679393,0.491535997679393,1.03203011984901,-0.167080118902793,0.167080118902793,-0.167079999956594,0.167079999956594,1.3912010548333,0.3628,15.0792872806059
105,"unweighted",0.3604,1802,0.0407853944668902,0.490352311580674,0.490352311580674,0.918034426168761,-0.117885840156127,0.117885840156127,-0.24797615982242,0.24797615982242,0,1,1
105,"oracle_ipw",0.3604,1802,0.0407853944668902,-0.238562216302907,0.238562216302907,0.918034426168756,0.0249564249967027,0.0249564249967027,0.0844025361706768,0.0844025361706768,10.5972716540645,0.602286949492747,32.5234952726084
105,"oracle_joint",0.3604,1802,0.0407853944668902,-0.0593926222023345,0.0593926222023345,0.918034426168758,-1.18922357007084e-07,1.18922357007084e-07,2.66453525910038e-15,2.66453525910038e-15,5.900153244167,0.675811292517007,24.5185810526316
105,"standard",0.3604,1802,0.0407853944668902,0.686243677838272,0.686243677838272,0.918034426168758,-0.191643400689342,0.191643400689342,-0.191643281767003,0.191643281767003,0.574257108929546,0.289572254017384,6.34272875030895
105,"constrained",0.3604,1802,0.0407853944668902,0.581336260490203,0.581336260490203,0.918034426168756,-0.16468011883671,0.16468011883671,-0.164679999809366,0.164679999809366,0.861207920383556,0.3604,8.89998317784741
106,"unweighted",0.3538,1769,0.0240530805130076,0.510004753202924,0.510004753202924,0.917066605438692,-0.123795185932222,0.123795185932222,-0.252301797625777,0.252301797625777,0,1,1
106,"oracle_ipw",0.3538,1769,0.0240530805130076,0.00365802946708704,0.00365802946708704,0.917066605438691,-0.0110784242042502,0.0110784242042502,-0.0238704628754984,0.0238704628754984,8.45159948633672,0.698813183793346,37.7359119248407
106,"oracle_joint",0.3538,1769,0.0240530805130076,-0.0536192212741563,0.0536192212741563,0.917066605438687,-1.1892235753444e-07,1.1892235753444e-07,5.99520433297585e-15,5.99520433297585e-15,10.3103240914083,0.672585999999999,41.5747163636363
106,"standard",0.3538,1769,0.0240530805130076,0.774511407126116,0.774511407126116,0.917066605438686,-0.210154285159967,0.210154285159967,-0.210154166237866,0.210154166237866,0.591640354518394,0.246600303839499,7.77810544775566
106,"constrained",0.3538,1769,0.0240530805130076,0.617383813848743,0.617383813848743,0.917066605438686,-0.170280118909102,0.170280118909102,-0.170279999970717,0.170279999970717,1.28100825199807,0.3538,14.1905963688014
107,"unweighted",0.3646,1823,0.0212187201054757,0.522553929855559,0.522553929855559,0.915617431880823,-0.122728930767704,0.122728930767704,-0.253034536478332,0.253034536478332,0,1,1
107,"oracle_ipw",0.3646,1823,0.0212187201054757,0.0653878922773987,0.0653878922773987,0.915617431880823,-0.017749933597751,0.017749933597751,-0.0454588542816995,0.0454588542816995,7.90547180453401,0.719278645637886,38.8410468644459
107,"oracle_joint",0.3646,1823,0.0212187201054757,-0.0323167753115625,0.0323167753115625,0.915617431880823,-1.18922357759954e-07,1.18922357759954e-07,7.21644966006352e-16,7.21644966006352e-16,11.748735991082,0.640140063694267,47.128196
107,"standard",0.3646,1823,0.0212187201054757,0.799103972029069,0.799103972029069,0.915617431880823,-0.213010842831942,0.213010842831942,-0.213010723910254,0.213010723910254,0.621259576695444,0.237549399288381,8.29634103118549
107,"constrained",0.3646,1823,0.0212187201054757,0.613582654685326,0.613582654685326,0.915617431880821,-0.165480118822032,0.165480118822032,-0.165479999776929,0.165479999776929,1.59717025557218,0.3646,16.9611920448379
108,"unweighted",0.3676,1838,0.0210455531840491,0.536338909233403,0.536338909233403,0.987578322208634,-0.123012213291213,0.123012213291213,-0.25307930359086,0.25307930359086,0,1,1
108,"oracle_ipw",0.3676,1838,0.0210455531840491,0.301943663627723,0.301943663627723,0.987578322208624,-0.0180451017454319,0.0180451017454319,-0.0472811402136176,0.0472811402136176,7.8341262100272,0.718994489421049,38.8257024287366
108,"oracle_joint",0.3676,1838,0.0210455531840491,0.251124839427959,0.251124839427959,0.987578322208619,-1.18922357770362e-07,1.18922357770362e-07,-1.11022302462516e-16,1.11022302462516e-16,11.8454697858948,0.684655,47.515976
108,"standard",0.3676,1838,0.0210455531840491,0.872890361161501,0.872890361161501,0.987578322208626,-0.21313673115234,0.21313673115234,-0.213136612230631,0.213136612230631,0.614860169425106,0.235708593530425,8.3414666720338
108,"constrained",0.3676,1838,0.0210455531840491,0.728031300638462,0.728031300638462,0.987578322208624,-0.16348011892236,0.16348011892236,-0.16348,0.16348,1.66426109283041,0.3676,17.4683519999999
109,"unweighted",0.3712,1856,0.0250097371243204,0.500541150123912,0.500541150123912,0.913322640083115,-0.123615603496229,0.123615603496229,-0.252054482758621,0.252054482758621,0,1,1
109,"oracle_ipw",0.3712,1856,0.0250097371243204,0.0192802941790297,0.0192802941790297,0.913322640083114,-0.00896233460930079,0.00896233460930079,-0.0163837618116403,0.0163837618116403,8.65356901583268,0.69352601555186,37.4504048398005
109,"oracle_joint",0.3712,1856,0.0250097371243204,-0.0223166519525471,0.0223166519525471,0.913322640083113,-1.18922356840551e-07,1.18922356840551e-07,1.66533453693773e-15,1.66533453693773e-15,9.90155286355415,0.640508794992175,39.9844266666667
109,"standard",0.3712,1856,0.0250097371243204,0.764792055929104,0.764792055929104,0.913322640083115,-0.209216782379949,0.209216782379949,-0.209216663457813,0.209216663457813,0.591902428026314,0.250704304115676,7.62558271853248
109,"constrained",0.3712,1856,0.0250097371243204,0.597237545458337,0.597237545458337,0.913322640083115,-0.164680118921911,0.164680118921911,-0.164679999999002,0.164679999999002,1.37128596720568,0.3712,14.5139200001703
110,"unweighted",0.3758,1879,0.0185277030745365,0.490796835321106,0.490796835321106,0.982457468705553,-0.119572374534846,0.119572374534846,-0.253730218201171,0.253730218201171,0,1,1
110,"oracle_ipw",0.3758,1879,0.0185277030745365,0.276262719624682,0.276262719624682,0.982457468705561,-0.0216192700217916,0.0216192700217916,-0.0680348832473483,0.0680348832473483,7.24068779043423,0.736464062506657,39.7690593753595
110,"oracle_joint",0.3758,1879,0.0185277030745365,0.218410921155584,0.218410921155584,0.982457468705555,-1.18922357107698e-07,1.18922357107698e-07,5.88418203051333e-15,5.88418203051333e-15,13.5138618765778,0.69874718381113,53.9732311111112
110,"standard",0.3758,1879,0.0185277030745365,0.818521699412373,0.818521699412373,0.982457468705557,-0.214593363127327,0.214593363127327,-0.214593244206767,0.214593244206767,0.669918093550206,0.224366366817844,9.17093045957072
110,"constrained",0.3758,1879,0.0185277030745365,0.653770600371527,0.653770600371527,0.982457468705557,-0.155680118922358,0.155680118922358,-0.15568,0.15568,2.19593009133877,0.3758,21.4707066666668
111,"unweighted",0.3762,1881,0.0287902272478443,0.565966247902709,0.565966247902709,0.940394506971467,-0.124666373922583,0.124666373922583,-0.251077150451887,0.251077150451887,0,1,1
111,"oracle_ipw",0.3762,1881,0.0287902272478443,0.165497129543173,0.165497129543173,0.94039450697147,-0.0016482551871055,0.0016482551871055,0.0104447571555843,0.0104447571555843,9.26550093145676,0.669209931494268,36.1373363006905
111,"oracle_joint",0.3762,1881,0.0287902272478443,0.165465995923907,0.165465995923907,0.940394506971467,-1.18922356899531e-07,1.18922356899531e-07,3.71924713249427e-15,3.71924713249427e-15,8.54306121507456,0.65425570977918,34.7340085714286
111,"standard",0.3762,1881,0.0287902272478443,0.849532650749858,0.849532650749858,0.940394506971465,-0.205893020602463,0.205893020602463,-0.205892901680183,0.205892901680183,0.560391403064309,0.262429842935968,7.07082656711499
111,"constrained",0.3762,1881,0.0287902272478443,0.71127631351025,0.71127631351025,0.940394506971472,-0.164280118922352,0.164280118922352,-0.16427999999999,0.16427999999999,1.19218824621577,0.3762,12.6618171428588
112,"unweighted",0.3646,1823,0.0254624641265709,0.52654616517039,0.52654616517039,0.917924101805694,-0.123031639286782,0.123031639286782,-0.251937443773999,0.251937443773999,0,1,1
112,"oracle_ipw",0.3646,1823,0.0254624641265709,-0.0180604182579676,0.0180604182579676,0.917924101805704,-0.00693136701286914,0.00693136701286914,-0.0133450718671378,0.0133450718671378,8.71277256955911,0.689743663558935,37.2461578321825
112,"oracle_joint",0.3646,1823,0.0254624641265709,-0.0538172446072992,0.0538172446072992,0.917924101805699,-1.18922357263823e-07,1.18922357263823e-07,3.33066907387547e-16,3.33066907387547e-16,9.71550063544204,0.664475966942149,39.2734966666667
112,"standard",0.3646,1823,0.0254624641265709,0.797211185445518,0.797211185445518,0.917924101805703,-0.208301521345326,0.208301521345326,-0.208301402423173,0.208301402423173,0.594058453362566,0.250873210858055,7.62904194855325
112,"constrained",0.3646,1823,0.0254624641265709,0.623895888066377,0.623895888066377,0.9179241018057,-0.165880118921721,0.165880118921721,-0.165879999998587,0.165879999998587,1.3175805340338,0.3646,14.0735600002368
113,"unweighted",0.3596,1798,0.0322706285475102,0.477693914464208,0.477693914464208,0.922080562006856,-0.11496374380985,0.11496374380985,-0.250177397107898,0.250177397107898,0,1,1
113,"oracle_ipw",0.3596,1798,0.0322706285475102,0.00217311138333698,0.00217311138333698,0.922080562006859,0.016014730915935,0.016014730915935,0.033006484625616,0.033006484625616,9.7010568328796,0.647116814020813,34.9443079571239
113,"oracle_joint",0.3596,1798,0.0322706285475102,0.069845809963816,0.069845809963816,0.922080562006859,-1.18922357482398e-07,1.18922357482398e-07,1.0547118733939e-15,1.0547118733939e-15,7.5715114770292,0.6871663084922,30.9879306666666
113,"standard",0.3596,1798,0.0322706285475102,0.761387290124959,0.761387290124959,0.922080562006859,-0.19693707169241,0.19693707169241,-0.196936952770154,0.196936952770154,0.65326958797484,0.26575718157707,7.38175459462095
113,"constrained",0.3596,1798,0.0322706285475102,0.631262295255189,0.631262295255189,0.922080562006858,-0.159880118922358,0.159880118922358,-0.159880000000001,0.159880000000001,1.18951335143823,0.3596,11.8236479999999
114,"unweighted",0.3616,1808,0.0213947603718375,0.53772939450505,0.53772939450505,0.950858664778395,-0.125958539975221,0.125958539975221,-0.252989026548673,0.252989026548673,0,1,1
114,"oracle_ipw",0.3616,1808,0.0213947603718375,0.24140004564001,0.24140004564001,0.950858664778403,-0.0204518024413369,0.0204518024413369,-0.0442814137676747,0.0442814137676747,7.92645270880168,0.717302525755635,38.7343363908043
114,"oracle_joint",0.3616,1808,0.0213947603718375,0.170869859474802,0.170869859474802,0.950858664778404,-1.1892235854058e-07,1.1892235854058e-07,-3.71924713249427e-15,3.71924713249427e-15,11.6468569691808,0.6678394639866,46.740416
114,"standard",0.3616,1808,0.0213947603718375,0.858348797693315,0.858348797693315,0.950858664778407,-0.214186096903366,0.214186096903366,-0.214185977981473,0.214185977981473,0.57979311622496,0.239141465779145,8.01559118096607
114,"constrained",0.3616,1808,0.0213947603718375,0.714212779299027,0.714212779299027,0.950858664778408,-0.16928011892236,0.16928011892236,-0.16928,0.16928,1.45561971838344,0.3616,16.134592
115,"unweighted",0.353,1765,0.0197243932447898,0.548766285815989,0.548766285815989,0.924356015959235,-0.120112529551317,0.120112529551317,-0.253420849858357,0.253420849858357,0,1,1
115,"oracle_ipw",0.353,1765,0.0197243932447898,0.0704065282523104,0.0704065282523104,0.92435601595924,-0.0187691403898398,0.0187691403898398,-0.0578809994256194,0.0578809994256194,7.54412960107661,0.728658098793796,39.347537334865
115,"oracle_joint",0.353,1765,0.0197243932447898,-0.055938482890152,0.055938482890152,0.924356015959238,-1.18922357308926e-07,1.18922357308926e-07,4.44089209850063e-16,4.44089209850063e-16,12.6691071393914,0.671065172413794,50.6986444444445
115,"standard",0.353,1765,0.0197243932447898,0.834582667404815,0.834582667404815,0.92435601595924,-0.213399922815135,0.213399922815135,-0.21339980389402,0.21339980389402,0.658489024253163,0.229658156077165,8.84857179194324
115,"constrained",0.353,1765,0.0197243932447898,0.636281686557026,0.636281686557026,0.924356015959235,-0.165880118922361,0.165880118922361,-0.165879999999997,0.165879999999997,1.71373249381054,0.353,18.1677333333338
116,"unweighted",0.3738,1869,0.0227661313148798,0.496162610749788,0.496162610749788,0.916085390976189,-0.120807722447606,0.120807722447606,-0.252634499732477,0.252634499732477,0,1,1
116,"oracle_ipw",0.3738,1869,0.0227661313148798,0.0124064996303317,0.0124064996303317,0.916085390976194,-0.0108860942086078,0.0108860942086078,-0.0339217947964456,0.0339217947964456,8.18286080217622,0.706690312332393,38.1612768659492
116,"oracle_joint",0.3738,1869,0.0227661313148798,-0.0553699123168445,0.0553699123168445,0.916085390976192,-1.18922357815465e-07,1.18922357815465e-07,1.49880108324396e-15,1.49880108324396e-15,10.9160117965557,0.69153,43.9248981818182
116,"standard",0.3738,1869,0.0227661313148798,0.80055294605524,0.80055294605524,0.91608539097619,-0.210009357021495,0.210009357021495,-0.210009238099616,0.210009238099616,0.632600803705714,0.24014888670498,8.24241945381906
116,"constrained",0.3738,1869,0.0227661313148798,0.592168381520959,0.592168381520959,0.916085390976191,-0.158880118914293,0.158880118914293,-0.158879999981904,0.158879999981904,1.68073358097868,0.3738,16.9297418215967
117,"unweighted",0.3548,1774,0.0218048065119967,0.572494781470795,0.572494781470795,0.955645059817754,-0.121403011775816,0.121403011775816,-0.252883021420519,0.252883021420519,0,1,1
117,"oracle_ipw",0.3548,1774,0.0218048065119967,-0.0217887181297763,0.0217887181297763,0.955645059817754,-0.0141431988767695,0.0141431988767695,-0.0413311269951632,0.0413311269951632,7.99169138505821,0.713505667982565,38.5293060710585
117,"oracle_joint",0.3548,1774,0.0218048065119967,-0.130513681894679,0.130513681894679,0.955645059817749,-1.18922357319334e-07,1.18922357319334e-07,3.66373598126302e-15,3.66373598126302e-15,11.4174102572853,0.686320140350877,45.861448
117,"standard",0.3548,1774,0.0218048065119967,0.866424966555743,0.866424966555743,0.955645059817752,-0.211441244992337,0.211441244992337,-0.211441126070581,0.211441126070581,0.630499189230022,0.237335151410399,8.35179223510128
117,"constrained",0.3548,1774,0.0218048065119967,0.655377581666167,0.655377581666167,0.955645059817754,-0.166680118790119,0.166680118790119,-0.16667999970644,0.16667999970644,1.52136093854953,0.3548,16.2924160573438
118,"unweighted",0.3658,1829,0.0253789349932961,0.588082458457148,0.588082458457148,0.920001548194045,-0.126427683982555,0.126427683982555,-0.251959037725533,0.251959037725533,0,1,1
118,"oracle_ipw",0.3658,1829,0.0253789349932961,0.14477924276523,0.14477924276523,0.920001548194046,-0.0115486573563023,0.0115486573563023,-0.0133334758817315,0.0133334758817315,8.74375860429973,0.692046531809143,37.3705127176937
118,"oracle_joint",0.3658,1829,0.0253789349932961,0.102035228273086,0.102035228273086,0.920001548194046,-1.18922357360968e-07,1.18922357360968e-07,3.88578058618805e-15,3.88578058618805e-15,9.75452158878322,0.619556190476191,39.4027566666667
118,"standard",0.3658,1829,0.0253789349932961,0.853112240140908,0.853112240140908,0.920001548194046,-0.210391527426041,0.210391527426041,-0.210391408503848,0.210391408503848,0.561118127175271,0.254691984546743,7.33559948721048
118,"constrained",0.3658,1829,0.0253789349932961,0.710632365833227,0.710632365833227,0.920001548194047,-0.170480118921712,0.170480118921712,-0.170479999998576,0.170479999998576,1.20494713050522,0.3658,13.4187633335715
119,"unweighted",0.3632,1816,0.0404709696196785,0.49156819973353,0.49156819973353,0.915300460732465,-0.119992287960839,0.119992287960839,-0.248057444933921,0.248057444933921,0,1,1
119,"oracle_ipw",0.3632,1816,0.0404709696196785,-0.21804283211817,0.21804283211817,0.915300460732465,0.0222216266591049,0.0222216266591049,0.0827393682551336,0.0827393682551336,10.5772863737298,0.604022429582175,32.6172111974374
119,"oracle_joint",0.3632,1816,0.0404709696196785,-0.0535191823688086,0.0535191823688086,0.915300460732465,-1.1892235740607e-07,1.1892235740607e-07,3.27515792264421e-15,3.27515792264421e-15,5.94983536312196,0.673049277310924,24.7090694736842
119,"standard",0.3632,1816,0.0404709696196785,0.722327507334359,0.722327507334359,0.915300460732465,-0.193217530157212,0.193217530157212,-0.193217411234865,0.193217411234865,0.553261718696446,0.290193031172852,6.24155269460471
119,"constrained",0.3632,1816,0.0404709696196785,0.612556653907279,0.612556653907279,0.915300460732467,-0.165880118809046,0.165880118809046,-0.165879999748199,0.165879999748199,0.841383891150434,0.3632,8.85443371073474
120,"unweighted",0.3668,1834,0.0210914540634036,0.52890003427596,0.52890003427596,0.921991095836811,-0.121104149360316,0.121104149360316,-0.253067437295529,0.253067437295529,0,1,1
120,"oracle_ipw",0.3668,1834,0.0210914540634036,0.165017075148207,0.165017075148207,0.92199109583681,-0.015724053872233,0.015724053872233,-0.0470734553719201,0.0470734553719201,7.83204041704488,0.718135116384979,38.7792962847888
120,"oracle_joint",0.3668,1834,0.0210914540634036,0.0918864428805398,0.0918864428805398,0.921991095836807,-1.1892235772179e-07,1.1892235772179e-07,-2.22044604925031e-16,2.22044604925031e-16,11.8178009489667,0.697299448275862,47.412568
120,"standard",0.3668,1834,0.0210914540634036,0.84484998906406,0.84484998906406,0.921991095836806,-0.212113058982428,0.212113058982428,-0.212112940060811,0.212112940060811,0.637355374320341,0.234519640928572,8.51105479287502
120,"constrained",0.3668,1834,0.0210914540634036,0.665111976620127,0.665111976620127,0.921991095836806,-0.161480118751061,0.161480118751061,-0.161479999617037,0.161479999617037,1.73095506670871,0.3668,17.7971360777833
121,"unweighted",0.3666,1833,0.0211029605849876,0.546229453668499,0.546229453668499,0.916851976820482,-0.125554911498822,0.125554911498822,-0.253064462629569,0.253064462629569,0,1,1
121,"oracle_ipw",0.3666,1833,0.0211029605849876,0.153537241625304,0.153537241625304,0.916851976820488,-0.0209634669900719,0.0209634669900719,-0.0464574483769847,0.0464574483769847,7.8745271933708,0.719834550231463,38.871065712499
121,"oracle_joint",0.3666,1833,0.0211029605849876,0.0592102890480929,0.0592102890480929,0.916851976820487,-1.1892235722219e-07,1.1892235722219e-07,-3.5527136788005e-15,3.5527136788005e-15,11.8147505998503,0.653009951534734,47.386716
121,"standard",0.3666,1833,0.0211029605849876,0.834984899440596,0.834984899440596,0.916851976820485,-0.214396307616514,0.214396307616514,-0.214396188694685,0.214396188694685,0.58678842961478,0.238273144316568,8.08789461228305
121,"constrained",0.3666,1833,0.0211029605849876,0.664498926018732,0.664498926018732,0.916851976820485,-0.167280118922357,0.167280118922357,-0.167279999999998,0.167279999999998,1.53673339034384,0.3666,16.7242920000003
122,"unweighted",0.3694,1847,0.0356031052944666,0.512254224943289,0.512254224943289,0.923177003068301,-0.116590619102448,0.116590619102448,-0.249315885219275,0.249315885219275,0,1,1
122,"oracle_ipw",0.3694,1847,0.0356031052944666,0.00402683100126366,0.00402683100126366,0.923177003068298,0.0196434845092066,0.0196434845092066,0.0533755030411755,0.0533755030411755,10.0544512706336,0.627528316031656,33.8865290657094
122,"oracle_joint",0.3694,1847,0.0356031052944666,0.0973493472216297,0.0973493472216297,0.923177003068299,-1.1892235854058e-07,1.1892235854058e-07,-3.05311331771918e-15,3.05311331771918e-15,6.82030047617933,0.720001352313168,28.0874376470588
122,"standard",0.3694,1847,0.0356031052944666,0.792524675708811,0.792524675708811,0.923177003068299,-0.194866242238467,0.194866242238467,-0.194866123316154,0.194866123316154,0.613605890515757,0.27490212828269,6.91580648441689
122,"constrained",0.3694,1847,0.0356031052944666,0.661291986697173,0.661291986697173,0.923177003068296,-0.158080118922357,0.158080118922357,-0.158080000000002,0.158080000000002,1.09949952447106,0.3694,10.9125105882352
123,"unweighted",0.3674,1837,0.0168456077309884,0.52393372844708,0.52393372844708,0.918377277100594,-0.126774118848338,0.126774118848338,-0.254165073489385,0.254165073489385,0,1,1
123,"oracle_ipw",0.3674,1837,0.0168456077309884,0.201082128627659,0.201082128627659,0.918377277100591,-0.0353637363432357,0.0353637363432357,-0.0818234571062718,0.0818234571062718,6.85694119231577,0.751369327073553,40.5739436619718
123,"oracle_joint",0.3674,1837,0.0168456077309884,0.0471547271572712,0.0471547271572712,0.918377277100591,-1.18922357666279e-07,1.18922357666279e-07,1.11022302462516e-16,1.11022302462516e-16,14.9120162698743,0.652327278582931,59.362655
123,"standard",0.3674,1837,0.0168456077309884,0.815770528530867,0.815770528530867,0.918377277100593,-0.220223425501765,0.220223425501765,-0.220223306581278,0.220223306581278,0.591370558610538,0.223219264611055,8.79387822634552
123,"constrained",0.3674,1837,0.0168456077309884,0.631687656084686,0.631687656084686,0.918377277100588,-0.1674801189215,0.1674801189215,-0.167479999998103,0.167479999998103,1.91107218724251,0.3674,20.9050600004795
124,"unweighted",0.3724,1862,0.0270065761428394,0.546122210874059,0.546122210874059,0.915693241420623,-0.12326101142151,0.12326101142151,-0.251538259935553,0.251538259935553,0,1,1
124,"oracle_ipw",0.3724,1862,0.0270065761428394,0.0626709399072852,0.0626709399072852,0.915693241420625,-0.00353569281995602,0.00353569281995602,-0.00250909107486119,0.00250909107486119,8.95227804198762,0.679048878089194,36.6686394168165
124,"oracle_joint",0.3724,1862,0.0270065761428394,0.0505485022233877,0.0505485022233877,0.915693241420623,-1.18922358172818e-07,1.18922358172818e-07,-2.4980018054066e-15,2.4980018054066e-15,9.13358228016522,0.693595,37.0280184615385
124,"standard",0.3724,1862,0.0270065761428394,0.845418090941471,0.845418090941471,0.915693241420624,-0.206749070608923,0.206749070608923,-0.206748951686697,0.206748951686697,0.582393852721036,0.255236328472588,7.41520707380203
124,"constrained",0.3724,1862,0.0270065761428394,0.677527896656192,0.677527896656192,0.915693241420624,-0.163080118922289,0.163080118922289,-0.163079999999846,0.163079999999846,1.30288785432181,0.3724,13.6699446154092
125,"unweighted",0.373,1865,0.0165926978025875,0.476374072253559,0.476374072253559,0.913152145846763,-0.115176496083007,0.115176496083007,-0.254230455764075,0.254230455764075,0,1,1
125,"oracle_ipw",0.373,1865,0.0165926978025875,0.121787423557939,0.121787423557939,0.913152145846764,-0.0232805530528775,0.0232805530528775,-0.0844919674047692,0.0844919674047692,6.75231137879649,0.751301575903002,40.5702850987621
125,"oracle_joint",0.373,1865,0.0165926978025875,-0.0135761664420267,0.0135761664420267,0.913152145846764,-1.18922358620377e-07,1.18922358620377e-07,-9.99200722162641e-16,9.99200722162641e-16,15.1432456759845,0.680910264900663,60.267475
125,"standard",0.373,1865,0.0165926978025875,0.815229647795247,0.815229647795247,0.913152145846764,-0.215237727178467,0.215237727178467,-0.215237608260918,0.215237608260918,0.742878485727905,0.215163862337637,10.0902075743869
125,"constrained",0.373,1865,0.0165926978025875,0.570491213424157,0.570491213424157,0.913152145846763,-0.151680118922356,0.151680118922356,-0.151679999999996,0.151679999999996,2.65696981897612,0.373,24.9070750000015
126,"unweighted",0.373,1865,0.0228149594785579,0.551424529658839,0.551424529658839,0.917656929660841,-0.126763440573372,0.126763440573372,-0.252621876675603,0.252621876675603,0,1,1
126,"oracle_ipw",0.373,1865,0.0228149594785579,0.0497208260572233,0.0497208260572233,0.917656929660837,-0.0175412237541391,0.0175412237541391,-0.0331711397750168,0.0331711397750168,8.22066908609341,0.707534721076766,38.2068749381453
126,"oracle_joint",0.373,1865,0.0228149594785579,-0.0382090101904727,0.0382090101904727,0.917656929660835,-1.18922356573403e-07,1.18922356573403e-07,8.54871728961371e-15,8.54871728961371e-15,10.8947557588515,0.667645779220779,43.8308909090909
126,"standard",0.373,1865,0.0228149594785579,0.802709839419949,0.802709839419949,0.917656929660832,-0.212974517780433,0.212974517780433,-0.212974398858366,0.212974398858366,0.564369723315957,0.244555967744064,7.72204964811407
126,"constrained",0.373,1865,0.0228149594785579,0.618339321528175,0.618339321528175,0.917656929660838,-0.166280118884425,0.166280118884425,-0.166279999915757,0.166279999915757,1.44141878031328,0.373,15.6388727430076
127,"unweighted",0.3734,1867,0.0269342500149796,0.495396130860699,0.495396130860699,0.931378700073967,-0.122565345731677,0.122565345731677,-0.251556957686128,0.251556957686128,0,1,1
127,"oracle_ipw",0.3734,1867,0.0269342500149796,-0.116714591847018,0.116714591847018,0.931378700073957,-0.00332949309461332,0.00332949309461332,-0.00252532727672544,0.00252532727672544,8.97642212456575,0.680829136715599,36.7647733826423
127,"oracle_joint",0.3734,1867,0.0269342500149796,-0.129801639383773,0.129801639383773,0.93137870007396,-1.18922356868306e-07,1.18922356868306e-07,4.49640324973188e-15,4.49640324973188e-15,9.16199307861612,0.647344088050314,37.1274492307692
127,"standard",0.3734,1867,0.0269342500149796,0.723860041249766,0.723860041249766,0.931378700073954,-0.20664916236653,0.20664916236653,-0.206649043444329,0.206649043444329,0.593755448621501,0.255821864590176,7.44946737611573
127,"constrained",0.3734,1867,0.0269342500149796,0.543051291479635,0.543051291479635,0.931378700073957,-0.162880118922339,0.162880118922339,-0.162879999999944,0.162879999999944,1.31857961020207,0.3734,13.7353753846239
128,"unweighted",0.3678,1839,0.0294477528293611,0.484700368963581,0.484700368963581,0.913302144712709,-0.122214738590534,0.122214738590534,-0.250907166938554,0.250907166938554,0,1,1
128,"oracle_ipw",0.3678,1839,0.0294477528293611,-0.0423879236593309,0.0423879236593309,0.913302144712709,0.00253180966899253,0.00253180966899253,0.0147022405543562,0.0147022405543562,9.34563750101836,0.664623942300893,35.8896928842482
128,"oracle_joint",0.3678,1839,0.0294477528293611,-0.0210252199261971,0.0210252199261971,0.913302144712709,-1.18922357354029e-07,1.18922357354029e-07,3.44169137633799e-15,3.44169137633799e-15,8.34090319668942,0.669201782178218,33.9584485714286
128,"standard",0.3678,1839,0.0294477528293611,0.737135530234374,0.737135530234374,0.91330214471271,-0.203877456187944,0.203877456187944,-0.203877337265675,0.203877337265675,0.583207848874023,0.262339005485899,7.17770405489029
128,"constrained",0.3678,1839,0.0294477528293611,0.590628247099178,0.590628247099178,0.913302144712709,-0.164480118922356,0.164480118922356,-0.164479999999992,0.164479999999992,1.1711974076357,0.3678,12.3528257142868
129,"unweighted",0.3712,1856,0.0187573028432403,0.517519470292865,0.517519470292865,0.914737283476568,-0.116280934017929,0.116280934017929,-0.253670862068966,0.253670862068966,0,1,1
129,"oracle_ipw",0.3712,1856,0.0187573028432403,0.147448268815552,0.147448268815552,0.91473728347657,-0.0175438114089924,0.0175438114089924,-0.0659245357627437,0.0659245357627437,7.31146448267276,0.735508604165321,39.7174646249273
129,"oracle_joint",0.3712,1856,0.0187573028432403,0.0470388561518355,0.0470388561518355,0.914737283476569,-1.1892235879038e-07,1.1892235879038e-07,-4.10782519111308e-15,4.10782519111308e-15,13.3454070887182,0.668766535947712,53.3125688888889
129,"standard",0.3712,1856,0.0187573028432403,0.83518088025514,0.83518088025514,0.91473728347657,-0.21279922590325,0.21279922590325,-0.212799106983209,0.212799106983209,0.716030262050027,0.224333972116444,9.42866416000346
129,"constrained",0.3712,1856,0.0187573028432403,0.61918495963181,0.61918495963181,0.91473728347657,-0.154480118922353,0.154480118922353,-0.154480000000002,0.154480000000002,2.23468420849217,0.3712,21.4553600000003
130,"unweighted",0.3674,1837,0.0294798135292298,0.513955384380857,0.513955384380857,0.917188766816597,-0.11760613324781,0.11760613324781,-0.250898878606424,0.250898878606424,0,1,1
130,"oracle_ipw",0.3674,1837,0.0294798135292298,0.0235294030945683,0.0235294030945683,0.917188766816595,0.00777433678076155,0.00777433678076155,0.0147419585502378,0.0147419585502378,9.33778219126017,0.663997642667714,35.8558727040566
130,"oracle_joint",0.3674,1837,0.0294798135292298,0.0569879898028051,0.0569879898028051,0.917188766816596,-1.18922357718321e-07,1.18922357718321e-07,-2.33146835171283e-15,2.33146835171283e-15,8.33056811711915,0.674035341098169,33.9215171428571
130,"standard",0.3674,1837,0.0294798135292298,0.760259328517485,0.760259328517485,0.917188766816594,-0.201237598310299,0.201237598310299,-0.201237479388089,0.201237479388089,0.637079730661662,0.25966335725383,7.51628502601064
130,"constrained",0.3674,1837,0.0294798135292298,0.614328070981131,0.614328070981131,0.917188766816597,-0.159480118922355,0.159480118922355,-0.159480000000003,0.159480000000003,1.297652470994,0.3674,12.9954628571428
131,"unweighted",0.3602,1801,0.0257734992241747,0.498549752470217,0.498549752470217,0.926958701793631,-0.124607574203107,0.124607574203107,-0.251857034980566,0.251857034980566,0,1,1
131,"oracle_ipw",0.3602,1801,0.0257734992241747,0.107921604307748,0.107921604307748,0.926958701793635,-0.0078060863539206,0.0078060863539206,-0.0113358371012498,0.0113358371012498,8.74802296446682,0.687004131760239,37.0982231150529
131,"oracle_joint",0.3602,1801,0.0257734992241747,0.0784455890282989,0.0784455890282989,0.926958701793631,-1.18922357059126e-07,1.18922357059126e-07,2.38697950294409e-15,2.38697950294409e-15,9.59231925657268,0.693117835951134,38.7995433333333
131,"standard",0.3602,1801,0.0257734992241747,0.782221188945155,0.782221188945155,0.926958701793639,-0.208708513828446,0.208708513828446,-0.20870839490624,0.20870839490624,0.57345526366724,0.25233392597679,7.4758917311601
131,"constrained",0.3602,1801,0.0257734992241747,0.647917762709605,0.647917762709605,0.926958701793631,-0.168880118920907,0.168880118920907,-0.168879999996804,0.168879999996804,1.22311848241668,0.3602,13.4534700005273
132,"unweighted",0.3514,1757,0.030822093029707,0.553387772565093,0.553387772565093,0.914050238230405,-0.12339676664201,0.12339676664201,-0.25055187250996,0.25055187250996,0,1,1
132,"oracle_ipw",0.3514,1757,0.030822093029707,-0.00113826715715026,0.00113826715715026,0.914050238230405,0.00333811849404323,0.00333811849404323,0.0244141317365238,0.0244141317365238,9.57269725570109,0.657559880239521,35.5082335329341
132,"oracle_joint",0.3514,1757,0.030822093029707,0.0324757131683445,0.0324757131683445,0.914050238230406,-1.18922358273432e-07,1.18922358273432e-07,-4.27435864480685e-15,4.27435864480685e-15,7.95329118672613,0.634130343698855,32.44426
132,"standard",0.3514,1757,0.030822093029707,0.785947088223301,0.785947088223301,0.914050238230405,-0.203470813108537,0.203470813108537,-0.203470694186245,0.203470694186245,0.566856187271039,0.268486258253175,6.90868787962833
132,"constrained",0.3514,1757,0.030822093029707,0.673407450862066,0.673407450862066,0.914050238230405,-0.173080118922351,0.173080118922351,-0.173079999999994,0.173079999999994,0.961154506826794,0.3514,10.7227200000012
133,"unweighted",0.3656,1828,0.0465535004677357,0.496393255040407,0.496393255040407,0.934154810678991,-0.115815537521937,0.115815537521937,-0.246484989059081,0.246484989059081,0,1,1
133,"oracle_ipw",0.3656,1828,0.0465535004677357,-0.395134824721626,0.395134824721626,0.934154810678999,0.0333590979565351,0.0333590979565351,0.115054690328399,0.115054690328399,11.0010302417398,0.574827048754478,31.0406606327418
133,"oracle_joint",0.3656,1828,0.0465535004677357,-0.11458196296874,0.11458196296874,0.934154810678993,-1.18922356639323e-07,1.18922356639323e-07,3.66373598126302e-15,3.66373598126302e-15,5.11480377098792,0.68093,21.4806618181818
133,"standard",0.3656,1828,0.0465535004677357,0.696326823573913,0.696326823573913,0.934154810678997,-0.186056974143116,0.186056974143116,-0.186056855220765,0.186056855220765,0.56799647696865,0.301602149083296,6.02102857529303
133,"constrained",0.3656,1828,0.0465535004677357,0.589211244154671,0.589211244154671,0.934154810679003,-0.161480118915518,0.161480118915518,-0.161479999984715,0.161479999984715,0.801879605566282,0.3656,8.06314181958846
134,"unweighted",0.3864,1932,0.0340367160863767,0.472573573657925,0.472573573657925,0.913623955256063,-0.117093821074384,0.117093821074384,-0.24972082815735,0.24972082815735,0,1,1
134,"oracle_ipw",0.3864,1932,0.0340367160863767,-0.114585926233697,0.114585926233697,0.913623955256063,0.0166742020959519,0.0166742020959519,0.044094771353071,0.044094771353071,9.90529238223455,0.636875531867245,34.3912787208313
134,"oracle_joint",0.3864,1932,0.0340367160863767,-0.0224906108721413,0.0224906108721413,0.913623955256063,-1.18922357555257e-07,1.18922357555257e-07,-2.38697950294409e-15,2.38697950294409e-15,7.15462520042837,0.705371920529802,29.3800376470589
134,"standard",0.3864,1932,0.0340367160863767,0.707399596739314,0.707399596739314,0.913623955256064,-0.196573369599995,0.196573369599995,-0.196573250677695,0.196573250677695,0.616443953688845,0.271270186254601,7.04006586416012
134,"constrained",0.3864,1932,0.0340367160863767,0.541450434944919,0.541450434944919,0.913623955256063,-0.151880118754541,0.151880118754541,-0.151879999619774,0.151879999619774,1.26853186941351,0.3864,12.1193224013108
135,"unweighted",0.3586,1793,0.0258884953166418,0.474371639004807,0.474371639004807,0.940889511627267,-0.115971679432698,0.115971679432698,-0.251827306190742,0.251827306190742,0,1,1
135,"oracle_ipw",0.3586,1793,0.0258884953166418,0.127134716827395,0.127134716827395,0.940889511627272,0.00229945805698232,0.00229945805698232,-0.0108989744761187,0.0108989744761187,8.73896292090295,0.685161263525161,36.9987082303587
135,"oracle_joint",0.3586,1793,0.0258884953166418,0.130756292338868,0.130756292338868,0.940889511627271,-1.18922357138923e-07,1.18922357138923e-07,6.27276008913213e-15,6.27276008913213e-15,9.54528795522305,0.711137338129497,38.6271966666667
135,"standard",0.3586,1793,0.0258884953166418,0.801774285937923,0.801774285937923,0.940889511627263,-0.20385580166957,0.20385580166957,-0.20385568274755,0.20385568274755,0.67583947270159,0.247197750822996,8.16776006948231
135,"constrained",0.3586,1793,0.0258884953166418,0.656364172255936,0.656364172255936,0.940889511627268,-0.159680118922272,0.159680118922272,-0.159679999999817,0.159679999999817,1.47810704330887,0.3586,14.768343333364
136,"unweighted",0.3716,1858,0.024982815986404,0.53629305943862,0.53629305943862,0.918317233216339,-0.124268417877257,0.124268417877257,-0.252061442411195,0.252061442411195,0,1,1
136,"oracle_ipw",0.3716,1858,0.024982815986404,0.10604403719606,0.10604403719606,0.918317233216337,-0.00931989778495708,0.00931989778495708,-0.0169905076835157,0.0169905076835157,8.61870600238755,0.692533636919787,37.3968163936685
136,"oracle_joint",0.3716,1858,0.024982815986404,0.0672602168985994,0.0672602168985994,0.918317233216335,-1.18922356937695e-07,1.18922356937695e-07,6.38378239159465e-15,6.38378239159465e-15,9.9099139586834,0.678354569536425,40.0275133333334
136,"standard",0.3716,1858,0.024982815986404,0.804960719743639,0.804960719743639,0.918317233216329,-0.209385015339661,0.209385015339661,-0.209384896417505,0.209384896417505,0.581451394116928,0.249790555897092,7.60775187136314
136,"constrained",0.3716,1858,0.024982815986404,0.646048088802642,0.646048088802642,0.918317233216335,-0.164280118921143,0.164280118921143,-0.16427999999729,0.16427999999729,1.37535424632823,0.3716,14.5914933337964
137,"unweighted",0.3632,1816,0.0319507654892199,0.542533051006921,0.542533051006921,0.952876652422254,-0.125544379986691,0.125544379986691,-0.250260088105727,0.250260088105727,0,1,1
137,"oracle_ipw",0.3632,1816,0.0319507654892199,-0.227603553211117,0.227603553211117,0.952876652422257,0.00288045132767473,0.00288045132767473,0.0320091474575852,0.0320091474575852,9.7341984564274,0.651359175040692,35.1733954521974
137,"oracle_joint",0.3632,1816,0.0319507654892199,-0.168071623277947,0.168071623277947,0.952876652422253,-1.18922357905671e-07,1.18922357905671e-07,-1.16573417585641e-15,1.16573417585641e-15,7.65846696403358,0.6257255,31.2981546666667
137,"standard",0.3632,1816,0.0319507654892199,0.757291908731755,0.757291908731755,0.95287665242225,-0.203687294477226,0.203687294477226,-0.203687175554897,0.203687175554897,0.539445707599138,0.273494124528355,6.63842727948812
137,"constrained",0.3632,1816,0.0319507654892199,0.610972703085491,0.610972703085491,0.952876652422247,-0.171480118922358,0.171480118922358,-0.17148,0.17148,0.945318704820472,0.3632,10.5376426666667
138,"unweighted",0.3602,1801,0.0365124572342475,0.502743114045987,0.502743114045987,0.919829702123436,-0.124307290660217,0.124307290660217,-0.249080799555802,0.249080799555802,0,1,1
138,"oracle_ipw",0.3602,1801,0.0365124572342475,-0.191327561605101,0.191327561605101,0.919829702123441,0.0121635156220588,0.0121635156220588,0.0598941125284851,0.0598941125284851,10.2179056064189,0.624688253446413,33.7331656861063
138,"oracle_joint",0.3602,1801,0.0365124572342475,-0.0780017333982698,0.0780017333982698,0.919829702123439,-1.18922358214452e-07,1.18922358214452e-07,4.9960036108132e-16,4.9960036108132e-16,6.64349975826971,0.6708725,27.3879129411765
138,"standard",0.3602,1801,0.0365124572342475,0.709647060673969,0.709647060673969,0.919829702123441,-0.198896140725895,0.198896140725895,-0.198896021803551,0.198896021803551,0.527160405226509,0.283166633178427,6.31663439598884
138,"constrained",0.3602,1801,0.0365124572342475,0.598700720027376,0.598700720027376,0.919829702123443,-0.170880118922357,0.170880118922357,-0.170880000000004,0.170880000000004,0.837423172644043,0.3602,9.28468470588208
139,"unweighted",0.3728,1864,0.0166015994644988,0.511326033343979,0.511326033343979,0.924417844782885,-0.126757636971023,0.126757636971023,-0.254228154506438,0.254228154506438,0,1,1
139,"oracle_ipw",0.3728,1864,0.0166015994644988,0.0983724308036885,0.0983724308036885,0.924417844782893,-0.0359231461145517,0.0359231461145517,-0.0842214110449634,0.0842214110449634,6.76995354579367,0.752066133824512,40.6115712265236
139,"oracle_joint",0.3728,1864,0.0166015994644988,-0.105223963000124,0.105223963000124,0.924417844782893,-1.18922355171747e-07,1.18922355171747e-07,3.77475828372553e-15,3.77475828372553e-15,15.1358527863131,0.685082133333334,60.23516
139,"standard",0.3728,1864,0.0166015994644988,0.803229619065073,0.803229619065073,0.924417844782897,-0.220448865522316,0.220448865522316,-0.22044874660199,0.22044874660199,0.590822253108117,0.221588111449846,8.87060204181426
139,"constrained",0.3728,1864,0.0166015994644988,0.574234772500771,0.574234772500771,0.924417844782893,-0.164880118920058,0.164880118920058,-0.164879999994895,0.164879999994895,2.03792089454288,0.3728,21.818120001313
140,"unweighted",0.3604,1802,0.0193193973790533,0.525786259015052,0.525786259015052,0.918188962280802,-0.121982903352651,0.121982903352651,-0.253525549389567,0.253525549389567,0,1,1
140,"oracle_ipw",0.3604,1802,0.0193193973790533,0.165507658771087,0.165507658771087,0.918188962280802,-0.0218436537962033,0.0218436537962033,-0.0614879082526402,0.0614879082526402,7.42793463917533,0.730559319606482,39.45020325875
140,"oracle_joint",0.3604,1802,0.0193193973790533,0.0624561393276749,0.0624561393276749,0.918188962280801,-1.18922357451173e-07,1.18922357451173e-07,-4.9960036108132e-16,4.9960036108132e-16,12.9424875925655,0.70833696969697,51.7614488888889
140,"standard",0.3604,1802,0.0193193973790533,0.82761697919637,0.82761697919637,0.918188962280802,-0.214716159520385,0.214716159520385,-0.214716040599203,0.214716040599203,0.635137255680108,0.22863093863965,8.7705260934048
140,"constrained",0.3604,1802,0.0193193973790533,0.64859611560016,0.64859611560016,0.918188962280801,-0.164480118922358,0.164480118922358,-0.164480000000002,0.164480000000002,1.78373013416106,0.3604,18.8288977777776
141,"unweighted",0.3692,1846,0.0314315222797526,0.546107281519321,0.546107281519321,0.931517407552971,-0.126260372683861,0.126260372683861,-0.250394322860238,0.250394322860238,0,1,1
141,"oracle_ipw",0.3692,1846,0.0314315222797526,-0.149325139361619,0.149325139361619,0.931517407552978,0.00132733381851377,0.00132733381851377,0.0285276120774091,0.0285276120774091,9.66034377532963,0.654185051722112,35.3259927929941
141,"oracle_joint",0.3692,1846,0.0314315222797526,-0.103159456190908,0.103159456190908,0.931517407552976,-1.18922356941165e-07,1.18922356941165e-07,7.54951656745106e-15,7.54951656745106e-15,7.79132412807664,0.633094743390358,31.8151946666667
141,"standard",0.3692,1846,0.0314315222797526,0.745294563195828,0.745294563195828,0.931517407552976,-0.204459438791369,0.204459438791369,-0.204459319869049,0.204459319869049,0.533332618883056,0.27207046221168,6.65306770145017
141,"constrained",0.3692,1846,0.0314315222797526,0.600969258028457,0.600969258028457,0.931517407552976,-0.16968011892236,0.16968011892236,-0.16968,0.16968,0.9871671748237,0.3692,10.9332426666666
142,"unweighted",0.3598,1799,0.0301025110912702,0.49281044710031,0.49281044710031,0.928336482203611,-0.110848498645666,0.110848498645666,-0.250737898832685,0.250737898832685,0,1,1
142,"oracle_ipw",0.3598,1799,0.0301025110912702,-0.155248821829269,0.155248821829269,0.928336482203608,0.016945000864308,0.016945000864308,0.0183551231571227,0.0183551231571227,9.38539327824588,0.658860246772039,35.5784533256901
142,"oracle_joint",0.3598,1799,0.0301025110912702,-0.0825815152093379,0.0825815152093379,0.928336482203608,-1.18922358963852e-07,1.18922358963852e-07,-2.1094237467878e-15,2.1094237467878e-15,8.14802084369579,0.710959641577061,33.21982
142,"standard",0.3598,1799,0.0301025110912702,0.736780120187401,0.736780120187401,0.928336482203609,-0.196366569147596,0.196366569147596,-0.196366450225464,0.196366450225464,0.719226511987381,0.257207149113053,7.98673114603583
142,"constrained",0.3598,1799,0.0301025110912702,0.561169558173921,0.561169558173921,0.928336482203611,-0.154280118922357,0.154280118922357,-0.154279999999999,0.154279999999999,1.41590045611889,0.3598,13.3948400000002
143,"unweighted",0.3678,1839,0.0273443419129782,0.488653447554302,0.488653447554302,0.913585408738851,-0.117847693943425,0.117847693943425,-0.251450940728657,0.251450940728657,0,1,1
143,"oracle_ipw",0.3678,1839,0.0273443419129782,-0.00601881578045105,0.00601881578045105,0.91358540873885,0.00316325994125007,0.00316325994125007,-8.01071630778805e-05,8.01071630778805e-05,9.00964914523083,0.677024163713813,36.5593048405459
143,"oracle_joint",0.3678,1839,0.0273443419129782,0.00254117110574292,0.00254117110574292,0.91358540873885,-1.18922359314266e-07,1.18922359314266e-07,-5.38458166943201e-15,5.38458166943201e-15,9.0152173647728,0.677022170283806,36.5706369230769
143,"standard",0.3678,1839,0.0273443419129782,0.74921252830827,0.74921252830827,0.91358540873885,-0.203502538640743,0.203502538640743,-0.203502419718595,0.203502419718595,0.645622919981359,0.253384271902641,7.78287154904596
143,"constrained",0.3678,1839,0.0273443419129782,0.58622209081231,0.58622209081231,0.913585408738851,-0.159080118922351,0.159080118922351,-0.159079999999981,0.159079999999981,1.40713871363199,0.3678,14.0669353846182
144,"unweighted",0.37,1850,0.0229999456364921,0.499904934606822,0.499904934606822,0.929225330765909,-0.126830395784299,0.126830395784299,-0.252574054054054,0.252574054054054,0,1,1
144,"oracle_ipw",0.37,1850,0.0229999456364921,-0.04153349407818,0.04153349407818,0.929225330765916,-0.0171367071614149,0.0171367071614149,-0.0317478759409395,0.0317478759409395,8.25750155278286,0.706276817355653,38.1389481372053
144,"oracle_joint",0.37,1850,0.0229999456364921,-0.132810575461288,0.132810575461288,0.929225330765921,-1.18922357870976e-07,1.18922357870976e-07,1.49880108324396e-15,1.49880108324396e-15,10.8036886481564,0.66769558101473,43.4783636363636
144,"standard",0.37,1850,0.0229999456364921,0.761815609177905,0.761815609177905,0.929225330765914,-0.212804309102133,0.212804309102133,-0.212804190180052,0.212804190180052,0.562799008649325,0.245223583583554,7.68856801518251
144,"constrained",0.37,1850,0.0229999456364921,0.571273273785494,0.571273273785494,0.929225330765922,-0.167480118885642,0.167480118885642,-0.167479999918571,0.167479999918571,1.39744185777925,0.37,15.3112727423388
145,"unweighted",0.3592,1796,0.0258452517275828,0.495499600280523,0.495499600280523,0.913188127903634,-0.119399999002795,0.119399999002795,-0.251838485523385,0.251838485523385,0,1,1
145,"oracle_ipw",0.3592,1796,0.0258452517275828,-0.00359994158482935,0.00359994158482935,0.913188127903634,-0.00210803051759685,0.00210803051759685,-0.0105792070103511,0.0105792070103511,8.77763723792911,0.687193926249092,37.108472017451
145,"oracle_joint",0.3592,1796,0.0258452517275828,-0.0204005944960386,0.0204005944960386,0.913188127903634,-1.18922357818935e-07,1.18922357818935e-07,-2.33146835171283e-15,2.33146835171283e-15,9.56529665743438,0.658991547420965,38.6918266666667
145,"standard",0.3592,1796,0.0258452517275828,0.771444154976241,0.771444154976241,0.913188127903634,-0.206023881318888,0.206023881318888,-0.206023762396806,0.206023762396806,0.636178170383406,0.250229364442673,7.85693689462091
145,"constrained",0.3592,1796,0.0258452517275828,0.611003540298554,0.611003540298554,0.913188127903634,-0.164280118922214,0.164280118922214,-0.164279999999693,0.164279999999693,1.35511537025394,0.3592,14.1045866667179
146,"unweighted",0.3606,1803,0.0343265462028017,0.54677180720592,0.54677180720592,0.913221891956702,-0.122277424039718,0.122277424039718,-0.249645901275652,0.249645901275652,0,1,1
146,"oracle_ipw",0.3606,1803,0.0343265462028017,-0.0544831878909329,0.0544831878909329,0.913221891956702,0.0108427023897944,0.0108427023897944,0.0467316978588815,0.0467316978588815,9.99487139908106,0.637000938934683,34.3980507024729
146,"oracle_joint",0.3606,1803,0.0343265462028017,0.0247671599985398,0.0247671599985398,0.913221891956702,-1.18922358093021e-07,1.18922358093021e-07,1.0547118733939e-15,1.0547118733939e-15,7.09512320967646,0.649669215686275,29.1319725
146,"standard",0.3606,1803,0.0343265462028017,0.802529874491557,0.802529874491557,0.913221891956703,-0.199649262579849,0.199649262579849,-0.199649143657519,0.199649143657519,0.560336323296,0.276760111089542,6.63400962409414
146,"constrained",0.3606,1803,0.0343265462028017,0.681885003217274,0.681885003217274,0.913221891956702,-0.168680118922364,0.168680118922364,-0.168679999999998,0.168679999999998,0.936943303273229,0.3606,10.123845
147,"unweighted",0.3724,1862,0.0457034365494205,0.470280506690028,0.470280506690028,0.919121329692591,-0.118363179147097,0.118363179147097,-0.246704747583244,0.246704747583244,0,1,1
147,"oracle_ipw",0.3724,1862,0.0457034365494205,-0.139001387775216,0.139001387775216,0.919121329692593,0.0297775237885824,0.0297775237885824,0.11074382720658,0.11074382720658,10.9509517389565,0.578761991800218,31.2531475572118
147,"oracle_joint",0.3724,1862,0.0457034365494205,0.0384005300181416,0.0384005300181416,0.919121329692595,-1.18922357621176e-07,1.18922357621176e-07,6.10622663543836e-16,6.10622663543836e-16,5.2180722394802,0.683208386023295,21.8801927272727
147,"standard",0.3724,1862,0.0457034365494205,0.707944394326187,0.707944394326187,0.919121329692594,-0.188326466483193,0.188326466483193,-0.188326347560844,0.188326347560844,0.544906409952403,0.301192166441222,5.9409354928051
147,"constrained",0.3724,1862,0.0457034365494205,0.612499399361969,0.612499399361969,0.919121329692595,-0.161480118914916,0.161480118914916,-0.161479999983357,0.161479999983357,0.803985568065624,0.3724,8.21311272883267
148,"unweighted",0.3654,1827,0.0296411699251205,0.534740166617746,0.534740166617746,0.915042478114679,-0.114903786670467,0.114903786670467,-0.250857164750958,0.250857164750958,0,1,1
148,"oracle_ipw",0.3654,1827,0.0296411699251205,-0.0221883089971043,0.0221883089971043,0.915042478114677,0.0111235955415827,0.0111235955415827,0.0157419195021981,0.0157419195021981,9.35449290103627,0.66279963879699,35.7911804950375
148,"oracle_joint",0.3654,1827,0.0296411699251205,0.0254218167922199,0.0254218167922199,0.915042478114677,-1.1892235709382e-07,1.1892235709382e-07,2.27595720048157e-15,2.27595720048157e-15,8.28305043709098,0.67599,33.73686
148,"standard",0.3654,1827,0.0296411699251205,0.777279350586873,0.777279350586873,0.915042478114674,-0.199490811893755,0.199490811893755,-0.199490692971581,0.199490692971581,0.670312513813356,0.258734804898699,7.70332456721508
148,"constrained",0.3654,1827,0.0296411699251205,0.61819209170502,0.61819209170502,0.915042478114678,-0.157280118922359,0.157280118922359,-0.157279999999997,0.157279999999997,1.35254418211584,0.3654,13.2118200000002
149,"unweighted",0.3642,1821,0.0403598466937596,0.518259334017979,0.518259334017979,0.912989741880686,-0.12075632901938,0.12075632901938,-0.248086172432729,0.248086172432729,0,1,1
149,"oracle_ipw",0.3642,1821,0.0403598466937596,-0.157590619112659,0.157590619112659,0.912989741880687,0.0209588611780878,0.0209588611780878,0.0824410570688631,0.0824410570688631,10.5888436479946,0.605156028189466,32.6784255222312
149,"oracle_joint",0.3642,1821,0.0403598466937596,-0.00524050473694304,0.00524050473694304,0.912989741880686,-1.18922358023632e-07,1.18922358023632e-07,-1.38777878078145e-15,1.38777878078145e-15,5.96940375285175,0.650837795786062,24.7771010526316
149,"standard",0.3642,1821,0.0403598466937596,0.752262782636238,0.752262782636238,0.912989741880686,-0.193910904286757,0.193910904286757,-0.193910785364406,0.193910785364406,0.547740369976584,0.291276947928108,6.19228315007467
149,"constrained",0.3642,1821,0.0403598466937596,0.646668300951943,0.646668300951943,0.912989741880686,-0.166880118821326,0.166880118821326,-0.166879999775773,0.166879999775773,0.829326052509808,0.3642,8.78297054997416
150,"unweighted",0.3548,1774,0.0392486517215941,0.486152428935118,0.486152428935118,0.918769728163416,-0.113803576617595,0.113803576617595,-0.248373438556934,0.248373438556934,0,1,1
150,"oracle_ipw",0.3548,1774,0.0392486517215941,-0.0797501423592216,0.0797501423592216,0.918769728163417,0.0277381428606732,0.0277381428606732,0.0754157999611632,0.0754157999611632,10.4463628625237,0.609467190464099,32.9112282850613
150,"oracle_joint",0.3548,1774,0.0392486517215941,0.0624196796318369,0.0624196796318369,0.918769728163415,-1.189223594808e-07,1.189223594808e-07,-4.55191440096314e-15,4.55191440096314e-15,6.14749941550215,0.68873676056338,25.4785822222222
150,"standard",0.3548,1774,0.0392486517215941,0.758439212990562,0.758439212990562,0.918769728163417,-0.190147897597708,0.190147897597708,-0.190147778675379,0.190147778675379,0.628229262340738,0.283161372328596,6.7384622572163
150,"constrained",0.3548,1774,0.0392486517215941,0.65496744830878,0.65496744830878,0.918769728163418,-0.161880118821195,0.161880118821195,-0.161879999773964,0.161879999773964,0.954944866752609,0.3548,9.52440891354918
151,"unweighted",0.3696,1848,0.020931670320499,0.516375357526188,0.516375357526188,0.913525042974774,-0.121040864917672,0.121040864917672,-0.253108744588745,0.253108744588745,0,1,1
151,"oracle_ipw",0.3696,1848,0.020931670320499,0.0849978949393154,0.0849978949393154,0.913525042974773,-0.0165105982967594,0.0165105982967594,-0.0479227354753403,0.0479227354753403,7.82980952013129,0.72071063859551,38.9183744841575
151,"oracle_joint",0.3696,1848,0.020931670320499,-0.00734143114549513,0.00734143114549513,0.913525042974773,-1.18922357225659e-07,1.18922357225659e-07,6.10622663543836e-16,6.10622663543836e-16,11.9142619855579,0.653078461538461,47.774496
151,"standard",0.3696,1848,0.020931670320499,0.797372948959092,0.797372948959092,0.913525042974773,-0.212455201342081,0.212455201342081,-0.212455082420562,0.212455082420562,0.642164546196865,0.235074321039311,8.51279676871158
151,"constrained",0.3696,1848,0.020931670320499,0.603537506899571,0.603537506899571,0.913525042974774,-0.161280118837041,0.161280118837041,-0.161279999809208,0.161279999809208,1.75522445513698,0.3696,17.9699520390562
152,"unweighted",0.36,1800,0.0236388330152836,0.464367380670379,0.464367380670379,0.927980793272172,-0.123395429737172,0.123395429737172,-0.252408888888889,0.252408888888889,0,1,1
152,"oracle_ipw",0.36,1800,0.0236388330152836,0.102768128173749,0.102768128173749,0.927980793272178,-0.0116727326969982,0.0116727326969982,-0.0269969760673045,0.0269969760673045,8.37293284545432,0.701584921008147,37.8855857344399
152,"oracle_joint",0.36,1800,0.0236388330152836,0.0558479844405845,0.0558479844405845,0.927980793272171,-1.18922358294249e-07,1.18922358294249e-07,-5.27355936696949e-15,5.27355936696949e-15,10.4985307763993,0.671634517766497,42.3032727272727
152,"standard",0.36,1800,0.0236388330152836,0.78989103697456,0.78989103697456,0.927980793272168,-0.210407935598292,0.210407935598292,-0.210407816676246,0.210407816676246,0.598338238553635,0.245014776762128,7.87290272571613
152,"constrained",0.36,1800,0.0236388330152836,0.640130129325407,0.640130129325407,0.927980793272177,-0.16748011891009,0.16748011891009,-0.167479999972801,0.167479999972801,1.37527468736808,0.36,14.8974545503512
153,"unweighted",0.37,1850,0.0292726580828082,0.480427800091357,0.480427800091357,0.95297412950676,-0.117753697464358,0.117753697464358,-0.250952432432432,0.250952432432432,0,1,1
153,"oracle_ipw",0.37,1850,0.0292726580828082,-0.224278863313695,0.224278863313695,0.952974129506764,0.00742550199352439,0.00742550199352439,0.0126817733863298,0.0126817733863298,9.26168169205107,0.663655133286672,35.8373771974803
153,"oracle_joint",0.37,1850,0.0292726580828082,-0.182832750781706,0.182832750781706,0.952974129506757,-1.18922357295048e-07,1.18922357295048e-07,4.88498130835069e-15,4.88498130835069e-15,8.39053890779746,0.719889875666074,34.1615714285714
153,"standard",0.37,1850,0.0292726580828082,0.726689782931116,0.726689782931116,0.95297412950676,-0.201376191560815,0.201376191560815,-0.201376072638592,0.201376072638592,0.634171012626535,0.258239257804467,7.55116182990481
153,"constrained",0.37,1850,0.0292726580828082,0.530238150548062,0.530238150548062,0.952974129506766,-0.157880118922362,0.157880118922362,-0.157879999999996,0.157879999999996,1.33834737672207,0.37,13.2988571428575
154,"unweighted",0.3486,1743,0.0421659671998487,0.514726386885468,0.514726386885468,0.913445283823247,-0.122306804443988,0.122306804443988,-0.247619254159495,0.247619254159495,0,1,1
154,"oracle_ipw",0.3486,1743,0.0421659671998487,-0.185723433817281,0.185723433817281,0.913445283823247,0.021328722433141,0.021328722433141,0.0925812830789394,0.0925812830789394,10.7424540302349,0.596461536458673,32.2089229687683
154,"oracle_joint",0.3486,1743,0.0421659671998487,-0.0176750688625131,0.0176750688625131,0.913445283823247,-1.1892235784669e-07,1.1892235784669e-07,-2.94209101525666e-15,2.94209101525666e-15,5.69617525751274,0.645993882352941,23.7158084210526
154,"standard",0.3486,1743,0.0421659671998487,0.720282212305525,0.720282212305525,0.913445283823246,-0.193548572360086,0.193548572360086,-0.193548453437736,0.193548453437736,0.523929163022479,0.296889757323995,5.96028450831743
154,"constrained",0.3486,1743,0.0421659671998487,0.648340988537358,0.648340988537358,0.913445283823246,-0.174680118922362,0.174680118922362,-0.174680000000002,0.174680000000002,0.695264840758899,0.3486,7.69121684210502
155,"unweighted",0.3638,1819,0.0148857662048365,0.559545176496377,0.559545176496377,0.918159950891285,-0.122885424230129,0.122885424230129,-0.254671731720726,0.254671731720726,0,1,1
155,"oracle_ipw",0.3638,1819,0.0148857662048365,0.257442905624286,0.257442905624286,0.918159950891286,-0.0377161750556314,0.0377161750556314,-0.099527646500783,0.099527646500783,6.28549206353953,0.765098124378507,41.3152987164394
155,"oracle_joint",0.3638,1819,0.0148857662048365,0.080393721652538,0.080393721652538,0.918159950891287,-1.18922358040979e-07,1.18922358040979e-07,-5.55111512312578e-17,5.55111512312578e-17,16.9300876839364,0.688037530017153,67.1782685714286
155,"standard",0.3638,1819,0.0148857662048365,0.877243446489697,0.877243446489697,0.918159950891285,-0.221214346284073,0.221214346284073,-0.221214227366701,0.221214227366701,0.64458928127612,0.212039075783378,9.69417148877674
155,"constrained",0.3638,1819,0.0148857662048365,0.669275342872102,0.669275342872102,0.918159950891287,-0.163480118757599,0.163480118757599,-0.163479999632664,0.163479999632664,2.35464736753712,0.3638,24.6968229626228
156,"unweighted",0.356,1780,0.0173850457313628,0.472843023679912,0.472843023679912,0.913741350620835,-0.119326625527081,0.119326625527081,-0.254025617977528,0.254025617977528,0,1,1
156,"oracle_ipw",0.356,1780,0.0173850457313628,0.12141345013175,0.12141345013175,0.913741350620835,-0.0251944311201232,0.0251944311201232,-0.0775318604974177,0.0775318604974177,6.9691779348206,0.745738167394903,40.2698610393248
156,"oracle_joint",0.356,1780,0.0173850457313628,-0.00779600323802976,0.00779600323802976,0.913741350620834,-1.18922358908341e-07,1.18922358908341e-07,-3.49720252756924e-15,3.49720252756924e-15,14.4328842334332,0.67676827586207,57.5207
156,"standard",0.356,1780,0.0173850457313628,0.80845250385099,0.80845250385099,0.913741350620836,-0.216093727180228,0.216093727180228,-0.216093608260565,0.216093608260565,0.680355816228056,0.2203459990015,9.43987216213588
156,"constrained",0.356,1780,0.0173850457313628,0.608960120700914,0.608960120700914,0.913741350620835,-0.163280118922339,0.163280118922339,-0.163279999999963,0.163279999999963,2.04228844593859,0.356,21.1909000000095
157,"unweighted",0.375,1875,0.0206302542678838,0.517742295610435,0.517742295610435,0.938565692847729,-0.121117494922361,0.121117494922361,-0.253186666666667,0.253186666666667,0,1,1
157,"oracle_ipw",0.375,1875,0.0206302542678838,0.207315283061431,0.207315283061431,0.938565692847737,-0.0171308475045224,0.0171308475045224,-0.0506234461113562,0.0506234461113562,7.74171584791655,0.721863034335572,38.9806038541209
157,"oracle_joint",0.375,1875,0.0206302542678838,0.140096448033593,0.140096448033593,0.938565692847732,-1.18922358519763e-07,1.18922358519763e-07,5.55111512312578e-17,5.55111512312578e-17,12.0923738641374,0.68230198019802,48.4725
157,"standard",0.375,1875,0.0206302542678838,0.825704566082924,0.825704566082924,0.938565692847736,-0.212718719756325,0.212718719756325,-0.21271860083482,0.21271860083482,0.640210714107581,0.233162654726227,8.58776234350339
157,"constrained",0.375,1875,0.0206302542678838,0.650889458041022,0.650889458041022,0.938565692847732,-0.158480118744807,0.158480118744807,-0.158479999601437,0.158479999601437,1.868850035053,0.375,18.757500083038
158,"unweighted",0.368,1840,0.0231249453410383,0.47921843479985,0.47921843479985,1.00517626663793,-0.123350652729543,0.123350652729543,-0.252541739130435,0.252541739130435,0,1,1
158,"oracle_ipw",0.368,1840,0.0231249453410383,-0.199333886557797,0.199333886557797,1.00517626663793,-0.0128215670676017,0.0128215670676017,-0.0310820274974878,0.0310820274974878,8.26031204580099,0.70452166566435,38.0441699458749
158,"oracle_joint",0.368,1840,0.0231249453410383,-0.296948023857935,0.296948023857935,1.00517626663793,-1.18922357728729e-07,1.18922357728729e-07,0,0,10.7406685444135,0.688891001697793,43.2433454545455
158,"standard",0.368,1840,0.0231249453410383,0.730871665550828,0.730871665550828,1.00517626663792,-0.210902744873916,0.210902744873916,-0.210902625951906,0.210902625951906,0.600553325544749,0.242958444484909,7.96508802260242
158,"constrained",0.368,1840,0.0231249453410383,0.502684763321102,0.502684763321102,1.00517626663793,-0.164080118906024,0.164080118906024,-0.164079999963611,0.164079999963611,1.49575858707238,0.368,15.7972363703578
159,"unweighted",0.3662,1831,0.0295764158673922,0.497602503912668,0.497602503912668,0.915927041101045,-0.120729108312934,0.120729108312934,-0.250873904969962,0.250873904969962,0,1,1
159,"oracle_ipw",0.3662,1831,0.0295764158673922,-0.0843429385224188,0.0843429385224188,0.91592704110104,0.00443862594960124,0.00443862594960124,0.015532271357144,0.015532271357144,9.36122521345561,0.663743001130852,35.842122061066
159,"oracle_joint",0.3662,1831,0.0295764158673922,-0.0537317696057298,0.0537317696057298,0.91592704110104,-1.18922358578744e-07,1.18922358578744e-07,-6.21724893790088e-15,6.21724893790088e-15,8.30242762111041,0.669605505804312,33.8107228571429
159,"standard",0.3662,1831,0.0295764158673922,0.750955920986924,0.750955920986924,0.91592704110104,-0.202933014324755,0.202933014324755,-0.202932895402496,0.202932895402496,0.599526869744924,0.261809463176985,7.26999917986251
159,"constrained",0.3662,1831,0.0295764158673922,0.594513766916212,0.594513766916212,0.915927041101039,-0.163480118922361,0.163480118922361,-0.163479999999997,0.163479999999997,1.19377114073598,0.3662,12.4298742857146
160,"unweighted",0.3622,1811,0.0256311828286795,0.509223080098077,0.509223080098077,0.928837128988155,-0.121088385903486,0.121088385903486,-0.25189382661513,0.25189382661513,0,1,1
160,"oracle_ipw",0.3622,1811,0.0256311828286795,0.122155070634594,0.122155070634594,0.92883712898816,-0.00445966365525097,0.00445966365525097,-0.0120975402395856,0.0120975402395856,8.74341225305223,0.688689929978588,37.1892562188438
160,"oracle_joint",0.3622,1811,0.0256311828286795,0.102961031470526,0.102961031470526,0.928837128988162,-1.18922358509355e-07,1.18922358509355e-07,-3.66373598126302e-15,3.66373598126302e-15,9.6488423329917,0.659012739273927,39.0149766666667
160,"standard",0.3622,1811,0.0256311828286795,0.805249323285078,0.805249323285078,0.928837128988159,-0.207144069606489,0.207144069606489,-0.207143950684375,0.207143950684375,0.616624535523837,0.250462752279832,7.75350210922488
160,"constrained",0.3622,1811,0.0256311828286795,0.661960187234937,0.661960187234937,0.928837128988164,-0.164880118922082,0.164880118922082,-0.164879999999392,0.164879999999392,1.34311730468386,0.3622,14.1318366667681
161,"unweighted",0.3606,1803,0.038617364478152,0.459814048491365,0.459814048491365,0.914410060457797,-0.116096808691356,0.116096808691356,-0.248536638935108,0.248536638935108,0,1,1
161,"oracle_ipw",0.3606,1803,0.038617364478152,-0.139848031943994,0.139848031943994,0.914410060457798,0.024010820616754,0.024010820616754,0.0721998437823624,0.0721998437823624,10.4161311350553,0.613464895411106,33.1271043521997
161,"oracle_joint",0.3606,1803,0.038617364478152,-0.00524145080486416,0.00524145080486416,0.914410060457798,-1.18922358429557e-07,1.18922358429557e-07,-4.16333634234434e-15,4.16333634234434e-15,6.25716289998444,0.66156,25.8950866666667
161,"standard",0.3606,1803,0.038617364478152,0.696660900592662,0.696660900592662,0.914410060457799,-0.192310342071603,0.192310342071603,-0.192310223149276,0.192310223149276,0.60712112258948,0.28384239606609,6.63201264788179
161,"constrained",0.3606,1803,0.038617364478152,0.588515202208792,0.588515202208792,0.914410060457797,-0.162680118825194,0.162680118825194,-0.16267999978313,0.16267999978313,0.949774556762792,0.3606,9.5999733573589
162,"unweighted",0.375,1875,0.0288823559750374,0.502557978567154,0.502557978567154,0.917119213114608,-0.119430170477914,0.119430170477914,-0.251053333333333,0.251053333333333,0,1,1
162,"oracle_ipw",0.375,1875,0.0288823559750374,-0.0769150295533643,0.0769150295533643,0.917119213114609,0.00471006616531501,0.00471006616531501,0.0104910502152369,0.0104910502152369,9.23771491419888,0.667190104700498,36.0282656538269
162,"oracle_joint",0.375,1875,0.0288823559750374,-0.0514087444323453,0.0514087444323453,0.917119213114608,-1.18922357350559e-07,1.18922357350559e-07,4.94049245958195e-15,4.94049245958195e-15,8.51079155996466,0.693749999999999,34.6232142857142
162,"standard",0.375,1875,0.0288823559750374,0.750482636034387,0.750482636034387,0.917119213114609,-0.202780539073075,0.202780539073075,-0.202780420150845,0.202780420150845,0.61689556461886,0.258430754127602,7.46512230123038
162,"constrained",0.375,1875,0.0288823559750374,0.573715660231283,0.573715660231283,0.917119213114609,-0.158080118922355,0.158080118922355,-0.158079999999999,0.158079999999999,1.34517188707968,0.375,13.451785714286
163,"unweighted",0.3656,1828,0.0317410230461834,0.495522903562404,0.495522903562404,0.919890464957163,-0.120967585173592,0.120967585173592,-0.250314310722101,0.250314310722101,0,1,1
163,"oracle_ipw",0.3656,1828,0.0317410230461834,0.00932265794659803,0.00932265794659803,0.919890464957165,0.00838801920030246,0.00838801920030246,0.0295056022757599,0.0295056022757599,9.6285331930504,0.650013334518623,35.1007200640056
163,"oracle_joint",0.3656,1828,0.0317410230461834,0.0544756245296214,0.0544756245296214,0.919890464957163,-1.18922357236068e-07,1.18922357236068e-07,-5.6621374255883e-15,5.6621374255883e-15,7.70491047844542,0.708454411247803,31.5049706666667
163,"standard",0.3656,1828,0.0317410230461834,0.742790762267833,0.742790762267833,0.919890464957162,-0.200939422185581,0.200939422185581,-0.200939303263289,0.200939303263289,0.58413338502694,0.267419700920242,7.01716757564904
163,"constrained",0.3656,1828,0.0317410230461834,0.6158445699806,0.6158445699806,0.919890464957162,-0.163880118922359,0.163880118922359,-0.163880000000001,0.163880000000001,1.10121416019477,0.3656,11.5334613333333
164,"unweighted",0.3752,1876,0.0164954058645127,0.531283534668191,0.531283534668191,0.920568915707879,-0.120001162883132,0.120001162883132,-0.254255607675906,0.254255607675906,0,1,1
164,"oracle_ipw",0.3752,1876,0.0164954058645127,0.12908089357128,0.12908089357128,0.920568915707873,-0.0287312295233819,0.0287312295233819,-0.0854573963100559,0.0854573963100559,6.71681429032637,0.751540380838751,40.5831805652926
164,"oracle_joint",0.3752,1876,0.0164954058645127,-0.0502923793545182,0.0502923793545182,0.920568915707867,-1.1892235690647e-07,1.1892235690647e-07,5.21804821573824e-15,5.21804821573824e-15,15.2332987937488,0.70838273972603,60.6229400000002
164,"standard",0.3752,1876,0.0164954058645127,0.840474191754794,0.840474191754794,0.920568915707867,-0.217567072817429,0.217567072817429,-0.21756695389845,0.21756695389845,0.674060871314378,0.216672978769953,9.60348931095532
164,"constrained",0.3752,1876,0.0164954058645127,0.587914345599735,0.587914345599735,0.92056891570787,-0.155880118922192,0.155880118922192,-0.155879999999634,0.155879999999634,2.4577469104436,0.3752,24.0690800000958
165,"unweighted",0.367,1835,0.0168639680663901,0.531083200840792,0.531083200840792,0.922714527750824,-0.120142155582697,0.120142155582697,-0.254160326975477,0.254160326975477,0,1,1
165,"oracle_ipw",0.367,1835,0.0168639680663901,0.113995859512423,0.113995859512423,0.922714527750826,-0.0278631025514977,0.0278631025514977,-0.0819757262284435,0.0819757262284435,6.83703170265084,0.749904496228711,40.4948427963504
165,"oracle_joint",0.367,1835,0.0168639680663901,-0.061698065923665,0.061698065923665,0.922714527750831,-1.18922358547519e-07,1.18922358547519e-07,-4.2188474935756e-15,4.2188474935756e-15,14.892531397203,0.67330149750416,59.298025
165,"standard",0.367,1835,0.0168639680663901,0.851982059667803,0.851982059667803,0.922714527750826,-0.217208928978683,0.217208928978683,-0.217208810059344,0.217208810059344,0.672287057863691,0.218833286696825,9.47575419276305
165,"constrained",0.367,1835,0.0168639680663901,0.610830725339464,0.610830725339464,0.922714527750826,-0.159880118922312,0.159880118922312,-0.159879999999887,0.159879999999887,2.23764339876891,0.367,22.6255500000281
166,"unweighted",0.3624,1812,0.0234822844522685,0.478223417100066,0.478223417100066,0.914299655886185,-0.116047491862452,0.116047491862452,-0.2524493598234,0.2524493598234,0,1,1
166,"oracle_ipw",0.3624,1812,0.0234822844522685,0.0509478602857604,0.0509478602857604,0.914299655886185,-0.00362842198659541,0.00362842198659541,-0.0286631768090647,0.0286631768090647,8.30724009114739,0.701179400037014,37.8636876019987
166,"oracle_joint",0.3624,1812,0.0234822844522685,0.0175490961669021,0.0175490961669021,0.914299655886185,-1.18922357249945e-07,1.18922357249945e-07,1.55431223447522e-15,1.55431223447522e-15,10.569052800595,0.702253497363796,42.5852945454545
166,"standard",0.3624,1812,0.0234822844522685,0.768736711941319,0.768736711941319,0.914299655886185,-0.206624201122749,0.206624201122749,-0.206624082200995,0.206624082200995,0.689244863105705,0.239727393131306,8.54867300473148
166,"constrained",0.3624,1812,0.0234822844522685,0.591526241106313,0.591526241106313,0.914299655886185,-0.157880118921058,0.157880118921058,-0.157879999997077,0.157879999997077,1.68041746229595,0.3624,16.578152727808
167,"unweighted",0.3666,1833,0.0274338487604838,0.513107878167032,0.513107878167032,0.913985601811691,-0.12501263167946,0.12501263167946,-0.25142780141844,0.25142780141844,0,1,1
167,"oracle_ipw",0.3666,1833,0.0274338487604838,0.0104972628764288,0.0104972628764288,0.913985601811691,-0.00474324889987814,0.00474324889987814,0.000884747559947496,0.000884747559947496,9.0478667840868,0.67733461862875,36.5760694059525
167,"oracle_joint",0.3666,1833,0.0274338487604838,-0.00154298704454436,0.00154298704454436,0.91398560181169,-1.18922357322804e-07,1.18922357322804e-07,1.49880108324396e-15,1.49880108324396e-15,8.98653210285697,0.663732610837438,36.45132
167,"standard",0.3666,1833,0.0274338487604838,0.762891632382191,0.762891632382191,0.913985601811691,-0.207334944801311,0.207334944801311,-0.207334825879053,0.207334825879053,0.562327560404558,0.258273180572523,7.21710955105668
167,"constrained",0.3666,1833,0.0274338487604838,0.61668598843974,0.61668598843974,0.913985601811691,-0.167680118922261,0.167680118922261,-0.167679999999796,0.167679999999796,1.17469190225886,0.3666,12.8084400000319
168,"unweighted",0.357,1785,0.0390067832796123,0.493242784041642,0.493242784041642,0.913618748404634,-0.118619503811248,0.118619503811248,-0.248435966386555,0.248435966386555,0,1,1
168,"oracle_ipw",0.357,1785,0.0390067832796123,-0.163450930028805,0.163450930028805,0.913618748404633,0.0219910549739897,0.0219910549739897,0.074252658936302,0.074252658936302,10.4391043873272,0.611110284157723,32.9999553445171
168,"oracle_joint",0.357,1785,0.0390067832796123,-0.0182459327397275,0.0182459327397275,0.913618748404633,-1.18922357794649e-07,1.18922357794649e-07,4.05231403988182e-15,4.05231403988182e-15,6.18872648249527,0.682197920277296,25.6365666666667
168,"standard",0.357,1785,0.0390067832796123,0.724285625108353,0.724285625108353,0.913618748404633,-0.193453986451146,0.193453986451146,-0.193453867528807,0.193453867528807,0.574584706253661,0.285458180621192,6.45239147006043
168,"constrained",0.357,1785,0.0390067832796123,0.619984509567677,0.619984509567677,0.913618748404632,-0.166280118922361,0.166280118922361,-0.166279999999997,0.166279999999997,0.873202562016752,0.357,9.14713333333348
169,"unweighted",0.361,1805,0.0171442556242802,0.557633602499712,0.557633602499712,0.938766554554621,-0.12421669160992,0.12421669160992,-0.254087867036011,0.254087867036011,0,1,1
169,"oracle_ipw",0.361,1805,0.0171442556242802,0.278314297984384,0.278314297984384,0.938766554554622,-0.03172482285469,0.03172482285469,-0.0792013782772824,0.0792013782772824,6.93853536690209,0.74923637085531,40.4587640261867
169,"oracle_joint",0.361,1805,0.0171442556242802,0.158594254101162,0.158594254101162,0.93876655455462,-1.18922358110368e-07,1.18922358110368e-07,8.27116153345742e-15,8.27116153345742e-15,14.6450104227085,0.643034894991922,58.328575
169,"standard",0.361,1805,0.0171442556242802,0.861359082677637,0.861359082677637,0.938766554554622,-0.218786422180176,0.218786422180176,-0.218786303259896,0.218786303259896,0.621784100822977,0.223190658668293,8.96491532706722
169,"constrained",0.361,1805,0.0171442556242802,0.696557790835929,0.696557790835929,0.938766554554616,-0.167480118922244,0.167480118922244,-0.167479999999752,0.167479999999752,1.89163614182731,0.361,20.5409000000621
170,"unweighted",0.3652,1826,0.0317757886793118,0.506937711481183,0.506937711481183,0.918098731407142,-0.12235522068385,0.12235522068385,-0.250305323110624,0.250305323110624,0,1,1
170,"oracle_ipw",0.3652,1826,0.0317757886793118,-0.125200637089152,0.125200637089152,0.91809873140714,0.00641993070994396,0.00641993070994396,0.0305009280317737,0.0305009280317737,9.68612626756178,0.651545943933353,35.1834809724011
170,"oracle_joint",0.3652,1826,0.0317757886793118,-0.0694289459010494,0.0694289459010494,0.918098731407144,-1.18922357766893e-07,1.18922357766893e-07,-3.27515792264421e-15,3.27515792264421e-15,7.69983796474198,0.646339518459069,31.4705013333333
170,"standard",0.3652,1826,0.0317757886793118,0.748120683537306,0.748120683537306,0.918098731407142,-0.20194253487959,0.20194253487959,-0.201942415957293,0.201942415957293,0.572248455992633,0.269949746245913,6.88737789746729
170,"constrained",0.3652,1826,0.0317757886793118,0.605363279342194,0.605363279342194,0.91809873140714,-0.16668011892236,0.16668011892236,-0.166679999999997,0.166679999999997,1.04686190310529,0.3652,11.1799893333335
171,"unweighted",0.3688,1844,0.035661027916963,0.493353225136409,0.493353225136409,0.92008577309304,-0.119319408500404,0.119319408500404,-0.249300911062907,0.249300911062907,0,1,1
171,"oracle_ipw",0.3688,1844,0.035661027916963,-0.0305745512546273,0.0305745512546273,0.920085773093035,0.0163773810997339,0.0163773810997339,0.054668585837975,0.054668585837975,10.1233513000684,0.629106483970853,33.971750134426
171,"oracle_joint",0.3688,1844,0.035661027916963,0.0571894275192693,0.0571894275192693,0.920085773093037,-1.18922358318535e-07,1.18922358318535e-07,-7.21644966006352e-15,7.21644966006352e-15,6.8114398084809,0.66553008183306,28.0418164705882
171,"standard",0.3688,1844,0.035661027916963,0.747616797435202,0.747616797435202,0.920085773093038,-0.196692571547311,0.196692571547311,-0.196692452624993,0.196692452624993,0.584903493817697,0.277888019139926,6.70647043291367
171,"constrained",0.3688,1844,0.035661027916963,0.626822639646604,0.626822639646604,0.920085773093037,-0.162280118922357,0.162280118922357,-0.162280000000002,0.162280000000002,1.01667872227945,0.3688,10.4392094117646
172,"unweighted",0.3654,1827,0.0423445284644578,0.540269920295555,0.540269920295555,0.924692764954183,-0.119595318455596,0.119595318455596,-0.247573092501368,0.247573092501368,0,1,1
172,"oracle_ipw",0.3654,1827,0.0423445284644578,-0.0308839740513654,0.0308839740513654,0.924692764954183,0.0248040315989164,0.0248040315989164,0.0931476429313329,0.0931476429313329,10.7300785288592,0.594904429292187,32.1248391817781
172,"oracle_joint",0.3654,1827,0.0423445284644578,0.11223821886656,0.11223821886656,0.924692764954182,-1.18922357905671e-07,1.18922357905671e-07,1.4432899320127e-15,1.4432899320127e-15,5.66756854202263,0.669252558139534,23.615802
172,"standard",0.3654,1827,0.0423445284644578,0.779574474606538,0.779574474606538,0.924692764954187,-0.191590034994351,0.191590034994351,-0.191589916071997,0.191589916071997,0.548840995386875,0.294590618913017,6.11406316682309
172,"constrained",0.3654,1827,0.0423445284644578,0.687236482442956,0.687236482442956,0.924692764954183,-0.165080118876672,0.165080118876672,-0.16507999989836,0.16507999989836,0.816780132843365,0.3654,8.53574401024173
173,"unweighted",0.3654,1827,0.0169378113857831,0.524207051879832,0.524207051879832,0.997774560201611,-0.122335640373766,0.122335640373766,-0.254141237000547,0.254141237000547,0,1,1
173,"oracle_ipw",0.3654,1827,0.0169378113857831,0.337520663674116,0.337520663674116,0.997774560201612,-0.0298229949695517,0.0298229949695517,-0.0815862900414733,0.0815862900414733,6.83655991053191,0.748282148366288,40.4072360117796
173,"oracle_joint",0.3654,1827,0.0169378113857831,0.260628266648637,0.260628266648637,0.997774560201612,-1.18922357513623e-07,1.18922357513623e-07,-3.05311331771918e-15,3.05311331771918e-15,14.8245755263538,0.710564444444444,59.039505
173,"standard",0.3654,1827,0.0169378113857831,0.881829812491977,0.881829812491977,0.997774560201622,-0.21801861713953,0.21801861713953,-0.218018498219639,0.218018498219639,0.642023430178974,0.219820607982456,9.24953046918946
173,"constrained",0.3654,1827,0.0169378113857831,0.723583602979512,0.723583602979512,0.997774560201611,-0.162480118922093,0.162480118922093,-0.162479999999405,0.162479999999405,2.11047482698285,0.3654,21.9331350001501
174,"unweighted",0.371,1855,0.0271084877509255,0.526105302053892,0.526105302053892,0.91940475922958,-0.123372189743814,0.123372189743814,-0.251511913746631,0.251511913746631,0,1,1
174,"oracle_ipw",0.371,1855,0.0271084877509255,0.0735161395595679,0.0735161395595679,0.919404759229578,-0.00374666621014627,0.00374666621014627,-0.00133976796277263,0.00133976796277263,9.00101051963762,0.679585940782125,36.6976408022348
174,"oracle_joint",0.371,1855,0.0271084877509255,0.0619608042428724,0.0619608042428724,0.919404759229574,-1.18922358027101e-07,1.18922358027101e-07,-9.54791801177635e-15,9.54791801177635e-15,9.09987479083047,0.653457827476038,36.8888153846154
174,"standard",0.371,1855,0.0271084877509255,0.777282268243231,0.777282268243231,0.919404759229577,-0.206855903992376,0.206855903992376,-0.206855785070159,0.206855785070159,0.582982808395403,0.256579212074938,7.37208605345491
174,"constrained",0.371,1855,0.0271084877509255,0.630743902858637,0.630743902858637,0.919404759229577,-0.164480118922314,0.164480118922314,-0.164479999999913,0.164479999999913,1.26867819225393,0.371,13.4187846153987
175,"unweighted",0.3668,1834,0.0253097448760843,0.562270682270377,0.562270682270377,0.914341030514084,-0.120798817741043,0.120798817741043,-0.251976924754635,0.251976924754635,0,1,1
175,"oracle_ipw",0.3668,1834,0.0253097448760843,0.0485734231739402,0.0485734231739402,0.914341030514083,-0.00484905261420002,0.00484905261420002,-0.0144906670323397,0.0144906670323397,8.68392414885322,0.690663266454767,37.2958163885574
175,"oracle_joint",0.3668,1834,0.0253097448760843,0.0194879687845423,0.0194879687845423,0.914341030514083,-1.18922358072204e-07,1.18922358072204e-07,-6.66133814775094e-15,6.66133814775094e-15,9.77660379466606,0.661920916530278,39.5104733333333
175,"standard",0.3668,1834,0.0253097448760843,0.847054341681864,0.847054341681864,0.914341030514082,-0.207315935553495,0.207315935553495,-0.207315816631407,0.207315816631407,0.621509002449228,0.249182057901168,7.82570602484255
175,"constrained",0.3668,1834,0.0253097448760843,0.668876422257667,0.668876422257667,0.914341030514084,-0.162680118922098,0.162680118922098,-0.162679999999418,0.162679999999418,1.41542493131189,0.3668,14.6475466667647
176,"unweighted",0.3666,1833,0.0232132566434863,0.493631685716452,0.493631685716452,0.91761598615707,-0.122153608658162,0.122153608658162,-0.252518908892526,0.252518908892526,0,1,1
176,"oracle_ipw",0.3666,1833,0.0232132566434863,-0.0040947734815393,0.0040947734815393,0.917615986157069,-0.0112545916694419,0.0112545916694419,-0.0304332028064187,0.0304332028064187,8.27567927920884,0.703843601440777,38.007554477802
176,"oracle_joint",0.3666,1833,0.0232132566434863,-0.0699052848076923,0.0699052848076923,0.917615986157068,-1.18922357853629e-07,1.18922357853629e-07,1.49880108324396e-15,1.49880108324396e-15,10.6977916057796,0.688608449744463,43.0788327272727
176,"standard",0.3666,1833,0.0232132566434863,0.763513067814844,0.763513067814844,0.917615986157072,-0.210198677472651,0.210198677472651,-0.210198558550672,0.210198558550672,0.614188245479709,0.242499397082762,8.05210928879689
176,"constrained",0.3666,1833,0.0232132566434863,0.577485208933636,0.577485208933636,0.917615986157069,-0.163280118911335,0.163280118911335,-0.163279999975425,0.163279999975425,1.51754886749219,0.3666,15.8704472772537
177,"unweighted",0.3772,1886,0.0307648940235543,0.556683573820595,0.556683573820595,0.914644165083637,-0.125008203089455,0.125008203089455,-0.250566659597031,0.250566659597031,0,1,1
177,"oracle_ipw",0.3772,1886,0.0307648940235543,-0.0405014961610806,0.0405014961610806,0.914644165083639,0.00160273922894267,0.00160273922894267,0.0239849377708255,0.0239849377708255,9.5610757058442,0.657783102019464,35.5202875090511
177,"oracle_joint",0.3772,1886,0.0307648940235543,-0.00752263543642917,0.00752263543642917,0.914644165083638,-1.1892235665667e-07,1.1892235665667e-07,4.2188474935756e-15,4.2188474935756e-15,7.96815747650451,0.6408331587057,32.5045813333333
177,"standard",0.3772,1886,0.0307648940235543,0.788772519550516,0.788772519550516,0.914644165083639,-0.204332137806708,0.204332137806708,-0.204332018884395,0.204332018884395,0.548728132806361,0.268970018105651,6.81323549227012
177,"constrained",0.3772,1886,0.0307648940235543,0.635804851381156,0.635804851381156,0.914644165083638,-0.16508011892236,0.16508011892236,-0.165080000000001,0.165080000000001,1.09940178882495,0.3772,11.7485226666666
178,"unweighted",0.3698,1849,0.0313805246773517,0.490635448760398,0.490635448760398,0.921539450708042,-0.117674019642318,0.117674019642318,-0.250407506760411,0.250407506760411,0,1,1
178,"oracle_ipw",0.3698,1849,0.0313805246773517,-0.147311979100174,0.147311979100174,0.92153945070804,0.0114860842887341,0.0114860842887341,0.0271241943545846,0.0271241943545846,9.5796124837909,0.652044586866193,35.2104076907745
178,"oracle_joint",0.3698,1849,0.0313805246773517,-0.0798033399455197,0.0798033399455197,0.92153945070804,-1.18922357315865e-07,1.18922357315865e-07,5.05151476204446e-15,5.05151476204446e-15,7.79778574143923,0.70179256454389,31.8668986666667
178,"standard",0.3698,1849,0.0313805246773517,0.755165153932637,0.755165153932637,0.921539450708038,-0.199346116321745,0.199346116321745,-0.199345997399472,0.199345997399472,0.624061688994483,0.264414743108469,7.29418205389439
178,"constrained",0.3698,1849,0.0313805246773517,0.583996328149536,0.583996328149536,0.921539450708039,-0.158480118922359,0.158480118922359,-0.158479999999999,0.158479999999999,1.23623002762224,0.3698,12.3315973333334
179,"unweighted",0.3702,1851,0.0313466181136809,0.579235706646645,0.579235706646645,0.917461310741114,-0.120264707930911,0.120264707930911,-0.250416272285251,0.250416272285251,0,1,1
179,"oracle_ipw",0.3702,1851,0.0313466181136809,0.0453854416666205,0.0453854416666205,0.917461310741113,0.00824439826807459,0.00824439826807459,0.0273718582970873,0.0273718582970873,9.60766879568344,0.653315839145547,35.2790553138595
179,"oracle_joint",0.3702,1851,0.0313466181136809,0.0933169449535193,0.0933169449535193,0.91746131074111,-1.18922357017492e-07,1.18922357017492e-07,-1.4432899320127e-15,1.4432899320127e-15,7.80896063549977,0.666964901960784,31.901368
179,"standard",0.3702,1851,0.0313466181136809,0.834775613164173,0.834775613164173,0.917461310741113,-0.201026492764327,0.201026492764327,-0.201026373842032,0.201026373842032,0.596017071171934,0.266685802883884,7.0947134678952
179,"constrained",0.3702,1851,0.0313466181136809,0.69038949277892,0.69038949277892,0.917461310741113,-0.161880118922358,0.161880118922358,-0.161880000000002,0.161880000000002,1.15986155141768,0.3702,11.9253759999998
180,"unweighted",0.373,1865,0.0228149594785579,0.525625414891271,0.525625414891271,0.9217767007584,-0.123179716116215,0.123179716116215,-0.252621876675603,0.252621876675603,0,1,1
180,"oracle_ipw",0.373,1865,0.0228149594785579,0.0117946265067685,0.0117946265067685,0.921776700758406,-0.0135648967769516,0.0135648967769516,-0.033265420033761,0.033265420033761,8.21362962076902,0.707238706459664,38.1908901488218
180,"oracle_joint",0.373,1865,0.0228149594785579,-0.0673983901581637,0.0673983901581637,0.921776700758402,-1.18922358776502e-07,1.18922358776502e-07,-1.16573417585641e-15,1.16573417585641e-15,10.8934254095074,0.66873138211382,43.8308909090909
180,"standard",0.373,1865,0.0228149594785579,0.783148291450609,0.783148291450609,0.921776700758403,-0.211226842386552,0.211226842386552,-0.21122672346459,0.21122672346459,0.605093599177763,0.242218281862999,8.01836006715393
180,"constrained",0.373,1865,0.0228149594785579,0.586054512070276,0.586054512070276,0.921776700758404,-0.162280118909354,0.162280118909354,-0.162279999970971,0.162279999970971,1.56900083277489,0.373,16.3170545509008
181,"unweighted",0.3714,1857,0.0187472019801045,0.515615750248203,0.515615750248203,0.923127888156361,-0.117677979085203,0.117677979085203,-0.253673473344103,0.253673473344103,0,1,1
181,"oracle_ipw",0.3714,1857,0.0187472019801045,0.0643736182973965,0.0643736182973965,0.923127888156354,-0.0187634281163539,0.0187634281163539,-0.0663417477080178,0.0663417477080178,7.28299633627734,0.734310729436643,39.6527793895787
181,"oracle_joint",0.3714,1857,0.0187472019801045,-0.0679316225814462,0.0679316225814462,0.923127888156357,-1.18922357000145e-07,1.18922357000145e-07,6.7168492989822e-15,6.7168492989822e-15,13.349985205612,0.710947291666667,53.3412933333333
181,"standard",0.3714,1857,0.0187472019801045,0.828117545354849,0.828117545354849,0.923127888156355,-0.213345962016513,0.213345962016513,-0.213345843096079,0.213345843096079,0.693581645923848,0.223989004604176,9.32093437458798
181,"constrained",0.3714,1857,0.0187472019801045,0.583401925557328,0.583401925557328,0.923127888156359,-0.155080118922358,0.155080118922358,-0.15508,0.15508,2.20147981658105,0.3714,21.3431200000001
182,"unweighted",0.3802,1901,0.0345917598521198,0.504099998617521,0.504099998617521,0.913752462743542,-0.119050143031403,0.119050143031403,-0.24957733824303,0.24957733824303,0,1,1
182,"oracle_ipw",0.3802,1901,0.0345917598521198,-0.0806627330905056,0.0806627330905056,0.913752462743543,0.014634406835626,0.014634406835626,0.0484013199768104,0.0484013199768104,10.0261102088828,0.635574541694906,34.3210252515249
182,"oracle_joint",0.3802,1901,0.0345917598521198,0.00784677373246812,0.00784677373246812,0.913752462743542,-1.18922357163209e-07,1.18922357163209e-07,3.71924713249427e-15,3.71924713249427e-15,7.03786575603887,0.641973231240429,28.9086188235294
182,"standard",0.3802,1901,0.0345917598521198,0.73262860396234,0.73262860396234,0.913752462743543,-0.197623630584048,0.197623630584048,-0.197623511661735,0.197623511661735,0.596234777455255,0.276032847258045,6.80966025476851
182,"constrained",0.3802,1901,0.0345917598521198,0.588336751744103,0.588336751744103,0.913752462743543,-0.158280118766816,0.158280118766816,-0.158279999650734,0.158279999650734,1.1242079399026,0.3802,11.2091906316427
183,"unweighted",0.3726,1863,0.0373736490360215,0.499440119855747,0.499440119855747,0.938141880334868,-0.118464264439223,0.118464264439223,-0.248858164251208,0.248858164251208,0,1,1
183,"oracle_ipw",0.3726,1863,0.0373736490360215,-0.291282730335133,0.291282730335133,0.938141880334867,0.0201003893612076,0.0201003893612076,0.064382016151605,0.064382016151605,10.2619949656628,0.618895530957234,33.4203586716907
183,"oracle_joint",0.3726,1863,0.0373736490360215,-0.13279903824187,0.13279903824187,0.938141880334866,-1.18922357770362e-07,1.18922357770362e-07,1.99840144432528e-15,1.99840144432528e-15,6.47695351252609,0.710776401384082,26.75682
183,"standard",0.3726,1863,0.0373736490360215,0.706628712160967,0.706628712160967,0.93814188033487,-0.194583552402879,0.194583552402879,-0.194583433480539,0.194583433480539,0.583321708511103,0.280749302564415,6.61743463476481
183,"constrained",0.3726,1863,0.0373736490360215,0.555193434010641,0.555193434010641,0.938141880334868,-0.159480118777472,0.159480118777472,-0.159479999675197,0.159479999675197,1.01530329856629,0.3726,10.2506400373125
184,"unweighted",0.3608,1804,0.0343075181838423,0.523345935470135,0.523345935470135,0.914021065659103,-0.118062284874815,0.118062284874815,-0.249650820399113,0.249650820399113,0,1,1
184,"oracle_ipw",0.3608,1804,0.0343075181838423,-0.0513060599218814,0.0513060599218814,0.914021065659102,0.0157896618616863,0.0157896618616863,0.0461776521322513,0.0461776521322513,9.96331870821015,0.636197412553905,34.3546602779109
184,"oracle_joint",0.3608,1804,0.0343075181838423,0.0384945394370787,0.0384945394370787,0.914021065659102,-1.18922356764223e-07,1.18922356764223e-07,8.71525074330748e-15,8.71525074330748e-15,7.09668844981591,0.67426793220339,29.14813
184,"standard",0.3608,1804,0.0343075181838423,0.789409234936383,0.789409234936383,0.914021065659102,-0.197047631189403,0.197047631189403,-0.197047512267098,0.197047512267098,0.605549188762451,0.273291629870494,6.93102299188636
184,"constrained",0.3608,1804,0.0343075181838423,0.6614891309844,0.6614891309844,0.914021065659101,-0.16348011892236,0.16348011892236,-0.163479999999999,0.163479999999999,1.04158063093164,0.3608,10.71576
185,"unweighted",0.358,1790,0.0194489128922089,0.465368356913853,0.465368356913853,0.918376194698457,-0.11363061804336,0.11363061804336,-0.253492067039106,0.253492067039106,0,1,1
185,"oracle_ipw",0.358,1790,0.0194489128922089,0.121239354051008,0.121239354051008,0.918376194698457,-0.0120506057851726,0.0120506057851726,-0.0606539021378815,0.0606539021378815,7.44042015805405,0.728766080603263,39.3533683525762
185,"oracle_joint",0.358,1790,0.0194489128922089,0.0514377200593729,0.0514377200593729,0.918376194698452,-1.1892235734362e-07,1.1892235734362e-07,2.16493489801906e-15,2.16493489801906e-15,12.8528223562536,0.713798915009041,51.4167555555555
185,"standard",0.358,1790,0.0194489128922089,0.805727210193091,0.805727210193091,0.918376194698458,-0.210317828216545,0.210317828216545,-0.210317709296342,0.210317709296342,0.74665990167749,0.224515753930384,9.58690004004101
185,"constrained",0.358,1790,0.0194489128922089,0.610490241677204,0.610490241677204,0.918376194698457,-0.155880118922361,0.155880118922361,-0.15588,0.15588,2.11268087014074,0.358,20.4139555555556
186,"unweighted",0.37,1850,0.0209090414877201,0.582239658765561,0.582239658765561,0.94752605805677,-0.122256546259099,0.122256546259099,-0.253114594594595,0.253114594594595,0,1,1
186,"oracle_ipw",0.37,1850,0.0209090414877201,0.0251581268879116,0.0251581268879116,0.94752605805676,-0.0175822897153778,0.0175822897153778,-0.048396158895579,0.048396158895579,7.80246730781033,0.719868714894768,38.8729106043175
186,"oracle_joint",0.37,1850,0.0209090414877201,-0.100924086053192,0.100924086053192,0.947526058056758,-1.18922357433826e-07,1.18922357433826e-07,1.16573417585641e-15,1.16573417585641e-15,11.9254009156984,0.685650420168067,47.8262
186,"standard",0.37,1850,0.0209090414877201,0.820966766267686,0.820966766267686,0.94752605805676,-0.212928936206871,0.212928936206871,-0.212928817285228,0.212928817285228,0.624594586771011,0.234749911591475,8.43436880225942
186,"constrained",0.37,1850,0.0209090414877201,0.599081272093746,0.599081272093746,0.947526058056752,-0.161680118922363,0.161680118922363,-0.161679999999998,0.161679999999998,1.73496005180304,0.37,17.9154
187,"unweighted",0.3618,1809,0.0363509869977224,0.541439798630303,0.541439798630303,0.926900189554907,-0.122246048930988,0.122246048930988,-0.249122542841349,0.249122542841349,0,1,1
187,"oracle_ipw",0.3618,1809,0.0363509869977224,0.0345199105658511,0.0345199105658511,0.92690018955491,0.0142924835203501,0.0142924835203501,0.0587267418313379,0.0587267418313379,10.1881957114927,0.62516269713822,33.7587856454639
187,"oracle_joint",0.3618,1809,0.0363509869977224,0.115788977315868,0.115788977315868,0.926900189554908,-1.18922358308127e-07,1.18922358308127e-07,-4.94049245958195e-15,4.94049245958195e-15,6.67357917964359,0.681915692307693,27.5095694117648
187,"standard",0.3618,1809,0.0363509869977224,0.798982049459399,0.798982049459399,0.926900189554908,-0.197784137332356,0.197784137332356,-0.197784018410018,0.197784018410018,0.548585538633717,0.281059150293082,6.46302298213455
187,"constrained",0.3618,1809,0.0363509869977224,0.69568645272106,0.69568645272106,0.926900189554907,-0.167880118922355,0.167880118922355,-0.167880000000001,0.167880000000001,0.894126496949385,0.3618,9.64516235294121
188,"unweighted",0.3652,1826,0.0296574027673577,0.538368182389151,0.538368182389151,0.918379535340613,-0.121365500576697,0.121365500576697,-0.250852968236583,0.250852968236583,0,1,1
188,"oracle_ipw",0.3652,1826,0.0296574027673577,-0.070323094522851,0.070323094522851,0.91837953534061,0.00400915568447982,0.00400915568447982,0.0159248127278703,0.0159248127278703,9.36189493505845,0.662878608519974,35.7954448600786
188,"oracle_joint",0.3652,1826,0.0296574027673577,-0.0393797236391137,0.0393797236391137,0.918379535340613,-1.18922357114637e-07,1.18922357114637e-07,4.2188474935756e-15,4.2188474935756e-15,8.27780572652215,0.684812108843537,33.7183942857143
188,"standard",0.3652,1826,0.0296574027673577,0.802518669247006,0.802518669247006,0.918379535340613,-0.203148195442192,0.203148195442192,-0.203148076519928,0.203148076519928,0.590843802874815,0.262041413190424,7.22208087676088
188,"constrained",0.3652,1826,0.0296574027673577,0.641439264916815,0.641439264916815,0.918379535340608,-0.164280118922356,0.164280118922356,-0.164279999999991,0.164279999999991,1.16974518726787,0.3652,12.2915885714297
189,"unweighted",0.3716,1858,0.0208190133220033,0.537990027003045,0.537990027003045,0.913079580070067,-0.129181278332321,0.129181278332321,-0.253137868675996,0.253137868675996,0,1,1
189,"oracle_ipw",0.3716,1858,0.0208190133220033,0.114154101410027,0.114154101410027,0.913079580070067,-0.0259883671403932,0.0259883671403932,-0.0484263713176501,0.0484263713176501,7.83556417418478,0.722877707577411,39.0353962091802
189,"oracle_joint",0.3716,1858,0.0208190133220033,-0.00477222917910192,0.00477222917910192,0.913079580070067,-1.1892235904018e-07,1.1892235904018e-07,-2.16493489801906e-15,2.16493489801906e-15,11.9850702009735,0.632293456790124,48.033016
189,"standard",0.3716,1858,0.0208190133220033,0.8358833983629,0.8358833983629,0.913079580070067,-0.216481037065829,0.216481037065829,-0.216480918143902,0.216480918143902,0.549507079185492,0.24041135468272,7.81086140887771
189,"constrained",0.3716,1858,0.0208190133220033,0.654919069395924,0.654919069395924,0.913079580070066,-0.169880118922366,0.169880118922366,-0.169880000000001,0.169880000000001,1.46723890245545,0.3716,16.4693119999993
190,"unweighted",0.3768,1884,0.0205317020978143,0.518396824669824,0.518396824669824,0.913952477709258,-0.121909810832944,0.121909810832944,-0.253212144373673,0.253212144373673,0,1,1
190,"oracle_ipw",0.3768,1884,0.0205317020978143,0.0805601504067408,0.0805601504067408,0.913952477709261,-0.0182163946449047,0.0182163946449047,-0.0515299182747524,0.0515299182747524,7.71111449436621,0.72216539624143,38.9969313970372
190,"oracle_joint",0.3768,1884,0.0205317020978143,-0.023142133542894,0.023142133542894,0.913952477709259,-1.18922357475459e-07,1.18922357475459e-07,5.99520433297585e-15,5.99520433297585e-15,12.152073434209,0.69708,48.705168
190,"standard",0.3768,1884,0.0205317020978143,0.822003731154116,0.822003731154116,0.913952477709259,-0.213189864574798,0.213189864574798,-0.213189745653258,0.213189745653258,0.630264890570151,0.233043848246979,8.54021991895701
190,"constrained",0.3768,1884,0.0205317020978143,0.605118462327445,0.605118462327445,0.91395247770926,-0.158480118922356,0.158480118922356,-0.15848,0.15848,1.8733240417732,0.3768,18.847536
191,"unweighted",0.3606,1803,0.0364719553404769,0.474543354558859,0.474543354558859,0.913249505411862,-0.120389278658061,0.120389278658061,-0.24909127010538,0.24909127010538,0,1,1
191,"oracle_ipw",0.3606,1803,0.0364719553404769,-0.128611922843981,0.128611922843981,0.913249505411862,0.0165674955236968,0.0165674955236968,0.0593566071482301,0.0593566071482301,10.1942686306338,0.624326277438199,33.7136189816627
191,"oracle_joint",0.3606,1803,0.0364719553404769,-0.0218106901297963,0.0218106901297963,0.913249505411861,-1.18922359002016e-07,1.18922359002016e-07,-2.99760216648792e-15,2.99760216648792e-15,6.6492840997,0.68551303448276,27.4183270588236
191,"standard",0.3606,1803,0.0364719553404769,0.710555050348406,0.710555050348406,0.913249505411861,-0.196565327891782,0.196565327891782,-0.196565208969447,0.196565208969447,0.567620574628672,0.280062784997341,6.57085224871171
191,"constrained",0.3606,1803,0.0364719553404769,0.597717943473227,0.597717943473227,0.913249505411862,-0.166280118922363,0.166280118922363,-0.166280000000002,0.166280000000002,0.923977002419928,0.3606,9.78286588235262
192,"unweighted",0.3512,1756,0.0220283181960605,0.49719565495445,0.49719565495445,0.926451669904397,-0.120461516069613,0.120461516069613,-0.252825239179954,0.252825239179954,0,1,1
192,"oracle_ipw",0.3512,1756,0.0220283181960605,-0.0192530572884482,0.0192530572884482,0.926451669904397,-0.0124854782844291,0.0124854782844291,-0.0396055828464144,0.0396055828464144,8.03631163801612,0.71187725281795,38.4413716521693
192,"oracle_joint",0.3512,1756,0.0220283181960605,-0.105202351089116,0.105202351089116,0.926451669904399,-1.1892235803404e-07,1.1892235803404e-07,3.10862446895044e-15,3.10862446895044e-15,11.2969779754533,0.686583546099291,45.396112
192,"standard",0.3512,1756,0.0220283181960605,0.799776155370286,0.799776155370286,0.926451669904399,-0.210703080715171,0.210703080715171,-0.210702961793423,0.210702961793423,0.640986153298475,0.237547298358182,8.39667190909737
192,"constrained",0.3512,1756,0.0220283181960605,0.612413611489701,0.612413611489701,0.926451669904395,-0.167080118830026,0.167080118830026,-0.167079999795143,0.167079999795143,1.49964498197469,0.3512,16.0568640395935
193,"unweighted",0.3632,1816,0.0170404082609173,0.510953529811763,0.510953529811763,0.915491853637386,-0.123458176101499,0.123458176101499,-0.254114713656388,0.254114713656388,0,1,1
193,"oracle_ipw",0.3632,1816,0.0170404082609173,0.17297657833641,0.17297657833641,0.915491853637383,-0.0308381078370807,0.0308381078370807,-0.0804495003192324,0.0804495003192324,6.88338163968025,0.748555619028417,40.4220034275345
193,"oracle_joint",0.3632,1816,0.0170404082609173,0.0256322750246739,0.0256322750246739,0.915491853637385,-1.18922358141593e-07,1.18922358141593e-07,-2.77555756156289e-15,2.77555756156289e-15,14.7338148624739,0.681061768707482,58.68404
193,"standard",0.3632,1816,0.0170404082609173,0.807357168704644,0.807357168704644,0.915491853637386,-0.218430668860036,0.218430668860036,-0.218430549939889,0.218430549939889,0.628445561561602,0.221232410684697,9.10030516373291
193,"constrained",0.3632,1816,0.0170404082609173,0.61570907749628,0.61570907749628,0.915491853637384,-0.164880118922078,0.164880118922078,-0.164879999999377,0.164879999999377,2.00045236911183,0.3632,21.256280000156
194,"unweighted",0.367,1835,0.0337279361327801,0.511232265532508,0.511232265532508,0.91499658668831,-0.119984161982621,0.119984161982621,-0.249800653950954,0.249800653950954,0,1,1
194,"oracle_ipw",0.367,1835,0.0337279361327801,-0.0370848452095399,0.0370848452095399,0.91499658668831,0.0124368077501231,0.0124368077501231,0.0428745869701987,0.0428745869701987,9.91810834565415,0.640114660984172,34.5661916931453
194,"oracle_joint",0.367,1835,0.0337279361327801,0.0364235354243355,0.0364235354243355,0.91499658668831,-1.18922359331614e-07,1.18922359331614e-07,-1.11022302462516e-16,1.11022302462516e-16,7.2281059588022,0.652668064516129,29.6490125
194,"standard",0.367,1835,0.0337279361327801,0.764622783290666,0.764622783290666,0.914996586688311,-0.19882625126405,0.19882625126405,-0.198826132341736,0.198826132341736,0.588513944268956,0.273666927862708,6.84614044705838
194,"constrained",0.367,1835,0.0337279361327801,0.635900331995122,0.635900331995122,0.914996586688311,-0.163680118922359,0.163680118922359,-0.163679999999996,0.163679999999996,1.04894591370302,0.367,10.8769625000001
195,"unweighted",0.369,1845,0.0272554172238303,0.488790268319384,0.488790268319384,0.92159395273498,-0.119501400977102,0.119501400977102,-0.251473929539295,0.251473929539295,0,1,1
195,"oracle_ipw",0.369,1845,0.0272554172238303,0.0609719963177444,0.0609719963177444,0.921593952734974,0.00101735762373955,0.00101735762373955,-0.000553408159516322,0.000553408159516322,9.00648242254229,0.67798911958076,36.611412457361
195,"oracle_joint",0.369,1845,0.0272554172238303,0.0634082701191307,0.0634082701191307,0.921593952734973,-1.1892235884936e-07,1.1892235884936e-07,-6.82787160144471e-15,6.82787160144471e-15,9.04684243999465,0.66698262295082,36.6899538461539
195,"standard",0.369,1845,0.0272554172238303,0.770439435241098,0.770439435241098,0.921593952734972,-0.204562721827254,0.204562721827254,-0.204562602905075,0.204562602905075,0.626533883630041,0.254320959831443,7.65779981847822
195,"constrained",0.369,1845,0.0272554172238303,0.618767685762582,0.618767685762582,0.921593952734975,-0.160680118922349,0.160680118922349,-0.160679999999973,0.160679999999973,1.36660123629243,0.369,13.8857538461581
196,"unweighted",0.3792,1896,0.0367231583091287,0.521309700787441,0.521309700787441,0.919925209310607,-0.120696049592726,0.120696049592726,-0.249026329113924,0.249026329113924,0,1,1
196,"oracle_ipw",0.3792,1896,0.0367231583091287,-0.188789632645415,0.188789632645415,0.919925209310606,0.0162293040125375,0.0162293040125375,0.0613003192337916,0.0613003192337916,10.2486843333224,0.623847042456018,33.687740292625
196,"oracle_joint",0.3792,1896,0.0367231583091287,-0.0603145936034668,0.0603145936034668,0.919925209310608,-1.18922357718321e-07,1.18922357718321e-07,-3.60822483003176e-15,3.60822483003176e-15,6.60311246015757,0.652271326053042,27.2307733333333
196,"standard",0.3792,1896,0.0367231583091287,0.739577383355536,0.739577383355536,0.919925209310605,-0.196720920196636,0.196720920196636,-0.196720801274294,0.196720801274294,0.565664559423104,0.282011090217886,6.50951559910814
196,"constrained",0.3792,1896,0.0367231583091287,0.592217642465058,0.592217642465058,0.919925209310606,-0.160480118808769,0.160480118808769,-0.160479999745711,0.160479999745711,1.01134317334383,0.3792,10.3268800296966
197,"unweighted",0.3598,1799,0.0236519730002837,0.53457641219546,0.53457641219546,0.918790227418468,-0.120852512363375,0.120852512363375,-0.252405491939967,0.252405491939967,0,1,1
197,"oracle_ipw",0.3598,1799,0.0236519730002837,0.0194948022708904,0.0194948022708904,0.918790227418464,-0.00861217213605864,0.00861217213605864,-0.0273715541230724,0.0273715541230724,8.34019070841407,0.700060697192913,37.8032776484173
197,"oracle_joint",0.3598,1799,0.0236519730002837,-0.0366435100268766,0.0366435100268766,0.918790227418465,-1.18922356684426e-07,1.18922356684426e-07,6.93889390390723e-15,6.93889390390723e-15,10.4903499248249,0.714802666666668,42.279770909091
197,"standard",0.3598,1799,0.0236519730002837,0.793593411730144,0.793593411730144,0.918790227418464,-0.208993841053437,0.208993841053437,-0.208993722131458,0.208993722131458,0.626932974636772,0.242881415533702,8.09979762596867
197,"constrained",0.3598,1799,0.0236519730002837,0.615966147843814,0.615966147843814,0.918790227418465,-0.164280118914484,0.164280118914484,-0.164279999982468,0.164279999982468,1.46788322321789,0.3598,15.412523639529
198,"unweighted",0.3564,1782,0.0217069173694064,0.532199605308913,0.532199605308913,0.913765300708977,-0.129293395742152,0.129293395742152,-0.252908327721661,0.252908327721661,0,1,1
198,"oracle_ipw",0.3564,1782,0.0217069173694064,0.0851589711270593,0.0851589711270593,0.913765300708979,-0.0232383165690639,0.0232383165690639,-0.041857767175321,0.041857767175321,7.98947526168704,0.714985368321435,38.6092098893575
198,"oracle_joint",0.3564,1782,0.0217069173694064,-0.0222086781969237,0.0222086781969237,0.913765300708977,-1.18922355914208e-07,1.18922355914208e-07,2.83106871279415e-15,2.83106871279415e-15,11.4745503015527,0.679873079584775,46.068264
198,"standard",0.3564,1782,0.0217069173694064,0.790977050307463,0.790977050307463,0.913765300708977,-0.215360477348632,0.215360477348632,-0.215360358426598,0.215360358426598,0.541719024603138,0.242418241014474,7.691048128391
198,"constrained",0.3564,1782,0.0217069173694064,0.637370847455255,0.637370847455255,0.913765300708976,-0.17468011892236,0.17468011892236,-0.174680000000002,0.174680000000002,1.27531272497785,0.3564,14.9402879999997
199,"unweighted",0.3604,1802,0.0236125967966207,0.533003057888649,0.533003057888649,0.930593130047928,-0.123013328296695,0.123013328296695,-0.252415671476138,0.252415671476138,0,1,1
199,"oracle_ipw",0.3604,1802,0.0236125967966207,-0.0309411952215641,0.0309411952215641,0.93059313004794,-0.0112167676188971,0.0112167676188971,-0.0273524873096495,0.0273524873096495,8.35623066959027,0.70128595600677,37.8694416243656
199,"oracle_joint",0.3604,1802,0.0236125967966207,-0.100933239538026,0.100933239538026,0.930593130047935,-1.18922358696705e-07,1.18922358696705e-07,-1.38777878078145e-15,1.38777878078145e-15,10.5098596036364,0.686316131260794,42.3502763636364
199,"standard",0.3604,1802,0.0236125967966207,0.797020613922898,0.797020613922898,0.930593130047935,-0.210198201390444,0.210198201390444,-0.210198082468407,0.210198082468407,0.602175644873342,0.24439469732746,7.91600867200479
199,"constrained",0.3604,1802,0.0236125967966207,0.611113923409143,0.611113923409143,0.930593130047933,-0.166680118909316,0.166680118909316,-0.166679999971055,0.166679999971055,1.39813573665455,0.3604,15.0450618234032
200,"unweighted",0.3728,1864,0.0228271992636859,0.562761336113319,0.562761336113319,0.927753186737465,-0.12029655599698,0.12029655599698,-0.252618712446352,0.252618712446352,0,1,1
200,"oracle_ipw",0.3728,1864,0.0228271992636859,0.0179116498617259,0.0179116498617259,0.927753186737464,-0.0102294387035457,0.0102294387035457,-0.0333577660122354,0.0333577660122354,8.20209817909856,0.706569703961601,38.1547640139264
200,"oracle_joint",0.3728,1864,0.0228271992636859,-0.0564951432588231,0.0564951432588231,0.927753186737461,-1.18922357714851e-07,1.18922357714851e-07,8.88178419700125e-16,8.88178419700125e-16,10.886116272939,0.680545165562911,43.8073890909089
200,"standard",0.3728,1864,0.0228271992636859,0.835348480590092,0.835348480590092,0.927753186737463,-0.209712199574355,0.209712199574355,-0.209712080652502,0.209712080652502,0.639198317793019,0.240281121211287,8.2707237876308
200,"constrained",0.3728,1864,0.0228271992636859,0.619174634606544,0.619174634606544,0.927753186737462,-0.158880118916662,0.158880118916662,-0.158879999987224,0.158879999987224,1.67945430819044,0.3728,16.8844509114957
201,"unweighted",0.3636,1818,0.0446818625851445,0.472465214289328,0.472465214289328,0.914224641676436,-0.115583369614769,0.115583369614769,-0.246968844884488,0.246968844884488,0,1,1
201,"oracle_ipw",0.3636,1818,0.0446818625851445,-0.217516917931879,0.217516917931879,0.914224641676436,0.0318886078885791,0.0318886078885791,0.10528120792825,0.10528120792825,10.8751676115361,0.583236857154813,31.4947902863599
201,"oracle_joint",0.3636,1818,0.0446818625851445,-0.0120264943761765,0.0120264943761765,0.914224641676437,-1.18922357475459e-07,1.18922357475459e-07,-4.9960036108132e-15,4.9960036108132e-15,5.34680725715437,0.687659279588336,22.3804457142857
201,"standard",0.3636,1818,0.0446818625851445,0.672929235659544,0.672929235659544,0.914224641676437,-0.187191265343333,0.187191265343333,-0.187191146420996,0.187191146420996,0.579278930337607,0.297014723371337,6.17504075269704
201,"constrained",0.3636,1818,0.0446818625851445,0.578848947056663,0.578848947056663,0.914224641676437,-0.161480118908959,0.161480118908959,-0.161479999970041,0.161479999970041,0.836019533455727,0.3636,8.40089143144368
202,"unweighted",0.3608,1804,0.0214421988649015,0.515639274851708,0.515639274851708,0.921061732181636,-0.121161458428537,0.121161458428537,-0.252976762749446,0.252976762749446,0,1,1
202,"oracle_ipw",0.3608,1804,0.0214421988649015,0.0230588998435308,0.0230588998435308,0.921061732181638,-0.0148784755570394,0.0148784755570394,-0.0441769648542993,0.0441769648542993,7.9160001047917,0.716064510005263,38.6674835402842
202,"oracle_joint",0.3608,1804,0.0214421988649015,-0.0721479882778421,0.0721479882778421,0.92106173218164,-1.18922357256884e-07,1.18922357256884e-07,6.43929354282591e-15,6.43929354282591e-15,11.6178790622067,0.684712702237522,46.637008
202,"standard",0.3608,1804,0.0214421988649015,0.818004610912614,0.818004610912614,0.921061732181641,-0.211754083894955,0.211754083894955,-0.211753964973274,0.211753964973274,0.635402583664015,0.235975859493824,8.43659271884669
202,"constrained",0.3608,1804,0.0214421988649015,0.617597010504296,0.617597010504296,0.92106173218164,-0.164080118787347,0.164080118787347,-0.164079999699224,0.164079999699224,1.62430747125764,0.3608,17.0369760599182
203,"unweighted",0.3658,1829,0.0296087574921788,0.493997285135365,0.493997285135365,0.913433983884273,-0.121179930532206,0.121179930532206,-0.250865544013122,0.250865544013122,0,1,1
203,"oracle_ipw",0.3658,1829,0.0296087574921788,-0.0408641123431001,0.0408641123431001,0.913433983884274,0.00393083635803821,0.00393083635803821,0.0158376645358949,0.0158376645358949,9.37195522877684,0.663756836555776,35.8428691740119
203,"oracle_joint",0.3658,1829,0.0296087574921788,-0.015039684762726,0.015039684762726,0.913433983884273,-1.18922358197104e-07,1.18922358197104e-07,-4.44089209850063e-16,4.44089209850063e-16,8.29343105151802,0.663373486842105,33.7737914285714
203,"standard",0.3658,1829,0.0296087574921788,0.765379736198152,0.765379736198152,0.913433983884273,-0.203185178635584,0.203185178635584,-0.203185059713313,0.203185059713313,0.59466874503539,0.262373613059263,7.22911469888498
203,"constrained",0.3658,1829,0.0296087574921788,0.615948157829517,0.615948157829517,0.913433983884273,-0.164280118922348,0.164280118922348,-0.164279999999997,0.164279999999997,1.17458623766528,0.3658,12.3117828571437
204,"unweighted",0.3668,1834,0.0126548724380422,0.492143604921929,0.492143604921929,0.978626374902597,-0.121695785117233,0.121695785117233,-0.255248462377317,0.255248462377317,0,1,1
204,"oracle_ipw",0.3668,1834,0.0126548724380422,0.0894184067529786,0.0894184067529786,0.978626374902596,-0.0451879323477527,0.0451879323477527,-0.12003530356247,0.12003530356247,5.61319960387384,0.783891769340841,42.3301555444054
204,"oracle_joint",0.3668,1834,0.0126548724380422,-0.236715724693124,0.236715724693124,0.97862637490259,-1.18922357367907e-07,1.18922357367907e-07,3.5527136788005e-15,3.5527136788005e-15,19.993649754655,0.670702620232173,79.0209466666667
204,"standard",0.3668,1834,0.0126548724380422,0.779564804820824,0.779564804820824,0.978626374902579,-0.224253153548422,0.224253153548422,-0.224253034639306,0.224253034639306,0.669829629687612,0.201940219192007,10.4742690791791
204,"constrained",0.3668,1834,0.0126548724380422,0.492367883280181,0.492367883280181,0.978626374902596,-0.160880118922321,0.160880118922321,-0.160879999999917,0.160879999999917,2.91901413835519,0.3668,29.8452933333618
205,"unweighted",0.3642,1821,0.0318630368634944,0.527512504634102,0.527512504634102,0.915270846406554,-0.126578331823326,0.126578331823326,-0.250282767710049,0.250282767710049,0,1,1
205,"oracle_ipw",0.3642,1821,0.0318630368634944,-0.00479115910687355,0.00479115910687355,0.915270846406558,0.00204844193908168,0.00204844193908168,0.0310821856182163,0.0310821856182163,9.69826881079351,0.65106861729724,35.157705334051
205,"oracle_joint",0.3642,1821,0.0318630368634944,0.0280849855393182,0.0280849855393182,0.915270846406557,-1.18922357204843e-07,1.18922357204843e-07,1.0547118733939e-15,1.0547118733939e-15,7.6782061383775,0.654017785016286,31.384328
205,"standard",0.3642,1821,0.0318630368634944,0.783018075927263,0.783018075927263,0.915270846406558,-0.20411640397963,0.20411640397963,-0.204116285057304,0.204116285057304,0.52610738148022,0.272630512880248,6.60461099404423
205,"constrained",0.3642,1821,0.0318630368634944,0.661571626183224,0.661571626183224,0.915270846406558,-0.171280118922358,0.171280118922358,-0.171279999999995,0.171279999999995,0.942122333868715,0.3642,10.5909360000005
206,"unweighted",0.3664,1832,0.0105572398341382,0.511416750890819,0.511416750890819,0.978962720064316,-0.124342893483027,0.124342893483027,-0.255790742358079,0.255790742358079,0,1,1
206,"oracle_ipw",0.3664,1832,0.0105572398341382,0.158321547696107,0.158321547696107,0.978962720064341,-0.0569057679027517,0.0569057679027517,-0.140317871505148,0.140317871505148,4.90516721363187,0.802023331120613,43.3092598805131
206,"oracle_joint",0.3664,1832,0.0105572398341382,-0.234199022547241,0.234199022547241,0.978962720064336,-1.18922358901402e-07,1.18922358901402e-07,3.44169137633799e-15,3.44169137633799e-15,24.0546865072249,0.673321066666666,94.7217279999999
206,"standard",0.3664,1832,0.0105572398341382,0.848176545554293,0.848176545554293,0.97896272006434,-0.228824958254712,0.228824958254712,-0.228824839362226,0.228824839362226,0.641051206508296,0.193406148005071,10.8803068590379
206,"constrained",0.3664,1832,0.0105572398341382,0.539085723901959,0.539085723901959,0.978962720064334,-0.163480118922355,0.163480118922355,-0.16347999999999,0.16347999999999,3.31344950050967,0.3664,34.8226560000038
207,"unweighted",0.3542,1771,0.03713096300332,0.513996685751693,0.513996685751693,0.916916231256259,-0.119105482806052,0.119105482806052,-0.248920903444382,0.248920903444382,0,1,1
207,"oracle_ipw",0.3542,1771,0.03713096300332,-0.158675135159376,0.158675135159376,0.916916231256259,0.0190069714395063,0.0190069714395063,0.0631148323485638,0.0631148323485638,10.2494567670086,0.620495956524306,33.5067816523125
207,"oracle_joint",0.3542,1771,0.03713096300332,-0.0277643900304835,0.0277643900304835,0.916916231256258,-1.18922358131185e-07,1.18922358131185e-07,3.1641356201817e-15,3.1641356201817e-15,6.5228183595983,0.6973945,26.9317011764706
207,"standard",0.3542,1771,0.03713096300332,0.709873704080266,0.709873704080266,0.916916231256261,-0.195207090453128,0.195207090453128,-0.195206971530793,0.195206971530793,0.577860230583286,0.280710153668755,6.59572784817508
207,"constrained",0.3542,1771,0.03713096300332,0.604344696111417,0.604344696111417,0.916916231256257,-0.167280118922362,0.167280118922362,-0.167280000000001,0.167280000000001,0.898446281238072,0.3542,9.50506117647045
208,"unweighted",0.3594,1797,0.027983441723966,0.502173010473144,0.502173010473144,0.928794214304868,-0.121091378502543,0.121091378502543,-0.25128572064552,0.25128572064552,0,1,1
208,"oracle_ipw",0.3594,1797,0.027983441723966,-0.12241353092073,0.12241353092073,0.928794214304868,0.000845609787523061,0.000845609787523061,0.00455289046572366,0.00455289046572366,9.12118324016166,0.67342162986739,36.3647680128391
208,"oracle_joint",0.3594,1797,0.027983441723966,-0.113752510038688,0.113752510038688,0.928794214304867,-1.18922359265694e-07,1.18922359265694e-07,-1.77635683940025e-15,1.77635683940025e-15,8.79998677902984,0.671651593220338,35.7354184615384
208,"standard",0.3594,1797,0.027983441723966,0.760566323247065,0.760566323247065,0.928794214304864,-0.2046735492973,0.2046735492973,-0.204673430375077,0.204673430375077,0.603345299692723,0.257260980289513,7.44325273969567
208,"constrained",0.3594,1797,0.027983441723966,0.59570387404602,0.59570387404602,0.928794214304872,-0.166080118922325,0.166080118922325,-0.166079999999938,0.166079999999938,1.20353226354343,0.3594,12.7780523077022
209,"unweighted",0.3662,1831,0.027463814734007,0.504402615673837,0.504402615673837,0.913210890475104,-0.119269627038767,0.119269627038767,-0.251420054614965,0.251420054614965,0,1,1
209,"oracle_ipw",0.3662,1831,0.027463814734007,0.00583637352037725,0.00583637352037725,0.913210890475102,0.00199374210354169,0.00199374210354169,0.000534097959538626,0.000534097959538626,9.01236582492718,0.675680987697899,36.4867733356865
209,"oracle_joint",0.3662,1831,0.027463814734007,0.0120909435643608,0.0120909435643608,0.913210890475103,-1.18922357825874e-07,1.18922357825874e-07,8.32667268468867e-16,8.32667268468867e-16,8.97289632776478,0.702212382608696,36.4115476923077
209,"standard",0.3662,1831,0.027463814734007,0.781432178357214,0.781432178357214,0.913210890475103,-0.204086341274634,0.204086341274634,-0.204086222352444,0.204086222352444,0.626055871617562,0.253986392728308,7.6667882209807
209,"constrained",0.3662,1831,0.027463814734007,0.61855823188428,0.61855823188428,0.913210890475103,-0.160880118922343,0.160880118922343,-0.160879999999957,0.160879999999957,1.34969182420396,0.3662,13.7522184615448
210,"unweighted",0.374,1870,0.0227539569131072,0.502915755236838,0.502915755236838,0.915445621617075,-0.120424086282703,0.120424086282703,-0.252637647058824,0.252637647058824,0,1,1
210,"oracle_ipw",0.374,1870,0.0227539569131072,0.0826176530736885,0.0826176530736885,0.915445621617075,-0.0107865191998887,0.0107865191998887,-0.033705124238935,0.033705124238935,8.20375306655751,0.707750534803356,38.2185288793812
210,"oracle_joint",0.374,1870,0.0227539569131072,0.0247816722947506,0.0247816722947506,0.915445621617075,-1.18922358106899e-07,1.18922358106899e-07,-2.27595720048157e-15,2.27595720048157e-15,10.9241593381264,0.659795840000001,43.9484000000001
210,"standard",0.374,1870,0.0227539569131072,0.795546395399574,0.795546395399574,0.915445621617074,-0.209962056193065,0.209962056193065,-0.209961937271238,0.209961937271238,0.639741517087451,0.240737783340693,8.25487066390877
210,"constrained",0.374,1870,0.0227539569131072,0.608760148305188,0.608760148305188,0.915445621617076,-0.159080118918407,0.159080118918407,-0.159079999991132,0.159079999991132,1.68072293433566,0.374,16.904800001674
211,"unweighted",0.3616,1808,0.0406500447064913,0.491745350976556,0.491745350976556,0.912969563896734,-0.121881282554906,0.121881282554906,-0.248011150442478,0.248011150442478,0,1,1
211,"oracle_ipw",0.3616,1808,0.0406500447064913,-0.175549213504562,0.175549213504562,0.912969563896733,0.0204486617817145,0.0204486617817145,0.0835599425952836,0.0835599425952836,10.5805162361007,0.602807540167902,32.5516071690667
211,"oracle_joint",0.3616,1808,0.0406500447064913,-0.0257788469848896,0.0257788469848896,0.912969563896733,-1.18922357923018e-07,1.18922357923018e-07,5.27355936696949e-15,5.27355936696949e-15,5.92144397789651,0.692187777777778,24.6002189473684
211,"standard",0.3616,1808,0.0406500447064913,0.722776975287056,0.722776975287056,0.912969563896734,-0.194182314092562,0.194182314092562,-0.194182195170208,0.194182195170208,0.531968734539439,0.291493459778896,6.122250059593
211,"constrained",0.3616,1808,0.0406500447064913,0.622926218229401,0.622926218229401,0.912969563896733,-0.168280118726466,0.168280118726466,-0.168279999566063,0.168279999566063,0.795909903668376,0.3616,8.58704846644091
212,"unweighted",0.373,1865,0.037333570055822,0.465345758471465,0.465345758471465,0.914041908300666,-0.117949749682186,0.117949749682186,-0.248868525469169,0.248868525469169,0,1,1
212,"oracle_ipw",0.373,1865,0.037333570055822,-0.149839623039026,0.149839623039026,0.914041908300668,0.0206323941038645,0.0206323941038645,0.0640529652515422,0.0640529652515422,10.2519984574518,0.618928580446647,33.422143344119
212,"oracle_joint",0.373,1865,0.037333570055822,-0.0250267757723648,0.0250267757723648,0.914041908300666,-1.18922357506684e-07,1.18922357506684e-07,3.88578058618805e-15,3.88578058618805e-15,6.48414519800948,0.717748342059337,26.7855444444445
212,"standard",0.373,1865,0.037333570055822,0.694501438136687,0.694501438136687,0.914041908300667,-0.194284299024342,0.194284299024342,-0.194284180102008,0.194284180102008,0.589121570626209,0.280260061605964,6.65554467276503
212,"constrained",0.373,1865,0.037333570055822,0.562641951547226,0.562641951547226,0.914041908300666,-0.158680118792354,0.158680118792354,-0.158679999708237,0.158679999708237,1.03173529691557,0.373,10.3445333669161
213,"unweighted",0.3556,1778,0.0282824773779341,0.551990229954479,0.551990229954479,0.923293587625221,-0.118355363600429,0.118355363600429,-0.251208413948256,0.251208413948256,0,1,1
213,"oracle_ipw",0.3556,1778,0.0282824773779341,-0.0608796423389824,0.0608796423389824,0.923293587625223,0.00468309372228195,0.00468309372228195,0.00635795575113873,0.00635795575113873,9.14776744778741,0.670873226959444,36.22715425581
213,"oracle_joint",0.3556,1778,0.0282824773779341,-0.039282637142163,0.039282637142163,0.923293587625219,-1.18922357461582e-07,1.18922357461582e-07,4.2188474935756e-15,4.2188474935756e-15,8.70092589404315,0.690289718309859,35.3575815384615
213,"standard",0.3556,1778,0.0282824773779341,0.800701613506457,0.800701613506457,0.92329358762522,-0.202777190367384,0.202777190367384,-0.20277707144519,0.20277707144519,0.63325038979803,0.256111928737152,7.62391745927097
213,"constrained",0.3556,1778,0.0282824773779341,0.64123124794921,0.64123124794921,0.92329358762522,-0.164280118922344,0.164280118922344,-0.164279999999968,0.164279999999968,1.24117107502677,0.3556,12.8891323076972
214,"unweighted",0.372,1860,0.0270356154720252,0.489885303016577,0.489885303016577,0.920898185747031,-0.120389650649031,0.120389650649031,-0.251530752688172,0.251530752688172,0,1,1
214,"oracle_ipw",0.372,1860,0.0270356154720252,0.0615662527123381,0.0615662527123381,0.920898185747034,-0.000361703768032157,0.000361703768032157,-0.00217579447690963,0.00217579447690963,8.96620448068922,0.679202595830398,36.6769401748415
214,"oracle_joint",0.372,1860,0.0270356154720252,0.059155880299916,0.059155880299916,0.920898185747035,-1.18922359002016e-07,1.18922359002016e-07,-3.71924713249427e-15,3.71924713249427e-15,9.1234081154084,0.674617105263158,36.9882461538462
214,"standard",0.372,1860,0.0270356154720252,0.77374794177247,0.77374794177247,0.920898185747032,-0.205232239524683,0.205232239524683,-0.205232120602502,0.205232120602502,0.616330438470743,0.25390544587595,7.62426582149414
214,"constrained",0.372,1860,0.0270356154720252,0.617230392596729,0.617230392596729,0.920898185747032,-0.160280118922342,0.160280118922342,-0.160279999999959,0.160279999999959,1.38198507990045,0.372,14.0558769230835
215,"unweighted",0.3592,1796,0.0366141066140756,0.534942132800487,0.534942132800487,0.915784234288934,-0.124093366099188,0.124093366099188,-0.249054521158129,0.249054521158129,0,1,1
215,"oracle_ipw",0.3592,1796,0.0366141066140756,-0.143060546112466,0.143060546112466,0.915784234288935,0.0123352044286484,0.0123352044286484,0.0607686549999454,0.0607686549999454,10.2458833571023,0.624664950304901,33.7319073164646
215,"oracle_joint",0.3592,1796,0.0366141066140756,-0.0332309701247899,0.0332309701247899,0.915784234288935,-1.18922358047918e-07,1.18922358047918e-07,-9.99200722162641e-16,9.99200722162641e-16,6.62520935752286,0.650334844006568,27.3118776470588
215,"standard",0.3592,1796,0.0366141066140756,0.74954523835908,0.74954523835908,0.915784234288936,-0.198796253230023,0.198796253230023,-0.198796134307681,0.198796134307681,0.530372018376914,0.283954942919452,6.30965075196537
215,"constrained",0.3592,1796,0.0366141066140756,0.641985701961322,0.641985701961322,0.915784234288933,-0.171480118922357,0.171480118922357,-0.171480000000002,0.171480000000002,0.829723601307566,0.3592,9.19551999999992
216,"unweighted",0.3714,1857,0.0270792917490398,0.531764982134098,0.531764982134098,0.922093408785054,-0.122523055813902,0.122523055813902,-0.251519461497038,0.251519461497038,0,1,1
216,"oracle_ipw",0.3714,1857,0.0270792917490398,0.0961822105447242,0.0961822105447242,0.922093408785057,-0.00309619847280192,0.00309619847280192,-0.00140068858162934,0.00140068858162934,9.00683386153594,0.680157494734914,36.7285047156854
216,"oracle_joint",0.3714,1857,0.0270792917490398,0.0859246376093211,0.0859246376093211,0.922093408785055,-1.18922358880585e-07,1.18922358880585e-07,-5.32907051820075e-15,5.32907051820075e-15,9.11145007358938,0.6398525625,36.9285876923077
216,"standard",0.3714,1857,0.0270792917490398,0.820208512536649,0.820208512536649,0.922093408785055,-0.20653685073189,0.20653685073189,-0.206536731809688,0.206536731809688,0.594436636629351,0.256597752217586,7.42560992534429
216,"constrained",0.3714,1857,0.0270792917490398,0.668554373098826,0.668554373098826,0.922093408785057,-0.163880118922338,0.163880118922338,-0.163879999999955,0.163879999999955,1.28998012036827,0.3714,13.5189600000072
217,"unweighted",0.369,1845,0.033545128890868,0.501736349132418,0.501736349132418,0.912874044989123,-0.120174133991694,0.120174133991694,-0.249847913279133,0.249847913279133,0,1,1
217,"oracle_ipw",0.369,1845,0.033545128890868,-0.0866925412972303,0.0866925412972303,0.912874044989123,0.01193627704028,0.01193627704028,0.0417202284436548,0.0417202284436548,9.89636726624746,0.641137987822383,34.6214513424087
217,"oracle_joint",0.369,1845,0.033545128890868,-0.00988800420592684,0.00988800420592684,0.912874044989124,-1.18922357038309e-07,1.18922357038309e-07,4.32986979603811e-15,4.32986979603811e-15,7.26981503848347,0.653064847512038,29.8105875
217,"standard",0.369,1845,0.033545128890868,0.752692405127271,0.752692405127271,0.912874044989123,-0.199092797674179,0.199092797674179,-0.199092678751866,0.199092678751866,0.587226739736218,0.273260241647026,6.85271298142692
217,"constrained",0.369,1845,0.033545128890868,0.61475381554217,0.61475381554217,0.912874044989124,-0.163080118922361,0.163080118922361,-0.163079999999997,0.163079999999997,1.06420998986984,0.369,11.0054250000001
218,"unweighted",0.3678,1839,0.0315511637457441,0.513970362527865,0.513970362527865,0.914428366614413,-0.116833773156981,0.116833773156981,-0.25036339314845,0.25036339314845,0,1,1
218,"oracle_ipw",0.3678,1839,0.0315511637457441,-0.0731838512355808,0.0731838512355808,0.914428366614412,0.0126062830306796,0.0126062830306796,0.028432001386234,0.028432001386234,9.61525183203606,0.6514873216658,35.1803153699532
218,"oracle_joint",0.3678,1839,0.0315511637457441,-0.00639683958551973,0.00639683958551973,0.914428366614414,-1.18922356746876e-07,1.18922356746876e-07,7.16093850883226e-15,7.16093850883226e-15,7.75423252317025,0.682721010101011,31.694552
218,"standard",0.3678,1839,0.0315511637457441,0.753454366599699,0.753454366599699,0.914428366614414,-0.198758983921015,0.198758983921015,-0.198758864998755,0.198758864998755,0.634413277267546,0.264860010150471,7.32671515115574
218,"constrained",0.3678,1839,0.0315511637457441,0.600233659125925,0.600233659125925,0.914428366614413,-0.158680118922362,0.158680118922362,-0.158680000000001,0.158680000000001,1.23115899786087,0.3678,12.2403839999998
219,"unweighted",0.3476,1738,0.0289333974556771,0.502670114873537,0.502670114873537,0.913258796334041,-0.1226651017404,0.1226651017404,-0.251040138089758,0.251040138089758,0,1,1
219,"oracle_ipw",0.3476,1738,0.0289333974556771,-0.0196412260613608,0.0196412260613608,0.913258796334041,0.000570720688500923,0.000570720688500923,0.0115889695466646,0.0115889695466646,9.29867133993139,0.668731323464523,36.1114914670842
219,"oracle_joint",0.3476,1738,0.0289333974556771,-0.00623398052622259,0.00623398052622259,0.913258796334041,-1.18922357916079e-07,1.18922357916079e-07,-1.22124532708767e-15,1.22124532708767e-15,8.50027071310479,0.637710083194674,34.5621353846153
219,"standard",0.3476,1738,0.0289333974556771,0.765493370279457,0.765493370279457,0.91325879633404,-0.20481191395725,0.20481191395725,-0.204811795034991,0.204811795034991,0.583858675598408,0.262370980139388,7.1803738637867
219,"constrained",0.3476,1738,0.0289333974556771,0.64668210433489,0.64668210433489,0.913258796334041,-0.173280118922328,0.173280118922328,-0.173279999999936,0.173279999999936,1.02139670578509,0.3476,11.3959323077018
220,"unweighted",0.3694,1847,0.0376974056059058,0.482759945111037,0.482759945111037,0.926841079312193,-0.112966017068509,0.112966017068509,-0.248774466702761,0.248774466702761,0,1,1
220,"oracle_ipw",0.3694,1847,0.0376974056059058,-0.264203747978064,0.264203747978064,0.926841079312202,0.026794304044514,0.026794304044514,0.0661646611332584,0.0661646611332584,10.285456899978,0.616967663696635,33.3162538396183
220,"oracle_joint",0.3694,1847,0.0376974056059058,-0.0932100361062584,0.0932100361062584,0.926841079312198,-1.18922357517093e-07,1.18922357517093e-07,-5.55111512312578e-17,5.55111512312578e-17,6.4173597506471,0.707118819444444,26.5270244444444
220,"standard",0.3694,1847,0.0376974056059058,0.712517792629984,0.712517792629984,0.926841079312201,-0.190787934631923,0.190787934631923,-0.190787815709612,0.190787815709612,0.645814559086911,0.278408771213777,6.95007468802082
220,"constrained",0.3694,1847,0.0376974056059058,0.559184009443841,0.559184009443841,0.926841079312193,-0.154480118877489,0.154480118877489,-0.154479999898712,0.154479999898712,1.11618008379754,0.3694,10.6756600116001
221,"unweighted",0.37,1850,0.0229999456364921,0.511270870430978,0.511270870430978,0.920733918897832,-0.127512937785763,0.127512937785763,-0.252574054054054,0.252574054054054,0,1,1
221,"oracle_ipw",0.37,1850,0.0229999456364921,0.121985925566812,0.121985925566812,0.920733918897833,-0.0182789040945297,0.0182789040945297,-0.0313562012167089,0.0313562012167089,8.2868931431888,0.707496679712262,38.2048207044622
221,"oracle_joint",0.37,1850,0.0229999456364921,0.0503850799560799,0.0503850799560799,0.92073391889783,-1.18922357652401e-07,1.18922357652401e-07,1.88737914186277e-15,1.88737914186277e-15,10.8066868251299,0.633481366459628,43.4783636363637
221,"standard",0.37,1850,0.0229999456364921,0.800250630830431,0.800250630830431,0.920733918897832,-0.213294710069514,0.213294710069514,-0.213294591147419,0.213294591147419,0.558101444476512,0.24681175659412,7.60609148885192
221,"constrained",0.37,1850,0.0229999456364921,0.64480834516115,0.64480834516115,0.920733918897833,-0.169080118898931,0.169080118898931,-0.169079999948163,0.169079999948163,1.3562060675804,0.37,15.0421818277562
222,"unweighted",0.3706,1853,0.0334003037256619,0.532366245950168,0.532366245950168,0.91777905244003,-0.123905286528819,0.123905286528819,-0.249885353480842,0.249885353480842,0,1,1
222,"oracle_ipw",0.3706,1853,0.0334003037256619,0.00547688655663314,0.00547688655663314,0.917779052440029,0.00758801110269339,0.00758801110269339,0.0409222752007474,0.0409222752007474,9.88709042913824,0.642206638827516,34.6791584966859
222,"oracle_joint",0.3706,1853,0.0334003037256619,0.0608331416692474,0.0608331416692474,0.917779052440028,-1.18922358204043e-07,1.18922358204043e-07,-6.43929354282591e-15,6.43929354282591e-15,7.30400109686119,0.651712216905901,29.9398475
222,"standard",0.3706,1853,0.0334003037256619,0.789507363783961,0.789507363783961,0.917779052440029,-0.201341364805753,0.201341364805753,-0.20134124588343,0.20134124588343,0.547047296452741,0.275182143837749,6.62201446112621
222,"constrained",0.3706,1853,0.0334003037256619,0.663341008179199,0.663341008179199,0.917779052440027,-0.166480118922364,0.166480118922364,-0.166480000000003,0.166480000000003,0.991233972796912,0.3706,10.6593824999996
223,"unweighted",0.362,1810,0.0170968958021137,0.55414736263455,0.55414736263455,0.938924430892754,-0.127828353086637,0.127828353086637,-0.254100110497238,0.254100110497238,0,1,1
223,"oracle_ipw",0.362,1810,0.0170968958021137,0.0881350067353502,0.0881350067353502,0.938924430892735,-0.0356049614000794,0.0356049614000794,-0.0796850996564544,0.0796850996564544,6.9201359389486,0.749285114865336,40.4613962027281
223,"oracle_joint",0.362,1810,0.0170968958021137,-0.128230885339722,0.128230885339722,0.938924430892738,-1.18922359054058e-07,1.18922359054058e-07,-1.49880108324396e-15,1.49880108324396e-15,14.6864695228825,0.658648844884489,58.49015
223,"standard",0.362,1810,0.0170968958021137,0.849633873902246,0.849633873902246,0.938924430892737,-0.220309702179323,0.220309702179323,-0.220309583258541,0.220309583258541,0.577729599231773,0.224722152677405,8.64510678781452
223,"constrained",0.362,1810,0.0170968958021137,0.628460592575617,0.628460592575617,0.938924430892736,-0.17048011892123,0.17048011892123,-0.170479999997514,0.170479999997514,1.76845246015586,0.362,19.9190500006171
224,"unweighted",0.3612,1806,0.0149929173458458,0.53950096153121,0.53950096153121,0.931526048463347,-0.122064032875801,0.122064032875801,-0.254644031007752,0.254644031007752,0,1,1
224,"oracle_ipw",0.3612,1806,0.0149929173458458,0.134955255703905,0.134955255703905,0.931526048463347,-0.0365548337488835,0.0365548337488835,-0.0984522464535205,0.0984522464535205,6.32537041946723,0.764768155833157,41.2974804149905
224,"oracle_joint",0.3612,1806,0.0149929173458458,-0.0969877061577937,0.0969877061577937,0.931526048463347,-1.18922359650803e-07,1.18922359650803e-07,-4.2188474935756e-15,4.2188474935756e-15,16.8067287736585,0.671600539629006,66.6981600000001
224,"standard",0.3612,1806,0.0149929173458458,0.865019260857847,0.865019260857847,0.93152604846334,-0.220755243965252,0.220755243965252,-0.220755125047987,0.220755125047987,0.655674171936613,0.212335542298283,9.7433377378348
224,"constrained",0.3612,1806,0.0149929173458458,0.617168767575677,0.617168767575677,0.931526048463347,-0.163880118852286,0.163880118852286,-0.163879999843859,0.163879999843859,2.32529157003582,0.3612,24.4171200444954
225,"unweighted",0.3484,1742,0.0244258894532207,0.494676364352348,0.494676364352348,0.923414777194002,-0.121268641472466,0.121268641472466,-0.252205419058553,0.252205419058553,0,1,1
225,"oracle_ipw",0.3484,1742,0.0244258894532207,0.105195636529527,0.105195636529527,0.923414777193998,-0.00742946731938349,0.00742946731938349,-0.0210655698897666,0.0210655698897666,8.52202829077886,0.696373093016889,37.604147022912
225,"oracle_joint",0.3484,1742,0.0244258894532207,0.0718386615298651,0.0718386615298651,0.923414777193997,-1.1892235897773e-07,1.1892235897773e-07,-9.10382880192628e-15,9.10382880192628e-15,10.1462720570618,0.665764020797227,40.9401672727273
225,"standard",0.3484,1742,0.0244258894532207,0.785835567739475,0.785835567739475,0.923414777194001,-0.208491575923234,0.208491575923234,-0.20849145700119,0.20849145700119,0.620069422400858,0.246489154401949,7.92270199127695
225,"constrained",0.3484,1742,0.0244258894532207,0.653607316069887,0.653607316069887,0.923414777194003,-0.169880118917361,0.169880118917361,-0.169879999988953,0.169879999988953,1.28463517720894,0.3484,14.0373527291923
226,"unweighted",0.3552,1776,0.0261363018596501,0.521601399567503,0.521601399567503,0.914230530796654,-0.118607075842739,0.118607075842739,-0.251763243243243,0.251763243243243,0,1,1
226,"oracle_ipw",0.3552,1776,0.0261363018596501,0.0246446531915319,0.0246446531915319,0.914230530796654,-0.000314805981642675,0.000314805981642675,-0.00872269633260744,0.00872269633260744,8.80918783293722,0.684629647088401,36.9700009427737
226,"oracle_joint",0.3552,1776,0.0261363018596501,0.0146699997565992,0.0146699997565992,0.914230530796654,-1.18922356708712e-07,1.18922356708712e-07,6.32827124036339e-15,6.32827124036339e-15,9.45221582481878,0.679936666666667,38.26096
226,"standard",0.3552,1776,0.0261363018596501,0.772867038477643,0.772867038477643,0.914230530796654,-0.205170986653554,0.205170986653554,-0.205170867731451,0.205170867731451,0.642550398694012,0.250007887787619,7.89567157575414
226,"constrained",0.3552,1776,0.0261363018596501,0.62249629745505,0.62249629745505,0.914230530796653,-0.164480118922199,0.164480118922199,-0.164479999999635,0.164479999999635,1.33694661109343,0.3552,13.9179200000592
227,"unweighted",0.3706,1853,0.0334003037256619,0.505242998291672,0.505242998291672,0.937375882694068,-0.12201019596959,0.12201019596959,-0.249885353480842,0.249885353480842,0,1,1
227,"oracle_ipw",0.3706,1853,0.0334003037256619,0.0739497905631901,0.0739497905631901,0.937375882694076,0.00935324291523426,0.00935324291523426,0.0411073881929067,0.0411073881929067,9.89972455356565,0.642603646205372,34.7005968950901
227,"oracle_joint",0.3706,1853,0.0334003037256619,0.121060086489306,0.121060086489306,0.937375882694076,-1.18922358145063e-07,1.18922358145063e-07,-1.38777878078145e-15,1.38777878078145e-15,7.30552318631216,0.634508633540373,29.9398475
227,"standard",0.3706,1853,0.0334003037256619,0.779532051594471,0.779532051594471,0.93737588269408,-0.200416240617512,0.200416240617512,-0.20041612169519,0.20041612169519,0.569652242901396,0.274872173244166,6.72915540617696
227,"constrained",0.3706,1853,0.0334003037256619,0.663434377939276,0.663434377939276,0.937375882694079,-0.165080118922361,0.165080118922361,-0.165079999999995,0.165079999999995,1.02749469535675,0.3706,10.8215200000003
228,"unweighted",0.372,1860,0.0395135918437291,0.481619082253329,0.481619082253329,0.917013565128695,-0.121650490052431,0.121650490052431,-0.248304946236559,0.248304946236559,0,1,1
228,"oracle_ipw",0.372,1860,0.0395135918437291,-0.226012823688607,0.226012823688607,0.917013565128693,0.0187775342324667,0.0187775342324667,0.077795536315527,0.077795536315527,10.5254620095813,0.609694831917053,32.9235209235209
228,"oracle_joint",0.372,1860,0.0395135918437291,-0.0753216258615748,0.0753216258615748,0.91701356512869,-1.18922357877915e-07,1.18922357877915e-07,-2.60902410786912e-15,2.60902410786912e-15,6.10754672139684,0.641889201877934,25.307747368421
228,"standard",0.372,1860,0.0395135918437291,0.686724374841257,0.686724374841257,0.917013565128694,-0.195165553005714,0.195165553005714,-0.195165434083361,0.195165434083361,0.543326325058553,0.290188731878663,6.20207855815553
228,"constrained",0.372,1860,0.0395135918437291,0.569252318855598,0.569252318855598,0.917013565128693,-0.165080118848735,0.165080118848735,-0.165079999836229,0.165079999836229,0.868794355199139,0.372,9.14728422821129
229,"unweighted",0.3592,1796,0.0387678775913742,0.534187751805813,0.534187751805813,0.933485129883011,-0.120508004419435,0.120508004419435,-0.248497728285078,0.248497728285078,0,1,1
229,"oracle_ipw",0.3592,1796,0.0387678775913742,0.0362380209971768,0.0362380209971768,0.933485129883016,0.0195547682438098,0.0195547682438098,0.0729666745871072,0.0729666745871072,10.4232116577294,0.612500069504552,33.0750037532458
229,"oracle_joint",0.3592,1796,0.0387678775913742,0.137657233136806,0.137657233136806,0.933485129883011,-1.18922359126916e-07,1.18922359126916e-07,-5.16253706450698e-15,5.16253706450698e-15,6.23006372328399,0.679337770154376,25.7945511111112
229,"standard",0.3592,1796,0.0387678775913742,0.779632843383068,0.779632843383068,0.933485129883012,-0.194819806790558,0.194819806790558,-0.194819687868216,0.194819687868216,0.555536725610491,0.28613142944755,6.35587558826065
229,"constrained",0.3592,1796,0.0387678775913742,0.689542293525463,0.689542293525463,0.933485129883017,-0.167480118922356,0.167480118922356,-0.167480000000004,0.167480000000004,0.852649099502343,0.3592,9.08376888888863
230,"unweighted",0.3642,1821,0.0233662270332292,0.500897133915483,0.500897133915483,0.916860531591073,-0.118895073383516,0.118895073383516,-0.25247936298737,0.25247936298737,0,1,1
230,"oracle_ipw",0.3642,1821,0.0233662270332292,0.0899824075118817,0.0899824075118817,0.916860531591076,-0.00717413217330425,0.00717413217330425,-0.0294047359208361,0.0294047359208361,8.29523346786375,0.702388713616401,37.9289905352856
230,"oracle_joint",0.3642,1821,0.0233662270332292,0.0491353134855868,0.0491353134855868,0.916860531591076,-1.18922357551787e-07,1.18922357551787e-07,3.21964677141295e-15,3.21964677141295e-15,10.6240752096312,0.694752456747404,42.7968109090909
230,"standard",0.3642,1821,0.0233662270332292,0.816951841946459,0.816951841946459,0.916860531591075,-0.208316148575061,0.208316148575061,-0.208316029653184,0.208316029653184,0.653130144126203,0.240990084870944,8.31103909106798
230,"constrained",0.3642,1821,0.0233662270332292,0.640636585323463,0.640636585323463,0.916860531591073,-0.160480118918642,0.160480118918642,-0.160479999991692,0.160479999991692,1.6006085278498,0.3642,16.2300763651615
231,"unweighted",0.3638,1819,0.0170123042340988,0.543780502387618,0.543780502387618,0.916821920957985,-0.125865693883939,0.125865693883939,-0.254121979109401,0.254121979109401,0,1,1
231,"oracle_ipw",0.3638,1819,0.0170123042340988,0.20219575865451,0.20219575865451,0.916821920957982,-0.0337404301985224,0.0337404301985224,-0.0804634613144565,0.0804634613144565,6.89420592588786,0.74973343488195,40.4856054836253
231,"oracle_joint",0.3638,1819,0.0170123042340988,0.0461319129001696,0.0461319129001696,0.916821920957983,-1.18922358939566e-07,1.18922358939566e-07,-3.99680288865056e-15,3.99680288865056e-15,14.7608157117575,0.659746513157895,58.780985
231,"standard",0.3638,1819,0.0170123042340988,0.810520781472276,0.810520781472276,0.916821920957986,-0.219586588112771,0.219586588112771,-0.219586469192306,0.219586469192306,0.600782271596513,0.22308782793981,8.85251156747209
231,"constrained",0.3638,1819,0.0170123042340988,0.629832383852909,0.629832383852909,0.916821920957983,-0.167680118921806,0.167680118921806,-0.167679999998774,0.167679999998774,1.8884467537094,0.3638,20.6547450003066
232,"unweighted",0.371,1855,0.0333642926165237,0.497233150892509,0.497233150892509,0.915542366356558,-0.118065050156046,0.118065050156046,-0.249894663072776,0.249894663072776,0,1,1
232,"oracle_ipw",0.371,1855,0.0333642926165237,-0.132235000861132,0.132235000861132,0.915542366356556,0.0143029999977315,0.0143029999977315,0.040196452742124,0.040196452742124,9.84893573413714,0.641341458144258,34.63243873979
232,"oracle_joint",0.371,1855,0.0333642926165237,-0.0439939326828014,0.0439939326828014,0.915542366356557,-1.18922358075674e-07,1.18922358075674e-07,3.33066907387547e-16,3.33066907387547e-16,7.30927055826284,0.678382421227197,29.9721625
232,"standard",0.371,1855,0.0333642926165237,0.751702247208308,0.751702247208308,0.91554236635656,-0.197858946002597,0.197858946002597,-0.197858827080292,0.197858827080292,0.610156411134191,0.270630120289376,7.03290473538032
232,"constrained",0.371,1855,0.0333642926165237,0.596556147408598,0.596556147408598,0.915542366356557,-0.159280118922355,0.159280118922355,-0.159280000000003,0.159280000000003,1.14684361423207,0.371,11.5056374999999
233,"unweighted",0.3512,1756,0.0198254863764544,0.57224023886264,0.57224023886264,0.959300760499512,-0.121882287547554,0.121882287547554,-0.253394715261959,0.253394715261959,0,1,1
233,"oracle_ipw",0.3512,1756,0.0198254863764544,0.298690282235783,0.298690282235783,0.959300760499513,-0.0204274006360333,0.0204274006360333,-0.0570065761376567,0.0570065761376567,7.57111960766461,0.728102000621955,39.3175080335856
233,"oracle_joint",0.3512,1756,0.0198254863764544,0.227594988079909,0.227594988079909,0.959300760499521,-1.18922360115709e-07,1.18922360115709e-07,-1.49880108324396e-15,1.49880108324396e-15,12.6025069964654,0.669953494809689,50.4401244444445
233,"standard",0.3512,1756,0.0198254863764544,0.880608347040531,0.880608347040531,0.959300760499517,-0.214127568769872,0.214127568769872,-0.214127449848553,0.214127449848553,0.635552586765981,0.231024704753284,8.66147978514399
233,"constrained",0.3512,1756,0.0198254863764544,0.74139969082102,0.74139969082102,0.959300760499525,-0.168480118922357,0.168480118922357,-0.168479999999999,0.168479999999999,1.6147077814037,0.3512,17.5678044444448
234,"unweighted",0.3682,1841,0.0294157617888078,0.532914931563126,0.532914931563126,0.939865231203215,-0.120976221291381,0.120976221291381,-0.250915437262357,0.250915437262357,0,1,1
234,"oracle_ipw",0.3682,1841,0.0294157617888078,0.136555530520735,0.136555530520735,0.939865231203204,0.00388614385986443,0.00388614385986443,0.0144047232081314,0.0144047232081314,9.33535431281235,0.664622242627222,35.88960110187
234,"oracle_joint",0.3682,1841,0.0294157617888078,0.154351962228383,0.154351962228383,0.939865231203208,-1.18922356410339e-07,1.18922356410339e-07,4.2188474935756e-15,4.2188474935756e-15,8.34992275514808,0.673262553897181,33.99538
234,"standard",0.3682,1841,0.0294157617888078,0.807390315436119,0.807390315436119,0.9398652312032,-0.203206548541224,0.203206548541224,-0.20320642961897,0.20320642961897,0.59721292674589,0.261378479240184,7.27373450510868
234,"constrained",0.3682,1841,0.0294157617888078,0.677794488973128,0.677794488973128,0.939865231203198,-0.162880118922362,0.162880118922362,-0.162879999999995,0.162879999999995,1.21118813872204,0.3682,12.5766600000005
235,"unweighted",0.3668,1834,0.029528035688765,0.511465588760058,0.511465588760058,0.91299954594661,-0.124403038987842,0.124403038987842,-0.25088641221374,0.25088641221374,0,1,1
235,"oracle_ipw",0.3668,1834,0.029528035688765,-0.0361478595506588,0.0361478595506588,0.912999545946608,-3.85202834861757e-05,3.85202834861757e-05,0.0156143633604641,0.0156143633604641,9.3831298511241,0.665029659263346,35.9116016002207
235,"oracle_joint",0.3668,1834,0.029528035688765,-0.0201861494689135,0.0201861494689135,0.912999545946609,-1.18922358439966e-07,1.18922358439966e-07,-5.16253706450698e-15,5.16253706450698e-15,8.31970654529996,0.644002675159236,33.86612
235,"standard",0.3668,1834,0.029528035688765,0.765821481006208,0.765821481006208,0.912999545946608,-0.205123618680713,0.205123618680713,-0.205123499758436,0.205123499758436,0.560763243013425,0.264852867825908,6.99494153164728
235,"constrained",0.3668,1834,0.029528035688765,0.623109041767593,0.623109041767593,0.912999545946609,-0.167880118922355,0.167880118922355,-0.167879999999985,0.167879999999985,1.09263591781078,0.3668,11.873840000002
236,"unweighted",0.3758,1879,0.0205863367494849,0.535956025528757,0.535956025528757,0.932804686292366,-0.120459182341135,0.120459182341135,-0.253198020223523,0.253198020223523,0,1,1
236,"oracle_ipw",0.3758,1879,0.0205863367494849,0.209252113816579,0.209252113816579,0.93280468629237,-0.0166351817065132,0.0166351817065132,-0.0508789081288512,0.0508789081288512,7.73948595732673,0.722514095603509,39.0157611625895
236,"oracle_joint",0.3758,1879,0.0205863367494849,0.138720839948839,0.138720839948839,0.932804686292373,-1.18922358360168e-07,1.18922358360168e-07,-6.21724893790088e-15,6.21724893790088e-15,12.1198059792232,0.67048071197411,48.575908
236,"standard",0.3758,1879,0.0205863367494849,0.839193252231897,0.839193252231897,0.932804686292379,-0.212496854759123,0.212496854759123,-0.212496735837705,0.212496735837705,0.649600088989275,0.232941960284774,8.64777133613083
236,"constrained",0.3758,1879,0.0205863367494849,0.658495835236586,0.658495835236586,0.932804686292374,-0.157680118804297,0.157680118804297,-0.157679999734671,0.157679999734671,1.90404159511076,0.3758,18.9478360554464
237,"unweighted",0.3752,1876,0.0288669602628972,0.506042440932772,0.506042440932772,0.950497397574867,-0.120160281999706,0.120160281999706,-0.251057313432836,0.251057313432836,0,1,1
237,"oracle_ipw",0.3752,1876,0.0288669602628972,0.147756729344105,0.147756729344105,0.950497397574864,0.00358788454174621,0.00358788454174621,0.0107514201094082,0.0107514201094082,9.26135449853947,0.668192042493719,36.0823702946608
237,"oracle_joint",0.3752,1876,0.0288669602628972,0.161302301966441,0.161302301966441,0.950497397574863,-1.18922358082613e-07,1.18922358082613e-07,-6.32827124036339e-15,6.32827124036339e-15,8.51760239897064,0.66297358974359,34.64168
237,"standard",0.3752,1876,0.0288669602628972,0.768024808176775,0.768024808176775,0.950497397574874,-0.203339396864985,0.203339396864985,-0.203339277942746,0.203339277942746,0.610456682433135,0.259638194634814,7.39421675567597
237,"constrained",0.3752,1876,0.0288669602628972,0.637157760240063,0.637157760240063,0.950497397574863,-0.159480118922359,0.159480118922359,-0.159479999999995,0.159479999999995,1.31376245454503,0.3752,13.2713600000006
238,"unweighted",0.3718,1859,0.0270501585680295,0.504223136789327,0.504223136789327,0.916472856855378,-0.122524029973398,0.122524029973398,-0.251526993006993,0.251526993006993,0,1,1
238,"oracle_ipw",0.3718,1859,0.0270501585680295,0.045309243411638,0.045309243411638,0.916472856855378,-0.00277140010446813,0.00277140010446813,-0.00194054296287688,0.00194054296287688,8.97806676774225,0.679460414005717,36.6908623563087
238,"oracle_joint",0.3718,1859,0.0270501585680295,0.0361498955016312,0.0361498955016312,0.916472856855377,-1.18922357468521e-07,1.18922357468521e-07,-2.44249065417534e-15,2.44249065417534e-15,9.11911380760084,0.667665602605863,36.96836
238,"standard",0.3718,1859,0.0270501585680295,0.768414827407574,0.768414827407574,0.916472856855379,-0.206393795621991,0.206393795621991,-0.206393676699775,0.206393676699775,0.591758069428916,0.255408741029909,7.45406423193676
238,"constrained",0.3718,1859,0.0270501585680295,0.614032483844536,0.614032483844536,0.916472856855378,-0.162880118922327,0.162880118922327,-0.16287999999991,0.16287999999991,1.31052167967821,0.3718,13.6765200000136
239,"unweighted",0.3672,1836,0.0337095657971958,0.553159318128229,0.553159318128229,0.914299498807817,-0.123382866430561,0.123382866430561,-0.249805403050109,0.249805403050109,0,1,1
239,"oracle_ipw",0.3672,1836,0.0337095657971958,-0.0313381573666192,0.0313381573666192,0.914299498807816,0.00891982895625061,0.00891982895625061,0.0425446799710681,0.0425446799710681,9.90136206184249,0.639762444938509,34.5471720266795
239,"oracle_joint",0.3672,1836,0.0337095657971958,0.0383488014670668,0.0383488014670668,0.914299498807816,-1.18922357798118e-07,1.18922357798118e-07,3.71924713249427e-15,3.71924713249427e-15,7.23118532271231,0.677048026755853,29.66517
239,"standard",0.3672,1836,0.0337095657971958,0.776903666258548,0.776903666258548,0.914299498807816,-0.200661836644795,0.200661836644795,-0.200661717722469,0.200661717722469,0.549340802976518,0.27490645896699,6.63923789134758
239,"constrained",0.3672,1836,0.0337095657971958,0.651830666671294,0.651830666671294,0.914299498807816,-0.166680118922365,0.166680118922365,-0.166679999999996,0.166679999999996,0.978745191964211,0.3672,10.5386400000002
240,"unweighted",0.3654,1827,0.0169378113857831,0.536960518763215,0.536960518763215,0.914495493687592,-0.125193400380046,0.125193400380046,-0.254141237000547,0.254141237000547,0,1,1
240,"oracle_ipw",0.3654,1827,0.0169378113857831,0.152303087121657,0.152303087121657,0.91449549368759,-0.0334881933061614,0.0334881933061614,-0.0809534974489143,0.0809534974489143,6.8869498701355,0.750958333705646,40.5517500201049
240,"oracle_joint",0.3654,1827,0.0169378113857831,-0.0230274917802951,0.0230274917802951,0.914495493687589,-1.18922357530971e-07,1.18922357530971e-07,-1.99840144432528e-15,1.99840144432528e-15,14.829085066185,0.641544649681528,59.039505
240,"standard",0.3654,1827,0.0169378113857831,0.835507792057707,0.835507792057707,0.914495493687589,-0.219489420828415,0.219489420828415,-0.219489301908131,0.219489301908131,0.610893628838879,0.22300415618237,8.9136356768109
240,"constrained",0.3654,1827,0.0169378113857831,0.629725817479226,0.629725817479226,0.914495493687589,-0.166880118922125,0.166880118922125,-0.166879999999473,0.166879999999473,1.93230961949451,0.3654,20.9282850001319
241,"unweighted",0.373,1865,0.0145186105772641,0.54215832739657,0.54215832739657,0.934728712568209,-0.120578964295962,0.120578964295962,-0.254766648793566,0.254766648793566,0,1,1
241,"oracle_ipw",0.373,1865,0.0145186105772641,0.2893027045327,0.2893027045327,0.934728712568201,-0.0368900674453833,0.0368900674453833,-0.102646506024098,0.102646506024098,6.19518376709621,0.769058376362593,41.52915232358
241,"oracle_joint",0.373,1865,0.0145186105772641,0.147907329735254,0.147907329735254,0.934728712568202,-1.18922358120777e-07,1.18922358120777e-07,1.60982338570648e-15,1.60982338570648e-15,17.3712858741679,0.6559326953748,68.8771142857143
241,"standard",0.373,1865,0.0145186105772641,0.899131910709378,0.899131910709378,0.934728712568205,-0.220911887422426,0.220911887422426,-0.220911768506909,0.220911768506909,0.678990372060024,0.210021907880087,10.0199073909565
241,"constrained",0.373,1865,0.0145186105772641,0.685468467949384,0.685468467949384,0.934728712568206,-0.158080118877013,0.158080118877013,-0.15807999989816,0.15807999989816,2.68737301887349,0.373,26.7600857444488
242,"unweighted",0.3602,1801,0.0257734992241747,0.56519188258863,0.56519188258863,0.919579794688284,-0.121550786392276,0.121550786392276,-0.251857034980566,0.251857034980566,0,1,1
242,"oracle_ipw",0.3602,1801,0.0257734992241747,0.118857810394006,0.118857810394006,0.919579794688286,-0.00451819514864057,0.00451819514864057,-0.011169179729309,0.011169179729309,8.76022084136095,0.687467326091827,37.1232356089587
242,"oracle_joint",0.3602,1801,0.0257734992241747,0.0975274507707503,0.0975274507707503,0.919579794688282,-1.18922359175488e-07,1.18922359175488e-07,-4.49640324973188e-15,4.49640324973188e-15,9.59236103177293,0.669741180438449,38.7995433333334
242,"standard",0.3602,1801,0.0257734992241747,0.835294884641925,0.835294884641925,0.919579794688282,-0.207180533306935,0.207180533306935,-0.207180414384785,0.207180414384785,0.609424637826232,0.250814637785243,7.7052161410907
242,"constrained",0.3602,1801,0.0257734992241747,0.688224512042975,0.688224512042975,0.919579794688279,-0.165880118921948,0.165880118921948,-0.165879999999085,0.165879999999085,1.30845206877972,0.3602,13.9037200001513
243,"unweighted",0.376,1880,0.0226329252273992,0.531139562341725,0.531139562341725,0.913221097833444,-0.123108274496828,0.123108274496828,-0.252668936170213,0.252668936170213,0,1,1
243,"oracle_ipw",0.376,1880,0.0226329252273992,0.0675485390363726,0.0675485390363726,0.913221097833445,-0.0143282395877627,0.0143282395877627,-0.0343681371949824,0.0343681371949824,8.19985411613875,0.70943687217749,38.3095910975845
243,"oracle_joint",0.376,1880,0.0226329252273992,-0.00740272146631726,0.00740272146631726,0.913221097833445,-1.18922357298518e-07,1.18922357298518e-07,2.44249065417534e-15,2.44249065417534e-15,10.9870564346424,0.640769088098918,44.1834181818182
243,"standard",0.376,1880,0.0226329252273992,0.826244243731414,0.826244243731414,0.913221097833444,-0.211554987765247,0.211554987765247,-0.211554868843329,0.211554868843329,0.60957023114339,0.242587495109438,8.02676787042863
243,"constrained",0.376,1880,0.0226329252273992,0.630496899831704,0.630496899831704,0.913221097833444,-0.16188011891548,0.16188011891548,-0.161879999984628,0.161879999984628,1.59725394735671,0.376,16.5166545483625
244,"unweighted",0.3696,1848,0.0313975054807486,0.550711708138317,0.550711708138317,0.955972799012518,-0.121018610836979,0.121018610836979,-0.250403116883117,0.250403116883117,0,1,1
244,"oracle_ipw",0.3696,1848,0.0313975054807486,-0.21466789554199,0.21466789554199,0.95597279901253,0.00743553075645006,0.00743553075645006,0.0277931040497607,0.0277931040497607,9.6204390934545,0.653218044795014,35.2737744189308
244,"oracle_joint",0.3696,1848,0.0313975054807486,-0.145275023023772,0.145275023023772,0.955972799012524,-1.18922357593421e-07,1.18922357593421e-07,3.05311331771918e-15,3.05311331771918e-15,7.79614044371894,0.66156,31.849664
244,"standard",0.3696,1848,0.0313975054807486,0.746287544862465,0.746287544862465,0.955972799012522,-0.20143757505671,0.20143757505671,-0.201437456134408,0.201437456134408,0.587602946705208,0.267460837267883,7.0325694042428
244,"constrained",0.3696,1848,0.0313975054807486,0.576517370312947,0.576517370312947,0.955972799012517,-0.16308011892236,0.16308011892236,-0.163079999999999,0.163079999999999,1.13161183051489,0.3696,11.758208
245,"unweighted",0.3718,1859,0.0291309399963395,0.504494160714103,0.504494160714103,0.93275770396972,-0.116925168207035,0.116925168207035,-0.250989069392146,0.250989069392146,0,1,1
245,"oracle_ipw",0.3718,1859,0.0291309399963395,0.0953021582021182,0.0953021582021182,0.932757703969718,0.00787445565890363,0.00787445565890363,0.0123179575004973,0.0123179575004973,9.28342553237631,0.665989104488654,35.9634116423873
245,"oracle_joint",0.3718,1859,0.0291309399963395,0.123742751404246,0.123742751404246,0.932757703969718,-1.18922357811996e-07,1.18922357811996e-07,6.10622663543836e-16,6.10622663543836e-16,8.43539078435235,0.676479669966998,34.3277628571429
245,"standard",0.3718,1859,0.0291309399963395,0.80163885907454,0.80163885907454,0.932757703969722,-0.201175473849068,0.201175473849068,-0.201175354926867,0.201175354926867,0.647285424060053,0.258220600264416,7.61454965650198
245,"constrained",0.3718,1859,0.0291309399963395,0.65237778927977,0.65237778927977,0.932757703969717,-0.156880118922363,0.156880118922363,-0.15688,0.15688,1.37455733852894,0.3718,13.4963399999999
246,"unweighted",0.367,1835,0.0274039481078839,0.5279822100754,0.5279822100754,0.915465374623255,-0.126694138298432,0.126694138298432,-0.25143553133515,0.25143553133515,0,1,1
246,"oracle_ipw",0.367,1835,0.0274039481078839,0.051098436446973,0.051098436446973,0.915465374623257,-0.00673105214003942,0.00673105214003942,0.000795174097396656,0.000795174097396656,9.05179419727101,0.677839522035205,36.6033341899011
246,"oracle_joint",0.367,1835,0.0274039481078839,0.0333496687958255,0.0333496687958255,0.915465374623256,-1.18922358655071e-07,1.18922358655071e-07,-1.66533453693773e-15,1.66533453693773e-15,8.99794787719587,0.656906168831169,36.4910923076923
246,"standard",0.367,1835,0.0274039481078839,0.782437683363202,0.782437683363202,0.915465374623256,-0.208257592621051,0.208257592621051,-0.208257473698782,0.208257473698782,0.544861316355069,0.259512591787214,7.0947489048285
246,"constrained",0.367,1835,0.0274039481078839,0.642957739296129,0.642957739296129,0.915465374623254,-0.169480118922218,0.169480118922218,-0.169479999999687,0.169479999999687,1.13065808017333,0.367,12.568338461587
247,"unweighted",0.3572,1786,0.0346532826448217,0.489729156208095,0.489729156208095,0.913950835160532,-0.116860951784024,0.116860951784024,-0.249561433370661,0.249561433370661,0,1,1
247,"oracle_ipw",0.3572,1786,0.0346532826448217,-0.127040035516278,0.127040035516278,0.913950835160532,0.0177502937265526,0.0177502937265526,0.0482058344588071,0.0482058344588071,9.99455007206987,0.634042060582674,34.2382712714644
247,"oracle_joint",0.3572,1786,0.0346532826448217,-0.024165750456424,0.024165750456424,0.913950835160534,-1.18922356923817e-07,1.18922356923817e-07,4.32986979603811e-15,4.32986979603811e-15,7.02102671423879,0.681399169550173,28.857295
247,"standard",0.3572,1786,0.0346532826448217,0.726379449842753,0.726379449842753,0.913950835160533,-0.195980097237042,0.195980097237042,-0.195979978314732,0.195979978314732,0.617272702109719,0.273319998164905,6.98102992061944
247,"constrained",0.3572,1786,0.0346532826448217,0.60191417056429,0.60191417056429,0.913950835160534,-0.16348011892236,0.16348011892236,-0.16348,0.16348,1.03668491465555,0.3572,10.60884
248,"unweighted",0.363,1815,0.0255746953734097,0.496824451378487,0.496824451378487,0.916959899798098,-0.113584025056759,0.113584025056759,-0.251908429752066,0.251908429752066,0,1,1
248,"oracle_ipw",0.363,1815,0.0255746953734097,0.0551837883622068,0.0551837883622068,0.9169598997981,0.00431310469404852,0.00431310469404852,-0.0132769927948325,0.0132769927948325,8.67759422257224,0.686907497032986,37.0930048397813
248,"oracle_joint",0.363,1815,0.0255746953734097,0.0549912823468914,0.0549912823468914,0.9169598997981,-1.18922357669748e-07,1.18922357669748e-07,0,0,9.6678569572994,0.714721071428572,39.10115
248,"standard",0.363,1815,0.0255746953734097,0.766145936588829,0.766145936588829,0.9169598997981,-0.202811913591488,0.202811913591488,-0.202811794669575,0.202811794669575,0.709570510676604,0.244971107189067,8.42586605624334
248,"constrained",0.363,1815,0.0255746953734097,0.598775552683164,0.598775552683164,0.9169598997981,-0.155080118922331,0.155080118922331,-0.155079999999936,0.155079999999936,1.62896988698933,0.363,15.6453000000111
249,"unweighted",0.355,1775,0.0348680353823389,0.459390939526295,0.459390939526295,0.913852731157484,-0.118754221349653,0.118754221349653,-0.249505915492958,0.249505915492958,0,1,1
249,"oracle_ipw",0.355,1775,0.0348680353823389,-0.147813742988559,0.147813742988559,0.913852731157486,0.0160894081893058,0.0160894081893058,0.0493272227601171,0.0493272227601171,10.004761861662,0.632440764350944,34.151801274951
249,"oracle_joint",0.355,1775,0.0348680353823389,-0.0495295885697596,0.0495295885697596,0.913852731157484,-1.18922357583012e-07,1.18922357583012e-07,-1.94289029309402e-15,1.94289029309402e-15,6.9742277977763,0.703998201438849,28.6795625
249,"standard",0.355,1775,0.0348680353823389,0.706392136341522,0.706392136341522,0.913852731157485,-0.196869884660892,0.196869884660892,-0.196869765738576,0.196869765738576,0.593045067052583,0.27451128985891,6.83932286337794
249,"constrained",0.355,1775,0.0348680353823389,0.588168534360916,0.588168534360916,0.913852731157485,-0.166080118922359,0.166080118922359,-0.16608,0.16608,0.976394098472453,0.355,10.2550625
250,"unweighted",0.3694,1847,0.0167544024915137,0.489028111016093,0.489028111016093,0.913826905934116,-0.121231223615129,0.121231223615129,-0.254188651867894,0.254188651867894,0,1,1
250,"oracle_ipw",0.3694,1847,0.0167544024915137,0.12220322478302,0.12220322478302,0.913826905934118,-0.0294805961551808,0.0294805961551808,-0.0828570762182822,0.0828570762182822,6.81353382712841,0.751040324594533,40.5561775281048
250,"oracle_joint",0.3694,1847,0.0167544024915137,-0.0362954050989616,0.0362954050989616,0.913826905934118,-1.18922356764223e-07,1.18922356764223e-07,2.44249065417534e-15,2.44249065417534e-15,14.9932254512693,0.667705639344263,59.685805
250,"standard",0.3694,1847,0.0167544024915137,0.793894028593036,0.793894028593036,0.913826905934117,-0.217878161085799,0.217878161085799,-0.217878042166346,0.217878042166346,0.658927102442266,0.219140700751332,9.3832120149641
250,"constrained",0.3694,1847,0.0167544024915137,0.574425900776107,0.574425900776107,0.913826905934119,-0.160280118922262,0.160280118922262,-0.160279999999803,0.160279999999803,2.23096958753737,0.3694,22.6811600000515
251,"unweighted",0.3572,1786,0.0324874524795203,0.521602302010637,0.521602302010637,0.92041854478458,-0.123432531910153,0.123432531910153,-0.250121343784994,0.250121343784994,0,1,1
251,"oracle_ipw",0.3572,1786,0.0324874524795203,0.0233661565905789,0.0233661565905789,0.920418544784583,0.00685555523081892,0.00685555523081892,0.0346678672471148,0.0346678672471148,9.74640199596156,0.64646114926339,34.9089020602231
251,"oracle_joint",0.3572,1786,0.0324874524795203,0.0695644802510285,0.0695644802510285,0.920418544784582,-1.18922358492007e-07,1.18922358492007e-07,-4.9960036108132e-15,4.9960036108132e-15,7.51940105460837,0.684954295652174,30.7811146666667
251,"standard",0.3572,1786,0.0324874524795203,0.772957797390942,0.772957797390942,0.920418544784584,-0.201725317509126,0.201725317509126,-0.20172519858681,0.20172519858681,0.554288404805385,0.271436229626909,6.76236768826508
251,"constrained",0.3572,1786,0.0324874524795203,0.662614511765578,0.662614511765578,0.920418544784587,-0.170080118922362,0.170080118922362,-0.170079999999998,0.170079999999998,0.956491209300476,0.3572,10.5302560000002
252,"unweighted",0.362,1810,0.0192340077773779,0.510923876064449,0.510923876064449,0.91717707453077,-0.122304712172134,0.122304712172134,-0.253547624309392,0.253547624309392,0,1,1
252,"oracle_ipw",0.362,1810,0.0192340077773779,0.0762441794367499,0.0762441794367499,0.917177074530776,-0.0225664049350059,0.0225664049350059,-0.0619660248066317,0.0619660248066317,7.42540884595057,0.732022006378597,39.5291883444442
252,"oracle_joint",0.362,1810,0.0192340077773779,-0.0550975426396428,0.0550975426396428,0.917177074530775,-1.18922357184026e-07,1.18922357184026e-07,3.21964677141295e-15,3.21964677141295e-15,13.0027394934751,0.68229264957265,51.9912444444445
252,"standard",0.362,1810,0.0192340077773779,0.79719952622308,0.79719952622308,0.917177074530775,-0.215026215963287,0.215026215963287,-0.215026097042112,0.215026097042112,0.632390828591239,0.228829060202425,8.74710715046492
252,"constrained",0.362,1810,0.0192340077773779,0.596850401426021,0.596850401426021,0.917177074530775,-0.164480118922355,0.164480118922355,-0.164480000000001,0.164480000000001,1.7912421183427,0.362,18.912488888889
253,"unweighted",0.369,1845,0.0314485583351888,0.50778576168848,0.50778576168848,0.918259994643545,-0.11709571946771,0.11709571946771,-0.250389918699187,0.250389918699187,0,1,1
253,"oracle_ipw",0.369,1845,0.0314485583351888,-0.104210066719519,0.104210066719519,0.918259994643543,0.0120419055539294,0.0120419055539294,0.0278613229572012,0.0278613229572012,9.60875086716749,0.652313013402507,35.2249027237354
253,"oracle_joint",0.369,1845,0.0314485583351888,-0.037280236813715,0.037280236813715,0.918259994643543,-1.18922358714052e-07,1.18922358714052e-07,-5.77315972805081e-15,5.77315972805081e-15,7.78153882403064,0.674725373134328,31.79796
253,"standard",0.369,1845,0.0314485583351888,0.723142877243073,0.723142877243073,0.918259994643542,-0.199052762203038,0.199052762203038,-0.199052643280773,0.199052643280773,0.632448511183325,0.26496714126735,7.31448487646793
253,"constrained",0.369,1845,0.0314485583351888,0.568910857912786,0.568910857912786,0.918259994643542,-0.15868011892236,0.15868011892236,-0.158679999999997,0.158679999999997,1.23477719532227,0.369,12.2803199999999
254,"unweighted",0.3542,1771,0.0131050457658777,0.541873033818064,0.541873033818064,0.917485668809197,-0.125968675832797,0.125968675832797,-0.255132083568605,0.255132083568605,0,1,1
254,"oracle_ipw",0.3542,1771,0.0131050457658777,0.266394296255525,0.266394296255525,0.917485668809195,-0.0487058729746287,0.0487058729746287,-0.11529941059884,0.11529941059884,5.7978591668964,0.782850814288425,42.273943971575
254,"oracle_joint",0.3542,1771,0.0131050457658777,0.0521390757739174,0.0521390757739174,0.917485668809193,-1.18922356063395e-07,1.18922356063395e-07,3.33066907387547e-15,3.33066907387547e-15,19.2983701255006,0.616968278041074,76.3064866666667
254,"standard",0.3542,1771,0.0131050457658777,0.834115512508747,0.834115512508747,0.917485668809195,-0.225471602480224,0.225471602480224,-0.225471483566333,0.225471483566333,0.619796191275079,0.208504595747658,9.75482043435565
254,"constrained",0.3542,1771,0.0131050457658777,0.648944060194517,0.648944060194517,0.917485668809195,-0.172080118922353,0.172080118922353,-0.172079999999985,0.172079999999985,2.2449497648034,0.3542,25.5142066666713
255,"unweighted",0.3658,1829,0.0359534912405029,0.539915996955761,0.539915996955761,0.920414340101402,-0.123169622754677,0.123169622754677,-0.249225303444505,0.249225303444505,0,1,1
255,"oracle_ipw",0.3658,1829,0.0359534912405029,0.00105313108815408,0.00105313108815408,0.920414340101402,0.0126170797931136,0.0126170797931136,0.0564709369615258,0.0564709369615258,10.1561750533517,0.627579982246888,33.889319041332
255,"oracle_joint",0.3658,1829,0.0359534912405029,0.0827232631895061,0.0827232631895061,0.920414340101403,-1.18922358384455e-07,1.18922358384455e-07,-3.83026943495679e-15,3.83026943495679e-15,6.75292969136173,0.672218466666667,27.8137105882353
255,"standard",0.3658,1829,0.0359534912405029,0.782365963968493,0.782365963968493,0.920414340101403,-0.198683808952248,0.198683808952248,-0.198683690029914,0.198683690029914,0.541304739675359,0.280872099606217,6.43768299619403
255,"constrained",0.3658,1829,0.0359534912405029,0.672485611114692,0.672485611114692,0.920414340101401,-0.16748011892236,0.16748011892236,-0.167479999999998,0.167479999999998,0.906409297128721,0.3658,9.79483294117659
256,"unweighted",0.372,1860,0.0207966272861732,0.511812327245546,0.511812327245546,0.917634510809882,-0.125667717477565,0.125667717477565,-0.253143655913979,0.253143655913979,0,1,1
256,"oracle_ipw",0.372,1860,0.0207966272861732,0.0465402207487562,0.0465402207487562,0.917634510809878,-0.0217423371182446,0.0217423371182446,-0.0491369592676653,0.0491369592676653,7.78995248319658,0.721208251411376,38.9452455762143
256,"oracle_joint",0.372,1860,0.0207966272861732,-0.0710266758736592,0.0710266758736592,0.917634510809879,-1.18922357447704e-07,1.18922357447704e-07,3.66373598126302e-15,3.66373598126302e-15,11.9937202630302,0.676843564356436,48.08472
256,"standard",0.372,1860,0.0207966272861732,0.805092267544278,0.805092267544278,0.917634510809878,-0.214718156619961,0.214718156619961,-0.21471803769817,0.21471803769817,0.585377854248897,0.236673357494878,8.1471649881607
256,"constrained",0.372,1860,0.0207966272861732,0.601736977052815,0.601736977052815,0.917634510809879,-0.164880118922358,0.164880118922358,-0.164880000000001,0.164880000000001,1.62920390317427,0.372,17.4170399999999
257,"unweighted",0.3676,1838,0.0210455531840491,0.486858320126223,0.486858320126223,0.957419675045263,-0.123268855499417,0.123268855499417,-0.25307930359086,0.25307930359086,0,1,1
257,"oracle_ipw",0.3676,1838,0.0210455531840491,-0.0763437438290493,0.0763437438290493,0.957419675045259,-0.0185486406170587,0.0185486406170587,-0.0470270976558281,0.0470270976558281,7.85353843172238,0.719859175015911,38.8723954508592
257,"oracle_joint",0.3676,1838,0.0210455531840491,-0.203351692419367,0.203351692419367,0.957419675045256,-1.1892235785016e-07,1.1892235785016e-07,-3.88578058618805e-16,3.88578058618805e-16,11.8471002994499,0.659050016260163,47.515976
257,"standard",0.3676,1838,0.0210455531840491,0.725733168120696,0.725733168120696,0.957419675045237,-0.213356841367373,0.213356841367373,-0.213356722445666,0.213356722445666,0.613457328284246,0.236490965331161,8.30101041451047
257,"constrained",0.3676,1838,0.0210455531840491,0.512023286818408,0.512023286818408,0.957419675045243,-0.16428011892236,0.16428011892236,-0.164280000000002,0.164280000000002,1.64087979449112,0.3676,17.3213119999994
258,"unweighted",0.3542,1771,0.0414993115919459,0.508409842981163,0.508409842981163,0.925842013928823,-0.11771409683705,0.11771409683705,-0.24779159796725,0.24779159796725,0,1,1
258,"oracle_ipw",0.3542,1771,0.0414993115919459,-0.289958477991875,0.289958477991875,0.925842013928822,0.0254083063481281,0.0254083063481281,0.0888529533987742,0.0888529533987742,10.6861383296895,0.599607700262392,32.3788158141692
258,"oracle_joint",0.3542,1771,0.0414993115919459,-0.0868581351053886,0.0868581351053886,0.925842013928821,-1.18922358242207e-07,1.18922358242207e-07,-7.27196081129478e-15,7.27196081129478e-15,5.79476208560289,0.641282298850575,24.0967852631579
258,"standard",0.3542,1771,0.0414993115919459,0.742780241602266,0.742780241602266,0.925842013928827,-0.191259905198417,0.191259905198417,-0.191259786276073,0.191259786276073,0.576604934196118,0.292837665926977,6.26935992132016
258,"constrained",0.3542,1771,0.0414993115919459,0.642231973089858,0.642231973089858,0.925842013928821,-0.168080118844382,0.168080118844382,-0.168079999827216,0.168079999827216,0.809441258229948,0.3542,8.42996001770646
259,"unweighted",0.3562,1781,0.0282348370454615,0.459126967591944,0.459126967591944,0.923371492219651,-0.12016079360362,0.12016079360362,-0.251220729927007,0.251220729927007,0,1,1
259,"oracle_ipw",0.3562,1781,0.0282348370454615,-0.13051328059296,0.13051328059296,0.923371492219649,0.00252088120913589,0.00252088120913589,0.00612730902564962,0.00612730902564962,9.1475551214557,0.671420024750244,36.2566813365132
259,"oracle_joint",0.3562,1781,0.0282348370454615,-0.115719805750997,0.115719805750997,0.923371492219647,-1.18922357551787e-07,1.18922357551787e-07,-8.88178419700125e-16,8.88178419700125e-16,8.7168047175518,0.685420802792321,35.41724
259,"standard",0.3562,1781,0.0282348370454615,0.696954681323602,0.696954681323602,0.923371492219652,-0.203856088190797,0.203856088190797,-0.203855969268574,0.203855969268574,0.612091600889963,0.257114578399507,7.48897221020976
259,"constrained",0.3562,1781,0.0282348370454615,0.546360285882561,0.546360285882561,0.923371492219647,-0.166080118922336,0.166080118922336,-0.166079999999942,0.166079999999942,1.19631165617027,0.3562,12.6642800000085
260,"unweighted",0.3734,1867,0.0227905192434443,0.503211989975146,0.503211989975146,0.913544100982984,-0.122140752487701,0.122140752487701,-0.252628194965185,0.252628194965185,0,1,1
260,"oracle_ipw",0.3734,1867,0.0227905192434443,0.0644688445598094,0.0644688445598094,0.913544100982983,-0.0124413079898785,0.0124413079898785,-0.0335186104163209,0.0335186104163209,8.20388468734231,0.707201337294162,38.1888722138848
260,"oracle_joint",0.3734,1867,0.0227905192434443,-0.000521236293748673,0.000521236293748673,0.913544100982983,-1.18922358148532e-07,1.18922358148532e-07,-2.44249065417534e-15,2.44249065417534e-15,10.9050914582617,0.672730130718955,43.8778945454546
260,"standard",0.3734,1867,0.0227905192434443,0.780010634169989,0.780010634169989,0.913544100982984,-0.210720443474679,0.210720443474679,-0.210720324552763,0.210720324552763,0.617322646759752,0.241411509307817,8.11290855092402
260,"constrained",0.3734,1867,0.0227905192434443,0.595396445480907,0.595396445480907,0.913544100982983,-0.160880118912549,0.160880118912549,-0.160879999978035,0.160879999978035,1.61545827829587,0.3734,16.5721709132217
261,"unweighted",0.3606,1803,0.019308682239076,0.492588162388944,0.492588162388944,0.955693666391468,-0.122878812801717,0.122878812801717,-0.253528319467554,0.253528319467554,0,1,1
261,"oracle_ipw",0.3606,1803,0.019308682239076,0.23340186501135,0.23340186501135,0.955693666391475,-0.0229851533034525,0.0229851533034525,-0.0613245400117792,0.0613245400117792,7.44496110385253,0.731570811437795,39.504823817641
261,"oracle_joint",0.3606,1803,0.019308682239076,0.158419939920183,0.158419939920183,0.955693666391472,-1.18922357853629e-07,1.18922357853629e-07,-9.99200722162641e-16,9.99200722162641e-16,12.9509760847345,0.680817739726028,51.7901733333334
261,"standard",0.3606,1803,0.019308682239076,0.814509202113948,0.814509202113948,0.955693666391466,-0.215206513722828,0.215206513722828,-0.21520639480157,0.21520639480157,0.625052254422792,0.229475051655934,8.67715890812759
261,"constrained",0.3606,1803,0.019308682239076,0.663520492629177,0.663520492629177,0.955693666391471,-0.165680118922363,0.165680118922363,-0.165679999999997,0.165679999999997,1.74185066982602,0.3606,18.5989466666667
262,"unweighted",0.3768,1884,0.0328507233565029,0.512395475093802,0.512395475093802,0.913604591975761,-0.119155304226859,0.119155304226859,-0.250027430997877,0.250027430997877,0,1,1
262,"oracle_ipw",0.3768,1884,0.0328507233565029,-0.0829278544792249,0.0829278544792249,0.91360459197576,0.011807738971475,0.011807738971475,0.037340124503335,0.037340124503335,9.81465345027171,0.645139438153108,34.8375296602678
262,"oracle_joint",0.3768,1884,0.0328507233565029,-0.0111903830610228,0.0111903830610228,0.913604591975759,-1.18922357170148e-07,1.18922357170148e-07,4.77395900588817e-15,4.77395900588817e-15,7.43314232756336,0.648143026521061,30.44073
262,"standard",0.3768,1884,0.0328507233565029,0.770620785726833,0.770620785726833,0.91360459197576,-0.199157347727599,0.199157347727599,-0.199157228805307,0.199157228805307,0.603182748411489,0.271050001304068,6.98996630817719
262,"constrained",0.3768,1884,0.0328507233565029,0.613293706604551,0.613293706604551,0.913604591975761,-0.159080118922357,0.159080118922357,-0.159080000000001,0.159080000000001,1.16748486978482,0.3768,11.7090600000001
263,"unweighted",0.364,1820,0.0212536960177375,0.511512794892794,0.511512794892794,0.934443667679324,-0.121999664554045,0.121999664554045,-0.253025494505495,0.253025494505495,0,1,1
263,"oracle_ipw",0.364,1820,0.0212536960177375,-0.0166602045035609,0.0166602045035609,0.934443667679331,-0.0165612256502103,0.0165612256502103,-0.0454099574895189,0.0454099574895189,7.89552559972356,0.718259772905683,38.7860277369069
263,"oracle_joint",0.364,1820,0.0212536960177375,-0.126912125694734,0.126912125694734,0.934443667679327,-1.18922358263024e-07,1.18922358263024e-07,-7.04991620636974e-15,7.04991620636974e-15,11.7265636916926,0.660109210526316,47.05064
263,"standard",0.364,1820,0.0212536960177375,0.78272457304023,0.78272457304023,0.934443667679334,-0.212493737746591,0.212493737746591,-0.212493618824924,0.212493618824924,0.627808698402337,0.236458159508356,8.37680137388939
263,"constrained",0.364,1820,0.0212536960177375,0.576333070709929,0.576333070709929,0.934443667679334,-0.164280118795863,0.164280118795863,-0.16427999971828,0.16427999971828,1.63097735877867,0.364,17.1516800566078
264,"unweighted",0.358,1790,0.0194489128922089,0.540279341241409,0.540279341241409,0.919280061528372,-0.124894311436198,0.124894311436198,-0.253492067039106,0.253492067039106,0,1,1
264,"oracle_ipw",0.358,1790,0.0194489128922089,0.0889953324124628,0.0889953324124628,0.919280061528369,-0.0252406512944808,0.0252406512944808,-0.0597191543227607,0.0597191543227607,7.51282827134194,0.73220887605404,39.5392793069182
264,"oracle_joint",0.358,1790,0.0194489128922089,-0.0509965770538812,0.0509965770538812,0.919280061528368,-1.18922358138124e-07,1.18922358138124e-07,2.22044604925031e-15,2.22044604925031e-15,12.8582550272955,0.638722977346278,51.4167555555556
264,"standard",0.358,1790,0.0194489128922089,0.81109382087706,0.81109382087706,0.919280061528372,-0.21615526787311,0.21615526787311,-0.216155148951692,0.216155148951692,0.603651493057669,0.232496186940342,8.4258981529761
264,"constrained",0.358,1790,0.0194489128922089,0.626534897496726,0.626534897496726,0.91928006152837,-0.169880118922361,0.169880118922361,-0.169879999999996,0.169879999999996,1.59066465221914,0.358,17.6295111111117
265,"unweighted",0.3638,1819,0.0212653802926235,0.564096325186429,0.564096325186429,0.9159740910595,-0.124254818997539,0.124254818997539,-0.253022473886751,0.253022473886751,0,1,1
265,"oracle_ipw",0.3638,1819,0.0212653802926235,0.156921485515677,0.156921485515677,0.9159740910595,-0.0192325336114272,0.0192325336114272,-0.0450849327215518,0.0450849327215518,7.91573370451264,0.718959976628688,38.8238387379492
265,"oracle_joint",0.3638,1819,0.0212653802926235,0.0655596758396287,0.0655596758396287,0.915974091059499,-1.18922358263024e-07,1.18922358263024e-07,-6.0507154842071e-15,6.0507154842071e-15,11.7218788122065,0.642829935897436,47.024788
265,"standard",0.3638,1819,0.0212653802926235,0.847288233817819,0.847288233817819,0.915974091059498,-0.21365824953847,0.21365824953847,-0.213658130616692,0.213658130616692,0.602270872531409,0.23844811353765,8.1603740408448
265,"constrained",0.3638,1819,0.0212653802926235,0.677600755767236,0.677600755767236,0.915974091059498,-0.167280118742743,0.167280118742743,-0.167279999601599,0.167279999601599,1.53280408238174,0.3638,16.5965560797454
266,"unweighted",0.3688,1844,0.0188793677207451,0.549370970618547,0.549370970618547,0.913684963843023,-0.125210591018837,0.125210591018837,-0.253639305856833,0.253639305856833,0,1,1
266,"oracle_ipw",0.3688,1844,0.0188793677207451,0.157380532476828,0.157380532476828,0.913684963843023,-0.0268620580916265,0.0268620580916265,-0.0648525681119269,0.0648525681119269,7.3450613659824,0.73482046173171,39.6803049335124
266,"oracle_joint",0.3688,1844,0.0188793677207451,0.0231474800274919,0.0231474800274919,0.913684963843023,-1.1892235753444e-07,1.1892235753444e-07,2.1094237467878e-15,2.1094237467878e-15,13.2560163932811,0.68342668907563,52.9678755555555
266,"standard",0.3688,1844,0.0188793677207451,0.829932351364616,0.829932351364616,0.913684963843023,-0.216817178205801,0.216817178205801,-0.216817059284499,0.216817059284499,0.599082510460664,0.229321729070421,8.54446918663772
266,"constrained",0.3688,1844,0.0188793677207451,0.637416703124222,0.637416703124222,0.913684963843023,-0.16508011892236,0.16508011892236,-0.165079999999997,0.165079999999997,1.79057284987982,0.3688,19.1448177777783
267,"unweighted",0.3594,1797,0.0258308692836609,0.481664079997591,0.481664079997591,0.919427970350071,-0.115490316446787,0.115490316446787,-0.251842203672788,0.251842203672788,0,1,1
267,"oracle_ipw",0.3594,1797,0.0258308692836609,-0.0626164053332228,0.0626164053332228,0.919427970350071,0.00243775989135403,0.00243775989135403,-0.0109863677130076,0.0109863677130076,8.75312772885108,0.686447433981066,37.0681614349776
267,"oracle_joint",0.3594,1797,0.0258308692836609,-0.0693102761369657,0.0693102761369657,0.919427970350071,-1.18922358172818e-07,1.18922358172818e-07,-1.11022302462516e-16,1.11022302462516e-16,9.56962854643037,0.677392205128205,38.71337
267,"standard",0.3594,1797,0.0258308692836609,0.742233017172714,0.742233017172714,0.919427970350073,-0.20378141036143,0.20378141036143,-0.203781291439463,0.203781291439463,0.684841214634281,0.247589015849784,8.19712160695455
267,"constrained",0.3594,1797,0.0258308692836609,0.56580653710399,0.56580653710399,0.919427970350073,-0.159480118922325,0.159480118922325,-0.159479999999919,0.159479999999919,1.4921750073911,0.3594,14.8312400000137
268,"unweighted",0.3672,1836,0.0231753264855721,0.496345674831713,0.496345674831713,0.947488695942901,-0.125082117905539,0.125082117905539,-0.25252871459695,0.25252871459695,0,1,1
268,"oracle_ipw",0.3672,1836,0.0231753264855721,-0.09439720119239,0.09439720119239,0.947488695942908,-0.0151392697985495,0.0151392697985495,-0.0301019106315466,0.0301019106315466,8.314719066635,0.706019548957034,38.1250556436798
268,"oracle_joint",0.3672,1836,0.0231753264855721,-0.183867592088793,0.183867592088793,0.947488695942917,-1.18922357700973e-07,1.18922357700973e-07,-8.88178419700125e-16,8.88178419700125e-16,10.7206187358243,0.636595471698113,43.1493381818182
268,"standard",0.3672,1836,0.0231753264855721,0.739080379785355,0.739080379785355,0.94748869594291,-0.21193360427765,0.21193360427765,-0.211933485355614,0.211933485355614,0.584268456094549,0.24574672751273,7.77571280792848
268,"constrained",0.3672,1836,0.0231753264855721,0.545490140388042,0.545490140388042,0.947488695942902,-0.167480118911266,0.167480118911266,-0.167479999975402,0.167479999975402,1.39875187720477,0.3672,15.1954036408803
269,"unweighted",0.3612,1806,0.0214184533512083,0.597616037744893,0.597616037744893,0.916450856328921,-0.125164010923627,0.125164010923627,-0.252982901439646,0.252982901439646,0,1,1
269,"oracle_ipw",0.3612,1806,0.0214184533512083,0.175867188811158,0.175867188811158,0.916450856328919,-0.0195547203591676,0.0195547203591676,-0.0440599166420265,0.0440599166420265,7.93410247798846,0.717249834341673,38.7314910544503
269,"oracle_joint",0.3612,1806,0.0214184533512083,0.0822546081441538,0.0822546081441538,0.91645085632892,-1.18922357756485e-07,1.18922357756485e-07,1.55431223447522e-15,1.55431223447522e-15,11.6335177788482,0.662660765391015,46.688712
269,"standard",0.3612,1806,0.0214184533512083,0.86237996075481,0.86237996075481,0.916450856328919,-0.21380358323379,0.21380358323379,-0.213803464311927,0.213803464311927,0.589077355861363,0.238838173355668,8.07580634528352
269,"constrained",0.3612,1806,0.0214184533512083,0.697733617813547,0.697733617813547,0.916450856328922,-0.168680118922357,0.168680118922357,-0.168680000000001,0.168680000000001,1.47509788649806,0.3612,16.2251039999999
270,"unweighted",0.3776,1888,0.0307323040934446,0.530648167833828,0.530648167833828,0.9223080298931,-0.117857735810751,0.117857735810751,-0.250575084745763,0.250575084745763,0,1,1
270,"oracle_ipw",0.3776,1888,0.0307323040934446,0.057368967814172,0.057368967814172,0.922308029893104,0.00987451005166183,0.00987451005166183,0.0231669464636025,0.0231669464636025,9.51474744263613,0.656574018423808,35.4549969948856
270,"oracle_joint",0.3776,1888,0.0307323040934446,0.10194870861832,0.10194870861832,0.922308029893104,-1.18922357638523e-07,1.18922357638523e-07,-1.11022302462516e-15,1.11022302462516e-15,7.97307270672044,0.67369216828479,32.5390506666667
270,"standard",0.3776,1888,0.0307323040934446,0.803174266010624,0.803174266010624,0.922308029893107,-0.200179166097948,0.200179166097948,-0.20017904717569,0.20017904717569,0.627157583264709,0.263390121992848,7.34318126215641
270,"constrained",0.3776,1888,0.0307323040934446,0.648695666114644,0.648695666114644,0.922308029893103,-0.156080118922354,0.156080118922354,-0.156080000000002,0.156080000000002,1.31505873190827,0.3776,12.8937813333335
271,"unweighted",0.3658,1829,0.0253789349932961,0.511337606868175,0.511337606868175,0.930483670275535,-0.119679291265854,0.119679291265854,-0.251959037725533,0.251959037725533,0,1,1
271,"oracle_ipw",0.3658,1829,0.0253789349932961,-0.0770145466778231,0.0770145466778231,0.930483670275534,-0.00328081624211907,0.00328081624211907,-0.0141726033842882,0.0141726033842882,8.68229293332035,0.689678068534166,37.242615700845
271,"oracle_joint",0.3658,1829,0.0253789349932961,-0.106099856939593,0.106099856939593,0.930483670275535,-1.1892235785016e-07,1.1892235785016e-07,2.99760216648792e-15,2.99760216648792e-15,9.74754002051315,0.67673,39.4027566666667
271,"standard",0.3658,1829,0.0253789349932961,0.764386272715281,0.764386272715281,0.930483670275528,-0.206573277959535,0.206573277959535,-0.20657315903746,0.20657315903746,0.633574630277996,0.24831369248116,7.91756434338347
271,"constrained",0.3658,1829,0.0253789349932961,0.574366573798473,0.574366573798473,0.930483670275531,-0.161480118922129,0.161480118922129,-0.161479999999493,0.161479999999493,1.44560930983934,0.3658,14.7905133334192
272,"unweighted",0.3668,1834,0.0274188902824247,0.489787450945506,0.489787450945506,0.97468192715452,-0.118829473392381,0.118829473392381,-0.251431668484188,0.251431668484188,0,1,1
272,"oracle_ipw",0.3668,1834,0.0274188902824247,-0.229937153849295,0.229937153849295,0.974681927154532,0.00226426211042826,0.00226426211042826,0.000429191685913766,0.000429191685913766,9.02038617505143,0.676513985116757,36.5317551963049
272,"oracle_joint",0.3668,1834,0.0274188902824247,-0.222695961849937,0.222695961849937,0.974681927154517,-1.18922357249945e-07,1.18922357249945e-07,4.2188474935756e-15,4.2188474935756e-15,8.98926094496442,0.68086478114478,36.4712061538461
272,"standard",0.3668,1834,0.0274188902824247,0.724170786215769,0.724170786215769,0.974681927154519,-0.203955558195413,0.203955558195413,-0.203955439273229,0.203955439273229,0.63273314377875,0.254022127827089,7.69780033638289
272,"constrained",0.3668,1834,0.0274188902824247,0.522335287481344,0.522335287481344,0.974681927154517,-0.160480118922349,0.160480118922349,-0.160479999999972,0.160479999999972,1.36491845739184,0.3668,13.8311815384658
273,"unweighted",0.3512,1756,0.0352453091136968,0.511500954699056,0.511500954699056,0.915800146354712,-0.113885948279907,0.113885948279907,-0.249408382687927,0.249408382687927,0,1,1
273,"oracle_ipw",0.3512,1756,0.0352453091136968,-0.0547949202216585,0.0547949202216585,0.915800146354713,0.0222771138598344,0.0222771138598344,0.0513028675999186,0.0513028675999186,10.0234872547993,0.629686291094268,34.0030597190905
273,"oracle_joint",0.3512,1756,0.0352453091136968,0.0560565074068806,0.0560565074068806,0.915800146354712,-1.18922357860568e-07,1.18922357860568e-07,-4.94049245958195e-15,4.94049245958195e-15,6.8939475751848,0.722449850746269,28.37257
273,"standard",0.3512,1756,0.0352453091136968,0.773218492212961,0.773218492212961,0.915800146354714,-0.193447370186314,0.193447370186314,-0.193447251264015,0.193447251264015,0.647813453985728,0.272400438885047,7.1417341737762
273,"constrained",0.3512,1756,0.0352453091136968,0.656931493936223,0.656931493936223,0.915800146354713,-0.162080118922358,0.162080118922358,-0.162080000000002,0.162080000000002,1.0551968833717,0.3512,10.5842899999997
274,"unweighted",0.3696,1848,0.0251180043845988,0.52807358334731,0.52807358334731,0.918709326557396,-0.121171754050183,0.121171754050183,-0.252026493506494,0.252026493506494,0,1,1
274,"oracle_ipw",0.3696,1848,0.0251180043845988,0.0955217920660151,0.0955217920660151,0.918709326557393,-0.00549589305024261,0.00549589305024261,-0.0161376468794554,0.0161376468794554,8.63239708825756,0.69123856260304,37.3268823805642
274,"oracle_joint",0.3696,1848,0.0251180043845988,0.0673431878662432,0.0673431878662432,0.918709326557394,-1.18922357700973e-07,1.18922357700973e-07,-1.38777878078145e-15,1.38777878078145e-15,9.85304651874901,0.684909176470588,39.81208
274,"standard",0.3696,1848,0.0251180043845988,0.78557632305977,0.78557632305977,0.918709326557395,-0.207615118903978,0.207615118903978,-0.207614999981871,0.207614999981871,0.616330762760956,0.248150598340005,7.83937000280058
274,"constrained",0.3696,1848,0.0251180043845988,0.625974725476042,0.625974725476042,0.918709326557397,-0.161480118921901,0.161480118921901,-0.161479999998975,0.161479999998975,1.45262794647145,0.3696,14.9441600001744
275,"unweighted",0.3554,1777,0.0174143958367056,0.491604737111101,0.491604737111101,0.917902395286109,-0.11636502845183,0.11636502845183,-0.254018030388295,0.254018030388295,0,1,1
275,"oracle_ipw",0.3554,1777,0.0174143958367056,0.166181027922431,0.166181027922431,0.917902395286109,-0.0216697959862057,0.0216697959862057,-0.0775001235220177,0.0775001235220177,6.95936413990695,0.744611853012444,40.209040062672
275,"oracle_joint",0.3554,1777,0.0174143958367056,0.055447114810136,0.055447114810136,0.917902395286109,-1.18922358755685e-07,1.18922358755685e-07,1.11022302462516e-15,1.11022302462516e-15,14.4068238527377,0.696028490230906,57.423755
275,"standard",0.3554,1777,0.0174143958367056,0.804088587523588,0.804088587523588,0.917902395286107,-0.214566924062405,0.214566924062405,-0.214566805143331,0.214566805143331,0.719813266671984,0.218528939823549,9.76310340767851
275,"constrained",0.3554,1777,0.0174143958367056,0.613281764857105,0.613281764857105,0.91790239528611,-0.159880118922355,0.159880118922355,-0.159879999999992,0.159879999999992,2.18417774695639,0.3554,21.910410000002
276,"unweighted",0.358,1790,0.0302538644989917,0.52486851686034,0.52486851686034,0.928729432712192,-0.117120833704542,0.117120833704542,-0.250698770949721,0.250698770949721,0,1,1
276,"oracle_ipw",0.358,1790,0.0302538644989917,-0.135758426281367,0.135758426281367,0.928729432712192,0.00983930641576678,0.00983930641576678,0.0199157604520471,0.0199157604520471,9.44475888400407,0.659259274086202,35.6000008006549
276,"oracle_joint",0.358,1790,0.0302538644989917,-0.0791976860710238,0.0791976860710238,0.928729432712194,-1.18922358269963e-07,1.18922358269963e-07,-5.10702591327572e-15,5.10702591327572e-15,8.10609836511519,0.677068267581475,33.0536285714286
276,"standard",0.358,1790,0.0302538644989917,0.770348592131266,0.770348592131266,0.928729432712194,-0.200188760014242,0.200188760014242,-0.200188641092006,0.200188641092006,0.638540368421373,0.261533810985434,7.45808088895476
276,"constrained",0.358,1790,0.0302538644989917,0.611172096071095,0.611172096071095,0.928729432712187,-0.162680118922365,0.162680118922365,-0.162679999999996,0.162679999999996,1.200665930169,0.358,12.2538285714287
277,"unweighted",0.367,1835,0.0252959520995851,0.50035294346292,0.50035294346292,0.916952751142404,-0.118011617825342,0.118011617825342,-0.251980490463215,0.251980490463215,0,1,1
277,"oracle_ipw",0.367,1835,0.0252959520995851,-0.0227061543532344,0.0227061543532344,0.916952751142408,-0.00158258452146589,0.00158258452146589,-0.0148582066237,0.0148582066237,8.66199331610024,0.689999059946785,37.2599492371264
277,"oracle_joint",0.367,1835,0.0252959520995851,-0.0444664443163787,0.0444664443163787,0.916952751142407,-1.18922357125045e-07,1.18922357125045e-07,6.32827124036339e-15,6.32827124036339e-15,9.78067905601153,0.680091092436975,39.5320166666667
277,"standard",0.367,1835,0.0252959520995851,0.754474570297887,0.754474570297887,0.916952751142407,-0.205746515908787,0.205746515908787,-0.205746396986758,0.205746396986758,0.654679039589059,0.247066052564209,8.06996346078676
277,"constrained",0.367,1835,0.0252959520995851,0.573262655518274,0.573262655518274,0.916952751142405,-0.159080118922241,0.159080118922241,-0.15907999999973,0.15907999999973,1.5202547953996,0.367,15.2060333333788
278,"unweighted",0.3606,1803,0.0257449096521013,0.491055766562671,0.491055766562671,0.914292652572631,-0.116496709146903,0.116496709146903,-0.251864425956739,0.251864425956739,0,1,1
278,"oracle_ipw",0.3606,1803,0.0257449096521013,0.0330475697002827,0.0330475697002827,0.914292652572631,0.00120629445955446,0.00120629445955446,-0.0116725674973457,0.0116725674973457,8.73377218333778,0.686830124694888,37.088826733524
278,"oracle_joint",0.3606,1803,0.0257449096521013,0.0266837477619047,0.0266837477619047,0.91429265257263,-1.18922357694035e-07,1.18922357694035e-07,1.55431223447522e-15,1.55431223447522e-15,9.60224278753009,0.685513034482759,38.84263
278,"standard",0.3606,1803,0.0257449096521013,0.775480903140417,0.775480903140417,0.91429265257263,-0.20439732113001,0.20439732113001,-0.204397202207996,0.204397202207996,0.671287895725623,0.247551386507829,8.13195036826108
278,"constrained",0.3606,1803,0.0257449096521013,0.612394745313549,0.612394745313549,0.914292652572631,-0.159880118922292,0.159880118922292,-0.15987999999984,0.15987999999984,1.48059309606131,0.3606,14.8206600000262
279,"unweighted",0.3598,1799,0.0301025110912702,0.544614404944297,0.544614404944297,0.913847715021406,-0.124741400050653,0.124741400050653,-0.250737898832685,0.250737898832685,0,1,1
279,"oracle_ipw",0.3598,1799,0.0301025110912702,-0.00216012957203815,0.00216012957203815,0.913847715021406,0.000504121517784863,0.000504121517784863,0.019657400485948,0.019657400485948,9.47652719613574,0.661959184489705,35.7457959624441
279,"oracle_joint",0.3598,1799,0.0301025110912702,0.02059472301858,0.02059472301858,0.913847715021407,-1.1892235760036e-07,1.1892235760036e-07,3.33066907387547e-15,3.33066907387547e-15,8.15409312379169,0.632720063795853,33.21982
279,"standard",0.3598,1799,0.0301025110912702,0.779483627168106,0.779483627168106,0.913847715021407,-0.204856573087396,0.204856573087396,-0.204856454165097,0.204856454165097,0.555703203694424,0.267297640057076,6.89576563978678
279,"constrained",0.3598,1799,0.0301025110912702,0.65509995270493,0.65509995270493,0.913847715021407,-0.171280118922358,0.171280118922358,-0.171279999999987,0.171279999999987,1.00882472700906,0.3598,11.2103400000016
280,"unweighted",0.36,1800,0.0128939089174274,0.499992936231067,0.499992936231067,0.922227047291086,-0.118905923564333,0.118905923564333,-0.255186666666667,0.255186666666667,0,1,1
280,"oracle_ipw",0.36,1800,0.0128939089174274,0.250059150837485,0.250059150837485,0.922227047291083,-0.0409720215594234,0.0409720215594234,-0.118030870845964,0.118030870845964,5.66886077548774,0.780495161966885,42.1467387462118
280,"oracle_joint",0.36,1800,0.0128939089174274,0.0798404604113058,0.0798404604113058,0.922227047291083,-1.18922357999346e-07,1.18922357999346e-07,-5.55111512312578e-17,5.55111512312578e-17,19.6131433859545,0.70130035335689,77.556
280,"standard",0.36,1800,0.0128939089174274,0.885272861666659,0.885272861666659,0.922227047291083,-0.222631210592779,0.222631210592779,-0.22263109168448,0.22263109168448,0.705241122860552,0.200912725393625,10.7666724953082
280,"constrained",0.36,1800,0.0128939089174274,0.658252628025412,0.658252628025412,0.922227047291087,-0.159880118922355,0.159880118922355,-0.159879999999986,0.159879999999986,2.93092633706252,0.36,29.5920000000038
281,"unweighted",0.3578,1789,0.0389195685601498,0.443099020609278,0.443099020609278,0.936983921234281,-0.120347736322281,0.120347736322281,-0.24845851313583,0.24845851313583,0,1,1
281,"oracle_ipw",0.3578,1789,0.0389195685601498,-0.0215947777912753,0.0215947777912753,0.93698392123428,0.0200030397921664,0.0200030397921664,0.07368029199033,0.07368029199033,10.4266025281144,0.611426257583018,33.017017909483
281,"oracle_joint",0.3578,1789,0.0389195685601498,0.0737192749414032,0.0737192749414032,0.93698392123428,-1.18922358367107e-07,1.18922358367107e-07,-5.16253706450698e-15,5.16253706450698e-15,6.20349295667654,0.692123298245614,25.6940155555556
281,"standard",0.3578,1789,0.0389195685601498,0.695717498443776,0.695717498443776,0.936983921234285,-0.194559382940942,0.194559382940942,-0.194559264018605,0.194559264018605,0.555902375019685,0.286135315455718,6.35698648170694
281,"constrained",0.3578,1789,0.0389195685601498,0.60978556118577,0.60978556118577,0.936983921234281,-0.167680118922358,0.167680118922358,-0.167680000000001,0.167680000000001,0.846535971729513,0.3578,9.02848666666659
282,"unweighted",0.3664,1832,0.0190030317014487,0.534780288297226,0.534780288297226,0.93248324748248,-0.123749965239858,0.123749965239858,-0.253607336244542,0.253607336244542,0,1,1
282,"oracle_ipw",0.3664,1832,0.0190030317014487,0.22589831349612,0.22589831349612,0.932483247482481,-0.0253484442770124,0.0253484442770124,-0.0634359334797884,0.0634359334797884,7.40506481093588,0.735378621121454,39.7104455405585
282,"oracle_joint",0.3664,1832,0.0190030317014487,0.126274381783989,0.126274381783989,0.932483247482482,-1.18922356982798e-07,1.18922356982798e-07,5.99520433297585e-15,5.99520433297585e-15,13.1698437226564,0.639228860759494,52.6231822222222
282,"standard",0.3664,1832,0.0190030317014487,0.837355727092096,0.837355727092096,0.932483247482484,-0.216192111691179,0.216192111691179,-0.216191992770014,0.216191992770014,0.619516124428254,0.230176582479064,8.61610102730438
282,"constrained",0.3664,1832,0.0190030317014487,0.670557911966754,0.670557911966754,0.932483247482475,-0.165480118922351,0.165480118922351,-0.165480000000003,0.165480000000003,1.77718841725919,0.3664,18.9388088888891
283,"unweighted",0.366,1830,0.033820088963744,0.500971637783283,0.500971637783283,0.913583143917348,-0.119186854284537,0.119186854284537,-0.249776830601093,0.249776830601093,0,1,1
283,"oracle_ipw",0.366,1830,0.033820088963744,-0.0834904921967179,0.0834904921967179,0.913583143917348,0.0138155645525099,0.0138155645525099,0.0430804310312142,0.0430804310312142,9.90358949118883,0.638806468503608,34.4955492991949
283,"oracle_joint",0.366,1830,0.033820088963744,-0.000233583293563933,0.000233583293563933,0.913583143917346,-1.1892235822486e-07,1.1892235822486e-07,-1.94289029309402e-15,1.94289029309402e-15,7.20487318019675,0.680525463743678,29.5682250000001
283,"standard",0.366,1830,0.033820088963744,0.760391480537123,0.760391480537123,0.913583143917347,-0.198113808401639,0.198113808401639,-0.198113689479331,0.198113689479331,0.594624094869048,0.272442393476377,6.90897176580302
283,"constrained",0.366,1830,0.033820088963744,0.623581765842786,0.623581765842786,0.913583143917347,-0.162480118922361,0.162480118922361,-0.162480000000001,0.162480000000001,1.06769192851237,0.366,10.9845749999998
284,"unweighted",0.3666,1833,0.0253235527019851,0.478248857313908,0.478248857313908,0.924261400290565,-0.116215614873247,0.116215614873247,-0.251973355155483,0.251973355155483,0,1,1
284,"oracle_ipw",0.3666,1833,0.0253235527019851,0.0860221810287054,0.0860221810287054,0.92426140029056,0.000638693107819267,0.000638693107819267,-0.0148731440808846,0.0148731440808846,8.65098118398238,0.689204763734154,37.2170572416443
284,"oracle_joint",0.3666,1833,0.0253235527019851,0.07939594828366,0.07939594828366,0.924261400290561,-1.18922358571805e-07,1.18922358571805e-07,-4.10782519111308e-15,4.10782519111308e-15,9.76859535053755,0.696919241379311,39.4889300000001
284,"standard",0.3666,1833,0.0253235527019851,0.779428493327019,0.779428493327019,0.924261400290563,-0.204653815425913,0.204653815425913,-0.204653696503934,0.204653696503934,0.676609851807656,0.245814916289727,8.22807785903789
284,"constrained",0.3666,1833,0.0253235527019851,0.61601516182613,0.61601516182613,0.92426140029056,-0.156880118922282,0.156880118922282,-0.156879999999835,0.156879999999835,1.58427119025444,0.3666,15.5255100000282
285,"unweighted",0.3574,1787,0.0238107999034753,0.532577430709701,0.532577430709701,0.913426280644062,-0.119605289599793,0.119605289599793,-0.252364432008954,0.252364432008954,0,1,1
285,"oracle_ipw",0.3574,1787,0.0238107999034753,0.0626161421075604,0.0626161421075604,0.913426280644063,-0.00681091444000288,0.00681091444000288,-0.0261142681077896,0.0261142681077896,8.37474051102468,0.699173472881107,37.7553675355798
285,"oracle_joint",0.3574,1787,0.0238107999034753,0.0182654802811404,0.0182654802811404,0.913426280644063,-1.18922357423418e-07,1.18922357423418e-07,2.4980018054066e-15,2.4980018054066e-15,10.4173108985274,0.704953917710196,41.9977490909091
285,"standard",0.3574,1787,0.0238107999034753,0.814131668912064,0.814131668912064,0.913426280644063,-0.208166236136833,0.208166236136833,-0.208166117214872,0.208166117214872,0.641458318581839,0.242705374693938,8.18021713974375
285,"constrained",0.3574,1787,0.0238107999034753,0.644815817736732,0.644815817736732,0.913426280644063,-0.163880118917426,0.163880118917426,-0.163879999989012,0.163879999989012,1.47487756386956,0.3574,15.37469818379
286,"unweighted",0.3522,1761,0.0417349692386918,0.506504208083287,0.506504208083287,0.937120812489643,-0.120686756266086,0.120686756266086,-0.247730675752413,0.247730675752413,0,1,1
286,"oracle_ipw",0.3522,1761,0.0417349692386918,-0.344277512414441,0.344277512414441,0.937120812489638,0.0228923415239868,0.0228923415239868,0.0898683826248696,0.0898683826248696,10.686764330426,0.597964855557893,32.2901022001262
286,"oracle_joint",0.3522,1761,0.0417349692386918,-0.134785619750182,0.134785619750182,0.937120812489641,-1.18922357610768e-07,1.18922357610768e-07,1.60982338570648e-15,1.60982338570648e-15,5.75715958379267,0.667243505154639,23.9607221052631
286,"standard",0.3522,1761,0.0417349692386918,0.701248652132456,0.701248652132456,0.937120812489645,-0.192731382392258,0.192731382392258,-0.192731263469919,0.192731263469919,0.540477212629769,0.293900496987029,6.0975771068148
286,"constrained",0.3522,1761,0.0417349692386918,0.60732928500695,0.60732928500695,0.937120812489636,-0.171080118922359,0.171080118922359,-0.17108,0.17108,0.748916183075319,0.3522,8.10430736842103
287,"unweighted",0.366,1830,0.025365066722808,0.493105850142454,0.493105850142454,0.914072194110733,-0.124188198009343,0.124188198009343,-0.25196262295082,0.25196262295082,0,1,1
287,"oracle_ipw",0.366,1830,0.025365066722808,0.0333766322343712,0.0333766322343712,0.914072194110731,-0.00847880012920313,0.00847880012920313,-0.013986181558651,0.013986181558651,8.7009016973496,0.690581616894556,37.291407312306
287,"oracle_joint",0.366,1830,0.025365066722808,-0.00246858377700543,0.00246858377700543,0.914072194110731,-1.1892235847813e-07,1.1892235847813e-07,-3.33066907387547e-15,3.33066907387547e-15,9.7550614480419,0.660477250409165,39.4243
287,"standard",0.366,1830,0.025365066722808,0.765290973685223,0.765290973685223,0.914072194110732,-0.209013193481707,0.209013193481707,-0.209013074559535,0.209013074559535,0.581609059940625,0.25140010881199,7.54980612967717
287,"constrained",0.366,1830,0.025365066722808,0.6097905454985,0.6097905454985,0.914072194110733,-0.166680118921471,0.166680118921471,-0.16667999999804,0.16667999999804,1.29835308547915,0.366,14.0056000003293
288,"unweighted",0.352,1760,0.0197804284528716,0.468914157537993,0.468914157537993,0.917074582246178,-0.12523164798021,0.12523164798021,-0.253406363636364,0.253406363636364,0,1,1
288,"oracle_ipw",0.352,1760,0.0197804284528716,0.0401024447836643,0.0401024447836643,0.91707458224618,-0.0244255301845464,0.0244255301845464,-0.0571313769798492,0.0571313769798492,7.57955052130712,0.729308593653231,39.3826640572745
288,"oracle_joint",0.352,1760,0.0197804284528716,-0.0866998999409678,0.0866998999409678,0.917074582246178,-1.1892235847466e-07,1.1892235847466e-07,-3.10862446895044e-15,3.10862446895044e-15,12.6342567316788,0.652294453781514,50.5550222222223
288,"standard",0.352,1760,0.0197804284528716,0.73691128885131,0.73691128885131,0.917074582246179,-0.21582316922527,0.21582316922527,-0.215823050303723,0.215823050303723,0.596695046785384,0.233374778842785,8.34962571841272
288,"constrained",0.352,1760,0.0197804284528716,0.569981641573264,0.569981641573264,0.917074582246179,-0.172080118922362,0.172080118922362,-0.172080000000002,0.172080000000002,1.49477892286811,0.352,16.9038222222218
289,"unweighted",0.3692,1846,0.0188589133678516,0.527332308764109,0.527332308764109,0.91334214542031,-0.11884191410339,0.11884191410339,-0.253644593716143,0.253644593716143,0,1,1
289,"oracle_ipw",0.3692,1846,0.0188589133678516,0.123514570768873,0.123514570768873,0.91334214542031,-0.0201807920824139,0.0201807920824139,-0.0649192344646781,0.0649192344646781,7.34831881985681,0.735364224646514,39.7096681309117
289,"oracle_joint",0.3692,1846,0.0188589133678516,0.0061473946497409,0.0061473946497409,0.913342145420309,-1.18922358106899e-07,1.18922358106899e-07,-3.05311331771918e-15,3.05311331771918e-15,13.2717958636325,0.657641227786753,53.0253244444445
289,"standard",0.3692,1846,0.0188589133678516,0.855247676342003,0.855247676342003,0.91334214542031,-0.213978198732728,0.213978198732728,-0.213978079812205,0.213978079812205,0.68122325415046,0.226313730369697,9.13604274081497
289,"constrained",0.3692,1846,0.0188589133678516,0.635022150239438,0.635022150239438,0.913342145420309,-0.158480118922356,0.158480118922356,-0.15848,0.15848,2.06043201832355,0.3692,20.519315555556
290,"unweighted",0.3762,1881,0.0514111200854362,0.515566036370685,0.515566036370685,0.936675848272783,-0.118755393613888,0.118755393613888,-0.245229197235513,0.245229197235513,0,1,1
290,"oracle_ipw",0.3762,1881,0.0514111200854362,-0.447667082694507,0.447667082694507,0.936675848272779,0.034064842267917,0.034064842267917,0.139124866635292,0.139124866635292,11.2724554484983,0.554051847511838,29.9187997656393
290,"oracle_joint",0.3762,1881,0.0514111200854362,-0.114807965108157,0.114807965108157,0.936675848272781,-1.18922357211781e-07,1.18922357211781e-07,1.55431223447522e-15,1.55431223447522e-15,4.59162813104636,0.671194368932039,19.4510448
290,"standard",0.3762,1881,0.0514111200854362,0.668740855015952,0.668740855015952,0.936675848272775,-0.184863975590258,0.184863975590258,-0.184863856667896,0.184863856667896,0.515941454880841,0.314439093725273,5.54188822430745
290,"constrained",0.3762,1881,0.0514111200854362,0.571323360324944,0.571323360324944,0.936675848272778,-0.16188011892106,0.16188011892106,-0.161879999997087,0.161879999997087,0.708227932021982,0.3762,7.2711936002424
291,"unweighted",0.3674,1837,0.0210570096637356,0.524001455110161,0.524001455110161,0.932814422383245,-0.120688600964427,0.120688600964427,-0.253076341861731,0.253076341861731,0,1,1
291,"oracle_ipw",0.3674,1837,0.0210570096637356,0.197183101640233,0.197183101640233,0.932814422383243,-0.0153591998135887,0.0153591998135887,-0.0476984196444288,0.0476984196444288,7.79783212222362,0.717183783542931,38.7279243113183
291,"oracle_joint",0.3674,1837,0.0210570096637356,0.131064081321718,0.131064081321718,0.932814422383242,-1.18922358183227e-07,1.18922358183227e-07,-9.43689570931383e-16,9.43689570931383e-16,11.8375995591585,0.70235595113438,47.490124
291,"standard",0.3674,1837,0.0210570096637356,0.841082537266547,0.841082537266547,0.932814422383242,-0.211930187578579,0.211930187578579,-0.21193006865699,0.21193006865699,0.642614189733349,0.234048192465497,8.55857038773989
291,"constrained",0.3674,1837,0.0210570096637356,0.66938205615158,0.66938205615158,0.932814422383241,-0.160680118760728,0.160680118760728,-0.16067999963826,0.16067999963826,1.76080456084526,0.3674,17.9732080736584
292,"unweighted",0.3586,1793,0.0258884953166418,0.509458010237991,0.509458010237991,0.913544817581824,-0.120951073488219,0.120951073488219,-0.251827306190742,0.251827306190742,0,1,1
292,"oracle_ipw",0.3586,1793,0.0258884953166418,0.0109414571348786,0.0109414571348786,0.913544817581824,-0.00342576550500318,0.00342576550500318,-0.0105750822344856,0.0105750822344856,8.76248570258101,0.686057465360453,37.0471031294645
292,"oracle_joint",0.3586,1793,0.0258884953166418,-0.00919025143851482,0.00919025143851482,0.913544817581824,-1.18922356642792e-07,1.18922356642792e-07,7.71605002114484e-15,7.71605002114484e-15,9.54654424628158,0.691245384615386,38.6271966666667
292,"standard",0.3586,1793,0.0258884953166418,0.768205226745419,0.768205226745419,0.913544817581824,-0.206663214330337,0.206663214330337,-0.206663095408199,0.206663095408199,0.614689119172105,0.250328313686311,7.74828582776569
292,"constrained",0.3586,1793,0.0258884953166418,0.613288587734039,0.613288587734039,0.913544817581825,-0.165480118921904,0.165480118921904,-0.165479999998994,0.165479999998994,1.31325776039963,0.3586,13.9017266668326
293,"unweighted",0.3736,1868,0.0248490750014661,0.570228521630575,0.570228521630575,0.944240348164092,-0.121441739738375,0.121441739738375,-0.252096017130621,0.252096017130621,0,1,1
293,"oracle_ipw",0.3736,1868,0.0248490750014661,0.217747497175905,0.217747497175905,0.944240348164084,-0.00646311065900886,0.00646311065900886,-0.0180752158683267,0.0180752158683267,8.58755053627795,0.693134038206747,37.4292380631643
293,"oracle_joint",0.3736,1868,0.0248490750014661,0.191866624700697,0.191866624700697,0.944240348164084,-1.1892235759689e-07,1.1892235759689e-07,-6.66133814775094e-16,6.66133814775094e-16,9.96464480187657,0.680878280991735,40.2429466666667
293,"standard",0.3736,1868,0.0248490750014661,0.864371688901282,0.864371688901282,0.944240348164082,-0.208058889462759,0.208058889462759,-0.208058770540674,0.208058770540674,0.614709756078435,0.247539628010279,7.85513138584452
293,"constrained",0.3736,1868,0.0248490750014661,0.709937126654077,0.709937126654077,0.94424034816408,-0.160280118921873,0.160280118921873,-0.16027999999891,0.16027999999891,1.49887289964316,0.3736,15.2926933335214
294,"unweighted",0.365,1825,0.0339127467417269,0.523316815942655,0.523316815942655,0.916340938024005,-0.121857467990477,0.121857467990477,-0.249752876712329,0.249752876712329,0,1,1
294,"oracle_ipw",0.365,1825,0.0339127467417269,-0.0173770134121214,0.0173770134121214,0.916340938024008,0.0108581768862721,0.0108581768862721,0.0439123799885088,0.0439123799885088,9.93136462917859,0.638818395230359,34.4961933424394
294,"oracle_joint",0.365,1825,0.0339127467417269,0.0514222493856064,0.0514222493856064,0.916340938024009,-1.1892235734709e-07,1.1892235734709e-07,2.22044604925031e-16,2.22044604925031e-16,7.18543079873703,0.666306291390728,29.4874375
294,"standard",0.365,1825,0.0339127467417269,0.782300079952768,0.782300079952768,0.916340938024011,-0.199660793099744,0.199660793099744,-0.199660674177417,0.199660674177417,0.565379075233886,0.274742665134561,6.71364185163924
294,"constrained",0.365,1825,0.0339127467417269,0.65937466966415,0.65937466966415,0.916340938024009,-0.16608011892236,0.16608011892236,-0.166079999999999,0.166079999999999,0.991093468294212,0.365,10.5439375
295,"unweighted",0.3736,1868,0.0186368062510996,0.459552161212508,0.459552161212508,0.945873726398913,-0.119412751572993,0.119412751572993,-0.253702012847966,0.253702012847966,0,1,1
295,"oracle_ipw",0.3736,1868,0.0186368062510996,0.197203817228387,0.197203817228387,0.945873726398914,-0.0213004552153655,0.0213004552153655,-0.0669050811894901,0.0669050811894901,7.28423429687484,0.736495202341617,39.7707409264473
295,"oracle_joint",0.3736,1868,0.0186368062510996,0.122397850198746,0.122397850198746,0.945873726398911,-1.18922357881385e-07,1.18922357881385e-07,-1.22124532708767e-15,1.22124532708767e-15,13.4336578819479,0.67309045751634,53.6572622222222
295,"standard",0.3736,1868,0.0186368062510996,0.788185413786452,0.788185413786452,0.945873726398915,-0.214460014428268,0.214460014428268,-0.214459895507725,0.214459895507725,0.673104726376048,0.225242420965452,9.14491946580285
295,"constrained",0.3736,1868,0.0186368062510996,0.60942948251932,0.60942948251932,0.945873726398915,-0.156880118922358,0.156880118922358,-0.156879999999995,0.156879999999995,2.14006191095237,0.3736,21.095946666667
296,"unweighted",0.377,1885,0.0266770529326084,0.524382460864974,0.524382460864974,0.913112202045876,-0.124037899150067,0.124037899150067,-0.251623448275862,0.251623448275862,0,1,1
296,"oracle_ipw",0.377,1885,0.0266770529326084,0.0106846487466622,0.0106846487466622,0.913112202045877,-0.0051596612692083,0.0051596612692083,-0.00474833712841011,0.00474833712841011,8.90597519105627,0.681423909562607,36.7968911163808
296,"oracle_joint",0.377,1885,0.0266770529326084,-0.00924301945901562,0.00924301945901562,0.913112202045877,-1.18922358249146e-07,1.18922358249146e-07,1.66533453693773e-16,1.66533453693773e-16,9.25231943704977,0.684810873146622,37.4854
296,"standard",0.377,1885,0.0266770529326084,0.792403847840782,0.792403847840782,0.913112202045878,-0.207508625297459,0.207508625297459,-0.207508506375238,0.207508506375238,0.575601458647699,0.25485711387293,7.39666657559488
296,"constrained",0.377,1885,0.0266770529326084,0.61767708081944,0.61767708081944,0.913112202045877,-0.162280118922278,0.162280118922278,-0.16227999999981,0.16227999999981,1.33490741498164,0.377,13.95480000003
297,"unweighted",0.367,1835,0.0295119441161826,0.532415181658871,0.532415181658871,0.914011812413768,-0.123347168612712,0.123347168612712,-0.250890572207084,0.250890572207084,0,1,1
297,"oracle_ipw",0.367,1835,0.0295119441161826,-0.0398412775491528,0.0398412775491528,0.91401181241377,0.0012822933372091,0.0012822933372091,0.0153024594888242,0.0153024594888242,9.36651401313104,0.664635202595235,35.8903009401427
297,"oracle_joint",0.367,1835,0.0295119441161826,-0.0197999016272172,0.0197999016272172,0.914011812413767,-1.18922356715651e-07,1.18922356715651e-07,9.49240686054509e-15,9.49240686054509e-15,8.32292624662386,0.65797430894309,33.8845857142857
297,"standard",0.367,1835,0.0295119441161826,0.795424962967888,0.795424962967888,0.91401181241377,-0.204488489464591,0.204488489464591,-0.204488370542304,0.204488370542304,0.57111230995276,0.263589439609478,7.08200286106453
297,"constrained",0.367,1835,0.0295119441161826,0.643101319236367,0.643101319236367,0.914011812413768,-0.166280118922355,0.166280118922355,-0.16627999999999,0.16627999999999,1.12807600511747,0.367,12.09002857143
298,"unweighted",0.3734,1867,0.0145030577003736,0.484286631996702,0.484286631996702,0.919225862693379,-0.117796704582108,0.117796704582108,-0.254770669523299,0.254770669523299,0,1,1
298,"oracle_ipw",0.3734,1867,0.0145030577003736,0.131785507121042,0.131785507121042,0.919225862693375,-0.0339685226306675,0.0339685226306675,-0.10283317334575,0.10283317334575,6.18694213980677,0.768961125300229,41.5239007662124
298,"oracle_joint",0.3734,1867,0.0145030577003736,-0.0715817274702092,0.0715817274702092,0.919225862693378,-1.18922359109569e-07,1.18922359109569e-07,6.0507154842071e-15,6.0507154842071e-15,17.3908778361357,0.65559050955414,68.9509771428572
298,"standard",0.3734,1867,0.0145030577003736,0.791014315502638,0.791014315502638,0.919225862693373,-0.219745400458539,0.219745400458539,-0.219745281544623,0.219745281544623,0.718161292475574,0.208633359720832,10.3417713369788
298,"constrained",0.3734,1867,0.0145030577003736,0.536389802974434,0.536389802974434,0.919225862693377,-0.154880118913712,0.154880118913712,-0.154879999980486,0.154879999980486,2.86556728654602,0.3734,27.6422685772348
299,"unweighted",0.3566,1783,0.0238642172896862,0.469815802139031,0.469815802139031,0.923345990690775,-0.116510821453222,0.116510821453222,-0.25235062254627,0.25235062254627,0,1,1
299,"oracle_ipw",0.3566,1783,0.0238642172896862,0.0886164273877369,0.0886164273877369,0.92334599069078,-0.00315383604869417,0.00315383604869417,-0.0258327363150253,0.0258327363150253,8.37591268312784,0.698453520455087,37.7164901045747
299,"oracle_joint",0.3566,1783,0.0238642172896862,0.0643604823130437,0.0643604823130437,0.923345990690783,-1.18922357544848e-07,1.18922357544848e-07,3.94129173741931e-15,3.94129173741931e-15,10.3925871900344,0.709724115523466,41.9037418181818
299,"standard",0.3566,1783,0.0238642172896862,0.756412531795127,0.756412531795127,0.92334599069078,-0.20641844919483,0.20641844919483,-0.206418330273003,0.206418330273003,0.680534407119759,0.241088041254336,8.4452070112228
299,"constrained",0.3566,1783,0.0238642172896862,0.603067113465949,0.603067113465949,0.92334599069078,-0.160680118920709,0.160680118920709,-0.160679999996309,0.160679999996309,1.57278126754282,0.3566,15.8589745461178
300,"unweighted",0.3668,1834,0.0210914540634036,0.575620871174611,0.575620871174611,0.91566155001365,-0.117475846457078,0.117475846457078,-0.253067437295529,0.253067437295529,0,1,1
300,"oracle_ipw",0.3668,1834,0.0210914540634036,0.156259480488847,0.156259480488847,0.91566155001365,-0.01179351963775,0.01179351963775,-0.0470054871156255,0.0470054871156255,7.83727423783238,0.718365956722121,38.7917616629946
300,"oracle_joint",0.3668,1834,0.0210914540634036,0.0815243466893658,0.0815243466893658,0.91566155001365,-1.18922357714851e-07,1.18922357714851e-07,4.44089209850063e-16,4.44089209850063e-16,11.8184324047762,0.680864781144781,47.412568
300,"standard",0.3668,1834,0.0210914540634036,0.87570566557439,0.87570566557439,0.915661550013649,-0.21032923058345,0.21032923058345,-0.210329111662136,0.210329111662136,0.685149700164672,0.232877016943667,8.83820892120475
300,"constrained",0.3668,1834,0.0210914540634036,0.676907978241759,0.676907978241759,0.91566155001365,-0.15768011888456,0.15768011888456,-0.157679999915056,0.157679999915056,1.87194053479299,0.3668,18.4940560173261
301,"unweighted",0.3806,1903,0.0243920505006509,0.5157602188447,0.5157602188447,0.913587982717124,-0.123569228566934,0.123569228566934,-0.252214167104572,0.252214167104572,0,1,1
301,"oracle_ipw",0.3806,1903,0.0243920505006509,0.0317632223284748,0.0317632223284748,0.913587982717124,-0.00990324264355316,0.00990324264355316,-0.0215027532740176,0.0215027532740176,8.5016924719742,0.69605527857955,37.5869850432957
301,"oracle_joint",0.3806,1903,0.0243920505006509,-0.0191140915193294,0.0191140915193294,0.913587982717123,-1.18922357617707e-07,1.18922357617707e-07,1.99840144432528e-15,1.99840144432528e-15,10.1597669780813,0.68907973727422,40.9969633333333
301,"standard",0.3806,1903,0.0243920505006509,0.813651927691767,0.813651927691767,0.913587982717124,-0.209628620056072,0.209628620056072,-0.209628501133964,0.209628501133964,0.59182745616436,0.247260003300336,7.75337686184743
301,"constrained",0.3806,1903,0.0243920505006509,0.616022020364845,0.616022020364845,0.913587982717124,-0.15988011892119,0.15988011892119,-0.159879999997382,0.159879999997382,1.52779250569708,0.3806,15.6426600004603
302,"unweighted",0.3702,1851,0.033436392654593,0.435681964988205,0.435681964988205,0.936936336673552,-0.112956613630548,0.112956613630548,-0.249876023770935,0.249876023770935,0,1,1
302,"oracle_ipw",0.3702,1851,0.033436392654593,0.0198246086218786,0.0198246086218786,0.936936336673556,0.0194615290409305,0.0194615290409305,0.04094935061853,0.04094935061853,9.87779497069286,0.641571490734828,34.6448604996807
302,"oracle_joint",0.3702,1851,0.033436392654593,0.0919701634246214,0.0919701634246214,0.936936336673555,-1.18922358228329e-07,1.18922358228329e-07,2.22044604925031e-16,2.22044604925031e-16,7.29739204836466,0.644838104265403,29.9075325
302,"standard",0.3702,1851,0.033436392654593,0.731325192393549,0.731325192393549,0.93693633667356,-0.194960350750333,0.194960350750333,-0.194960231828113,0.194960231828113,0.677954591187954,0.269997941182597,7.35307068038986
302,"constrained",0.3702,1851,0.033436392654593,0.601197342163701,0.601197342163701,0.936936336673554,-0.155280118815665,0.155280118815665,-0.155279999759425,0.155279999759425,1.25408285088666,0.3702,11.9435775310358
303,"unweighted",0.3722,1861,0.0270210880053557,0.474359897495917,0.474359897495917,0.922070311095481,-0.118736802913596,0.118736802913596,-0.251534508328855,0.251534508328855,0,1,1
303,"oracle_ipw",0.3722,1861,0.0270210880053557,0.0557008480342082,0.0557008480342082,0.922070311095475,0.00156423924464396,0.00156423924464396,-0.00245986250208857,0.00245986250208857,8.95081524515405,0.67881469499092,36.6559935295097
303,"oracle_joint",0.3722,1861,0.0270210880053557,0.0587159645770454,0.0587159645770454,0.92207031109548,-1.18922357798118e-07,1.18922357798118e-07,-9.99200722162641e-16,9.99200722162641e-16,9.12760941015004,0.687416616415411,37.0081323076923
303,"standard",0.3722,1861,0.0270210880053557,0.773072608750771,0.773072608750771,0.92207031109548,-0.204286246894663,0.204286246894663,-0.204286127972509,0.204286127972509,0.635593766718081,0.252603888517543,7.76378737255777
303,"constrained",0.3722,1861,0.0270210880053557,0.611497004737824,0.611497004737824,0.922070311095478,-0.158080118922346,0.158080118922346,-0.158079999999976,0.158079999999976,1.44288852324977,0.3722,14.3783723076963
304,"unweighted",0.357,1785,0.0281715657019422,0.513057192921262,0.513057192921262,0.93411545809994,-0.120506690058293,0.120506690058293,-0.251237086834734,0.251237086834734,0,1,1
304,"oracle_ipw",0.357,1785,0.0281715657019422,0.117291882244963,0.117291882244963,0.934115458099936,0.00185112047748369,0.00185112047748369,0.00588786214632936,0.00588786214632936,9.1520879456517,0.672319136654125,36.3052333793228
304,"oracle_joint",0.357,1785,0.0281715657019422,0.125714159690766,0.125714159690766,0.934115458099941,-1.18922358419149e-07,1.18922358419149e-07,-4.16333634234434e-15,4.16333634234434e-15,8.73849205569555,0.668299151103565,35.4967846153846
304,"standard",0.357,1785,0.0281715657019422,0.792821126823898,0.792821126823898,0.934115458099939,-0.204184157183398,0.204184157183398,-0.204184038261171,0.204184038261171,0.60951675983751,0.257588318618051,7.46074551568193
304,"constrained",0.357,1785,0.0281715657019422,0.669635069641179,0.669635069641179,0.93411545809994,-0.166480118922339,0.166480118922339,-0.166479999999951,0.166479999999951,1.19048265405459,0.357,12.6378000000072
305,"unweighted",0.3704,1852,0.0229751076822411,0.568459196724603,0.568459196724603,0.913608680385326,-0.124133257095432,0.124133257095432,-0.252580475161987,0.252580475161987,0,1,1
305,"oracle_ipw",0.3704,1852,0.0229751076822411,0.101145484920208,0.101145484920208,0.913608680385326,-0.0141809693818701,0.0141809693818701,-0.0320425066360581,0.0320425066360581,8.24481943581164,0.706121746986579,38.1305743372753
305,"oracle_joint",0.3704,1852,0.0229751076822411,0.0290693680458952,0.0290693680458952,0.913608680385326,-1.1892235872793e-07,1.1892235872793e-07,-7.60502771868232e-15,7.60502771868232e-15,10.8145559144478,0.67171552631579,43.5253672727273
305,"standard",0.3704,1852,0.0229751076822411,0.85677705927672,0.85677705927672,0.913608680385326,-0.211507356797661,0.211507356797661,-0.21150723787565,0.21150723787565,0.59299880527155,0.243270865488213,7.91523958676623
305,"constrained",0.3704,1852,0.0229751076822411,0.671959043415798,0.671959043415798,0.913608680385326,-0.164280118904579,0.164280118904579,-0.164279999960411,0.164279999960411,1.49748612039045,0.3704,15.8665890982683
306,"unweighted",0.3708,1854,0.0187775372583894,0.540260886226332,0.540260886226332,0.923223911383204,-0.119412797183167,0.119412797183167,-0.253665631067961,0.253665631067961,0,1,1
306,"oracle_ipw",0.3708,1854,0.0187775372583894,0.206637358455792,0.206637358455792,0.923223911383205,-0.0207339148353238,0.0207339148353238,-0.0658552393551095,0.0658552393551095,7.30854182589693,0.734980383200867,39.6889406928468
306,"oracle_joint",0.3708,1854,0.0187775372583894,0.108415992719514,0.108415992719514,0.923223911383206,-1.18922358134654e-07,1.18922358134654e-07,-5.27355936696949e-15,5.27355936696949e-15,13.3287805913509,0.687132907563025,53.25512
306,"standard",0.3708,1854,0.0187775372583894,0.841479735128033,0.841479735128033,0.923223911383201,-0.214219030908421,0.214219030908421,-0.214218911987762,0.214218911987762,0.671331216774224,0.225414226328041,9.12602413058916
306,"constrained",0.3708,1854,0.0187775372583894,0.648001829614705,0.648001829614705,0.923223911383203,-0.157680118922361,0.157680118922361,-0.15768,0.15768,2.09253354622266,0.3708,20.7730399999997
307,"unweighted",0.3652,1826,0.0190654732075871,0.516860734586443,0.516860734586443,0.929640356055258,-0.121138164867236,0.121138164867236,-0.253591193866375,0.253591193866375,0,1,1
307,"oracle_ipw",0.3652,1826,0.0190654732075871,0.0426471165844441,0.0426471165844441,0.92964035605526,-0.0219356514896232,0.0219356514896232,-0.0632425249108519,0.0632425249108519,7.39465387081757,0.733696850849361,39.6196299458655
307,"oracle_joint",0.3652,1826,0.0190654732075871,-0.102012123945342,0.102012123945342,0.929640356055257,-1.18922357305457e-07,1.18922357305457e-07,2.88657986402541e-15,2.88657986402541e-15,13.1223713308013,0.666671390728477,52.4508355555556
307,"standard",0.3652,1826,0.0190654732075871,0.80493657216111,0.80493657216111,0.929640356055259,-0.214750839393891,0.214750839393891,-0.214750720472929,0.214750720472929,0.648992796151906,0.227934189717369,8.88030049076895
307,"constrained",0.3652,1826,0.0190654732075871,0.583338938349894,0.583338938349894,0.92964035605526,-0.16228011892236,0.16228011892236,-0.16228,0.16228,1.88986619698883,0.3652,19.5260266666666
308,"unweighted",0.3644,1822,0.0233534025397972,0.512312931572665,0.512312931572665,0.926182226279197,-0.117563372498081,0.117563372498081,-0.252482678375412,0.252482678375412,0,1,1
308,"oracle_ipw",0.3644,1822,0.0233534025397972,-0.0313781449166444,0.0313781449166444,0.926182226279197,-0.00622083961964469,0.00622083961964469,-0.0290926028892512,0.0290926028892512,8.32335521004138,0.703731847703333,38.00151977598
308,"oracle_joint",0.3644,1822,0.0233534025397972,-0.0873369505267936,0.0873369505267936,0.9261822262792,-1.18922358134654e-07,1.18922358134654e-07,-2.83106871279415e-15,2.83106871279415e-15,10.6337053426717,0.652252337662338,42.8203127272727
308,"standard",0.3644,1822,0.0233534025397972,0.794961848734438,0.794961848734438,0.926182226279203,-0.207851411864826,0.207851411864826,-0.207851292943091,0.207851292943091,0.674419014808804,0.241636536333623,8.39258038708571
308,"constrained",0.3644,1822,0.0233534025397972,0.59217959125235,0.59217959125235,0.926182226279197,-0.160080118921535,0.160080118921535,-0.160079999998143,0.160079999998143,1.62506777313243,0.3644,16.3052436367044
309,"unweighted",0.3724,1862,0.0228517182747102,0.479369579444462,0.479369579444462,0.914674481948205,-0.119512573270738,0.119512573270738,-0.252612373791622,0.252612373791622,0,1,1
309,"oracle_ipw",0.3724,1862,0.0228517182747102,0.0388772879627532,0.0388772879627532,0.914674481948205,-0.00960283853979796,0.00960283853979796,-0.0329194947024296,0.0329194947024296,8.22572851146265,0.707185422330107,38.1880128058258
309,"oracle_joint",0.3724,1862,0.0228517182747102,-0.0172595196026465,0.0172595196026465,0.914674481948207,-1.18922358148532e-07,1.18922358148532e-07,-7.66053886991358e-15,7.66053886991358e-15,10.8760907828588,0.654877575757577,43.7603854545455
309,"standard",0.3724,1862,0.0228517182747102,0.745676031580302,0.745676031580302,0.914674481948205,-0.209417761096921,0.209417761096921,-0.209417642175132,0.209417642175132,0.651349487238771,0.240790084297301,8.31169002455759
309,"constrained",0.3724,1862,0.0228517182747102,0.561560865875795,0.561560865875795,0.914674481948205,-0.158880118920048,0.158880118920048,-0.158879999994814,0.158879999994814,1.6847716733672,0.3724,16.8663345464297
310,"unweighted",0.3788,1894,0.0163386385437306,0.574293044862362,0.574293044862362,0.925746694728973,-0.127275911635482,0.127275911635482,-0.254296135163675,0.254296135163675,0,1,1
310,"oracle_ipw",0.3788,1894,0.0163386385437306,0.27494924932397,0.27494924932397,0.92574669472897,-0.0375926366883367,0.0375926366883367,-0.0862659703808347,0.0862659703808347,6.71949313325261,0.755206324302537,40.781141512337
310,"oracle_joint",0.3788,1894,0.0163386385437306,0.121483517710777,0.121483517710777,0.925746694728968,-1.18922358384455e-07,1.18922358384455e-07,-7.21644966006352e-15,7.21644966006352e-15,15.3880285734274,0.655674850863422,61.20461
310,"standard",0.3788,1894,0.0163386385437306,0.889987399859755,0.889987399859755,0.92574669472897,-0.221096646361411,0.221096646361411,-0.221096527441216,0.221096527441216,0.587297559309545,0.221423874148111,8.86000712837514
310,"constrained",0.3788,1894,0.0163386385437306,0.690414730175153,0.690414730175153,0.925746694728965,-0.163680118919857,0.163680118919857,-0.163679999994428,0.163679999994428,2.1191137671285,0.3788,22.4533700014573
311,"unweighted",0.3754,1877,0.0288515809553517,0.503061045515987,0.503061045515987,0.913883733558978,-0.120778090050292,0.120778090050292,-0.251061289291423,0.251061289291423,0,1,1
311,"oracle_ipw",0.3754,1877,0.0288515809553517,-0.00160723773844651,0.00160723773844651,0.913883733558976,0.00296329986618185,0.00296329986618185,0.0105691082980021,0.0105691082980021,9.25361352896545,0.668095577083784,36.0771611625243
311,"oracle_joint",0.3754,1877,0.0288515809553517,0.0161976286702985,0.0161976286702985,0.913883733558976,-1.18922358464252e-07,1.18922358464252e-07,-5.21804821573824e-15,5.21804821573824e-15,8.52181408423648,0.670852576985413,34.6601457142857
311,"standard",0.3754,1877,0.0288515809553517,0.766336505875048,0.766336505875048,0.913883733558977,-0.203652875087983,0.203652875087983,-0.203652756165735,0.203652756165735,0.602582462249148,0.259679629123166,7.35612976264035
311,"constrained",0.3754,1877,0.0288515809553517,0.605103008325182,0.605103008325182,0.913883733558977,-0.15988011892236,0.15988011892236,-0.159879999999997,0.159879999999997,1.30161062846721,0.3754,13.224805714286
312,"unweighted",0.367,1835,0.0295119441161826,0.515583801368644,0.515583801368644,0.920918661484268,-0.119606105868165,0.119606105868165,-0.250890572207084,0.250890572207084,0,1,1
312,"oracle_ipw",0.367,1835,0.0295119441161826,0.0528934927002019,0.0528934927002019,0.92091866148427,0.0054976439449015,0.0054976439449015,0.0151263159137175,0.0151263159137175,9.35413194429797,0.664207658335546,35.8672135501195
312,"oracle_joint",0.367,1835,0.0295119441161826,0.0795737464623719,0.0795737464623719,0.92091866148427,-1.18922357565665e-07,1.18922357565665e-07,1.49880108324396e-15,1.49880108324396e-15,8.32182250769998,0.664456814449918,33.8845857142857
312,"standard",0.367,1835,0.0295119441161826,0.803013021175392,0.803013021175392,0.920918661484271,-0.202396425076321,0.202396425076321,-0.202396306154073,0.202396306154073,0.613523801698211,0.261162486706439,7.35621272909473
312,"constrained",0.367,1835,0.0295119441161826,0.658907627962541,0.658907627962541,0.920918661484268,-0.16208011892236,0.16208011892236,-0.162079999999996,0.162079999999996,1.23177846379461,0.367,12.640528571429
313,"unweighted",0.3766,1883,0.0451937327960812,0.515358530321203,0.515358530321203,0.913485477054715,-0.124080683413981,0.124080683413981,-0.246836516197557,0.246836516197557,0,1,1
313,"oracle_ipw",0.3766,1883,0.0451937327960812,-0.19967417609764,0.19967417609764,0.913485477054715,0.0229476569232535,0.0229476569232535,0.108340509024995,0.108340509024995,10.9326298690356,0.581480082907467,31.3999244770032
313,"oracle_joint",0.3766,1883,0.0451937327960812,-0.00901438265434495,0.00901438265434495,0.913485477054715,-1.1892235809996e-07,1.1892235809996e-07,-8.04911692853238e-15,8.04911692853238e-15,5.28406618861443,0.678495359477124,22.1269618181818
313,"standard",0.3766,1883,0.0451937327960812,0.7067280081097,0.7067280081097,0.913485477054716,-0.192335880217176,0.192335880217176,-0.192335761294824,0.192335761294824,0.491128570587377,0.304235695400974,5.66476915826588
313,"constrained",0.3766,1883,0.0451937327960812,0.609766253450283,0.609766253450283,0.913485477054715,-0.166280118904997,0.166280118904997,-0.166279999961451,0.166279999961451,0.729732870876097,0.3766,7.89490545818023
314,"unweighted",0.3734,1867,0.0207186538576766,0.476683209240874,0.476683209240874,0.915073091929672,-0.122825839424602,0.122825839424602,-0.253163813604713,0.253163813604713,0,1,1
314,"oracle_ipw",0.3734,1867,0.0207186538576766,0.0929802471513118,0.0929802471513118,0.91507309192967,-0.0187097561596539,0.0187097561596539,-0.0500043518827413,0.0500043518827413,7.75426921128746,0.720923546360944,38.929871503491
314,"oracle_joint",0.3734,1867,0.0207186538576766,0.00211216858966845,0.00211216858966845,0.91507309192967,-1.18922357770362e-07,1.18922357770362e-07,-2.05391259555654e-15,2.05391259555654e-15,12.0387817511487,0.696634247038916,48.265684
314,"standard",0.3734,1867,0.0207186538576766,0.788836343971538,0.788836343971538,0.915073091929669,-0.213412194463463,0.213412194463463,-0.213412075541825,0.213412075541825,0.618278800504729,0.234283141796797,8.42164949636799
314,"constrained",0.3734,1867,0.0207186538576766,0.595181632978859,0.595181632978859,0.915073091929671,-0.160880118922362,0.160880118922362,-0.16088,0.16088,1.77351134326533,0.3734,18.2293879999998
315,"unweighted",0.3716,1858,0.024982815986404,0.505038021162492,0.505038021162492,0.914261812556881,-0.119201740859596,0.119201740859596,-0.252061442411195,0.252061442411195,0,1,1
315,"oracle_ipw",0.3716,1858,0.024982815986404,0.0270444008725219,0.0270444008725219,0.914261812556881,-0.00369887703303264,0.00369887703303264,-0.0170800106917862,0.0170800106917862,8.61218506359679,0.692277006380648,37.382958344555
315,"oracle_joint",0.3716,1858,0.024982815986404,-0.000238158672285382,0.000238158672285382,0.914261812556882,-1.18922358200574e-07,1.18922358200574e-07,-7.7715611723761e-16,7.7715611723761e-16,9.90909101255149,0.675001911037891,40.0275133333333
315,"standard",0.3716,1858,0.024982815986404,0.754486936172227,0.754486936172227,0.914261812556882,-0.206753662286073,0.206753662286073,-0.20675354336404,0.20675354336404,0.641765277301103,0.246850497808841,8.0151730358126
315,"constrained",0.3716,1858,0.024982815986404,0.579001142871446,0.579001142871446,0.91426181255688,-0.15868011892218,0.15868011892218,-0.158679999999597,0.158679999999597,1.54453255842806,0.3716,15.4585600000693
316,"unweighted",0.3584,1792,0.0237443635198161,0.537598196943312,0.537598196943312,0.918393108076874,-0.121549911000164,0.121549911000164,-0.252381607142857,0.252381607142857,0,1,1
316,"oracle_ipw",0.3584,1792,0.0237443635198161,0.121134737127823,0.121134737127823,0.918393108076878,-0.00952224519049203,0.00952224519049203,-0.0260905448150191,0.0260905448150191,8.40115202149578,0.701201319345941,37.8648712446808
316,"oracle_joint",0.3584,1792,0.0237443635198161,0.0750548861879603,0.0750548861879603,0.918393108076882,-1.18922357086881e-07,1.18922357086881e-07,4.88498130835069e-15,4.88498130835069e-15,10.4506800525046,0.657523860232945,42.1152581818182
316,"standard",0.3584,1792,0.0237443635198161,0.841425056337344,0.841425056337344,0.918393108076875,-0.209428971449757,0.209428971449757,-0.209428852527772,0.209428852527772,0.62092513733757,0.24471559272066,7.99739420639778
316,"constrained",0.3584,1792,0.0237443635198161,0.684260849845975,0.684260849845975,0.918393108076878,-0.166480118917441,0.166480118917441,-0.166479999989092,0.166479999989092,1.4055466271679,0.3584,14.9941527292301
317,"unweighted",0.376,1880,0.028805541198508,0.521178293162978,0.521178293162978,0.921251892030326,-0.120636001975323,0.120636001975323,-0.251073191489362,0.251073191489362,0,1,1
317,"oracle_ipw",0.376,1880,0.028805541198508,0.0666068667072598,0.0666068667072598,0.921251892030326,0.00319088855371212,0.00319088855371212,0.0100008421003956,0.0100008421003956,9.22886708597587,0.66775024226022,36.0585130820519
317,"oracle_joint",0.376,1880,0.028805541198508,0.0821473569123362,0.0821473569123362,0.921251892030328,-1.18922357589951e-07,1.18922357589951e-07,-2.33146835171283e-15,2.33146835171283e-15,8.5349115258436,0.693273578595318,34.7155428571429
317,"standard",0.376,1880,0.028805541198508,0.816461757656233,0.816461757656233,0.921251892030329,-0.203536101740242,0.203536101740242,-0.203535982817997,0.203535982817997,0.603190011333339,0.258945031236264,7.3835680215868
317,"constrained",0.376,1880,0.028805541198508,0.65607405652125,0.65607405652125,0.921251892030327,-0.159080118922359,0.159080118922359,-0.159079999999997,0.159079999999997,1.32055349282368,0.376,13.3533714285719
318,"unweighted",0.3648,1824,0.0339313392563879,0.53070196841785,0.53070196841785,0.919771420324355,-0.116058259005153,0.116058259005153,-0.249748070175439,0.249748070175439,0,1,1
318,"oracle_ipw",0.3648,1824,0.0339313392563879,-0.138765717232792,0.138765717232792,0.919771420324362,0.0177128358319313,0.0177128358319313,0.0431325083631066,0.0431325083631066,9.87291145576691,0.636821962099895,34.3883859533943
318,"oracle_joint",0.3648,1824,0.0339313392563879,-0.0320529955082955,0.0320529955082955,0.919771420324362,-1.18922358027101e-07,1.18922358027101e-07,7.7715611723761e-16,7.7715611723761e-16,7.17782749248398,0.731324509090909,29.47128
318,"standard",0.3648,1824,0.0339313392563879,0.765525814931086,0.765525814931086,0.919771420324359,-0.195985025337128,0.195985025337128,-0.19598490641483,0.19598490641483,0.628779678505832,0.270143567412053,7.12900066871129
318,"constrained",0.3648,1824,0.0339313392563879,0.614523946158901,0.614523946158901,0.919771420324368,-0.158880118922355,0.158880118922355,-0.158879999999999,0.158879999999999,1.14183338011401,0.3648,11.3589600000002
319,"unweighted",0.3728,1864,0.03527839886206,0.550535497522203,0.550535497522203,0.920584319864884,-0.119148475814988,0.119148475814988,-0.24939982832618,0.24939982832618,0,1,1
319,"oracle_ipw",0.3728,1864,0.03527839886206,-0.151254623072842,0.151254623072842,0.920584319864886,0.0152970267006162,0.0152970267006162,0.0528258993368032,0.0528258993368032,10.115098900688,0.632188187760128,34.1381621390469
319,"oracle_joint",0.3728,1864,0.03527839886206,-0.0375019564843928,0.0375019564843928,0.920584319864889,-1.18922358367107e-07,1.18922358367107e-07,-2.60902410786912e-15,2.60902410786912e-15,6.89428090552283,0.629478223583461,28.3459576470588
319,"standard",0.3728,1864,0.03527839886206,0.762484594331732,0.762484594331732,0.920584319864889,-0.197221763433945,0.197221763433945,-0.197221644511631,0.197221644511631,0.593555584589232,0.278690249472197,6.72118439002028
319,"constrained",0.3728,1864,0.03527839886206,0.61912892692755,0.61912892692755,0.920584319864887,-0.161880118759102,0.161880118759102,-0.161879999635229,0.161879999635229,1.0418099805321,0.3728,10.5962918089808
320,"unweighted",0.368,1840,0.0420453551655241,0.476572368416331,0.476572368416331,0.913630883055123,-0.11670604025317,0.11670604025317,-0.247650434782609,0.247650434782609,0,1,1
320,"oracle_ipw",0.368,1840,0.0420453551655241,-0.194821045416751,0.194821045416751,0.913630883055124,0.0272460070759414,0.0272460070759414,0.0917412153387407,0.0917412153387407,10.7214689587996,0.596741329836361,32.2240318111635
320,"oracle_joint",0.368,1840,0.0420453551655241,-0.017496644567954,0.017496644567954,0.913630883055123,-1.18922356698303e-07,1.18922356698303e-07,5.32907051820075e-15,5.32907051820075e-15,5.71311202564929,0.647140031897927,23.78384
320,"standard",0.368,1840,0.0420453551655241,0.686087431898458,0.686087431898458,0.913630883055123,-0.190154938946659,0.190154938946659,-0.190154820024315,0.190154820024315,0.584326676640823,0.293258674971955,6.28959655776336
320,"constrained",0.368,1840,0.0420453551655241,0.580728914239816,0.580728914239816,0.913630883055123,-0.161680118907433,0.161680118907433,-0.161679999966639,0.161679999966639,0.885722903397059,0.368,8.90928000339827
321,"unweighted",0.3596,1798,0.0365733790205116,0.551021141082659,0.551021141082659,0.929987853951811,-0.121707734475537,0.121707734475537,-0.249065050055617,0.249065050055617,0,1,1
321,"oracle_ipw",0.3596,1798,0.0365733790205116,-0.215595514529058,0.215595514529058,0.929987853951814,0.0151644381491865,0.0151644381491865,0.0601416031558234,0.0601416031558234,10.2163692093273,0.624132420995837,33.7031507337752
321,"oracle_joint",0.3596,1798,0.0365733790205116,-0.0811939936422886,0.0811939936422886,0.929987853951811,-1.18922357753015e-07,1.18922357753015e-07,9.43689570931383e-16,9.43689570931383e-16,6.63058231481613,0.674311156462585,27.3422917647059
321,"standard",0.3596,1798,0.0365733790205116,0.781482899928636,0.781482899928636,0.929987853951808,-0.197313181218074,0.197313181218074,-0.19731306229574,0.19731306229574,0.553608417761349,0.281454122743041,6.4735337642511
321,"constrained",0.3596,1798,0.0365733790205116,0.654546792908059,0.654546792908059,0.929987853951804,-0.168280118922359,0.168280118922359,-0.168279999999998,0.168279999999998,0.885919594008816,0.3596,9.54420705882366
322,"unweighted",0.3674,1837,0.0231627106301091,0.494609870620819,0.494609870620819,0.916821795770751,-0.117197192135623,0.117197192135623,-0.252531976047904,0.252531976047904,0,1,1
322,"oracle_ipw",0.3674,1837,0.0231627106301091,0.0827123775653352,0.0827123775653352,0.916821795770752,-0.00587367220161022,0.00587367220161022,-0.0308958747084337,0.0308958747084337,8.26012290865093,0.703948683772076,38.0132289236921
322,"oracle_joint",0.3674,1837,0.0231627106301091,0.0430012843313958,0.0430012843313958,0.916821795770752,-1.18922358082613e-07,1.18922358082613e-07,-6.10622663543836e-16,6.10622663543836e-16,10.7218496538049,0.684282500000001,43.17284
322,"standard",0.3674,1837,0.0231627106301091,0.785355040347824,0.785355040347824,0.916821795770751,-0.207685904824918,0.207685904824918,-0.207685785903169,0.207685785903169,0.676923884997379,0.239660348059125,8.48931375419369
322,"constrained",0.3674,1837,0.0231627106301091,0.605899072390262,0.605899072390262,0.916821795770751,-0.157480118920708,0.157480118920708,-0.157479999996292,0.157479999996292,1.71102914035852,0.3674,16.873680000689
323,"unweighted",0.3684,1842,0.0230998368227527,0.528449386959887,0.528449386959887,0.920869143654591,-0.128042002841592,0.128042002841592,-0.252548230184582,0.252548230184582,0,1,1
323,"oracle_ipw",0.3684,1842,0.0230998368227527,0.137270387271414,0.137270387271414,0.920869143654587,-0.0181700893733181,0.0181700893733181,-0.031069248115607,0.031069248115607,8.27066313884583,0.705327079075846,38.0876622700957
323,"oracle_joint",0.3684,1842,0.0230998368227527,0.0649435294773396,0.0649435294773396,0.92086914365459,-1.18922357517093e-07,1.18922357517093e-07,-1.60982338570648e-15,1.60982338570648e-15,10.7553425250833,0.679260602006689,43.2903490909091
323,"standard",0.3684,1842,0.0230998368227527,0.813413869142142,0.813413869142142,0.920869143654588,-0.213249281579865,0.213249281579865,-0.213249162657735,0.213249162657735,0.548891511294139,0.246241330898233,7.58080748950336
323,"constrained",0.3684,1842,0.0230998368227527,0.659089163954532,0.659089163954532,0.920869143654586,-0.169280118868518,0.169280118868518,-0.169279999880902,0.169279999880902,1.33857360840969,0.3684,14.9436436582617
324,"unweighted",0.3714,1857,0.024996269306806,0.532244537775424,0.532244537775424,0.913406559376938,-0.122247859631502,0.122247859631502,-0.252057964458805,0.252057964458805,0,1,1
324,"oracle_ipw",0.3714,1857,0.024996269306806,0.0609600614247463,0.0609600614247463,0.913406559376938,-0.00702629074322582,0.00702629074322582,-0.0169489126748216,0.0169489126748216,8.61690413198757,0.692280106732797,37.3831257635711
324,"oracle_joint",0.3714,1857,0.024996269306806,0.025523226143958,0.025523226143958,0.913406559376938,-1.18922358533641e-07,1.18922358533641e-07,-2.99760216648792e-15,2.99760216648792e-15,9.90368068900018,0.679113830845771,40.00597
324,"standard",0.3714,1857,0.024996269306806,0.826104028268339,0.826104028268339,0.913406559376939,-0.208328136017523,0.208328136017523,-0.208328017095405,0.208328017095405,0.604536903259132,0.248535096215947,7.7672093544942
324,"constrained",0.3714,1857,0.024996269306806,0.648378174877828,0.648378174877828,0.913406559376938,-0.162080118921732,0.162080118921732,-0.162079999998605,0.162079999998605,1.43962846342723,0.3714,14.924090000239
325,"unweighted",0.3708,1854,0.0208639302870994,0.545596118456057,0.545596118456057,0.913744067713303,-0.119157365328779,0.119157365328779,-0.253126256742179,0.253126256742179,0,1,1
325,"oracle_ipw",0.3708,1854,0.0208639302870994,0.108951630550699,0.108951630550699,0.913744067713303,-0.0144366386137622,0.0144366386137622,-0.0486580070714417,0.0486580070714417,7.80020685989907,0.7205261757214,38.9084134889556
325,"oracle_joint",0.3708,1854,0.0208639302870994,0.0205315619543941,0.0205315619543941,0.913744067713303,-1.18922356885653e-07,1.18922356885653e-07,-2.22044604925031e-16,2.22044604925031e-16,11.9529661477277,0.668045882352941,47.929608
325,"standard",0.3708,1854,0.0208639302870994,0.840888488921678,0.840888488921678,0.913744067713303,-0.211524240376711,0.211524240376711,-0.211524121455328,0.211524121455328,0.665203670774662,0.233314483045023,8.71303588221974
325,"constrained",0.3708,1854,0.0208639302870994,0.634391075659706,0.634391075659706,0.913744067713303,-0.15828011886117,0.15828011886117,-0.158279999862607,0.158279999862607,1.86549096862584,0.3708,18.5844960283107
326,"unweighted",0.3612,1806,0.0428369067024166,0.509450810732912,0.509450810732912,0.914256171372738,-0.123340386215046,0.123340386215046,-0.247445802879291,0.247445802879291,0,1,1
326,"oracle_ipw",0.3612,1806,0.0428369067024166,-0.146204297410898,0.146204297410898,0.914256171372738,0.0212572426992722,0.0212572426992722,0.0959023425904283,0.0959023425904283,10.7723695865988,0.592672917331774,32.0043375359158
326,"oracle_joint",0.3612,1806,0.0428369067024166,0.0129535425603691,0.0129535425603691,0.914256171372738,-1.18922357059126e-07,1.18922357059126e-07,-2.77555756156289e-16,2.77555756156289e-16,5.59849063433914,0.671600539629005,23.344356
326,"standard",0.3612,1806,0.0428369067024166,0.716124255081655,0.716124255081655,0.914256171372739,-0.193544037209429,0.193544037209429,-0.193543918287066,0.193543918287066,0.508584374502953,0.298254517642646,5.86734017867787
326,"constrained",0.3612,1806,0.0428369067024166,0.633056608384557,0.633056608384557,0.914256171372738,-0.170680118800227,0.170680118800227,-0.170679999730335,0.170679999730335,0.721514374912507,0.3612,7.9319520266957
327,"unweighted",0.371,1855,0.0187674145967946,0.523020512330542,0.523020512330542,0.920769254051948,-0.12810130388858,0.12810130388858,-0.253668247978437,0.253668247978437,0,1,1
327,"oracle_ipw",0.371,1855,0.0187674145967946,0.0815771721072054,0.0815771721072054,0.920769254051949,-0.0303945054622097,0.0303945054622097,-0.0657867238532855,0.0657867238532855,7.31792913757702,0.735638327679329,39.7244696946838
327,"oracle_joint",0.371,1855,0.0187674145967946,-0.0815146870538316,0.0815146870538316,0.92076925405195,-1.18922357194434e-07,1.18922357194434e-07,4.2188474935756e-15,4.2188474935756e-15,13.3390449849956,0.6909875,53.2838444444444
327,"standard",0.371,1855,0.0187674145967946,0.789675326116373,0.789675326116373,0.920769254051945,-0.218246245792927,0.218246245792927,-0.218246126871451,0.218246126871451,0.566741783047865,0.230864337287873,8.30089273930506
327,"constrained",0.371,1855,0.0187674145967946,0.587028235094195,0.587028235094195,0.920769254051949,-0.167480118922343,0.167480118922343,-0.167479999999986,0.167479999999986,1.70708275233004,0.371,18.7643555555593
328,"unweighted",0.3556,1778,0.0282824773779341,0.484919571187386,0.484919571187386,0.915558658541727,-0.118795691011696,0.118795691011696,-0.251208413948256,0.251208413948256,0,1,1
328,"oracle_ipw",0.3556,1778,0.0282824773779341,0.00943396390061557,0.00943396390061557,0.915558658541724,0.00366449771756358,0.00366449771756358,0.00686025344751345,0.00686025344751345,9.18356585687319,0.672145428247398,36.2958531253595
328,"oracle_joint",0.3556,1778,0.0282824773779341,0.0249502078699481,0.0249502078699481,0.915558658541725,-1.18922358554457e-07,1.18922358554457e-07,-7.32747196252603e-15,7.32747196252603e-15,8.7045183751551,0.648073652892562,35.3575815384615
328,"standard",0.3556,1778,0.0282824773779341,0.769793059659164,0.769793059659164,0.915558658541725,-0.203268329867702,0.203268329867702,-0.203268210945519,0.203268210945519,0.631852823530361,0.257840824911253,7.55674468761097
328,"constrained",0.3556,1778,0.0282824773779341,0.632790123812269,0.632790123812269,0.915558658541726,-0.165880118922352,0.165880118922352,-0.165879999999986,0.165879999999986,1.2105390322432,0.3556,12.6703015384637
329,"unweighted",0.371,1855,0.0563022437903838,0.551096816420556,0.551096816420556,0.921780133269114,-0.119389946080951,0.119389946080951,-0.24396474393531,0.24396474393531,0,1,1
329,"oracle_ipw",0.371,1855,0.0563022437903838,-0.392170305559056,0.392170305559056,0.921780133269113,0.0367657141534559,0.0367657141534559,0.161083782615368,0.161083782615368,11.4460087094336,0.533858036180722,28.828333953759
329,"oracle_joint",0.371,1855,0.0563022437903838,-0.0403443983560207,0.0403443983560207,0.921780133269111,-1.18922358609969e-07,1.18922358609969e-07,-3.21964677141295e-15,3.21964677141295e-15,4.15452726368358,0.698062457337884,17.7612814814815
329,"standard",0.371,1855,0.0563022437903838,0.73927560672435,0.73927560672435,0.921780133269117,-0.182228092939295,0.182228092939295,-0.182227974016937,0.182227974016937,0.487828982629835,0.324494895027173,5.24154474809566
329,"constrained",0.371,1855,0.0563022437903838,0.665911988082336,0.665911988082336,0.921780133269113,-0.165080118920949,0.165080118920949,-0.165079999996878,0.165079999996878,0.61221862775683,0.371,6.41967407431071
330,"unweighted",0.3666,1833,0.0253235527019851,0.50483124702133,0.50483124702133,0.92196628147831,-0.123094413547846,0.123094413547846,-0.251973355155483,0.251973355155483,0,1,1
330,"oracle_ipw",0.3666,1833,0.0253235527019851,0.0980904861875466,0.0980904861875466,0.921966281478314,-0.00712664601051802,0.00712664601051802,-0.0147097283635562,0.0147097283635562,8.66286260383428,0.689667018379015,37.2420189924668
330,"oracle_joint",0.3666,1833,0.0253235527019851,0.0678553729134871,0.0678553729134871,0.921966281478317,-1.18922357524032e-07,1.18922357524032e-07,5.55111512312578e-16,5.55111512312578e-16,9.76969423196002,0.698122901554404,39.48893
330,"standard",0.3666,1833,0.0253235527019851,0.788025330570494,0.788025330570494,0.92196628147831,-0.208379623740938,0.208379623740938,-0.208379504818788,0.208379504818788,0.592461399307699,0.249834413510329,7.65896063893704
330,"constrained",0.3666,1833,0.0253235527019851,0.63699766322331,0.63699766322331,0.921966281478315,-0.16468011892139,0.16468011892139,-0.164679999997849,0.164679999997849,1.35140175392783,0.3666,14.3340600003628
331,"unweighted",0.3608,1804,0.0385959579568226,0.539240283098268,0.539240283098268,0.922749644908777,-0.121987720344653,0.121987720344653,-0.248542172949002,0.248542172949002,0,1,1
331,"oracle_ipw",0.3608,1804,0.0385959579568226,-0.00995296321496719,0.00995296321496719,0.922749644908777,0.0175757479483759,0.0175757479483759,0.0721821096016574,0.0721821096016574,10.4210165404033,0.613772228108422,33.1437003178548
331,"oracle_joint",0.3608,1804,0.0385959579568226,0.096946090447907,0.096946090447907,0.922749644908776,-1.18922359317736e-07,1.18922359317736e-07,-3.60822483003176e-15,3.60822483003176e-15,6.26093046595706,0.666361943048577,25.9094488888889
331,"standard",0.3608,1804,0.0385959579568226,0.774724065212179,0.774724065212179,0.922749644908776,-0.195908311803182,0.195908311803182,-0.195908192880833,0.195908192880833,0.541654780179293,0.287046756821373,6.27509444683225
331,"constrained",0.3608,1804,0.0385959579568226,0.680523464635563,0.680523464635563,0.92274964490878,-0.168680118922367,0.168680118922367,-0.16868,0.16868,0.833799175505458,0.3608,9.00396444444423
332,"unweighted",0.3642,1821,0.0169936196605304,0.536454320321133,0.536454320321133,0.913624982072091,-0.127301181751899,0.127301181751899,-0.25412680944536,0.25412680944536,0,1,1
332,"oracle_ipw",0.3642,1821,0.0169936196605304,0.159514795707433,0.159514795707433,0.913624982072092,-0.0353680108738009,0.0353680108738009,-0.080594189475947,0.080594189475947,6.89173798809782,0.750006715195144,40.5003626205378
332,"oracle_joint",0.3642,1821,0.0169936196605304,-0.017273344326321,0.017273344326321,0.913624982072092,-1.18922357180556e-07,1.18922357180556e-07,2.33146835171283e-15,2.33146835171283e-15,14.7780706793389,0.659387389162561,58.8456149999999
332,"standard",0.3642,1821,0.0169936196605304,0.826473202582443,0.826473202582443,0.913624982072092,-0.220221056303184,0.220221056303184,-0.220220937382529,0.220220937382529,0.58412587496732,0.223947519629543,8.71782412836635
332,"constrained",0.3642,1821,0.0169936196605304,0.63053366188545,0.63053366188545,0.913624982072092,-0.169080118921297,0.169080118921297,-0.16907999999765,0.16907999999765,1.83221683682267,0.3642,20.3587800005875
333,"unweighted",0.3742,1871,0.0289441033956147,0.537251648328206,0.537251648328206,0.913260610056353,-0.121269850165275,0.121269850165275,-0.251037370390166,0.251037370390166,0,1,1
333,"oracle_ipw",0.3742,1871,0.0289441033956147,0.00443428623156417,0.00443428623156417,0.913260610056353,0.0026935753954588,0.0026935753954588,0.011091700539991,0.011091700539991,9.25943483916151,0.667253295913107,36.0316779793078
333,"oracle_joint",0.3742,1871,0.0289441033956147,0.0229149210442638,0.0229149210442638,0.913260610056353,-1.18922359172019e-07,1.18922359172019e-07,7.7715611723761e-16,7.7715611723761e-16,8.4926072624564,0.681971768595041,34.5493514285714
333,"standard",0.3742,1871,0.0289441033956147,0.820512889743657,0.820512889743657,0.913260610056353,-0.203788406618344,0.203788406618344,-0.203788287696087,0.203788287696087,0.59569181372363,0.259956931616297,7.31450240861906
333,"constrained",0.3742,1871,0.0289441033956147,0.651793268566326,0.651793268566326,0.913260610056353,-0.160680118922357,0.160680118922357,-0.16067999999999,0.16067999999999,1.27642486224681,0.3742,13.0756171428584
334,"unweighted",0.3656,1828,0.0169285456246312,0.474728658528307,0.474728658528307,0.926495107182621,-0.12137637334112,0.12137637334112,-0.25414363238512,0.25414363238512,0,1,1
334,"oracle_ipw",0.3656,1828,0.0169285456246312,0.0539433169920768,0.0539433169920768,0.926495107182633,-0.0289463915066755,0.0289463915066755,-0.081437293233083,0.081437293233083,6.85238267571095,0.749322194374826,40.4633984962406
334,"oracle_joint",0.3656,1828,0.0169285456246312,-0.125353453009979,0.125353453009979,0.926495107182629,-1.18922358301188e-07,1.18922358301188e-07,-2.83106871279415e-15,2.83106871279415e-15,14.8337764263246,0.678637306397307,59.07182
334,"standard",0.3656,1828,0.0169285456246312,0.794400862843232,0.794400862843232,0.926495107182629,-0.217658758378274,0.217658758378274,-0.217658639458599,0.217658639458599,0.655381814581554,0.219624318233565,9.33682088381969
334,"constrained",0.3656,1828,0.0169285456246312,0.557853416968544,0.557853416968544,0.926495107182628,-0.161680118922248,0.161680118922248,-0.161679999999759,0.161679999999759,2.14964585951313,0.3656,22.127940000061
335,"unweighted",0.3678,1839,0.0315511637457441,0.554146788043325,0.554146788043325,0.915646826044487,-0.117059384577238,0.117059384577238,-0.25036339314845,0.25036339314845,0,1,1
335,"oracle_ipw",0.3678,1839,0.0315511637457441,-0.0284599512852288,0.0284599512852288,0.915646826044487,0.0123753389364355,0.0123753389364355,0.0284115611240799,0.0284115611240799,9.61383620729904,0.651440914700237,35.1778093938128
335,"oracle_joint",0.3678,1839,0.0315511637457441,0.0367574617964231,0.0367574617964231,0.915646826044488,-1.1892235797159e-07,1.1892235797159e-07,-2.77555756156289e-15,2.77555756156289e-15,7.75407197901026,0.6850275,31.694552
335,"standard",0.3678,1839,0.0315511637457441,0.775865257421665,0.775865257421665,0.915646826044489,-0.19888208322989,0.19888208322989,-0.198881964307623,0.198881964307623,0.631483373859694,0.264913828865323,7.3116231758883
335,"constrained",0.3678,1839,0.0315511637457441,0.627205404010716,0.627205404010716,0.915646826044489,-0.158880118922361,0.158880118922361,-0.15888,0.15888,1.22574149394416,0.3678,12.215864
336,"unweighted",0.3542,1771,0.0283942658260683,0.553193665882567,0.553193665882567,0.92133259615091,-0.118371529895729,0.118371529895729,-0.251179514398645,0.251179514398645,0,1,1
336,"oracle_ipw",0.3542,1771,0.0283942658260683,0.0918563055309102,0.0918563055309102,0.921332596150913,0.00496311959738845,0.00496311959738845,0.0069939028496363,0.0069939028496363,9.15500310091504,0.66983635604944,36.1711632266698
336,"oracle_joint",0.3542,1771,0.0283942658260683,0.110529400514478,0.110529400514478,0.921332596150913,-1.18922356785039e-07,1.18922356785039e-07,-1.22124532708767e-15,1.22124532708767e-15,8.66440263776348,0.703677333333334,35.2183784615385
336,"standard",0.3542,1771,0.0283942658260683,0.834799202004928,0.834799202004928,0.921332596150916,-0.202635219176313,0.202635219176313,-0.202635100254103,0.202635100254103,0.631838629827821,0.256213873834768,7.61324288077287
336,"constrained",0.3542,1771,0.0283942658260683,0.699137942469574,0.699137942469574,0.921332596150915,-0.164680118922344,0.164680118922344,-0.164679999999968,0.164679999999968,1.22688996687546,0.3542,12.7838953846205
337,"unweighted",0.3604,1802,0.0193193973790533,0.503307352155857,0.503307352155857,0.937029709134407,-0.120384605247573,0.120384605247573,-0.253525549389567,0.253525549389567,0,1,1
337,"oracle_ipw",0.3604,1802,0.0193193973790533,0.204180653653397,0.204180653653397,0.937029709134403,-0.0203884031490716,0.0203884031490716,-0.0611173337924941,0.0611173337924941,7.45675449918756,0.731933342604795,39.524400500659
337,"oracle_joint",0.3604,1802,0.0193193973790533,0.124522609823929,0.124522609823929,0.937029709134407,-1.18922358079143e-07,1.18922358079143e-07,-2.99760216648792e-15,2.99760216648792e-15,12.9445457235615,0.662295066666667,51.7614488888889
337,"standard",0.3604,1802,0.0193193973790533,0.84229720964575,0.84229720964575,0.9370297091344,-0.21409033709564,0.21409033709564,-0.214090218174665,0.214090218174665,0.657854026697629,0.228608651525187,8.89582964997135
337,"constrained",0.3604,1802,0.0193193973790533,0.672617672643669,0.672617672643669,0.937029709134402,-0.163480118922356,0.163480118922356,-0.163480000000001,0.163480000000001,1.82868161231883,0.3604,19.0291200000002
338,"unweighted",0.3566,1783,0.0303726401868733,0.511539161112586,0.511539161112586,0.913955344583138,-0.116089631609213,0.116089631609213,-0.25066806505889,0.25066806505889,0,1,1
338,"oracle_ipw",0.3566,1783,0.0303726401868733,-0.0520330539766285,0.0520330539766285,0.913955344583139,0.010858485116379,0.010858485116379,0.0209630014526291,0.0209630014526291,9.47899176872455,0.659151047076764,35.5941565421453
338,"oracle_joint",0.3566,1783,0.0303726401868733,0.000436066506568578,0.000436066506568578,0.91395534458314,-1.18922358374046e-07,1.18922358374046e-07,-5.99520433297585e-15,5.99520433297585e-15,8.07512444319263,0.654221564059901,32.9243685714286
338,"standard",0.3566,1783,0.0303726401868733,0.755745797649843,0.755745797649843,0.91395534458314,-0.199630845014309,0.199630845014309,-0.199630726092112,0.199630726092112,0.653435016763608,0.262317201983393,7.49996966984554
338,"constrained",0.3566,1783,0.0303726401868733,0.616698159106064,0.616698159106064,0.91395534458314,-0.162880118922352,0.162880118922352,-0.162880000000002,0.162880000000002,1.20122660195776,0.3566,12.1804371428572
339,"unweighted",0.3746,1873,0.0330436533922325,0.542808964145068,0.542808964145068,0.913682970145013,-0.123065552149579,0.123065552149579,-0.24997755472504,0.24997755472504,0,1,1
339,"oracle_ipw",0.3746,1873,0.0330436533922325,-0.0436631397440054,0.0436631397440054,0.913682970145013,0.00789551029738882,0.00789551029738882,0.0386475100145579,0.0386475100145579,9.84341694870795,0.644206882242215,34.7871716410796
339,"oracle_joint",0.3746,1873,0.0330436533922325,0.0202959679000424,0.0202959679000424,0.913682970145013,-1.18922357468521e-07,1.18922357468521e-07,3.27515792264421e-15,3.27515792264421e-15,7.38736731717789,0.650447181102363,30.2629975
339,"standard",0.3746,1873,0.0330436533922325,0.775405215499317,0.775405215499317,0.913682970145014,-0.201189238943301,0.201189238943301,-0.201189120020987,0.201189120020987,0.557854224231492,0.273721361684863,6.71129613754453
339,"constrained",0.3746,1873,0.0330436533922325,0.636126114844291,0.636126114844291,0.913682970145013,-0.164080118922354,0.164080118922354,-0.164080000000002,0.164080000000002,1.04845374128255,0.3746,11.0553824999999
340,"unweighted",0.3588,1794,0.0301864088367866,0.474499655748535,0.474499655748535,0.944482895300726,-0.121790857847802,0.121790857847802,-0.250716209587514,0.250716209587514,0,1,1
340,"oracle_ipw",0.3588,1794,0.0301864088367866,-0.220685086096904,0.220685086096904,0.944482895300731,0.00453694951580061,0.00453694951580061,0.019518952316989,0.019518952316989,9.43913057007319,0.659790847164924,35.6287057469059
340,"oracle_joint",0.3588,1794,0.0301864088367866,-0.177765707185261,0.177765707185261,0.944482895300729,-1.18922357048717e-07,1.18922357048717e-07,1.94289029309402e-15,1.94289029309402e-15,8.12532740810559,0.683269222797928,33.1274914285714
340,"standard",0.3588,1794,0.0301864088367866,0.705047358890146,0.705047358890146,0.944482895300728,-0.202892019651449,0.202892019651449,-0.202891900729166,0.202891900729166,0.58346373862975,0.26387020816078,7.12834357799355
340,"constrained",0.3588,1794,0.0301864088367866,0.550094641909022,0.550094641909022,0.944482895300728,-0.167280118922357,0.167280118922357,-0.167279999999989,0.167279999999989,1.08882121318204,0.3588,11.6917542857155
341,"unweighted",0.3656,1828,0.0190446138277101,0.500914827823713,0.500914827823713,0.953293483012903,-0.122958257860556,0.122958257860556,-0.25359658643326,0.25359658643326,0,1,1
341,"oracle_ipw",0.3656,1828,0.0190446138277101,-0.0187573271431918,0.0187573271431918,0.953293483012888,-0.0240704223004721,0.0240704223004721,-0.0633120086619342,0.0633120086619342,7.39773121692807,0.734239111452621,39.6489120184416
341,"oracle_joint",0.3656,1828,0.0190446138277101,-0.184676060706705,0.184676060706705,0.95329348301288,-1.18922357187495e-07,1.18922357187495e-07,5.21804821573824e-15,5.21804821573824e-15,13.1379769670037,0.659755417348609,52.5082844444445
341,"standard",0.3656,1828,0.0190446138277101,0.755160160392409,0.755160160392409,0.9532934830129,-0.215658862962717,0.215658862962717,-0.215658744041582,0.215658744041582,0.626826655434725,0.229087871944017,8.70559732137871
341,"constrained",0.3656,1828,0.0190446138277101,0.531252686299878,0.531252686299878,0.953293483012887,-0.164280118922358,0.164280118922358,-0.164279999999999,0.164279999999999,1.81480471314613,0.3656,19.1411911111114
342,"unweighted",0.3746,1873,0.0206522833701453,0.548373777218046,0.548373777218046,0.918005711908733,-0.123718036707591,0.123718036707591,-0.25318097170315,0.25318097170315,0,1,1
342,"oracle_ipw",0.3746,1873,0.0206522833701453,0.168339804356269,0.168339804356269,0.918005711908737,-0.0199091247135593,0.0199091247135593,-0.0504845904302874,0.0504845904302874,7.74363029749469,0.721574670600133,38.9650322124072
342,"oracle_joint",0.3746,1873,0.0206522833701453,0.0760023867150443,0.0760023867150443,0.918005711908739,-1.18922356438095e-07,1.18922356438095e-07,6.99440505513849e-15,6.99440505513849e-15,12.0792721643114,0.69301,48.420796
342,"standard",0.3746,1873,0.0206522833701453,0.850278990815751,0.850278990815751,0.918005711908736,-0.213929710288109,0.213929710288109,-0.21392959136644,0.21392959136644,0.608092265898548,0.234659708509735,8.35178353709093
342,"constrained",0.3746,1873,0.0206522833701453,0.660447882225431,0.660447882225431,0.918005711908737,-0.161480118922357,0.161480118922357,-0.161480000000002,0.161480000000002,1.75597843006768,0.3746,18.1755919999998
343,"unweighted",0.3636,1818,0.0191493696793476,0.511787718010413,0.511787718010413,0.917537539222011,-0.125413257994145,0.125413257994145,-0.253569504950495,0.253569504950495,0,1,1
343,"oracle_ipw",0.3636,1818,0.0191493696793476,0.15462072501462,0.15462072501462,0.917537539222012,-0.0262576765816219,0.0262576765816219,-0.0626149380676753,0.0626149380676753,7.40929197862231,0.732830046487581,39.5728225103294
343,"oracle_joint",0.3636,1818,0.0191493696793476,0.0380970604372184,0.0380970604372184,0.917537539222012,-1.18922356774631e-07,1.18922356774631e-07,2.38697950294409e-15,2.38697950294409e-15,13.0630607220687,0.684138839590444,52.2210400000001
343,"standard",0.3636,1818,0.0191493696793476,0.834030820840237,0.834030820840237,0.917537539222012,-0.216571613116642,0.216571613116642,-0.216571494195237,0.216571494195237,0.595499254975551,0.2304470483764,8.47359817259728
343,"constrained",0.3636,1818,0.0191493696793476,0.652876950724448,0.652876950724448,0.917537539222013,-0.167280118922361,0.167280118922361,-0.167279999999996,0.167279999999996,1.6914512269268,0.3636,18.4304800000007
344,"unweighted",0.3602,1801,0.0279212908261893,0.57502679724201,0.57502679724201,0.917329604792324,-0.12536290755021,0.12536290755021,-0.251301787895614,0.251301787895614,0,1,1
344,"oracle_ipw",0.3602,1801,0.0279212908261893,0.0866031961400645,0.0866031961400645,0.917329604792319,-0.004098594984513,0.004098594984513,0.00431414353240456,0.00431414353240456,9.12541525290296,0.674308108977033,36.4126378847598
344,"oracle_joint",0.3602,1801,0.0279212908261893,0.0794642115955482,0.0794642115955482,0.917329604792323,-1.18922360198975e-07,1.18922360198975e-07,-6.32827124036339e-15,6.32827124036339e-15,8.82223137644247,0.664141337792642,35.8149630769231
344,"standard",0.3602,1801,0.0279212908261893,0.824192728155856,0.824192728155856,0.917329604792323,-0.207041498806946,0.207041498806946,-0.207041379884683,0.207041379884683,0.556218853083123,0.25997618695295,7.1317688329018
344,"constrained",0.3602,1801,0.0279212908261893,0.692681325845143,0.692681325845143,0.917329604792319,-0.170480118922245,0.170480118922245,-0.170479999999752,0.170479999999752,1.09497310445633,0.3602,12.1969261538839
345,"unweighted",0.3614,1807,0.0235472603361984,0.521352896708617,0.521352896708617,0.913656883626471,-0.122154194257348,0.122154194257348,-0.252432562257886,0.252432562257886,0,1,1
345,"oracle_ipw",0.3614,1807,0.0235472603361984,0.0446484612884441,0.0446484612884441,0.91365688362647,-0.0104750918232278,0.0104750918232278,-0.0277829232269715,0.0277829232269715,8.34852933321416,0.701922386748916,37.9038088844415
345,"oracle_joint",0.3614,1807,0.0235472603361984,-0.0130644620077636,0.0130644620077636,0.913656883626472,-1.18922357791179e-07,1.18922357791179e-07,7.7715611723761e-16,7.7715611723761e-16,10.5403906381163,0.677686462585034,42.4677854545454
345,"standard",0.3614,1807,0.0235472603361984,0.791967686360039,0.791967686360039,0.913656883626472,-0.209859590092803,0.209859590092803,-0.2098594711708,0.2098594711708,0.613041698110998,0.243813923161221,7.99359778131842
345,"constrained",0.3614,1807,0.0235472603361984,0.621725662827021,0.621725662827021,0.913656883626471,-0.165480118913282,0.165480118913282,-0.16547999997982,0.16547999997982,1.43803519139557,0.3614,15.2839345491097
346,"unweighted",0.3662,1831,0.0464772249344734,0.5537563432445,0.5537563432445,0.914422153017608,-0.117994482455266,0.117994482455266,-0.24650470780994,0.24650470780994,0,1,1
346,"oracle_ipw",0.3662,1831,0.0464772249344734,-0.164997417378587,0.164997417378587,0.91442215301761,0.030862236233534,0.030862236233534,0.114780362384438,0.114780362384438,11.0033387541091,0.575347612395528,31.0687710693585
346,"oracle_joint",0.3662,1831,0.0464772249344734,0.0529782501614513,0.0529782501614513,0.91442215301761,-1.18922357999346e-07,1.18922357999346e-07,-8.32667268468867e-16,8.32667268468867e-16,5.12432129076817,0.67747,21.5159145454545
346,"standard",0.3662,1831,0.0464772249344734,0.756559526773019,0.756559526773019,0.914422153017609,-0.187576418594244,0.187576418594244,-0.187576299671895,0.187576299671895,0.545505147502357,0.302879993199408,5.9044506954894
346,"constrained",0.3662,1831,0.0464772249344734,0.666926726315023,0.666926726315023,0.914422153017609,-0.163680118911973,0.163680118911973,-0.163679999976866,0.163679999976866,0.766995408250749,0.3662,7.89327454758179
347,"unweighted",0.3672,1836,0.0168547828985979,0.545001146130189,0.545001146130189,0.970154931109546,-0.117554149080635,0.117554149080635,-0.254162701525054,0.254162701525054,0,1,1
347,"oracle_ipw",0.3672,1836,0.0168547828985979,0.31963058514836,0.31963058514836,0.970154931109548,-0.0248877761804714,0.0248877761804714,-0.0822607200447045,0.0822607200447045,6.8182745122325,0.74910193981001,40.4515047497406
347,"oracle_joint",0.3672,1836,0.0168547828985979,0.243244865812799,0.243244865812799,0.970154931109543,-1.18922357527501e-07,1.18922357527501e-07,-1.88737914186277e-15,1.88737914186277e-15,14.8997397848376,0.692093538461539,59.33034
347,"standard",0.3672,1836,0.0168547828985979,0.89201057400518,0.89201057400518,0.97015493110954,-0.215947569537988,0.215947569537988,-0.215947450619234,0.215947450619234,0.706247317409023,0.217018102722724,9.77040008304024
347,"constrained",0.3672,1836,0.0168547828985979,0.71335394896425,0.71335394896425,0.970154931109553,-0.156480118922342,0.156480118922342,-0.156479999999962,0.156479999999962,2.39221022047521,0.3672,23.4181800000093
348,"unweighted",0.366,1830,0.016910044481872,0.524258153570532,0.524258153570532,0.940143538092005,-0.119766148978317,0.119766148978317,-0.254148415300546,0.254148415300546,0,1,1
348,"oracle_ipw",0.366,1830,0.016910044481872,0.257519039689738,0.257519039689738,0.940143538092,-0.0273043349537843,0.0273043349537843,-0.0815780190191228,0.0815780190191228,6.84907927157125,0.749545891655091,40.4754781493749
348,"oracle_joint",0.366,1830,0.016910044481872,0.154189999274898,0.154189999274898,0.940143538092,-1.1892235722219e-07,1.1892235722219e-07,2.72004641033163e-15,2.72004641033163e-15,14.8508256140011,0.672586,59.13645
348,"standard",0.366,1830,0.016910044481872,0.848124358904274,0.848124358904274,0.940143538091992,-0.216975719274618,0.216975719274618,-0.216975600355328,0.216975600355328,0.677153778352968,0.218838100512051,9.50328141884632
348,"constrained",0.366,1830,0.016910044481872,0.665520421853126,0.665520421853126,0.940143538092008,-0.15988011892232,0.15988011892232,-0.159879999999918,0.159879999999918,2.2335392881511,0.366,22.5639000000205
349,"unweighted",0.374,1870,0.0289595815257728,0.553277559026025,0.553277559026025,0.913870900475071,-0.120276527015926,0.120276527015926,-0.251033368983957,0.251033368983957,0,1,1
349,"oracle_ipw",0.374,1870,0.0289595815257728,-0.00262170689333607,0.00262170689333607,0.91387090047507,0.00393236483625479,0.00393236483625479,0.0107587177203832,0.0107587177203832,9.23067012328674,0.666073018699911,35.9679430097952
349,"oracle_joint",0.374,1870,0.0289595815257728,0.019522028361593,0.019522028361593,0.913870900475071,-1.18922357548318e-07,1.18922357548318e-07,-5.55111512312578e-17,5.55111512312578e-17,8.48664369482974,0.716223076923077,34.5308857142857
349,"standard",0.374,1870,0.0289595815257728,0.830574001498707,0.830574001498707,0.91387090047507,-0.203147421050529,0.203147421050529,-0.203147302128275,0.203147302128275,0.606098879343968,0.258948309986866,7.3962103585838
349,"constrained",0.374,1870,0.0289595815257728,0.655436741123801,0.655436741123801,0.91387090047507,-0.159280118922353,0.159280118922353,-0.159279999999995,0.159279999999995,1.30993844345091,0.374,13.2556285714295
350,"unweighted",0.3674,1837,0.0252684115964827,0.533355826529485,0.533355826529485,0.941752683791828,-0.12452553539961,0.12452553539961,-0.251987610234077,0.251987610234077,0,1,1
350,"oracle_ipw",0.3674,1837,0.0252684115964827,-0.089208533372072,0.089208533372072,0.941752683791833,-0.00889813584375055,0.00889813584375055,-0.0149647204359962,0.0149647204359962,8.66404466472066,0.690449149010924,37.2842540465899
350,"oracle_joint",0.3674,1837,0.0252684115964827,-0.138901514926476,0.138901514926476,0.94175268379183,-1.18922357336682e-07,1.18922357336682e-07,-2.44249065417534e-15,2.44249065417534e-15,9.79282468963945,0.686602101694914,39.5751033333333
350,"standard",0.3674,1837,0.0252684115964827,0.803102276599677,0.803102276599677,0.941752683791829,-0.209198283077554,0.209198283077554,-0.209198164155375,0.209198164155375,0.576912515064271,0.250745997713403,7.55035103722076
350,"constrained",0.3674,1837,0.0252684115964827,0.608944386716922,0.608944386716922,0.941752683791829,-0.166080118920969,0.166080118920969,-0.166079999996913,0.166079999996913,1.31421627160001,0.3674,14.1510233338542
351,"unweighted",0.3626,1813,0.0384043619162206,0.57113563592973,0.57113563592973,0.920277745278179,-0.123865971842363,0.123865971842363,-0.248591704357419,0.248591704357419,0,1,1
351,"oracle_ipw",0.3626,1813,0.0384043619162206,-0.174221471006785,0.174221471006785,0.920277745278185,0.0152928541046312,0.0152928541046312,0.071051671814078,0.071051671814078,10.4019746488835,0.614725762344566,33.1951911666065
351,"oracle_joint",0.3626,1813,0.0384043619162206,-0.0313799830257464,0.0313799830257464,0.920277745278185,-1.18922358589152e-07,1.18922358589152e-07,-6.16173778666962e-15,6.16173778666962e-15,6.29465245906352,0.671937411764707,26.0387088888889
351,"standard",0.3626,1813,0.0384043619162206,0.785148821874871,0.785148821874871,0.92027774527818,-0.197146725851441,0.197146725851441,-0.197146606929086,0.197146606929086,0.523007987007667,0.287699457026684,6.1816645354206
351,"constrained",0.3626,1813,0.0384043619162206,0.672217788892359,0.672217788892359,0.920277745278182,-0.169880118922362,0.169880118922362,-0.169879999999999,0.169879999999999,0.812041181075248,0.3626,8.92801777777788
352,"unweighted",0.3678,1839,0.0231375200802123,0.502769977285156,0.502769977285156,0.94267441128271,-0.12129839548258,0.12129839548258,-0.252538488308864,0.252538488308864,0,1,1
352,"oracle_ipw",0.3678,1839,0.0231375200802123,0.17991487144217,0.17991487144217,0.942674411282702,-0.010848037111024,0.010848037111024,-0.0306647736270347,0.0306647736270347,8.28684283029067,0.705430574578932,38.0932510272623
352,"oracle_joint",0.3678,1839,0.0231375200802123,0.139051261069189,0.139051261069189,0.942674411282709,-1.18922357936896e-07,1.18922357936896e-07,2.77555756156289e-16,2.77555756156289e-16,10.7365609869256,0.653037487922705,43.2198436363636
352,"standard",0.3678,1839,0.0231375200802123,0.819874212211735,0.819874212211735,0.942674411282701,-0.210007810343415,0.210007810343415,-0.210007691421508,0.210007691421508,0.627597367474492,0.242748815341811,8.11037595236575
352,"constrained",0.3678,1839,0.0231375200802123,0.666442791060378,0.666442791060378,0.942674411282703,-0.162680118918,0.162680118918,-0.162679999990272,0.162679999990272,1.5470021151281,0.3678,16.0227054563441
353,"unweighted",0.3696,1848,0.0355838395448484,0.539529043149291,0.539529043149291,0.93648846542255,-0.120934865217518,0.120934865217518,-0.249320865800866,0.249320865800866,0,1,1
353,"oracle_ipw",0.3696,1848,0.0355838395448484,-0.234756600714143,0.234756600714143,0.936488465422554,0.0144937553810783,0.0144937553810783,0.0542249800497986,0.0542249800497986,10.1168286955854,0.629578129773466,33.9972190077671
353,"oracle_joint",0.3696,1848,0.0355838395448484,-0.107386363398618,0.107386363398618,0.936488465422553,-1.18922358377516e-07,1.18922358377516e-07,-5.82867087928207e-15,5.82867087928207e-15,6.82726057756622,0.666973747954174,28.1026447058824
353,"standard",0.3696,1848,0.0355838395448484,0.747948716626536,0.747948716626536,0.93648846542255,-0.197706766595794,0.197706766595794,-0.197706647673468,0.197706647673468,0.567226897662852,0.278599645585467,6.61076912349685
353,"constrained",0.3696,1848,0.0355838395448484,0.600739779783755,0.600739779783755,0.936488465422555,-0.163680118922354,0.163680118922354,-0.163680000000002,0.163680000000002,0.987633536012095,0.3696,10.3096658823529
354,"unweighted",0.3568,1784,0.0477016809725453,0.40174698353095,0.40174698353095,0.913983244161568,-0.107914370879647,0.107914370879647,-0.246188161434978,0.246188161434978,0,1,1
354,"oracle_ipw",0.3568,1784,0.0477016809725453,-0.262697584335145,0.262697584335145,0.913983244161567,0.043599518082834,0.043599518082834,0.119877654056402,0.119877654056402,11.0100944713934,0.568233514172255,30.6846097653018
354,"oracle_joint",0.3568,1784,0.0477016809725453,-0.0222723937375495,0.0222723937375495,0.913983244161566,-1.18922357232598e-07,1.18922357232598e-07,-2.44249065417534e-15,2.44249065417534e-15,4.97941822151052,0.735729398907104,20.9636218181818
354,"standard",0.3568,1784,0.0477016809725453,0.643363293028264,0.643363293028264,0.913983244161568,-0.179416086224621,0.179416086224621,-0.179415967302274,0.179415967302274,0.649577423396084,0.298464254553018,6.41461792421599
354,"constrained",0.3568,1784,0.0477016809725453,0.55456052772414,0.55456052772414,0.913983244161567,-0.15548011891941,0.15548011891941,-0.155479999993358,0.155479999993358,0.890367903593371,0.3568,8.35560727332775
355,"unweighted",0.3678,1839,0.0315511637457441,0.516514090613779,0.516514090613779,0.914034265847722,-0.121418445596106,0.121418445596106,-0.25036339314845,0.25036339314845,0,1,1
355,"oracle_ipw",0.3678,1839,0.0315511637457441,-0.0761243567765316,0.0761243567765316,0.914034265847722,0.00733286419270432,0.00733286419270432,0.0287444918806951,0.0287444918806951,9.63682236911927,0.652196790825422,35.2186267045728
355,"oracle_joint",0.3678,1839,0.0315511637457441,-0.0231215643197871,0.0231215643197871,0.914034265847721,-1.18922357253415e-07,1.18922357253415e-07,1.83186799063151e-15,1.83186799063151e-15,7.75570299653315,0.667000460526315,31.694552
355,"standard",0.3678,1839,0.0315511637457441,0.758691233903347,0.758691233903347,0.914034265847722,-0.201492725941565,0.201492725941565,-0.201492607019267,0.201492607019267,0.581841097023299,0.267942548173928,6.99155837943973
355,"constrained",0.3678,1839,0.0315511637457441,0.613526329765084,0.613526329765084,0.914034265847721,-0.164080118922359,0.164080118922359,-0.164079999999998,0.164079999999998,1.10445133146245,0.3678,11.578344
356,"unweighted",0.373,1865,0.0352594828304985,0.555834852606965,0.555834852606965,0.918076650417538,-0.122770886900162,0.122770886900162,-0.24940471849866,0.24940471849866,0,1,1
356,"oracle_ipw",0.373,1865,0.0352594828304985,-0.132315510335431,0.132315510335431,0.91807665041754,0.0120053785230423,0.0120053785230423,0.0522422056109847,0.0522422056109847,10.0816522313803,0.63134151793517,34.0924419684992
356,"oracle_joint",0.373,1865,0.0352594828304985,-0.0297871853750852,0.0297871853750852,0.918076650417539,-1.18922357541379e-07,1.18922357541379e-07,4.16333634234434e-15,4.16333634234434e-15,6.89425289601146,0.6709132137031,28.3611647058824
356,"standard",0.373,1865,0.0352594828304985,0.78712656099989,0.78712656099989,0.918076650417539,-0.19902897349403,0.19902897349403,-0.19902885457169,0.19902885457169,0.548802733498129,0.278804340441727,6.5265286014005
356,"constrained",0.373,1865,0.0352594828304985,0.644499920096579,0.644499920096579,0.918076650417538,-0.164280118922358,0.164280118922358,-0.164280000000001,0.164280000000001,0.977737670264998,0.373,10.3386823529412
357,"unweighted",0.3652,1826,0.0211838591195412,0.528800976963764,0.528800976963764,0.931294380506617,-0.121589237303951,0.121589237303951,-0.253043548740416,0.253043548740416,0,1,1
357,"oracle_ipw",0.3652,1826,0.0211838591195412,0.00485533477076028,0.00485533477076028,0.931294380506611,-0.0162659956270335,0.0162659956270335,-0.0460070601521108,0.0460070601521108,7.87727681891917,0.718608570670819,38.8048628162242
357,"oracle_joint",0.3652,1826,0.0211838591195412,-0.104363360334743,0.104363360334743,0.931294380506614,-1.18922358266493e-07,1.18922358266493e-07,-3.44169137633799e-15,3.44169137633799e-15,11.7663333970829,0.66337647446458,47.205752
357,"standard",0.3652,1826,0.0211838591195412,0.820597896404459,0.820597896404459,0.931294380506608,-0.212360309678445,0.212360309678445,-0.21236019075681,0.21236019075681,0.632939575907067,0.235877592613766,8.42878116783346
357,"constrained",0.3652,1826,0.0211838591195412,0.606823012719937,0.606823012719937,0.931294380506619,-0.163280118801874,0.163280118801874,-0.163279999731306,0.163279999731306,1.66831686559112,0.3652,17.390824054228
358,"unweighted",0.3686,1843,0.025186148726391,0.573783081045004,0.573783081045004,0.925089340695869,-0.125342201518443,0.125342201518443,-0.252008876831253,0.252008876831253,0,1,1
358,"oracle_ipw",0.3686,1843,0.025186148726391,-0.0014791814214592,0.0014791814214592,0.925089340695871,-0.010148053232312,0.010148053232312,-0.0153010699168772,0.0153010699168772,8.66910222929837,0.691747666887654,37.3543740119333
358,"oracle_joint",0.3686,1843,0.025186148726391,-0.0499844048157775,0.0499844048157775,0.925089340695869,-1.18922359050588e-07,1.18922359050588e-07,-5.10702591327572e-15,5.10702591327572e-15,9.82763550026363,0.662998955954323,39.7043633333333
358,"standard",0.3686,1843,0.025186148726391,0.803506886307535,0.803506886307535,0.925089340695867,-0.209769481039911,0.209769481039911,-0.209769362117735,0.209769362117735,0.569355507761045,0.251496156470836,7.48728546809053
358,"constrained",0.3686,1843,0.025186148726391,0.629002389171539,0.629002389171539,0.925089340695869,-0.166880118920995,0.166880118920995,-0.16687999999698,0.16687999999698,1.29705977517378,0.3686,14.0743766671775
359,"unweighted",0.3716,1858,0.031228519983005,0.493581028575261,0.493581028575261,0.932188719160233,-0.119766314269203,0.119766314269203,-0.250446803013994,0.250446803013994,0,1,1
359,"oracle_ipw",0.3716,1858,0.031228519983005,-0.179837586391172,0.179837586391172,0.932188719160224,0.00884328333420102,0.00884328333420102,0.0260470491061365,0.0260470491061365,9.55394966754241,0.652747626221257,35.2483718159479
359,"oracle_joint",0.3716,1858,0.031228519983005,-0.119678998054875,0.119678998054875,0.932188719160226,-1.18922357864037e-07,1.18922357864037e-07,2.22044604925031e-16,2.22044604925031e-16,7.83801128302122,0.715054380453752,32.0220106666667
359,"standard",0.3716,1858,0.031228519983005,0.723115780193254,0.723115780193254,0.932188719160227,-0.200701706930376,0.200701706930376,-0.200701588008082,0.200701588008082,0.600175663562367,0.265147375855154,7.16177396540088
359,"constrained",0.3716,1858,0.031228519983005,0.55253585306308,0.55253585306308,0.932188719160226,-0.160080118922365,0.160080118922365,-0.160079999999997,0.160079999999997,1.19950148730374,0.3716,12.1934346666667
360,"unweighted",0.365,1825,0.0275541067276531,0.48310785713527,0.48310785713527,0.927711974825456,-0.115176439654952,0.115176439654952,-0.251396712328767,0.251396712328767,0,1,1
360,"oracle_ipw",0.365,1825,0.0275541067276531,0.0759376182632584,0.0759376182632584,0.927711974825465,0.00667738678329649,0.00667738678329649,0.00124784033592995,0.00124784033592995,9.03241271444439,0.675322376941703,36.467408354852
360,"oracle_joint",0.365,1825,0.0275541067276531,0.0956427369721692,0.0956427369721692,0.927711974825463,-1.18922358832013e-07,1.18922358832013e-07,5.16253706450698e-15,5.16253706450698e-15,8.943002327087,0.684437074829931,36.2922307692307
360,"standard",0.365,1825,0.0275541067276531,0.791156347893996,0.791156347893996,0.927711974825468,-0.201725314316773,0.201725314316773,-0.201725195394682,0.201725195394682,0.678188793870268,0.252462041997131,7.97311680037128
360,"constrained",0.365,1825,0.0275541067276531,0.637227429900383,0.637227429900383,0.927711974825466,-0.157080118922353,0.157080118922353,-0.157079999999994,0.157079999999994,1.45721708634148,0.365,14.2406153846166
361,"unweighted",0.3598,1799,0.0344028698185945,0.500374783851109,0.500374783851109,0.931480003258307,-0.11631321083677,0.11631321083677,-0.249626170094497,0.249626170094497,0,1,1
361,"oracle_ipw",0.3598,1799,0.0344028698185945,0.0420348095068429,0.0420348095068429,0.931480003258306,0.0179462071769741,0.0179462071769741,0.0466602082833342,0.0466602082833342,9.9667438149776,0.635438882756635,34.3136996688583
361,"oracle_joint",0.3598,1799,0.0344028698185945,0.119838691509969,0.119838691509969,0.931480003258314,-1.18922357655871e-07,1.18922357655871e-07,3.33066907387547e-15,3.33066907387547e-15,7.07546712535782,0.679307328767123,29.0673425
361,"standard",0.3598,1799,0.0344028698185945,0.786051475956873,0.786051475956873,0.93148000325831,-0.195875242869929,0.195875242869929,-0.19587512394763,0.19587512394763,0.625356029540533,0.272432531454966,7.0436332511402
361,"constrained",0.3598,1799,0.0344028698185945,0.670426858974962,0.670426858974962,0.93148000325831,-0.161880118922363,0.161880118922363,-0.161879999999997,0.161879999999997,1.07473962367628,0.3598,10.8659600000001
362,"unweighted",0.368,1840,0.0231249453410383,0.558229263386428,0.558229263386428,0.913841193759479,-0.124471872011205,0.124471872011205,-0.252541739130435,0.252541739130435,0,1,1
362,"oracle_ipw",0.368,1840,0.0231249453410383,0.0796313447403603,0.0796313447403603,0.913841193759478,-0.0146708634633645,0.0146708634633645,-0.0304589032635043,0.0304589032635043,8.30698130958877,0.706451882146732,38.1484016359235
362,"oracle_joint",0.368,1840,0.0231249453410383,0.0067186237486907,0.0067186237486907,0.913841193759478,-1.1892235815894e-07,1.1892235815894e-07,2.22044604925031e-16,2.22044604925031e-16,10.7452360584793,0.633005928237129,43.2433454545454
362,"standard",0.368,1840,0.0231249453410383,0.841255982340831,0.841255982340831,0.913841193759479,-0.211723080838737,0.211723080838737,-0.211722961916723,0.211722961916723,0.592045202634416,0.245397855140262,7.82786818848738
362,"constrained",0.368,1840,0.0231249453410383,0.663712488099005,0.663712488099005,0.913841193759478,-0.166680118914253,0.166680118914253,-0.166679999982003,0.166679999982003,1.42655237417998,0.368,15.3623272760417
363,"unweighted",0.3558,1779,0.0217435226263531,0.542847415249908,0.542847415249908,0.91522319553682,-0.127636323297596,0.127636323297596,-0.252898864530635,0.252898864530635,0,1,1
363,"oracle_ipw",0.3558,1779,0.0217435226263531,0.116731045928603,0.116731045928603,0.915223195536819,-0.0212780093192222,0.0212780093192222,-0.0416525301204761,0.0416525301204761,7.99090890449815,0.714457831325301,38.5807228915662
363,"oracle_joint",0.3558,1779,0.0217435226263531,0.0223761488542036,0.0223761488542036,0.915223195536818,-1.18922357957713e-07,1.18922357957713e-07,3.10862446895044e-15,3.10862446895044e-15,11.4533618812468,0.68465109947644,45.990708
363,"standard",0.3558,1779,0.0217435226263531,0.806433040992292,0.806433040992292,0.91522319553682,-0.214541174546675,0.214541174546675,-0.214541055624678,0.214541055624678,0.559104232933531,0.241267052865356,7.82385420438215
363,"constrained",0.3558,1779,0.0217435226263531,0.654910404343442,0.654910404343442,0.91522319553682,-0.173080118922358,0.173080118922358,-0.17308,0.17308,1.32186060888255,0.3558,15.199776
364,"unweighted",0.3674,1837,0.0252684115964827,0.494448028357644,0.494448028357644,0.915957713647946,-0.121998397859971,0.121998397859971,-0.251987610234077,0.251987610234077,0,1,1
364,"oracle_ipw",0.3674,1837,0.0252684115964827,-0.0256459172368921,0.0256459172368921,0.91595771364795,-0.00607276732947681,0.00607276732947681,-0.0150045147744827,0.0150045147744827,8.66115747024159,0.690336336974192,37.2781621966064
364,"oracle_joint",0.3674,1837,0.0252684115964827,-0.0591109062901314,0.0591109062901314,0.91595771364795,-1.18922358870177e-07,1.18922358870177e-07,-7.43849426498855e-15,7.43849426498855e-15,9.79203046937083,0.6842825,39.5751033333333
364,"standard",0.3674,1837,0.0252684115964827,0.775601159851215,0.775601159851215,0.915957713647948,-0.207892325271917,0.207892325271917,-0.207892206349784,0.207892206349784,0.605823574030796,0.249142246661599,7.75027141129504
364,"constrained",0.3674,1837,0.0252684115964827,0.596477817077744,0.596477817077744,0.915957713647949,-0.16328011892175,0.16328011892175,-0.163279999998654,0.163279999998654,1.39468071636051,0.3674,14.5796566668949
365,"unweighted",0.3602,1801,0.0300690824282038,0.500885946868366,0.500885946868366,0.923376049477326,-0.123541166836725,0.123541166836725,-0.250746540810661,0.250746540810661,0,1,1
365,"oracle_ipw",0.3602,1801,0.0300690824282038,0.0400342151605502,0.0400342151605502,0.923376049477329,0.00233204625049718,0.00233204625049718,0.0188143966505486,0.0188143966505486,9.42843232158019,0.660686836465135,35.6770891691173
365,"oracle_joint",0.3602,1801,0.0300690824282038,0.0607770506683732,0.0607770506683732,0.923376049477326,-1.18922358273432e-07,1.18922358273432e-07,1.0547118733939e-15,1.0547118733939e-15,8.15944153452389,0.680062534246576,33.2567514285714
365,"standard",0.3602,1801,0.0300690824282038,0.751315507411046,0.751315507411046,0.923376049477326,-0.203980328889326,0.203980328889326,-0.203980209967026,0.203980209967026,0.564878227656799,0.264741023798303,7.01615441781528
365,"constrained",0.3602,1801,0.0300690824282038,0.63181297078141,0.63181297078141,0.923376049477328,-0.168680118922349,0.168680118922349,-0.168679999999986,0.168679999999986,1.05828388410206,0.3602,11.5572742857165
366,"unweighted",0.3654,1827,0.0444617548876807,0.537510261185466,0.537510261185466,0.915288077055493,-0.122950991988498,0.122950991988498,-0.247025747126437,0.247025747126437,0,1,1
366,"oracle_ipw",0.3654,1827,0.0444617548876807,-0.121622682734452,0.121622682734452,0.915288077055494,0.0234770627884652,0.0234770627884652,0.104400394617838,0.104400394617838,10.8772638433717,0.584705080217624,31.5740743317517
366,"oracle_joint",0.3654,1827,0.0444617548876807,0.0492019525945632,0.0492019525945632,0.915288077055494,-1.1892235784669e-07,1.1892235784669e-07,2.77555756156289e-15,2.77555756156289e-15,5.37744800206426,0.684023837011885,22.49124
366,"standard",0.3654,1827,0.0444617548876807,0.76040271991506,0.76040271991506,0.915288077055494,-0.192120212483331,0.192120212483331,-0.19212009356098,0.19212009356098,0.504749933688989,0.301550900848284,5.77679186019491
366,"constrained",0.3654,1827,0.0444617548876807,0.674371258479659,0.674371258479659,0.915288077055495,-0.168880118870263,0.168880118870263,-0.168879999884696,0.168879999884696,0.716572772775649,0.3654,7.79868001101912
367,"unweighted",0.3668,1834,0.0253097448760843,0.521064934343581,0.521064934343581,0.914439419423944,-0.117828746780427,0.117828746780427,-0.251976924754635,0.251976924754635,0,1,1
367,"oracle_ipw",0.3668,1834,0.0253097448760843,0.0189099080353681,0.0189099080353681,0.914439419423943,-0.00139860844567085,0.00139860844567085,-0.014709229809724,0.014709229809724,8.66793810492564,0.690044679828642,37.2624127107467
367,"oracle_joint",0.3668,1834,0.0253097448760843,0.000344352487287813,0.000344352487287813,0.914439419423943,-1.18922357683626e-07,1.18922357683626e-07,3.33066907387547e-15,3.33066907387547e-15,9.77548832225258,0.67518143572621,39.5104733333333
367,"standard",0.3668,1834,0.0253097448760843,0.805185880140517,0.805185880140517,0.914439419423942,-0.205656153656774,0.205656153656774,-0.20565603473476,0.20565603473476,0.657355933632387,0.247163518624704,8.07937602471658
367,"constrained",0.3668,1834,0.0253097448760843,0.622909065379111,0.622909065379111,0.914439419423943,-0.159080118922253,0.159080118922253,-0.159079999999775,0.159079999999775,1.52092898175149,0.3668,15.1977466667051
368,"unweighted",0.3718,1859,0.0145654699981697,0.529054921449556,0.529054921449556,0.913561110880701,-0.127889955478355,0.127889955478355,-0.254754534696073,0.254754534696073,0,1,1
368,"oracle_ipw",0.3718,1859,0.0145654699981697,0.193186598453232,0.193186598453232,0.913561110880697,-0.0445477554437509,0.0445477554437509,-0.102118986289725,0.102118986289725,6.21717591851012,0.769178530389945,41.535640641057
368,"oracle_joint",0.3718,1859,0.0145654699981697,-0.0271026609904794,0.0271026609904794,0.913561110880696,-1.18922358315066e-07,1.18922358315066e-07,-3.33066907387547e-16,3.33066907387547e-16,17.3150687351941,0.659078263665594,68.6555257142856
368,"standard",0.3718,1859,0.0145654699981697,0.836350694085655,0.836350694085655,0.913561110880698,-0.223798441179646,0.223798441179646,-0.223798322261351,0.223798322261351,0.586623743515088,0.214407443034646,9.22108555961056
368,"constrained",0.3718,1859,0.0145654699981697,0.615206508723139,0.615206508723139,0.913561110880697,-0.166480118922364,0.166480118922364,-0.166479999999996,0.166479999999996,2.24865762340057,0.3718,24.4431942857147
369,"unweighted",0.369,1845,0.0230622761124718,0.481791897130951,0.481791897130951,0.921762237273978,-0.114311368588974,0.114311368588974,-0.252557940379404,0.252557940379404,0,1,1
369,"oracle_ipw",0.369,1845,0.0230622761124718,-0.0289122119380789,0.0289122119380789,0.921762237273987,-0.0032992635471146,0.0032992635471146,-0.0314600253036755,0.0314600253036755,8.2557095029322,0.70526204261737,38.084150301338
369,"oracle_joint",0.369,1845,0.0230622761124718,-0.0762534128193495,0.0762534128193495,0.921762237273981,-1.18922359619578e-07,1.18922359619578e-07,-4.38538094726937e-15,4.38538094726937e-15,10.7736744429999,0.658348543689321,43.3608545454546
369,"standard",0.369,1845,0.0230622761124718,0.751427890675885,0.751427890675885,0.921762237273979,-0.206410506306359,0.206410506306359,-0.206410387384931,0.206410387384931,0.720143448871249,0.238997876905187,8.74020320683649
369,"constrained",0.369,1845,0.0230622761124718,0.543193163411589,0.543193163411589,0.921762237273981,-0.154480118922165,0.154480118922165,-0.154479999999559,0.154479999999559,1.82824638753153,0.369,17.4503454546282
370,"unweighted",0.3704,1852,0.0396842769056891,0.494467345694702,0.494467345694702,0.916593727984864,-0.117298080367455,0.117298080367455,-0.248260820734341,0.248260820734341,0,1,1
370,"oracle_ipw",0.3704,1852,0.0396842769056891,-0.217659650852552,0.217659650852552,0.916593727984866,0.0242234823810761,0.0242234823810761,0.0782124551624563,0.0782124551624563,10.5046204793165,0.607825055517405,32.8225529979398
370,"oracle_joint",0.3704,1852,0.0396842769056891,-0.0498189941082015,0.0498189941082015,0.916593727984866,-1.18922358030571e-07,1.18922358030571e-07,2.1094237467878e-15,2.1094237467878e-15,6.07604942641857,0.672822141680395,25.1988968421053
370,"standard",0.3704,1852,0.0396842769056891,0.720837555304117,0.720837555304117,0.916593727984868,-0.192141308532315,0.192141308532315,-0.192141189609978,0.192141189609978,0.586582637113531,0.286652012471671,6.47018720222795
370,"constrained",0.3704,1852,0.0396842769056891,0.592243754831124,0.592243754831124,0.916593727984868,-0.160080118879825,0.160080118879825,-0.16007999990474,0.16007999990474,0.95455347416459,0.3704,9.59530948398354
371,"unweighted",0.3512,1756,0.0374481409333028,0.470599692583048,0.470599692583048,0.930731776327121,-0.112315024509273,0.112315024509273,-0.248838906605923,0.248838906605923,0,1,1
371,"oracle_ipw",0.3512,1756,0.0374481409333028,-0.00681681708356818,0.00681681708356818,0.930731776327131,0.0269618341612039,0.0269618341612039,0.0649515665903945,0.0649515665903945,10.2782079702748,0.618753889904919,33.4127100548656
371,"oracle_joint",0.3512,1756,0.0374481409333028,0.1073720935015,0.1073720935015,0.930731776327129,-1.18922357465051e-07,1.18922357465051e-07,0,0,6.4648647705076,0.684157455830389,26.7035952941177
371,"standard",0.3512,1756,0.0374481409333028,0.749446936218754,0.749446936218754,0.930731776327129,-0.190684889210736,0.190684889210736,-0.190684770288433,0.190684770288433,0.657216054329256,0.27814647204239,7.00698019844366
371,"constrained",0.3512,1756,0.0374481409333028,0.65110846698266,0.65110846698266,0.930731776327129,-0.161480118755214,0.161480118755214,-0.161479999626318,0.161479999626318,1.01525351771974,0.3512,10.0236612192178
372,"unweighted",0.367,1835,0.0231879560912863,0.488573081092295,0.488573081092295,0.91638868882664,-0.125935353245458,0.125935353245458,-0.252525449591281,0.252525449591281,0,1,1
372,"oracle_ipw",0.367,1835,0.0231879560912863,0.0735099707361102,0.0735099707361102,0.916388688826639,-0.0155997717464894,0.0155997717464894,-0.0304308228414754,0.0304308228414754,8.28531640880697,0.70461892270353,38.0494218259906
372,"oracle_joint",0.367,1835,0.0231879560912863,0.00741249790945941,0.00741249790945941,0.91638868882664,-1.18922357680157e-07,1.18922357680157e-07,2.77555756156289e-16,2.77555756156289e-16,10.711738328856,0.677812730318258,43.1258363636364
372,"standard",0.367,1835,0.0231879560912863,0.760438002447072,0.760438002447072,0.91638868882664,-0.212138671062398,0.212138671062398,-0.212138552140324,0.212138552140324,0.571351069174748,0.24505291194013,7.73726880205549
372,"constrained",0.367,1835,0.0231879560912863,0.601914111116218,0.601914111116218,0.916388688826641,-0.167480118891829,0.167480118891829,-0.167479999932297,0.167479999932297,1.38950229478018,0.367,15.1871272851525
373,"unweighted",0.3612,1806,0.0192766080160875,0.48792469110927,0.48792469110927,0.916105719656828,-0.113223070855513,0.113223070855513,-0.253536611295681,0.253536611295681,0,1,1
373,"oracle_ipw",0.3612,1806,0.0192766080160875,0.126434096740709,0.126434096740709,0.916105719656829,-0.0121981606700398,0.0121981606700398,-0.0619854640398713,0.0619854640398713,7.40674565203065,0.730332041037002,39.4379302159981
373,"oracle_joint",0.3612,1806,0.0192766080160875,0.0525465079097892,0.0525465079097892,0.916105719656829,-1.18922358498946e-07,1.18922358498946e-07,-3.21964677141295e-15,3.21964677141295e-15,12.9723421998582,0.702397037037037,51.8763466666667
373,"standard",0.3612,1806,0.0192766080160875,0.848441007039181,0.848441007039181,0.916105719656826,-0.210372343508386,0.210372343508386,-0.210372224588419,0.210372224588419,0.754474030023513,0.223933661794185,9.66165359935943
373,"constrained",0.3612,1806,0.0192766080160875,0.63622909037539,0.63622909037539,0.916105719656832,-0.15428011892236,0.15428011892236,-0.154280000000003,0.154280000000003,2.19409805422209,0.3612,20.917493333333
374,"unweighted",0.3618,1809,0.0235212268808792,0.49623833989909,0.49623833989909,0.927479608444912,-0.120386603452163,0.120386603452163,-0.252439292426755,0.252439292426755,0,1,1
374,"oracle_ipw",0.3618,1809,0.0235212268808792,-0.0430125086703103,0.0430125086703103,0.927479608444911,-0.00844650610579604,0.00844650610579604,-0.0282156415464812,0.0282156415464812,8.32601216373083,0.70138145529024,37.874598585673
374,"oracle_joint",0.3618,1809,0.0235212268808792,-0.102871245673744,0.102871245673744,0.927479608444913,-1.18922358866708e-07,1.18922358866708e-07,-4.6074255521944e-15,4.6074255521944e-15,10.5513002645412,0.697413776223776,42.5147890909091
374,"standard",0.3618,1809,0.0235212268808792,0.743543042246071,0.743543042246071,0.927479608444917,-0.208919279889748,0.208919279889748,-0.2089191609678,0.2089191609678,0.633604225981717,0.242314348430959,8.15708343721925
374,"constrained",0.3618,1809,0.0235212268808792,0.557830441175458,0.557830441175458,0.927479608444911,-0.163080118916051,0.163080118916051,-0.163079999985916,0.163079999985916,1.51101928667271,0.3618,15.6955418207421
375,"unweighted",0.368,1840,0.0210226775827621,0.544765839835771,0.544765839835771,0.923608511331942,-0.126995501500808,0.126995501500808,-0.253085217391304,0.253085217391304,0,1,1
375,"oracle_ipw",0.368,1840,0.0210226775827621,0.0499988002691807,0.0499988002691807,0.92360851133194,-0.0225820309989927,0.0225820309989927,-0.0472955102040872,0.0472955102040872,7.84194926408606,0.719727891156462,38.865306122449
375,"oracle_joint",0.368,1840,0.0210226775827621,-0.072936527119967,0.072936527119967,0.92360851133194,-1.18922357954243e-07,1.18922357954243e-07,1.72084568816899e-15,1.72084568816899e-15,11.8607448116651,0.676261333333334,47.56768
375,"standard",0.368,1840,0.0210226775827621,0.793855848048773,0.793855848048773,0.923608511331944,-0.215076373530995,0.215076373530995,-0.21507625460911,0.21507625460911,0.569488011605353,0.238386405255797,7.99364915194035
375,"constrained",0.368,1840,0.0210226775827621,0.603647246425887,0.603647246425887,0.92360851133194,-0.167880118922359,0.167880118922359,-0.167879999999997,0.167879999999997,1.51642538369706,0.368,16.6777600000006
376,"unweighted",0.3712,1856,0.0333463161657605,0.494870893122377,0.494870893122377,0.945856991411011,-0.118988543541559,0.118988543541559,-0.249899310344828,0.249899310344828,0,1,1
376,"oracle_ipw",0.3712,1856,0.0333463161657605,-0.265560166494748,0.265560166494748,0.945856991411044,0.0129378989356507,0.0129378989356507,0.0404048363186337,0.0404048363186337,9.86871458984216,0.642134833573385,34.6752810129628
376,"oracle_joint",0.3712,1856,0.0333463161657605,-0.163467503948153,0.163467503948153,0.945856991411035,-1.18922357756485e-07,1.18922357756485e-07,9.15933995315754e-15,9.15933995315754e-15,7.31551396222822,0.654856192,29.98832
376,"standard",0.3712,1856,0.0333463161657605,0.72738736259881,0.72738736259881,0.945856991411039,-0.198566633167603,0.198566633167603,-0.198566514245306,0.198566514245306,0.601721351156168,0.271985573845372,6.95460434754635
376,"constrained",0.3712,1856,0.0333463161657605,0.558309435506251,0.558309435506251,0.945856991411042,-0.160880118922359,0.160880118922359,-0.160879999999996,0.160879999999996,1.11620250939409,0.3712,11.3262400000004
377,"unweighted",0.3684,1842,0.039899718148391,0.49349995470804,0.49349995470804,0.913523370633822,-0.119036602253789,0.119036602253789,-0.248205124864278,0.248205124864278,0,1,1
377,"oracle_ipw",0.3684,1842,0.039899718148391,-0.140917277282418,0.140917277282418,0.913523370633824,0.0227626076172556,0.0227626076172556,0.0790614743618425,0.0790614743618425,10.4992818001023,0.606067325316286,32.7276355670794
377,"oracle_joint",0.3684,1842,0.039899718148391,0.00449214947200305,0.00449214947200305,0.913523370633822,-1.18922358179757e-07,1.18922358179757e-07,-1.11022302462516e-15,1.11022302462516e-15,6.0395207555702,0.707661742160279,25.0628336842105
377,"standard",0.3684,1842,0.039899718148391,0.714498617859816,0.714498617859816,0.913523370633823,-0.192944952523666,0.192944952523666,-0.192944833601321,0.192944833601321,0.564630046905485,0.287476470639577,6.35733981612488
377,"constrained",0.3684,1842,0.039899718148391,0.60165688023063,0.60165688023063,0.913523370633823,-0.162280118835716,0.162280118835716,-0.162279999806509,0.162279999806509,0.906295272851612,0.3684,9.33021475759798
378,"unweighted",0.3588,1794,0.0215617205977047,0.49457411852111,0.49457411852111,0.913599578530188,-0.122462923410082,0.122462923410082,-0.252945863991081,0.252945863991081,0,1,1
378,"oracle_ipw",0.3588,1794,0.0215617205977047,0.0544889346882352,0.0544889346882352,0.913599578530188,-0.0159941414650284,0.0159941414650284,-0.0432122611863174,0.0432122611863174,7.94293371920916,0.715300154503238,38.6262083431749
378,"oracle_joint",0.3588,1794,0.0215617205977047,-0.0327555006637352,0.0327555006637352,0.913599578530187,-1.18922357437296e-07,1.18922357437296e-07,3.38618022510673e-15,3.38618022510673e-15,11.5513072250628,0.685637573656845,46.378488
378,"standard",0.3588,1794,0.0215617205977047,0.782279155257808,0.782279155257808,0.913599578530186,-0.212255529046521,0.212255529046521,-0.212255410124747,0.212255410124747,0.618875726871022,0.23714825108969,8.29986742364185
378,"constrained",0.3588,1794,0.0215617205977047,0.605739237855602,0.605739237855602,0.913599578530187,-0.166280118922361,0.166280118922361,-0.166280000000001,0.166280000000001,1.54468355801406,0.3588,16.5478559999995
379,"unweighted",0.3712,1856,0.0291780266450405,0.540680598432695,0.540680598432695,0.924488517996395,-0.120893479072181,0.120893479072181,-0.250976896551724,0.250976896551724,0,1,1
379,"oracle_ipw",0.3712,1856,0.0291780266450405,0.0876849565519741,0.0876849565519741,0.924488517996397,0.00338854645213075,0.00338854645213075,0.0129109129650895,0.0129109129650895,9.30949948154738,0.666370072041273,35.9839838902288
379,"oracle_joint",0.3712,1856,0.0291780266450405,0.106594320917017,0.106594320917017,0.924488517996399,-1.18922358495477e-07,1.18922358495477e-07,-3.49720252756924e-15,3.49720252756924e-15,8.42230446850335,0.662273656957929,34.2723657142857
379,"standard",0.3712,1856,0.0291780266450405,0.786105568357106,0.786105568357106,0.924488517996398,-0.203446186676166,0.203446186676166,-0.203446067753909,0.203446067753909,0.600289017058903,0.260990540356059,7.30122987491367
379,"constrained",0.3712,1856,0.0291780266450405,0.647274619878063,0.647274619878063,0.9244885179964,-0.161880118922353,0.161880118922353,-0.16188,0.16188,1.24397381587051,0.3712,12.8117028571433
380,"unweighted",0.3676,1838,0.0147318872288344,0.591294998621122,0.591294998621122,0.926148230512968,-0.120439870973725,0.120439870973725,-0.254711512513602,0.254711512513602,0,1,1
380,"oracle_ipw",0.3676,1838,0.0147318872288344,0.307226841574831,0.307226841574831,0.926148230512962,-0.0367494873950013,0.0367494873950013,-0.100323951716908,0.100323951716908,6.28932551085236,0.769217822074936,41.5377623920465
380,"oracle_joint",0.3676,1838,0.0147318872288344,0.145837037995272,0.145837037995272,0.926148230512963,-1.18922356729528e-07,1.18922356729528e-07,6.66133814775094e-16,6.66133814775094e-16,17.119787178259,0.61318571860817,67.8799657142858
380,"standard",0.3676,1838,0.0147318872288344,0.90412069388644,0.90412069388644,0.926148230512968,-0.220855538668288,0.220855538668288,-0.220855419752859,0.220855419752859,0.68709775559719,0.213051757547048,9.88964264233331
380,"constrained",0.3676,1838,0.0147318872288344,0.70232152492677,0.70232152492677,0.926148230512962,-0.162080118919657,0.162080118919657,-0.16207999999398,0.16207999999398,2.46880471021966,0.3676,25.3223885731788
381,"unweighted",0.3592,1796,0.0172301678183885,0.500195107806981,0.500195107806981,0.935903613850025,-0.125729642704957,0.125729642704957,-0.25406565701559,0.25406565701559,0,1,1
381,"oracle_ipw",0.3592,1796,0.0172301678183885,0.227551140008608,0.227551140008608,0.935903613850028,-0.032691433834547,0.032691433834547,-0.0787934968526153,0.0787934968526153,6.9344637716088,0.747196295492367,40.3485999565878
381,"oracle_joint",0.3592,1796,0.0172301678183885,0.107412248977389,0.107412248977389,0.935903613850023,-1.1892235828731e-07,1.1892235828731e-07,-2.16493489801906e-15,2.16493489801906e-15,14.5674513013099,0.684030949913644,58.03774
381,"standard",0.3592,1796,0.0172301678183885,0.820427480656871,0.820427480656871,0.935903613850026,-0.219170123051957,0.219170123051957,-0.219170004131355,0.219170004131355,0.600203139416027,0.223379176823769,8.83407407257835
381,"constrained",0.3592,1796,0.0172301678183885,0.656821429323886,0.656821429323886,0.935903613850028,-0.168880118921735,0.168880118921735,-0.168879999998626,0.168879999998626,1.81998095484846,0.3592,20.1241800003391
382,"unweighted",0.3662,1831,0.0295764158673922,0.511664820651809,0.511664820651809,0.913492755990166,-0.118630115930692,0.118630115930692,-0.250873904969962,0.250873904969962,0,1,1
382,"oracle_ipw",0.3662,1831,0.0295764158673922,-0.029663748473605,0.029663748473605,0.913492755990166,0.00691135619784933,0.00691135619784933,0.0153202480436993,0.0153202480436993,9.34631598131032,0.663229489640238,35.8143924405729
382,"oracle_joint",0.3662,1831,0.0295764158673922,0.00511458471864545,0.00511458471864545,0.913492755990165,-1.18922358623846e-07,1.18922358623846e-07,2.22044604925031e-16,2.22044604925031e-16,8.30130197807463,0.683201556683588,33.8107228571429
382,"standard",0.3662,1831,0.0295764158673922,0.759624535364402,0.759624535364402,0.913492755990167,-0.201685616622245,0.201685616622245,-0.201685497699999,0.201685497699999,0.62333970465781,0.260221466257932,7.4331409793824
382,"constrained",0.3662,1831,0.0295764158673922,0.606970257259349,0.606970257259349,0.913492755990166,-0.16088011892236,0.16088011892236,-0.160879999999994,0.160879999999994,1.25722113069792,0.3662,12.7699171428578
383,"unweighted",0.3648,1824,0.0212070870352424,0.535333567519105,0.535333567519105,0.915980099735064,-0.122470688791238,0.122470688791238,-0.253037543859649,0.253037543859649,0,1,1
383,"oracle_ipw",0.3648,1824,0.0212070870352424,0.0778499149015053,0.0778499149015053,0.915980099735064,-0.0169567446926972,0.0169567446926972,-0.0460679492475714,0.0460679492475714,7.8635422566274,0.717615815874889,38.751254057244
383,"oracle_joint",0.3648,1824,0.0212070870352424,-0.0197279843917423,0.0197279843917423,0.915980099735064,-1.18922357364437e-07,1.18922357364437e-07,3.77475828372553e-15,3.77475828372553e-15,11.7515377075737,0.691114226804123,47.154048
383,"standard",0.3648,1824,0.0212070870352424,0.79702254376177,0.79702254376177,0.915980099735063,-0.212664937334926,0.212664937334926,-0.212664818413202,0.212664818413202,0.620315154520299,0.235838393068452,8.3639851214554
383,"constrained",0.3648,1824,0.0212070870352424,0.609661858050375,0.609661858050375,0.915980099735063,-0.163880118922356,0.163880118922356,-0.163880000000001,0.163880000000001,1.64159467966949,0.3648,17.2623359999998
384,"unweighted",0.3616,1808,0.0235342364090213,0.521488967237845,0.521488967237845,0.913496674071883,-0.12068208919599,0.12068208919599,-0.25243592920354,0.25243592920354,0,1,1
384,"oracle_ipw",0.3616,1808,0.0235342364090213,0.057233830373712,0.057233830373712,0.913496674071883,-0.00882039448332306,0.00882039448332306,-0.0279790632481564,0.0279790632481564,8.33878658434255,0.701713827689127,37.8925466952129
384,"oracle_joint",0.3616,1808,0.0235342364090213,0.00527141017604915,0.00527141017604915,0.913496674071883,-1.18922358668949e-07,1.18922358668949e-07,0,0,10.5458557619187,0.683876775300172,42.4912872727273
384,"standard",0.3616,1808,0.0235342364090213,0.790133874761788,0.790133874761788,0.913496674071884,-0.209096617567228,0.209096617567228,-0.209096498645271,0.209096498645271,0.630537058981243,0.242767829885898,8.12342640450082
384,"constrained",0.3616,1808,0.0235342364090213,0.619658972997941,0.619658972997941,0.913496674071883,-0.16368011891636,0.16368011891636,-0.16367999998664,0.16367999998664,1.49342107172147,0.3616,15.5882472751533
385,"unweighted",0.358,1790,0.0410588161057744,0.493386490049195,0.493386490049195,0.925682098818284,-0.120049269146634,0.120049269146634,-0.247905474860335,0.247905474860335,0,1,1
385,"oracle_ipw",0.358,1790,0.0410588161057744,-0.0465833498383645,0.0465833498383645,0.925682098818285,0.0227262058574771,0.0227262058574771,0.0861889628274413,0.0861889628274413,10.6364591682854,0.601392829884126,32.4752128137428
385,"oracle_joint",0.358,1790,0.0410588161057744,0.0801714896936888,0.0801714896936888,0.925682098818287,-1.18922357510154e-07,1.18922357510154e-07,6.88338275267597e-15,6.88338275267597e-15,5.85940083620029,0.661190619765494,24.3553052631579
385,"standard",0.358,1790,0.0410588161057744,0.718733662581952,0.718733662581952,0.925682098818282,-0.192877311661807,0.192877311661807,-0.192877192739454,0.192877192739454,0.550855760148456,0.292088360773086,6.18424342086213
385,"constrained",0.358,1790,0.0410588161057744,0.637299270437956,0.637299270437956,0.925682098818286,-0.168280118787576,0.168280118787576,-0.168279999701434,0.168279999701434,0.799500547640539,0.358,8.50155792565477
386,"unweighted",0.3688,1844,0.0293679053433813,0.518666205481687,0.518666205481687,0.915235999522517,-0.116369111823842,0.116369111823842,-0.250927809110629,0.250927809110629,0,1,1
386,"oracle_ipw",0.3688,1844,0.0293679053433813,-0.0549214028667695,0.0549214028667695,0.915235999522518,0.00905175746195367,0.00905175746195367,0.013827623830413,0.013827623830413,9.31068891218472,0.664297643311229,35.8720727388064
386,"oracle_joint",0.3688,1844,0.0293679053433813,-0.0135570992322646,0.0135570992322646,0.915235999522518,-1.18922359456514e-07,1.18922359456514e-07,-6.77236045021345e-15,6.77236045021345e-15,8.36325859869284,0.68457723905724,34.0507771428572
386,"standard",0.3688,1844,0.0293679053433813,0.77793022143033,0.77793022143033,0.915235999522522,-0.200575973801956,0.200575973801956,-0.200575854879758,0.200575854879758,0.652274002425661,0.258374610791784,7.63207168584289
386,"constrained",0.3688,1844,0.0293679053433813,0.607081540790025,0.607081540790025,0.915235999522517,-0.157280118922355,0.157280118922355,-0.157279999999998,0.157279999999998,1.35632663683061,0.3688,13.3347542857146
387,"unweighted",0.354,1770,0.0196686746198045,0.552792085831007,0.552792085831007,0.929272829991555,-0.122732625838763,0.122732625838763,-0.253435254237288,0.253435254237288,0,1,1
387,"oracle_ipw",0.354,1770,0.0196686746198045,0.224633045412096,0.224633045412096,0.929272829991551,-0.0217393425248712,0.0217393425248712,-0.0583736234900722,0.0583736234900722,7.52838478357476,0.728928161363315,39.362120713619
387,"oracle_joint",0.354,1770,0.0196686746198045,0.133336801306983,0.133336801306983,0.929272829991551,-1.18922357524032e-07,1.18922357524032e-07,1.88737914186277e-15,1.88737914186277e-15,12.7059330011955,0.681187434554973,50.8422666666667
387,"standard",0.354,1770,0.0196686746198045,0.865811071806365,0.865811071806365,0.929272829991558,-0.214686158916349,0.214686158916349,-0.214686039994984,0.214686039994984,0.625095297285552,0.230692539930128,8.62067880102414
387,"constrained",0.354,1770,0.0196686746198045,0.706798752484015,0.706798752484015,0.929272829991544,-0.168080118922353,0.168080118922353,-0.168080000000004,0.168080000000004,1.63456863882976,0.354,17.786533333333
388,"unweighted",0.3648,1824,0.0360520479599122,0.482944332691077,0.482944332691077,0.917848220248936,-0.117409636352029,0.117409636352029,-0.249199824561404,0.249199824561404,0,1,1
388,"oracle_ipw",0.3648,1824,0.0360520479599122,-0.182043818091288,0.182043818091288,0.917848220248937,0.0190383219340269,0.0190383219340269,0.0570128652047447,0.0570128652047447,10.1629789012857,0.626941117792435,33.8548203607915
388,"oracle_joint",0.3648,1824,0.0360520479599122,-0.0602911934969736,0.0602911934969736,0.917848220248941,-1.18922358294249e-07,1.18922358294249e-07,-4.88498130835069e-15,4.88498130835069e-15,6.73300668370149,0.663743366336634,27.7376752941177
388,"standard",0.3648,1824,0.0360520479599122,0.69169253953643,0.69169253953643,0.917848220248942,-0.195222570455561,0.195222570455561,-0.195222451533245,0.195222451533245,0.605009630322996,0.277919097719353,6.79145461196368
388,"constrained",0.3648,1824,0.0360520479599122,0.56325966219309,0.56325966219309,0.91784822024894,-0.161880118922358,0.161880118922358,-0.161880000000001,0.161880000000001,1.02219973703953,0.3648,10.3689035294117
389,"unweighted",0.3626,1813,0.0298700592681716,0.4940563265535,0.4940563265535,0.927388391215288,-0.119674268178595,0.119674268178595,-0.250797992277992,0.250797992277992,0,1,1
389,"oracle_ipw",0.3626,1813,0.0298700592681716,0.0606844763450253,0.0606844763450253,0.927388391215283,0.0059341647170359,0.0059341647170359,0.0177047066065694,0.0177047066065694,9.41645084757963,0.662427768621299,35.7710995055501
389,"oracle_joint",0.3626,1813,0.0298700592681716,0.0868707093765343,0.0868707093765343,0.927388391215281,-1.18922357166679e-07,1.18922357166679e-07,3.71924713249427e-15,3.71924713249427e-15,8.21805803065925,0.6522067862969,33.47834
389,"standard",0.3626,1813,0.0298700592681716,0.77672080409863,0.77672080409863,0.927388391215282,-0.202173241334978,0.202173241334978,-0.202173122412731,0.202173122412731,0.612157141085555,0.262745013177642,7.29692064755483
389,"constrained",0.3626,1813,0.0298700592681716,0.647422835240375,0.647422835240375,0.927388391215283,-0.164280118922353,0.164280118922353,-0.164279999999997,0.164279999999997,1.17362120703007,0.3626,12.2040800000007
390,"unweighted",0.364,1820,0.025504435221285,0.517261245785022,0.517261245785022,0.914491455849823,-0.124115351065336,0.124115351065336,-0.251926593406593,0.251926593406593,0,1,1
390,"oracle_ipw",0.364,1820,0.025504435221285,0.00903860107068977,0.00903860107068977,0.914491455849821,-0.00787189849595769,0.00787189849595769,-0.0132991856822936,0.0132991856822936,8.70102098107876,0.688737472312087,37.1918235048527
390,"oracle_joint",0.364,1820,0.025504435221285,-0.0261425653783119,0.0261425653783119,0.914491455849822,-1.18922357902201e-07,1.18922357902201e-07,-6.66133814775094e-16,6.66133814775094e-16,9.69787867499412,0.691976551724138,39.2088666666667
390,"standard",0.364,1820,0.025504435221285,0.771112675921951,0.771112675921951,0.91449145584982,-0.208732185869372,0.208732185869372,-0.208732066947198,0.208732066947198,0.580211987374799,0.251154426899113,7.55116984634758
390,"constrained",0.364,1820,0.025504435221285,0.611258082316977,0.611258082316977,0.91449145584982,-0.166880118921098,0.166880118921098,-0.166879999997204,0.166879999997204,1.28472757280208,0.364,13.8987333338002
391,"unweighted",0.361,1805,0.0257163834364203,0.567569625761837,0.567569625761837,0.918523619951626,-0.123642417317982,0.123642417317982,-0.251871800554017,0.251871800554017,0,1,1
391,"oracle_ipw",0.361,1805,0.0257163834364203,0.115088333257334,0.115088333257334,0.918523619951626,-0.00709247840720931,0.00709247840720931,-0.0114014128405007,0.0114014128405007,8.76369570727478,0.688347299109411,37.1707541519082
391,"oracle_joint",0.361,1805,0.0257163834364203,0.0851586296603762,0.0851586296603762,0.918523619951627,-1.18922357118106e-07,1.18922357118106e-07,6.99440505513849e-15,6.99440505513849e-15,9.61594701442682,0.657915041322315,38.8857166666667
391,"standard",0.361,1805,0.0257163834364203,0.865691228906181,0.865691228906181,0.918523619951626,-0.208384017169197,0.208384017169197,-0.208383898247022,0.208383898247022,0.586326646393117,0.252257793221139,7.54130530534981
391,"constrained",0.361,1805,0.0257163834364203,0.714727038660667,0.714727038660667,0.918523619951624,-0.168080118921664,0.168080118921664,-0.168079999998465,0.168079999998465,1.25114963006395,0.361,13.6036833335873
392,"unweighted",0.369,1845,0.0209657055567925,0.51584760915814,0.51584760915814,0.952911369935305,-0.121058381316553,0.121058381316553,-0.253099945799458,0.253099945799458,0,1,1
392,"oracle_ipw",0.369,1845,0.0209657055567925,-0.044450273505595,0.044450273505595,0.952911369935318,-0.0159991120966589,0.0159991120966589,-0.0481541463414636,0.0481541463414636,7.79875166555805,0.71875,38.8125
392,"oracle_joint",0.369,1845,0.0209657055567925,-0.166091809433533,0.166091809433533,0.952911369935305,-1.18922357687096e-07,1.18922357687096e-07,2.83106871279415e-15,2.83106871279415e-15,11.8910630107338,0.706353125,47.69694
392,"standard",0.369,1845,0.0209657055567925,0.780577260085683,0.780577260085683,0.952911369935309,-0.212227225319061,0.212227225319061,-0.212227106397478,0.212227106397478,0.638331044957897,0.233959814285966,8.5410388696943
392,"constrained",0.369,1845,0.0209657055567925,0.549751960925994,0.549751960925994,0.952911369935312,-0.160480118734035,0.160480118734035,-0.160479999578392,0.160479999578392,1.77301545907157,0.369,18.0883800862413
393,"unweighted",0.3794,1897,0.0387428997518905,0.54085719376203,0.54085719376203,0.919751769998374,-0.123044726013616,0.123044726013616,-0.248504185556141,0.248504185556141,0,1,1
393,"oracle_ipw",0.3794,1897,0.0387428997518905,-0.0272627965166947,0.0272627965166947,0.919751769998374,0.0167335641437292,0.0167335641437292,0.0727770642275953,0.0727770642275953,10.4176445725904,0.612544377036781,33.0773963599862
393,"oracle_joint",0.3794,1897,0.0387428997518905,0.0814057546286914,0.0814057546286914,0.919751769998374,-1.18922357114637e-07,1.18922357114637e-07,9.04831765069503e-15,9.04831765069503e-15,6.23470001850994,0.689170411861615,25.8111810526316
393,"standard",0.3794,1897,0.0387428997518905,0.780047732899225,0.780047732899225,0.919751769998374,-0.196346479434667,0.196346479434667,-0.196346360512317,0.196346360512317,0.529031849659249,0.287639819120951,6.20754705832308
393,"constrained",0.3794,1897,0.0387428997518905,0.660255684078088,0.660255684078088,0.919751769998371,-0.162680118813896,0.162680118813896,-0.162679999757924,0.162679999757924,0.910102302283006,0.3794,9.5688673951524
394,"unweighted",0.3644,1822,0.0360916221069593,0.526393118450487,0.526393118450487,0.913281318597682,-0.118180599920929,0.118180599920929,-0.249189593852909,0.249189593852909,0,1,1
394,"oracle_ipw",0.3644,1822,0.0360916221069593,-0.0860417649231566,0.0860417649231566,0.913281318597682,0.0185155368420789,0.0185155368420789,0.0569557013185832,0.0569557013185832,10.147426127674,0.62614022636435,33.8115722236749
394,"oracle_joint",0.3644,1822,0.0360916221069593,0.0259106844585695,0.0259106844585695,0.913281318597683,-1.18922358845891e-07,1.18922358845891e-07,-8.10462807976364e-15,8.10462807976364e-15,6.72331655024892,0.689172281303602,27.7072611764706
394,"standard",0.3644,1822,0.0360916221069593,0.789119410283238,0.789119410283238,0.913281318597683,-0.195523944191087,0.195523944191087,-0.19552382526876,0.19552382526876,0.59383628517379,0.277623138052252,6.75170766825499
394,"constrained",0.3644,1822,0.0360916221069593,0.659355288238184,0.659355288238184,0.913281318597684,-0.16228011892236,0.16228011892236,-0.162280000000001,0.162280000000001,1.00775597161126,0.3644,10.3146635294116
395,"unweighted",0.3446,1723,0.0112251093303199,0.564388583223954,0.564388583223954,0.96817677197896,-0.125994032701483,0.125994032701483,-0.255618084735926,0.255618084735926,0,1,1
395,"oracle_ipw",0.3446,1723,0.0112251093303199,0.197799395242766,0.197799395242766,0.968176771978955,-0.0562341511548503,0.0562341511548503,-0.13343943280696,0.13343943280696,5.16564948000849,0.798199323235579,43.1027634547213
395,"oracle_joint",0.3446,1723,0.0112251093303199,-0.178555318966409,0.178555318966409,0.968176771978956,-1.18922357583012e-07,1.18922357583012e-07,4.49640324973188e-15,4.49640324973188e-15,22.6019830232946,0.631156079734218,89.0859919999999
395,"standard",0.3446,1723,0.0112251093303199,0.869930206877169,0.869930206877169,0.968176771978965,-0.228422214464667,0.228422214464667,-0.228422095561792,0.228422095561792,0.622849575321115,0.199006241238292,10.3717378702532
395,"constrained",0.3446,1723,0.0112251093303199,0.623247375354149,0.623247375354149,0.968176771978952,-0.174680118922361,0.174680118922361,-0.174679999999996,0.174679999999996,2.47108034794966,0.3446,28.8912640000005
396,"unweighted",0.369,1845,0.0356416994465473,0.506979561275052,0.506979561275052,0.915494910193631,-0.122431167944149,0.122431167944149,-0.249305907859079,0.249305907859079,0,1,1
396,"oracle_ipw",0.369,1845,0.0356416994465473,-0.0661957011420664,0.0661957011420664,0.91549491019363,0.013070519365515,0.013070519365515,0.0541149981953924,0.0541149981953924,10.0921644093238,0.628335045392709,33.9300924512063
396,"oracle_joint",0.369,1845,0.0356416994465473,0.0228972145308582,0.0228972145308582,0.915494910193629,-1.18922358460782e-07,1.18922358460782e-07,-6.66133814775094e-15,6.66133814775094e-15,6.81447459015238,0.707885464098074,28.0570235294118
396,"standard",0.369,1845,0.0356416994465473,0.728681659992617,0.728681659992617,0.91549491019363,-0.198429328641897,0.198429328641897,-0.198429209719562,0.198429209719562,0.549443965633215,0.279044894835539,6.52161812161293
396,"constrained",0.369,1845,0.0356416994465473,0.610063269475657,0.610063269475657,0.915494910193629,-0.165080118922363,0.165080118922363,-0.165079999999997,0.165079999999997,0.954181073091603,0.369,10.1409882352942
397,"unweighted",0.3724,1862,0.00830971573625826,0.48398351559127,0.48398351559127,1.0084867184349,-0.118471052020934,0.118471052020934,-0.256371772287863,0.256371772287863,0,1,1
397,"oracle_ipw",0.3724,1862,0.00830971573625826,0.377687962354299,0.377687962354299,1.0084867184349,-0.0610531067010291,0.0610531067010291,-0.163341432420201,0.163341432420201,4.04326408396592,0.820474503859205,44.3056232083971
397,"oracle_joint",0.3724,1862,0.00830971573625826,0.265243606197801,0.265243606197801,1.00848671843489,-1.18922358207513e-07,1.18922358207513e-07,-7.49400541621981e-15,7.49400541621981e-15,30.6788199510952,0.701894427350429,120.34106
397,"standard",0.3724,1862,0.00830971573625826,0.899117520209383,0.899117520209383,1.00848671843489,-0.23108359414361,0.23108359414361,-0.231083475355856,0.231083475355856,0.723117874442133,0.177659204156809,12.7717022289165
397,"constrained",0.3724,1862,0.00830971573625826,0.686247177447609,0.686247177447609,1.00848671843489,-0.153480118922355,0.153480118922355,-0.153479999999981,0.153479999999981,5.12599593517157,0.3724,48.8961200000085
398,"unweighted",0.357,1785,0.0238374786708742,0.480473285469025,0.480473285469025,0.914549107899622,-0.119300560547666,0.119300560547666,-0.252357535014006,0.252357535014006,0,1,1
398,"oracle_ipw",0.357,1785,0.0238374786708742,0.0430997552843725,0.0430997552843725,0.914549107899623,-0.00646718787068819,0.00646718787068819,-0.0257841786658859,0.0257841786658859,8.38937871040434,0.699382897443432,37.7666764619453
398,"oracle_joint",0.357,1785,0.0238374786708742,0.00448224310003142,0.00448224310003142,0.914549107899623,-1.18922359560597e-07,1.18922359560597e-07,-7.32747196252603e-15,7.32747196252603e-15,10.4056541804855,0.690575789473684,41.9507454545454
398,"standard",0.357,1785,0.0238374786708742,0.78212827027996,0.78212827027996,0.914549107899623,-0.208010102627081,0.208010102627081,-0.208009983705142,0.208009983705142,0.645686070014998,0.24283765085244,8.19639809877155
398,"constrained",0.357,1785,0.0238374786708742,0.617148177016487,0.617148177016487,0.914549107899622,-0.163880118918524,0.163880118918524,-0.163879999991449,0.163879999991449,1.47556789583252,0.357,15.3574909106233
399,"unweighted",0.3566,1783,0.0195252686915614,0.533474405666288,0.533474405666288,0.927017589366209,-0.125591095707892,0.125591095707892,-0.253472327537858,0.253472327537858,0,1,1
399,"oracle_ipw",0.3566,1783,0.0195252686915614,0.0525294491452,0.0525294491452,0.92701758936622,-0.0254734265182111,0.0254734265182111,-0.0593099432604234,0.0593099432604234,7.51365313743097,0.730846771947882,39.4657256851856
399,"oracle_joint",0.3566,1783,0.0195252686915614,-0.09669805301036,0.09669805301036,0.927017589366222,-1.18922358450374e-07,1.18922358450374e-07,-2.99760216648792e-15,2.99760216648792e-15,12.8043736335776,0.661931245791246,51.2156844444444
399,"standard",0.3566,1783,0.0195252686915614,0.80940806730348,0.80940806730348,0.927017589366214,-0.216253985969681,0.216253985969681,-0.216253867048169,0.216253867048169,0.592868550531526,0.232376552597914,8.37339056148825
399,"constrained",0.3566,1783,0.0195252686915614,0.617615052692848,0.617615052692848,0.927017589366219,-0.170480118922354,0.170480118922354,-0.170480000000001,0.170480000000001,1.55956634239242,0.3566,17.4417022222224
400,"unweighted",0.3658,1829,0.0380684024899442,0.506067565300378,0.506067565300378,0.913028885087876,-0.117960730480548,0.117960730480548,-0.2486785565883,0.2486785565883,0,1,1
400,"oracle_ipw",0.3658,1829,0.0380684024899442,-0.133237784096424,0.133237784096424,0.913028885087876,0.021617118134862,0.021617118134862,0.0685007953541861,0.0685007953541861,10.331644844862,0.615350858747744,33.2289463723782
400,"oracle_joint",0.3658,1829,0.0380684024899442,0.00214589583846558,0.00214589583846558,0.913028885087876,-1.18922358696705e-07,1.18922358696705e-07,-1.49880108324396e-15,1.49880108324396e-15,6.35081237142346,0.706359159369527,26.2685044444444
400,"standard",0.3658,1829,0.0380684024899442,0.743004671839523,0.743004671839523,0.913028885087876,-0.193711093043989,0.193711093043989,-0.193710974121645,0.193710974121645,0.585466215250506,0.282227030430253,6.58531712952889
400,"constrained",0.3658,1829,0.0380684024899442,0.620500365841874,0.620500365841874,0.913028885087876,-0.161680118751572,0.161680118751572,-0.161679999618287,0.161679999618287,0.964583952408635,0.3658,9.84002004294482
