"rep","method","rr_obs","y_mean_bias","y_mean_abs_err","weight_var","min_weight","max_weight"
1,"unweighted",0.280666666666667,1.31175914728082,1.31175914728082,0,1,1
1,"standard",0.280666666666667,0.399759656428306,0.399759656428306,0.673816893128919,0.233797451121357,6.29185085877424
1,"constrained",0.280666666666667,0.399968218343494,0.399968218343494,0.6751223046254,0.280666666666667,6.30684067379546
1,"oracle_ipw",0.280666666666667,-0.240671470449156,0.240671470449156,1.48932184250376,0.284734512675246,12.0264954472935
2,"unweighted",0.273333333333333,1.44321434067428,1.44321434067428,0,1,1
2,"standard",0.273333333333333,0.477540556147761,0.477540556147761,0.698415685107712,0.22685826359438,7.41861254026373
2,"constrained",0.273333333333333,0.477376893919458,0.477376893919458,0.699384828017883,0.273333333333333,7.43488027146252
2,"oracle_ipw",0.273333333333333,-0.0720074511829162,0.0720074511829162,2.10198318867045,0.284499041521854,29.1597810874912
3,"unweighted",0.264,1.42477274638246,1.42477274638246,0,1,1
3,"standard",0.264,0.529703687609958,0.529703687609958,0.574956682461774,0.294444447999369,5.93656913567446
3,"constrained",0.264,0.529703678070493,0.529703678070493,0.574956692578456,0.294444441338829,5.93656923048723
3,"oracle_ipw",0.264,0.00509265046265495,0.00509265046265495,1.27303369811904,0.278736948604293,11.7731728826473
4,"unweighted",0.281666666666667,1.36806878426783,1.36806878426783,0,1,1
4,"standard",0.281666666666667,0.440073306087071,0.440073306087071,0.755197764169148,0.192028082898327,6.76369592951234
4,"constrained",0.281666666666667,0.441861067284236,0.441861067284236,0.760757241981327,0.281666666666667,6.8146040474767
4,"oracle_ipw",0.281666666666667,-0.0240104140827553,0.0240104140827553,1.15670866930399,0.298469919071148,10.3730642463201
5,"unweighted",0.282,1.43370898335563,1.43370898335563,0,1,1
5,"standard",0.282,0.428709729690451,0.428709729690451,0.752292890689337,0.226558684174454,6.5373555191036
5,"constrained",0.282,0.429976441795767,0.429976441795767,0.755848765299461,0.282,6.57040657327398
5,"oracle_ipw",0.282,-0.00510726126386629,0.00510726126386629,1.2150144060612,0.296846849536402,9.82731833521153
6,"unweighted",0.280666666666667,1.52883838303853,1.52883838303853,0,1,1
6,"standard",0.280666666666667,0.47813658637374,0.47813658637374,0.75882509265599,0.17676702574262,6.04408552931944
6,"constrained",0.280666666666667,0.477290580809287,0.477290580809287,0.768625472284089,0.280666666666667,6.12135072812493
6,"oracle_ipw",0.280666666666667,-0.000316986017671494,0.000316986017671494,1.38794339966261,0.294259830817247,12.4288217904981
7,"unweighted",0.277666666666667,1.30762977741388,1.30762977741388,0,1,1
7,"standard",0.277666666666667,0.392992474628169,0.392992474628169,0.787158190504267,0.192137909111065,8.04405885440353
7,"constrained",0.277666666666667,0.395211537866751,0.395211537866751,0.793687038450514,0.277666666666667,8.13334197995365
7,"oracle_ipw",0.277666666666667,-0.108217312140836,0.108217312140836,1.84133739342028,0.293808866271856,30.1139932711976
8,"unweighted",0.282666666666667,1.32883863471579,1.32883863471579,0,1,1
8,"standard",0.282666666666667,0.313180022171869,0.313180022171869,0.742908298915843,0.203435727704399,6.94025139579891
8,"constrained",0.282666666666667,0.313749988111718,0.313749988111718,0.750763358329936,0.282666666666667,7.02514755265354
8,"oracle_ipw",0.282666666666667,-0.17159328698587,0.17159328698587,1.1321092604925,0.289935621539661,12.246177675103
9,"unweighted",0.282333333333333,1.33692129820092,1.33692129820092,0,1,1
9,"standard",0.282333333333333,0.472141398994544,0.472141398994544,0.492772761487474,0.287770536432452,5.78772444160465
9,"constrained",0.282333333333333,0.472141411695178,0.472141411695178,0.492772749175445,0.287770544323346,5.78772433175055
9,"oracle_ipw",0.282333333333333,-0.416660223677484,0.416660223677484,2.51399456460652,0.253823332609564,26.015668714384
10,"unweighted",0.273,1.40545930356532,1.40545930356532,0,1,1
10,"standard",0.273,0.531739973382958,0.531739973382958,0.79080555550251,0.221802767213263,8.54565450995151
10,"constrained",0.273,0.532506829796539,0.532506829796539,0.792522833792261,0.273,8.57198683426427
10,"oracle_ipw",0.273,0.000924791807658698,0.000924791807658698,1.63853671739504,0.287252263956998,17.9652873847741
11,"unweighted",0.283333333333333,1.41847070401281,1.41847070401281,0,1,1
11,"standard",0.283333333333333,0.440813682958227,0.440813682958227,0.732746817000327,0.206461915141401,6.80097459708728
11,"constrained",0.283333333333333,0.439814098844101,0.439814098844101,0.738840389716427,0.283333333333333,6.8803346599337
11,"oracle_ipw",0.283333333333333,-0.124441909947372,0.124441909947372,1.54085373811643,0.288729667965297,12.1952411200803
12,"unweighted",0.281333333333333,1.61084112699277,1.61084112699277,0,1,1
12,"standard",0.281333333333333,0.605916674055251,0.605916674055251,0.90704701999726,0.215587563340756,9.73499840323774
12,"constrained",0.281333333333333,0.607561802176767,0.607561802176767,0.914741553634404,0.281333333333333,9.84712665233187
12,"oracle_ipw",0.281333333333333,0.275902012719822,0.275902012719822,1.31224087622414,0.314486082037288,10.9296921569126
13,"unweighted",0.282,1.44178285083678,1.44178285083678,0,1,1
13,"standard",0.282,0.491040244274552,0.491040244274552,0.745161809611496,0.201544016000157,5.66843855896686
13,"constrained",0.282,0.491974274462496,0.491974274462496,0.75135849072206,0.282,5.7156796902583
13,"oracle_ipw",0.282,0.099469727440056,0.099469727440056,1.19576874122366,0.30222949559816,12.765441107572
14,"unweighted",0.276,1.33176566093795,1.33176566093795,0,1,1
14,"standard",0.276,0.367629133716864,0.367629133716864,0.663097781788302,0.251237280514537,7.64762555909608
14,"constrained",0.276,0.36785209887216,0.36785209887216,0.66405551030367,0.276,7.66466801625238
14,"oracle_ipw",0.276,-0.285751722033204,0.285751722033204,1.7457463658442,0.276022146558101,17.2629350911604
15,"unweighted",0.273,1.52069525166254,1.52069525166254,0,1,1
15,"standard",0.273,0.513790566887785,0.513790566887785,0.830170741281076,0.23199140252014,6.7380085890874
15,"constrained",0.273,0.514962503418864,0.514962503418864,0.833878648496722,0.273,6.77687542804543
15,"oracle_ipw",0.273,0.0531707892871431,0.0531707892871431,1.67839884076488,0.298656189268973,18.6785099464414
16,"unweighted",0.294,1.41670663484142,1.41670663484142,0,1,1
16,"standard",0.294,0.24914356386737,0.24914356386737,0.898457767719395,0.190674042619231,8.68353184246652
16,"constrained",0.294,0.252352886531426,0.252352886531426,0.914813463451115,0.294,8.90770224105134
16,"oracle_ipw",0.294,-0.169370228128874,0.169370228128874,1.32904572137082,0.297881396773675,18.630052992091
17,"unweighted",0.266,1.45629176974036,1.45629176974036,0,1,1
17,"standard",0.266,0.525248472540815,0.525248472540815,0.736566839526857,0.20406253316311,7.37901098858339
17,"constrained",0.266,0.52530137368048,0.52530137368048,0.740178678705097,0.266,7.43360605845729
17,"oracle_ipw",0.266,0.18927777779639,0.18927777779639,1.28040360754724,0.301644373610078,12.7407269734839
18,"unweighted",0.281666666666667,1.3764644340599,1.3764644340599,0,1,1
18,"standard",0.281666666666667,0.409165022993,0.409165022993,0.787723078006431,0.243949329544825,6.15035073930341
18,"constrained",0.281666666666667,0.40958009775862,0.40958009775862,0.790417550787838,0.281666666666667,6.17750374975814
18,"oracle_ipw",0.281666666666667,-0.0994312034456543,0.0994312034456543,1.64366386296371,0.293314680216624,18.3444421000407
19,"unweighted",0.285,1.40904474798501,1.40904474798501,0,1,1
19,"standard",0.285,0.413415692345282,0.413415692345282,0.790199290049515,0.206572779364832,6.36529603391853
19,"constrained",0.285,0.414306538188805,0.414306538188805,0.794529369017418,0.285,6.41748205035211
19,"oracle_ipw",0.285,-0.267867836359266,0.267867836359266,2.36966976017701,0.285339714477398,29.2459460152136
20,"unweighted",0.278666666666667,1.30500823278091,1.30500823278091,0,1,1
20,"standard",0.278666666666667,0.330920247940749,0.330920247940749,0.715223120930352,0.237701472405841,7.89658669962424
20,"constrained",0.278666666666667,0.331576630448693,0.331576630448693,0.717469014622739,0.278666666666667,7.93337675259876
20,"oracle_ipw",0.278666666666667,-0.269533464346071,0.269533464346071,1.52229770514194,0.268202452537069,11.3282213107369
21,"unweighted",0.285666666666667,1.40293530309846,1.40293530309846,0,1,1
21,"standard",0.285666666666667,0.504618986679729,0.504618986679729,0.715782430974535,0.228495736650456,6.16423606361605
21,"constrained",0.285666666666667,0.504787128526117,0.504787128526117,0.717870599962247,0.285666666666667,6.18779780008434
21,"oracle_ipw",0.285666666666667,0.0420746007242621,0.0420746007242621,1.20063467150004,0.294289195361501,10.2277668047178
22,"unweighted",0.278,1.20722692885661,1.20722692885661,0,1,1
22,"standard",0.278,0.294064838794858,0.294064838794858,0.608348253824211,0.227947533618381,6.11026601460691
22,"constrained",0.278,0.295852633789817,0.295852633789817,0.610753418629285,0.278,6.13844377027829
22,"oracle_ipw",0.278,-0.188171811962014,0.188171811962014,1.13575989034921,0.274397418907324,11.5898816698834
23,"unweighted",0.273666666666667,1.33857754655113,1.33857754655113,0,1,1
23,"standard",0.273666666666667,0.384204255600994,0.384204255600994,0.728560768659107,0.227869574233645,8.93895135053287
23,"constrained",0.273666666666667,0.384815984117489,0.384815984117489,0.731321947862069,0.273666666666667,8.99490373665386
23,"oracle_ipw",0.273666666666667,-0.167438333452181,0.167438333452181,1.56578699153008,0.280279506122678,17.5291982252584
24,"unweighted",0.282,1.50432049444667,1.50432049444667,0,1,1
24,"standard",0.282,0.62503289741718,0.62503289741718,0.834277613933774,0.189053814646451,10.9968054200561
24,"constrained",0.282,0.625192350537748,0.625192350537748,0.844174406750794,0.282,11.1920866608787
24,"oracle_ipw",0.282,0.326835273175097,0.326835273175097,1.25653801494915,0.309817598300705,19.3765650918104
25,"unweighted",0.269333333333333,1.5110101258503,1.5110101258503,0,1,1
25,"standard",0.269333333333333,0.456553090167297,0.456553090167297,0.755300596992582,0.192386293292066,6.4876678610058
25,"constrained",0.269333333333333,0.457497411872297,0.457497411872297,0.759342519433028,0.269333333333333,6.54149295872433
25,"oracle_ipw",0.269333333333333,-0.111879308793599,0.111879308793599,2.12054907627901,0.286850591716382,29.4008036530572
26,"unweighted",0.286666666666667,1.43913606009421,1.43913606009421,0,1,1
26,"standard",0.286666666666667,0.523114661693191,0.523114661693191,0.79230885379396,0.174939659385234,7.24979889361642
26,"constrained",0.286666666666667,0.525022586947351,0.525022586947351,0.803413793871354,0.286666666666667,7.36058786839174
26,"oracle_ipw",0.286666666666667,0.227719431800031,0.227719431800031,0.969079782761536,0.306267480037321,8.35423473970358
27,"unweighted",0.278333333333333,1.47024559336508,1.47024559336508,0,1,1
27,"standard",0.278333333333333,0.340114833527434,0.340114833527434,0.977608781419291,0.170338076594321,9.36891368872561
27,"constrained",0.278333333333333,0.340474003119648,0.340474003119648,1.00486349678401,0.278333333333333,9.72326557810756
27,"oracle_ipw",0.278333333333333,0.164991929345306,0.164991929345306,1.12648916827087,0.310816737140877,13.1281453696861
28,"unweighted",0.262333333333333,1.43529204145662,1.43529204145662,0,1,1
28,"standard",0.262333333333333,0.509770161005293,0.509770161005293,0.74350397660787,0.238177440378594,8.00089176381206
28,"constrained",0.262333333333333,0.509924649117037,0.509924649117037,0.743922606374762,0.262333333333333,8.00828174829066
28,"oracle_ipw",0.262333333333333,-0.143510960806224,0.143510960806224,1.77185344570702,0.278706795836948,17.4308380178681
29,"unweighted",0.282333333333333,1.46828881800712,1.46828881800712,0,1,1
29,"standard",0.282333333333333,0.500341329539109,0.500341329539109,0.710910073491891,0.217100939153178,6.49448227366833
29,"constrained",0.282333333333333,0.501485499104393,0.501485499104393,0.715443149944304,0.282333333333333,6.54470878609562
29,"oracle_ipw",0.282333333333333,0.127147974263308,0.127147974263308,1.11656942560019,0.287571578076752,8.23237326608774
30,"unweighted",0.284,1.52894645767711,1.52894645767711,0,1,1
30,"standard",0.284,0.468170276358085,0.468170276358085,0.83620816570741,0.211237679093878,7.61687537674645
30,"constrained",0.284,0.471006014563799,0.471006014563799,0.843968589493111,0.284,7.68313103100186
30,"oracle_ipw",0.284,0.0252235408373476,0.0252235408373476,1.6676694945731,0.291325792583464,18.2200533923121
31,"unweighted",0.285333333333333,1.38662116823355,1.38662116823355,0,1,1
31,"standard",0.285333333333333,0.342049938207435,0.342049938207435,0.8777673005442,0.218153475141237,7.17232952966591
31,"constrained",0.285333333333333,0.343454025180883,0.343454025180883,0.884535794796806,0.285333333333333,7.23150694122268
31,"oracle_ipw",0.285333333333333,-0.0635863575679615,0.0635863575679615,1.42848115764103,0.300112846339389,18.7696119712978
32,"unweighted",0.271666666666667,1.43267665336063,1.43267665336063,0,1,1
32,"standard",0.271666666666667,0.544736848661877,0.544736848661877,0.559211929215954,0.262913146968072,6.13014185070578
32,"constrained",0.271666666666667,0.544762396319054,0.544762396319054,0.559386313828001,0.271666666666667,6.1331654837314
32,"oracle_ipw",0.271666666666667,0.0415449981069893,0.0415449981069893,1.07527530118399,0.283996924874847,7.74674795857961
33,"unweighted",0.276333333333333,1.45976588149546,1.45976588149546,0,1,1
33,"standard",0.276333333333333,0.570509291203232,0.570509291203232,0.577319586618594,0.272299387491803,5.93922385805448
33,"constrained",0.276333333333333,0.570549789022574,0.570549789022574,0.577443618600912,0.276333333333333,5.94081334455613
33,"oracle_ipw",0.276333333333333,0.108977120921559,0.108977120921559,1.18926405812563,0.28959907790401,12.2319628879178
34,"unweighted",0.282333333333333,1.45008341589324,1.45008341589324,0,1,1
34,"standard",0.282333333333333,0.530707652229849,0.530707652229849,0.712366820465322,0.228976480580911,8.45643945081451
34,"constrained",0.282333333333333,0.53123448704149,0.53123448704149,0.716111552188084,0.282333333333333,8.52432916533201
34,"oracle_ipw",0.282333333333333,0.190878096234191,0.190878096234191,1.12319758748627,0.308388513118777,13.0255830744715
35,"unweighted",0.281333333333333,1.4135822608065,1.4135822608065,0,1,1
35,"standard",0.281333333333333,0.453930828875835,0.453930828875835,0.807364330526298,0.196128777563498,8.35393927230109
35,"constrained",0.281333333333333,0.454548535584173,0.454548535584173,0.815515508130437,0.281333333333333,8.49912853849523
35,"oracle_ipw",0.281333333333333,0.0201093858549279,0.0201093858549279,1.39319364175358,0.290888435700992,12.2864222350817
36,"unweighted",0.289,1.34218199185226,1.34218199185226,0,1,1
36,"standard",0.289,0.574236251650108,0.574236251650108,0.548779135675964,0.27485430410267,4.47185082138524
36,"constrained",0.289,0.574306542491014,0.574306542491014,0.549082209158892,0.289,4.47509920654883
36,"oracle_ipw",0.289,-0.238984451431903,0.238984451431903,2.14121992260761,0.269110926286316,27.5825734131977
37,"unweighted",0.286666666666667,1.33005932637184,1.33005932637184,0,1,1
37,"standard",0.286666666666667,0.47058185970602,0.47058185970602,0.6960804182101,0.230508363066511,7.09156774970822
37,"constrained",0.286666666666667,0.47074026891095,0.47074026891095,0.700051616565326,0.286666666666667,7.15287465514692
37,"oracle_ipw",0.286666666666667,0.0576029672537237,0.0576029672537237,1.35271842992571,0.287060816664261,17.9533139173219
38,"unweighted",0.271,1.41206801533371,1.41206801533371,0,1,1
38,"standard",0.271,0.389421284354791,0.389421284354791,0.80591493663746,0.21152500544392,8.45244031581863
38,"constrained",0.271,0.387682035702271,0.387682035702271,0.813980516650489,0.271,8.56783979818691
38,"oracle_ipw",0.271,-0.149420775113046,0.149420775113046,1.39063123425572,0.287311860495174,12.1353563701624
39,"unweighted",0.270666666666667,1.47681057991867,1.47681057991867,0,1,1
39,"standard",0.270666666666667,0.473228323174282,0.473228323174282,1.02313517354154,0.202460345129419,8.5209903532473
39,"constrained",0.270666666666667,0.47538188467084,0.47538188467084,1.0301172635846,0.270666666666667,8.60040369955513
39,"oracle_ipw",0.270666666666667,0.250952241712285,0.250952241712285,1.00159081381431,0.323308354375171,8.81906849995408
40,"unweighted",0.282333333333333,1.34207662491649,1.34207662491649,0,1,1
40,"standard",0.282333333333333,0.48013356795094,0.48013356795094,0.671589178931592,0.231276134897217,8.43590621600838
40,"constrained",0.282333333333333,0.481373694031033,0.481373694031033,0.674059412624957,0.282333333333333,8.48860079457279
40,"oracle_ipw",0.282333333333333,0.0324258536905251,0.0324258536905251,1.05976676522017,0.289646292029418,8.29176654755503
41,"unweighted",0.281,1.49059341340586,1.49059341340586,0,1,1
41,"standard",0.281,0.527015134322058,0.527015134322058,0.794048367999159,0.194944187829459,6.80173455114107
41,"constrained",0.281,0.52743556003788,0.52743556003788,0.804027961751256,0.281,6.87969035930308
41,"oracle_ipw",0.281,0.0622491030453138,0.0622491030453138,1.30555281725867,0.291267343407363,12.3024263778981
42,"unweighted",0.288666666666667,1.38621075630296,1.38621075630296,0,1,1
42,"standard",0.288666666666667,0.388576426051094,0.388576426051094,0.794420909780908,0.214017131368686,9.16702956793515
42,"constrained",0.288666666666667,0.390037342867269,0.390037342867269,0.799956626544554,0.288666666666667,9.26434893512102
42,"oracle_ipw",0.288666666666667,0.0603951449642375,0.0603951449642375,1.18705236544338,0.304377014111953,12.8561470827152
43,"unweighted",0.277333333333333,1.46059367514333,1.46059367514333,0,1,1
43,"standard",0.277333333333333,0.558906832996719,0.558906832996719,0.69131171191138,0.235705906033961,6.30480869500853
43,"constrained",0.277333333333333,0.559405907385726,0.559405907385726,0.693002084963365,0.277333333333333,6.32679755522978
43,"oracle_ipw",0.277333333333333,-0.063460555609825,0.063460555609825,1.40794667379061,0.283119798162945,11.9582938213353
44,"unweighted",0.282,1.49692002385475,1.49692002385475,0,1,1
44,"standard",0.282,0.548450566523233,0.548450566523233,0.716019272387725,0.235590820110222,5.9573611809208
44,"constrained",0.282,0.548902282874393,0.548902282874393,0.719212936717317,0.282,5.98336828775385
44,"oracle_ipw",0.282,-0.0512173227178351,0.0512173227178351,1.53784722656487,0.294956724689321,12.4582568979637
45,"unweighted",0.269,1.48400923715426,1.48400923715426,0,1,1
45,"standard",0.269,0.535513063212661,0.535513063212661,0.754371631095711,0.204352456024696,7.07067284592901
45,"constrained",0.269,0.536356532959393,0.536356532959393,0.758536708732724,0.269,7.12077724285175
45,"oracle_ipw",0.269,0.0877453540270174,0.0877453540270174,1.29085994663947,0.294272897398595,12.429373691213
46,"unweighted",0.269666666666667,1.41797347942115,1.41797347942115,0,1,1
46,"standard",0.269666666666667,0.494056316211897,0.494056316211897,0.724406668105483,0.253966442801756,7.02750312216892
46,"constrained",0.269666666666667,0.493956813346817,0.493956813346817,0.72477731612132,0.269666666666667,7.03304174046332
46,"oracle_ipw",0.269666666666667,-0.0611430333138342,0.0611430333138342,1.29207557773694,0.293015838553757,12.3762785734755
47,"unweighted",0.291333333333333,1.41379654610725,1.41379654610725,0,1,1
47,"standard",0.291333333333333,0.530801518206025,0.530801518206025,0.716416453416474,0.224161732980613,6.95510773198095
47,"constrained",0.291333333333333,0.530183447753967,0.530183447753967,0.720074278232493,0.291333333333333,7.02153874392256
47,"oracle_ipw",0.291333333333333,0.127031664575043,0.127031664575043,1.15451556228764,0.30768318025502,12.9957915244585
48,"unweighted",0.291,1.44353697047943,1.44353697047943,0,1,1
48,"standard",0.291,0.477137912154026,0.477137912154026,0.735889506295763,0.189052166354285,9.65590562741492
48,"constrained",0.291,0.47829262349009,0.47829262349009,0.74506345115888,0.291,9.83129014384761
48,"oracle_ipw",0.291,0.136584816596389,0.136584816596389,1.06485224719544,0.292088037367767,9.66977459792177
49,"unweighted",0.275333333333333,1.3518662633607,1.3518662633607,0,1,1
49,"standard",0.275333333333333,0.499096836451852,0.499096836451852,0.634248201581485,0.228883078824207,5.91918983528401
49,"constrained",0.275333333333333,0.499596482945036,0.499596482945036,0.636129044848671,0.275333333333333,5.937943430991
49,"oracle_ipw",0.275333333333333,-0.103005490414415,0.103005490414415,2.07055583247535,0.277424794381841,28.4347048381719
50,"unweighted",0.272333333333333,1.40978964056413,1.40978964056413,0,1,1
50,"standard",0.272333333333333,0.465474849096994,0.465474849096994,0.799684086637029,0.195752659892434,6.90207072973688
50,"constrained",0.272333333333333,0.466727284318482,0.466727284318482,0.805182542019789,0.272333333333333,6.96122155582936
50,"oracle_ipw",0.272333333333333,0.130140582591944,0.130140582591944,1.10869616660714,0.305643653842537,12.9096468738367
51,"unweighted",0.274,1.57902905675118,1.57902905675118,0,1,1
51,"standard",0.274,0.487574897167421,0.487574897167421,0.907143765574367,0.165189407143773,8.3482107108027
51,"constrained",0.274,0.487456491671574,0.487456491671574,0.919636970855286,0.274,8.495600576295
51,"oracle_ipw",0.274,-0.0113587981944132,0.0113587981944132,2.3234305584508,0.297094170831881,30.4507211605557
52,"unweighted",0.292333333333333,1.40096257755786,1.40096257755786,0,1,1
52,"standard",0.292333333333333,0.469877945930186,0.469877945930186,0.767557932720743,0.208399428275532,6.14275660172855
52,"constrained",0.292333333333333,0.469835160185871,0.469835160185871,0.775199593013579,0.292333333333333,6.2065767111394
52,"oracle_ipw",0.292333333333333,0.157624468375335,0.157624468375335,1.06955094435886,0.303966761553661,10.5641022591304
53,"unweighted",0.268666666666667,1.43401800360547,1.43401800360547,0,1,1
53,"standard",0.268666666666667,0.271835181385296,0.271835181385296,0.870860340619387,0.176326658763592,10.1919183614672
53,"constrained",0.268666666666667,0.272690098443202,0.272690098443202,0.882990329346202,0.268666666666667,10.4053647215837
53,"oracle_ipw",0.268666666666667,0.0145990734981238,0.0145990734981238,1.3730812880656,0.303137776192677,18.958796673916
54,"unweighted",0.272,1.5723089403738,1.5723089403738,0,1,1
54,"standard",0.272,0.455585425878651,0.455585425878651,0.943718595186696,0.231079187283976,9.12940096650825
54,"constrained",0.272,0.456093974499284,0.456093974499284,0.945769439424704,0.272,9.15969428144863
54,"oracle_ipw",0.272,-0.163056609458336,0.163056609458336,1.94860455661483,0.295088606317446,18.4553867163219
55,"unweighted",0.278666666666667,1.37281989121122,1.37281989121122,0,1,1
55,"standard",0.278666666666667,0.4475965258152,0.4475965258152,0.764253043013925,0.182404706075214,7.54082884601023
55,"constrained",0.278666666666667,0.448576298594642,0.448576298594642,0.774890896901757,0.278666666666667,7.71178830657062
55,"oracle_ipw",0.278666666666667,0.165804087801618,0.165804087801618,0.89110134747331,0.305205830650119,6.54813817302246
56,"unweighted",0.286,1.46751459278276,1.46751459278276,0,1,1
56,"standard",0.286,0.535975928178253,0.535975928178253,0.872759693613073,0.166514819565665,9.28598954504538
56,"constrained",0.286,0.537147666263612,0.537147666263612,0.889777978152449,0.286,9.48517633105944
56,"oracle_ipw",0.286,0.134902222552369,0.134902222552369,1.06545421968113,0.299452294023374,8.57248507058201
57,"unweighted",0.276,1.32089607144227,1.32089607144227,0,1,1
57,"standard",0.276,0.456113556331522,0.456113556331522,0.57955044750033,0.253476207834722,4.94438060847792
57,"constrained",0.276,0.456302558247338,0.456302558247338,0.579794233988279,0.276,4.94660726825369
57,"oracle_ipw",0.276,-0.275805640245921,0.275805640245921,1.94522818502708,0.270013114577649,16.887119127359
58,"unweighted",0.287666666666667,1.31093140565862,1.31093140565862,0,1,1
58,"standard",0.287666666666667,0.365195261680052,0.365195261680052,0.60994278311685,0.270464670277586,6.62806437156784
58,"constrained",0.287666666666667,0.365314474196428,0.365314474196428,0.610980277128052,0.287666666666667,6.64468037838566
58,"oracle_ipw",0.287666666666667,-0.18697289197691,0.18697289197691,1.47554999799246,0.277713896601886,11.7299616465604
59,"unweighted",0.301,1.38024071165808,1.38024071165808,0,1,1
59,"standard",0.301,0.384162526363005,0.384162526363005,0.690185738724101,0.258650480647612,6.9783203991861
59,"constrained",0.301,0.384321919114822,0.384321919114822,0.693529393161783,0.301,7.0370360232767
59,"oracle_ipw",0.301,-0.131956487025832,0.131956487025832,1.2897629832029,0.284532063753984,12.0179444957176
60,"unweighted",0.282666666666667,1.35478950019339,1.35478950019339,0,1,1
60,"standard",0.282666666666667,0.351701608633686,0.351701608633686,0.693644576466237,0.229299428945541,6.51890091128966
60,"constrained",0.282666666666667,0.352703090548056,0.352703090548056,0.696370360076973,0.282666666666667,6.55231730375435
60,"oracle_ipw",0.282666666666667,-0.142971838962087,0.142971838962087,1.23855655455358,0.279845523839558,9.26447779974878
61,"unweighted",0.275,1.30031136261765,1.30031136261765,0,1,1
61,"standard",0.275,0.410044867627786,0.410044867627786,0.67207289087282,0.232777630919756,7.50850671183093
61,"constrained",0.275,0.409924176817005,0.409924176817005,0.67410951636891,0.275,7.54392257205736
61,"oracle_ipw",0.275,-0.161356514428288,0.161356514428288,1.60709225521763,0.274821901542865,17.1878695500439
62,"unweighted",0.259333333333333,1.55737831168688,1.55737831168688,0,1,1
62,"standard",0.259333333333333,0.527316546807515,0.527316546807515,0.691291191328682,0.226280862563555,6.02370884746534
62,"constrained",0.259333333333333,0.527655661469838,0.527655661469838,0.693400801314429,0.259333333333333,6.04899410289562
62,"oracle_ipw",0.259333333333333,0.0775295305214407,0.0775295305214407,1.31529389193613,0.294841925033573,12.4534080388484
63,"unweighted",0.283333333333333,1.47107730479424,1.47107730479424,0,1,1
63,"standard",0.283333333333333,0.386649927786904,0.386649927786904,0.835939337399739,0.206648748246121,10.0512922084662
63,"constrained",0.283333333333333,0.386532374323553,0.386532374323553,0.845857459666782,0.283333333333333,10.2383688954047
63,"oracle_ipw",0.283333333333333,-0.195929264564773,0.195929264564773,1.65088811335457,0.289424300628589,18.1011305717968
64,"unweighted",0.279666666666667,1.40952685449135,1.40952685449135,0,1,1
64,"standard",0.279666666666667,0.536199692558064,0.536199692558064,0.734815637801051,0.239609963049854,6.58913496570941
64,"constrained",0.279666666666667,0.536253530883383,0.536253530883383,0.73660256208567,0.279666666666667,6.61204481940594
64,"oracle_ipw",0.279666666666667,0.0639716608399796,0.0639716608399796,1.496289453814,0.291011892781392,18.2004215186531
65,"unweighted",0.269666666666667,1.39640378415391,1.39640378415391,0,1,1
65,"standard",0.269666666666667,0.445510855041986,0.445510855041986,0.682856901034663,0.214597407491664,5.29084137574804
65,"constrained",0.269666666666667,0.447175224286347,0.447175224286347,0.685848201292137,0.269666666666667,5.30850466596904
65,"oracle_ipw",0.269666666666667,-0.116269182470037,0.116269182470037,1.60407445561204,0.271776956340981,11.479199684662
66,"unweighted",0.273333333333333,1.55598698301905,1.55598698301905,0,1,1
66,"standard",0.273333333333333,0.566201752393775,0.566201752393775,0.845340502255087,0.187160048490059,6.52237447461426
66,"constrained",0.273333333333333,0.567936816520798,0.567936816520798,0.853736628617243,0.273333333333333,6.5872363816582
66,"oracle_ipw",0.273333333333333,0.166831408534754,0.166831408534754,2.26230773225403,0.30857041929709,31.626981337606
67,"unweighted",0.275666666666667,1.36521513780561,1.36521513780561,0,1,1
67,"standard",0.275666666666667,0.433379962026831,0.433379962026831,0.660418384342932,0.21113107939151,9.05750414256607
67,"constrained",0.275666666666667,0.433173290552867,0.433173290552867,0.664061783979866,0.275666666666667,9.14118539151199
67,"oracle_ipw",0.275666666666667,-0.193597777486886,0.193597777486886,1.86008159411172,0.281563949875219,28.8589483344886
68,"unweighted",0.278666666666667,1.35827671867572,1.35827671867572,0,1,1
68,"standard",0.278666666666667,0.479677682286878,0.479677682286878,0.69763392584724,0.289882722192249,6.74830653214036
68,"constrained",0.278666666666667,0.479677674656546,0.479677674656546,0.69763393466453,0.289882716434869,6.7483066188302
68,"oracle_ipw",0.278666666666667,0.0148453001588627,0.0148453001588627,1.27280833682899,0.297209532929194,10.3292606145626
69,"unweighted",0.289,1.58414980863813,1.58414980863813,0,1,1
69,"standard",0.289,0.476815496082217,0.476815496082217,0.891549608743485,0.219904078822365,9.71816078017597
69,"constrained",0.289,0.477488671022493,0.477488671022493,0.897756843326642,0.289,9.8092881746678
69,"oracle_ipw",0.289,-0.0476147870195222,0.0476147870195222,1.45699087355577,0.296645589676932,12.5295904602135
70,"unweighted",0.290666666666667,1.42565907773453,1.42565907773453,0,1,1
70,"standard",0.290666666666667,0.344459090133569,0.344459090133569,0.823101794800418,0.196970567723756,5.692970148292
70,"constrained",0.290666666666667,0.347964464151321,0.347964464151321,0.829896064436653,0.290666666666667,5.77437135804019
70,"oracle_ipw",0.290666666666667,-0.0164718454365296,0.0164718454365296,1.4572240982142,0.290408965657413,18.1627133422052
71,"unweighted",0.298,1.39704124790919,1.39704124790919,0,1,1
71,"standard",0.298,0.37854577292447,0.37854577292447,0.673789545755707,0.194480086941593,5.93033946730856
71,"constrained",0.298,0.380452750672698,0.380452750672698,0.682602759833517,0.298,6.0278498123105
71,"oracle_ipw",0.298,-0.342093505043553,0.342093505043553,2.14147215412943,0.269360435900885,27.6081469465958
72,"unweighted",0.273333333333333,1.3626351043051,1.3626351043051,0,1,1
72,"standard",0.273333333333333,0.346755103488362,0.346755103488362,0.844216216114264,0.153019222482827,9.27129326400464
72,"constrained",0.273333333333333,0.347213412964585,0.347213412964585,0.866546670706921,0.273333333333333,9.64063442724405
72,"oracle_ipw",0.273333333333333,0.0503400086444525,0.0503400086444525,1.0490205814176,0.297310142572889,10.3327572158318
73,"unweighted",0.279666666666667,1.48356535943025,1.48356535943025,0,1,1
73,"standard",0.279666666666667,0.511566948934974,0.511566948934974,0.737314832520596,0.193935366039617,7.77174195814184
73,"constrained",0.279666666666667,0.511727737467323,0.511727737467323,0.743291071182635,0.279666666666667,7.86346425122084
73,"oracle_ipw",0.279666666666667,0.19718698795621,0.19718698795621,0.972671614243999,0.305348206504191,8.32915918520844
74,"unweighted",0.286333333333333,1.48494574694708,1.48494574694708,0,1,1
74,"standard",0.286333333333333,0.537921754123766,0.537921754123766,0.8771344887824,0.173202575730085,10.3363128159463
74,"constrained",0.286333333333333,0.540881040340052,0.540881040340052,0.894787525656791,0.286333333333333,10.6436766703792
74,"oracle_ipw",0.286333333333333,0.277022182983463,0.277022182983463,1.06579129261953,0.30802738876932,8.81796614772051
75,"unweighted",0.29,1.5193187180561,1.5193187180561,0,1,1
75,"standard",0.29,0.40628582312535,0.40628582312535,0.881790199939451,0.175658050525942,9.14843857999021
75,"constrained",0.29,0.406125554709275,0.406125554709275,0.900696895433132,0.29,9.38959915039785
75,"oracle_ipw",0.29,0.103211607258496,0.103211607258496,1.07945199310492,0.300809877263521,8.61134889727665
76,"unweighted",0.268666666666667,1.46995907495086,1.46995907495086,0,1,1
76,"standard",0.268666666666667,0.453202293683149,0.453202293683149,0.808505857051562,0.175648309811207,7.57819150848981
76,"constrained",0.268666666666667,0.455285228225944,0.455285228225944,0.819117662794565,0.268666666666667,7.67348962525611
76,"oracle_ipw",0.268666666666667,0.105962390927621,0.105962390927621,1.30923765813051,0.290036879646483,12.2504545720245
77,"unweighted",0.287666666666667,1.45991592726395,1.45991592726395,0,1,1
77,"standard",0.287666666666667,0.52139809562609,0.52139809562609,0.798277007354282,0.205574416675114,9.88879022026969
77,"constrained",0.287666666666667,0.523341719287946,0.523341719287946,0.805816022483165,0.287666666666667,10.0201770981416
77,"oracle_ipw",0.287666666666667,0.200964385659638,0.200964385659638,1.32184402259789,0.303098579295642,18.9563452275457
78,"unweighted",0.291333333333333,1.42605282319252,1.42605282319252,0,1,1
78,"standard",0.291333333333333,0.54280008398377,0.54280008398377,0.814561916600627,0.154260411628111,6.50852644857789
78,"constrained",0.291333333333333,0.545650040201826,0.545650040201826,0.835209676709742,0.291333333333333,6.69138803744353
78,"oracle_ipw",0.291333333333333,0.193018099291076,0.193018099291076,1.26271207065649,0.30112249231841,12.7186839730787
79,"unweighted",0.283333333333333,1.36697868426508,1.36697868426508,0,1,1
79,"standard",0.283333333333333,0.509811122551421,0.509811122551421,0.616072658245558,0.209991596948706,5.75170345895017
79,"constrained",0.283333333333333,0.510352772273304,0.510352772273304,0.621445563549151,0.283333333333333,5.83007373775685
79,"oracle_ipw",0.283333333333333,0.0583788003448598,0.0583788003448598,1.22266839133698,0.288907535853571,12.202753828422
80,"unweighted",0.264333333333333,1.43305596710228,1.43305596710228,0,1,1
80,"standard",0.264333333333333,0.39478894398477,0.39478894398477,0.970170456818602,0.175946059921145,8.80712834385035
80,"constrained",0.264333333333333,0.39656871148923,0.39656871148923,0.98046632853675,0.264333333333333,8.89613075702414
80,"oracle_ipw",0.264333333333333,0.110175591931037,0.110175591931037,1.15975136769608,0.318659438938856,13.4594020781957
81,"unweighted",0.28,1.53307579248836,1.53307579248836,0,1,1
81,"standard",0.28,0.648715642084619,0.648715642084619,0.99876168369271,0.169972483242563,7.72662493821159
81,"constrained",0.28,0.65308400997998,0.65308400997998,1.03071082743856,0.28,7.96845436624224
81,"oracle_ipw",0.28,0.268170182921725,0.268170182921725,1.11066177430173,0.309868871109018,13.0881098066991
82,"unweighted",0.277,1.38200968730936,1.38200968730936,0,1,1
82,"standard",0.277,0.395710419695978,0.395710419695978,0.75989815880301,0.230209650801429,6.98754872259653
82,"constrained",0.277,0.395550766631775,0.395550766631775,0.762606131919716,0.277,7.03171653758038
82,"oracle_ipw",0.277,-0.0635986903359735,0.0635986903359735,1.1532023997912,0.299087349523769,9.90149162234691
83,"unweighted",0.283333333333333,1.5905541497594,1.5905541497594,0,1,1
83,"standard",0.283333333333333,0.358167105801326,0.358167105801326,0.964711550021026,0.195503821364332,8.73524107745326
83,"constrained",0.283333333333333,0.360726278608533,0.360726278608533,0.980975469170552,0.283333333333333,8.94625157929036
83,"oracle_ipw",0.283333333333333,0.1392240204213,0.1392240204213,1.11647902014688,0.312070688010531,10.845747223709
84,"unweighted",0.276333333333333,1.48281756507879,1.48281756507879,0,1,1
84,"standard",0.276333333333333,0.517483888530142,0.517483888530142,0.799334457699996,0.190478379249062,9.8240979335329
84,"constrained",0.276333333333333,0.518982438691829,0.518982438691829,0.804169408005629,0.276333333333333,9.90918839906892
84,"oracle_ipw",0.276333333333333,-0.0852302991785042,0.0852302991785042,2.03860181769199,0.287829562281445,29.5011434194608
85,"unweighted",0.285,1.50027445206513,1.50027445206513,0,1,1
85,"standard",0.285,0.462599647210044,0.462599647210044,0.802656372626905,0.180052190639252,6.94338665690345
85,"constrained",0.285,0.464145070663664,0.464145070663664,0.81322036773262,0.285,7.0379881855472
85,"oracle_ipw",0.285,-0.021831501257638,0.021831501257638,1.43105643080104,0.293981642409266,12.4170717866414
86,"unweighted",0.280333333333333,1.35784376963213,1.35784376963213,0,1,1
86,"standard",0.280333333333333,0.440534283398111,0.440534283398111,0.61124788422291,0.226514571755851,5.6874737449339
86,"constrained",0.280333333333333,0.440842428820518,0.440842428820518,0.614107514651362,0.280333333333333,5.7223216558249
86,"oracle_ipw",0.280333333333333,-0.136520995706634,0.136520995706634,1.17207090268356,0.27625077031377,11.6681627396506
87,"unweighted",0.281,1.52532126919856,1.52532126919856,0,1,1
87,"standard",0.281,0.522435285516561,0.522435285516561,0.831172962737565,0.197309386249356,7.37520813545658
87,"constrained",0.281,0.524311921074595,0.524311921074595,0.839798184179601,0.281,7.46790864926602
87,"oracle_ipw",0.281,0.076409067832615,0.076409067832615,1.37233923677905,0.299732405106261,12.6599700596469
88,"unweighted",0.279,1.49620469402845,1.49620469402845,0,1,1
88,"standard",0.279,0.644137662503198,0.644137662503198,0.887584366044283,0.235930688265707,8.82645540892433
88,"constrained",0.279,0.645362705966882,0.645362705966882,0.890658317421585,0.279,8.87506676262492
88,"oracle_ipw",0.279,0.21707803739057,0.21707803739057,1.35157016221488,0.312242582804056,13.1883696333894
89,"unweighted",0.272666666666667,1.4576418390265,1.4576418390265,0,1,1
89,"standard",0.272666666666667,0.45436753624182,0.45436753624182,0.7223368109222,0.219506099319627,6.38766661562526
89,"constrained",0.272666666666667,0.456048811095436,0.456048811095436,0.725927211021655,0.272666666666667,6.42452815051201
89,"oracle_ipw",0.272666666666667,0.0830694853706995,0.0830694853706995,1.14542335289567,0.303383352822539,12.8141772390843
90,"unweighted",0.294666666666667,1.501394928952,1.501394928952,0,1,1
90,"standard",0.294666666666667,0.530690787284652,0.530690787284652,0.808021082734825,0.206414788600744,6.79510387473335
90,"constrained",0.294666666666667,0.534491367579282,0.534491367579282,0.817125666300893,0.294666666666667,6.88319711127417
90,"oracle_ipw",0.294666666666667,-0.00340368024753923,0.00340368024753923,1.69502743940289,0.288569839096353,18.0476909686605
91,"unweighted",0.275,1.41106039477808,1.41106039477808,0,1,1
91,"standard",0.275,0.587041559892005,0.587041559892005,0.58884036929365,0.257432748848741,6.77560848181116
91,"constrained",0.275,0.587337349988089,0.587337349988089,0.589289871243636,0.275,6.7840379637117
91,"oracle_ipw",0.275,-0.141450579664667,0.141450579664667,2.17936184356131,0.262944639094464,26.9505586841668
92,"unweighted",0.284333333333333,1.44984584372006,1.44984584372006,0,1,1
92,"standard",0.284333333333333,0.471070230194197,0.471070230194197,0.86022189452355,0.23162956865966,8.54204820656006
92,"constrained",0.284333333333333,0.47212317607773,0.47212317607773,0.862739342264224,0.284333333333333,8.58060479323925
92,"oracle_ipw",0.284333333333333,0.101413589630676,0.101413589630676,1.12858155050522,0.30245132672941,10.0128583925311
93,"unweighted",0.273333333333333,1.44403331409865,1.44403331409865,0,1,1
93,"standard",0.273333333333333,0.64482460385517,0.64482460385517,0.660096276662058,0.224719980637367,6.90727514504242
93,"constrained",0.273333333333333,0.644791935212965,0.644791935212965,0.66193559608918,0.273333333333333,6.93501602323824
93,"oracle_ipw",0.273333333333333,0.171019045849337,0.171019045849337,1.40324500838648,0.290766414666025,18.1850688637132
94,"unweighted",0.275666666666667,1.37284139638515,1.37284139638515,0,1,1
94,"standard",0.275666666666667,0.488948066725386,0.488948066725386,0.597730141136456,0.292607983056228,6.00793126093403
94,"constrained",0.275666666666667,0.488948058381351,0.488948058381351,0.5977301506801,0.29260797707337,6.00793134436928
94,"oracle_ipw",0.275666666666667,-0.0302962336372885,0.0302962336372885,1.18286426696355,0.288501116203689,10.026607112801
95,"unweighted",0.284666666666667,1.42414779447006,1.42414779447006,0,1,1
95,"standard",0.284666666666667,0.509533924353513,0.509533924353513,0.602543317344697,0.217638074446365,5.36092771213225
95,"constrained",0.284666666666667,0.511268267215806,0.511268267215806,0.606968998947983,0.284666666666667,5.40864754773498
95,"oracle_ipw",0.284666666666667,-0.0232508601444006,0.0232508601444006,1.24527041336759,0.284457157367647,12.014780631577
96,"unweighted",0.268333333333333,1.3222543752048,1.3222543752048,0,1,1
96,"standard",0.268333333333333,0.394050958655708,0.394050958655708,0.674703782114206,0.234892948649759,5.62209327640966
96,"constrained",0.268333333333333,0.394684298405089,0.394684298405089,0.67636289810098,0.268333333333333,5.64338841503483
96,"oracle_ipw",0.268333333333333,-0.0851581553424494,0.0851581553424494,1.22684915482958,0.28610566829404,9.9433553896698
97,"unweighted",0.275333333333333,1.46215300444894,1.46215300444894,0,1,1
97,"standard",0.275333333333333,0.479858620119404,0.479858620119404,0.721861139622147,0.214284053493097,7.37616375370497
97,"constrained",0.275333333333333,0.479795228812949,0.479795228812949,0.724576052663366,0.275333333333333,7.41347405431959
97,"oracle_ipw",0.275333333333333,0.0977643435999118,0.0977643435999118,1.18191142008407,0.295359070027784,12.4752509895327
98,"unweighted",0.298333333333333,1.58098115437691,1.58098115437691,0,1,1
98,"standard",0.298333333333333,0.560375721846073,0.560375721846073,0.723771336170057,0.223947388542359,8.640492669287
98,"constrained",0.298333333333333,0.561416233121997,0.561416233121997,0.729548923648553,0.298333333333333,8.7606709632049
98,"oracle_ipw",0.298333333333333,0.132942720341964,0.132942720341964,1.18508612483237,0.300413644794065,10.4406167550077
99,"unweighted",0.290666666666667,1.44094344418676,1.44094344418676,0,1,1
99,"standard",0.290666666666667,0.557928246633854,0.557928246633854,0.678009582023805,0.227344466268333,5.84281076527161
99,"constrained",0.290666666666667,0.557621703795752,0.557621703795752,0.681729641401052,0.290666666666667,5.89172181249448
99,"oracle_ipw",0.290666666666667,-0.00523659413858191,0.00523659413858191,1.64124409855164,0.295222807994425,18.4637799371837
100,"unweighted",0.277666666666667,1.48836653354281,1.48836653354281,0,1,1
100,"standard",0.277666666666667,0.565357068630274,0.565357068630274,0.742847890332747,0.264238945085993,7.29087695114201
100,"constrained",0.277666666666667,0.565547916070372,0.565547916070372,0.743519352117907,0.277666666666667,7.30172953615443
100,"oracle_ipw",0.277666666666667,0.0252622087145338,0.0252622087145338,1.68879432757393,0.292651046657401,18.3029372309567
101,"unweighted",0.287333333333333,1.43525299704777,1.43525299704777,0,1,1
101,"standard",0.287333333333333,0.441241704780161,0.441241704780161,0.745503935735528,0.203683869174287,6.62542593274071
101,"constrained",0.287333333333333,0.440916211326314,0.440916211326314,0.752138411301472,0.287333333333333,6.70120755553642
101,"oracle_ipw",0.287333333333333,0.021126602531583,0.021126602531583,1.23274900492419,0.298137413826527,12.5926014952113
102,"unweighted",0.286333333333333,1.43755445745588,1.43755445745588,0,1,1
102,"standard",0.286333333333333,0.514583803654658,0.514583803654658,0.714868853963138,0.245535498985398,7.83588549534688
102,"constrained",0.286333333333333,0.515468123675615,0.515468123675615,0.71911104239727,0.286333333333333,7.90014869105444
102,"oracle_ipw",0.286333333333333,-0.00307705884051024,0.00307705884051024,1.57121530366261,0.287707918469149,17.9937848599417
103,"unweighted",0.279,1.36802382929921,1.36802382929921,0,1,1
103,"standard",0.279,0.484802853715876,0.484802853715876,0.777151293201425,0.221365790687957,8.13851371011982
103,"constrained",0.279,0.485274717705149,0.485274717705149,0.779385102191155,0.279,8.17440561967402
103,"oracle_ipw",0.279,-0.0848264342868053,0.0848264342868053,1.60418263345452,0.290842555090377,18.1898308265477
104,"unweighted",0.281,1.3864484968592,1.3864484968592,0,1,1
104,"standard",0.281,0.484171121763718,0.484171121763718,0.874284478901664,0.180417436234299,6.86203775249618
104,"constrained",0.281,0.48491395501575,0.48491395501575,0.885201807193321,0.281,6.95576435294865
104,"oracle_ipw",0.281,0.192194279939011,0.192194279939011,0.966024063417696,0.311914155734188,10.8403070796429
105,"unweighted",0.281666666666667,1.3400906451838,1.3400906451838,0,1,1
105,"standard",0.281666666666667,0.433773512227502,0.433773512227502,0.739630691799582,0.221329051885348,8.0628061383512
105,"constrained",0.281666666666667,0.434324162136407,0.434324162136407,0.744060986030395,0.281666666666667,8.13603391585192
105,"oracle_ipw",0.281666666666667,-0.00797434742461012,0.00797434742461012,1.18216633435426,0.288478895731172,10.0258348594707
106,"unweighted",0.268,1.37371450507223,1.37371450507223,0,1,1
106,"standard",0.268,0.509119989041304,0.509119989041304,0.613215979771325,0.213354074470458,7.28542645012508
106,"constrained",0.268,0.509231430710365,0.509231430710365,0.6145542250538,0.268,7.30959035741557
106,"oracle_ipw",0.268,-0.0953718358589112,0.0953718358589112,2.14007337892727,0.28390178161804,29.0985648248479
107,"unweighted",0.280333333333333,1.45682432141137,1.45682432141137,0,1,1
107,"standard",0.280333333333333,0.451368984661008,0.451368984661008,0.694738059865487,0.238366262171247,6.60516237438276
107,"constrained",0.280333333333333,0.451536584502407,0.451536584502407,0.695886958431677,0.280333333333333,6.62126163112973
107,"oracle_ipw",0.280333333333333,-0.171136395704256,0.171136395704256,1.50798233253285,0.286660875874481,12.1078603581635
108,"unweighted",0.271333333333333,1.46921732345211,1.46921732345211,0,1,1
108,"standard",0.271333333333333,0.477578347196459,0.477578347196459,0.725856601177871,0.21434262205742,5.8248328878696
108,"constrained",0.271333333333333,0.478164061305951,0.478164061305951,0.731056332029048,0.271333333333333,5.86746918631624
108,"oracle_ipw",0.271333333333333,0.042645373072397,0.042645373072397,1.19694965215061,0.294129741648746,9.73736661699451
109,"unweighted",0.271,1.36406179355062,1.36406179355062,0,1,1
109,"standard",0.271,0.373280373680165,0.373280373680165,0.774346597274565,0.224045795758757,6.8689751499655
109,"constrained",0.271,0.373918130793007,0.373918130793007,0.776251001658808,0.271,6.89537346172504
109,"oracle_ipw",0.271,-0.0754432245395602,0.0754432245395602,1.23177105770223,0.296065555031639,12.50509120315
110,"unweighted",0.279333333333333,1.41697573985985,1.41697573985985,0,1,1
110,"standard",0.279333333333333,0.565953781480742,0.565953781480742,0.583182771171335,0.295206871350323,4.77996186036015
110,"constrained",0.279333333333333,0.565953769547786,0.565953769547786,0.583182782308821,0.29520686252508,4.77996193255946
110,"oracle_ipw",0.279333333333333,-0.274582700044871,0.274582700044871,2.35342246036779,0.272391882771,27.9188556457817
111,"unweighted",0.271333333333333,1.28772575231257,1.28772575231257,0,1,1
111,"standard",0.271333333333333,0.38149607175418,0.38149607175418,0.679654662680925,0.254943093148994,7.26471545940121
111,"constrained",0.271333333333333,0.382336752183571,0.382336752183571,0.680486819610117,0.271333333333333,7.28139958589914
111,"oracle_ipw",0.271333333333333,-0.142061595508176,0.142061595508176,1.27226859359261,0.289168843831733,12.2137908438515
112,"unweighted",0.276,1.4625327636949,1.4625327636949,0,1,1
112,"standard",0.276,0.477168016440139,0.477168016440139,0.860928701825008,0.184732429755789,8.40173328699486
112,"constrained",0.276,0.477296941316235,0.477296941316235,0.874011656640763,0.276,8.54643835927854
112,"oracle_ipw",0.276,0.0418041474205573,0.0418041474205573,1.46817129201438,0.292695611210593,12.3627529469244
113,"unweighted",0.295666666666667,1.47880579855301,1.47880579855301,0,1,1
113,"standard",0.295666666666667,0.477886480524931,0.477886480524931,0.947449967408068,0.210780624022571,9.02381151539515
113,"constrained",0.295666666666667,0.479922872808761,0.479922872808761,0.957359870649107,0.295666666666667,9.16304188958722
113,"oracle_ipw",0.295666666666667,-0.0300175722766463,0.0300175722766463,1.52436158568581,0.294757033421267,18.4346495347004
114,"unweighted",0.288,1.35363389331437,1.35363389331437,0,1,1
114,"standard",0.288,0.430697020000793,0.430697020000793,0.62836348578724,0.219622938779874,5.6284033409884
114,"constrained",0.288,0.431313290868775,0.431313290868775,0.63269655667467,0.288,5.6733540101854
114,"oracle_ipw",0.288,-0.11362345563978,0.11362345563978,1.33099093868621,0.282860819270693,11.9473551808475
115,"unweighted",0.279666666666667,1.3131365663077,1.3131365663077,0,1,1
115,"standard",0.279666666666667,0.460486362513621,0.460486362513621,0.564758143665974,0.263425521398702,6.24731328102775
115,"constrained",0.279666666666667,0.460388307998109,0.460388307998109,0.565070331102895,0.279666666666667,6.25288302431512
115,"oracle_ipw",0.279666666666667,-0.119384975368214,0.119384975368214,1.97886564047905,0.267558829028746,27.4234909220402
116,"unweighted",0.278,1.42163124036237,1.42163124036237,0,1,1
116,"standard",0.278,0.491276617532359,0.491276617532359,0.681251694387819,0.225205943409243,7.31161396639239
116,"constrained",0.278,0.492502526870034,0.492502526870034,0.683336237017006,0.278,7.34808214188073
116,"oracle_ipw",0.278,-0.178679748674121,0.178679748674121,2.29956916678908,0.275653149889234,28.2531198131647
117,"unweighted",0.293666666666667,1.44388660986458,1.44388660986458,0,1,1
117,"standard",0.293666666666667,0.455023009408344,0.455023009408344,0.854724722204418,0.224419459845898,8.09729528674621
117,"constrained",0.293666666666667,0.456789056823766,0.456789056823766,0.860521457444609,0.293666666666667,8.18493555073015
117,"oracle_ipw",0.293666666666667,-0.0219175247247545,0.0219175247247545,1.64528899800474,0.300651479781106,18.8032991020525
118,"unweighted",0.281,1.55832936838007,1.55832936838007,0,1,1
118,"standard",0.281,0.562797361643777,0.562797361643777,0.760495246618942,0.25611103273867,5.89962749913494
118,"constrained",0.281,0.56321758281395,0.56321758281395,0.761794849564665,0.281,5.91275500371916
118,"oracle_ipw",0.281,0.142782135124871,0.142782135124871,1.14527842717306,0.304946901901938,10.5981661903792
119,"unweighted",0.290666666666667,1.5082043027109,1.5082043027109,0,1,1
119,"standard",0.290666666666667,0.409334006879692,0.409334006879692,0.819328656675633,0.198634708448313,7.94544930596498
119,"constrained",0.290666666666667,0.413582699625716,0.413582699625716,0.831958824058028,0.290666666666667,8.0998759811282
119,"oracle_ipw",0.290666666666667,0.00750783355340445,0.00750783355340445,1.31158248626089,0.289322174167095,12.2202671454521
120,"unweighted",0.277,1.44838868337189,1.44838868337189,0,1,1
120,"standard",0.277,0.437793626568714,0.437793626568714,0.793874905488362,0.185537433261622,6.08554676555366
120,"constrained",0.277,0.440091199832953,0.440091199832953,0.802006187177299,0.277,6.15779541035409
120,"oracle_ipw",0.277,0.143235103363024,0.143235103363024,0.977068229958499,0.306443342436289,10.1450168075924
121,"unweighted",0.284333333333333,1.41591053409163,1.41591053409163,0,1,1
121,"standard",0.284333333333333,0.544334254870388,0.544334254870388,0.591843736183557,0.23628418982135,5.72994131731234
121,"constrained",0.284333333333333,0.544945205201936,0.544945205201936,0.593731026415774,0.284333333333333,5.75177987921625
121,"oracle_ipw",0.284333333333333,0.000463776567769747,0.000463776567769747,1.93452198375623,0.280120746639706,28.7110269559588
122,"unweighted",0.273,1.47508209630958,1.47508209630958,0,1,1
122,"standard",0.273,0.551133521125134,0.551133521125134,0.683746208631886,0.254861968493671,5.04363550196381
122,"constrained",0.273,0.551342180262202,0.551342180262202,0.684282296287914,0.273,5.05021280519971
122,"oracle_ipw",0.273,0.0858317982717296,0.0858317982717296,1.31011497983566,0.294476710115574,8.43004796250726
123,"unweighted",0.288,1.3996286657886,1.3996286657886,0,1,1
123,"standard",0.288,0.380419636480091,0.380419636480091,0.80863689490759,0.236545290984411,6.72989126722985
123,"constrained",0.288,0.381048864978943,0.381048864978943,0.813801615681633,0.288,6.77688971112647
123,"oracle_ipw",0.288,0.0248746947933052,0.0248746947933052,1.13682768102154,0.312950695520779,13.2182785976516
124,"unweighted",0.276,1.4214632918089,1.4214632918089,0,1,1
124,"standard",0.276,0.500138731942986,0.500138731942986,0.785912213604609,0.232084966439155,6.62711822132393
124,"constrained",0.276,0.501002300103484,0.501002300103484,0.788126927055942,0.276,6.65825274552671
124,"oracle_ipw",0.276,-0.00277520690209299,0.00277520690209299,1.37924203774941,0.297476286043419,12.5646770606252
125,"unweighted",0.285666666666667,1.38710320931123,1.38710320931123,0,1,1
125,"standard",0.285666666666667,0.398271364093583,0.398271364093583,0.765600082828361,0.211356928480398,9.13141997183414
125,"constrained",0.285666666666667,0.39941361453835,0.39941361453835,0.772256629168453,0.285666666666667,9.26192092841278
125,"oracle_ipw",0.285666666666667,-0.258457347484727,0.258457347484727,1.9037682992302,0.278916172655272,17.4439328309815
126,"unweighted",0.291,1.43355930005061,1.43355930005061,0,1,1
126,"standard",0.291,0.498725398147662,0.498725398147662,0.841496722053613,0.213939912880192,7.04256559738871
126,"constrained",0.291,0.500119859195749,0.500119859195749,0.848935657103181,0.291,7.11613929983917
126,"oracle_ipw",0.291,0.161130777497775,0.161130777497775,1.00376099220613,0.312356866764475,8.52033845444758
127,"unweighted",0.296666666666667,1.37111335901541,1.37111335901541,0,1,1
127,"standard",0.296666666666667,0.476248982131844,0.476248982131844,0.776490466761872,0.208233643673084,7.28737652648764
127,"constrained",0.296666666666667,0.478025458281846,0.478025458281846,0.782066146246078,0.296666666666667,7.36302224299793
127,"oracle_ipw",0.296666666666667,0.00921070247940703,0.00921070247940703,1.23934137877448,0.298101027812036,12.5910646381808
128,"unweighted",0.283,1.4733733927876,1.4733733927876,0,1,1
128,"standard",0.283,0.436936250596662,0.436936250596662,0.828829632204367,0.178193102807074,7.2062807587627
128,"constrained",0.283,0.439012406736463,0.439012406736463,0.839030772459165,0.283,7.31928150665019
128,"oracle_ipw",0.283,0.0604213938819842,0.0604213938819842,1.2634957707427,0.304103001556406,12.8445734567404
129,"unweighted",0.283,1.4406903982537,1.4406903982537,0,1,1
129,"standard",0.283,0.409084256404071,0.409084256404071,0.852286042748874,0.21679504382694,7.62234887082422
129,"constrained",0.283,0.410282577419589,0.410282577419589,0.859016460257189,0.283,7.71652525410004
129,"oracle_ipw",0.283,0.00430416691827684,0.00430416691827684,1.13703696268798,0.304137817080341,12.8460439800576
130,"unweighted",0.285333333333333,1.27451553709602,1.27451553709602,0,1,1
130,"standard",0.285333333333333,0.399465815417378,0.399465815417378,0.649305657397143,0.253227284532374,5.67114867634933
130,"constrained",0.285333333333333,0.399505030844587,0.399505030844587,0.651214987034001,0.285333333333333,5.69145483163833
130,"oracle_ipw",0.285333333333333,-0.0958323131084156,0.0958323131084156,1.2197402121412,0.287949187278086,10.0074252996974
131,"unweighted",0.267666666666667,1.27741775292141,1.27741775292141,0,1,1
131,"standard",0.267666666666667,0.404395729881309,0.404395729881309,0.787925130208274,0.2654296259031,7.6272291473108
131,"constrained",0.267666666666667,0.404478301739478,0.404478301739478,0.788051130832875,0.267666666666667,7.62956950269822
131,"oracle_ipw",0.267666666666667,-0.308753432635646,0.308753432635646,2.31137652806486,0.277189775830191,28.4106165689076
132,"unweighted",0.287333333333333,1.43406446607035,1.43406446607035,0,1,1
132,"standard",0.287333333333333,0.435769532905708,0.435769532905708,0.890406373400653,0.209449094175577,10.2946087311738
132,"constrained",0.287333333333333,0.435684251401592,0.435684251401592,0.895957449131484,0.287333333333333,10.4097699702245
132,"oracle_ipw",0.287333333333333,-0.00908780338566317,0.00908780338566317,1.43623990805986,0.304509163399154,19.0445657639164
133,"unweighted",0.276666666666667,1.36154261680496,1.36154261680496,0,1,1
133,"standard",0.276666666666667,0.486913360726391,0.486913360726391,0.691423836904311,0.216082976136946,8.69669079427421
133,"constrained",0.276666666666667,0.487611535523259,0.487611535523259,0.693680682777012,0.276666666666667,8.74118108199733
133,"oracle_ipw",0.276666666666667,0.0273136742762128,0.0273136742762128,1.10154890406723,0.298281071762027,10.3665010212006
134,"unweighted",0.287666666666667,1.33616716350177,1.33616716350177,0,1,1
134,"standard",0.287666666666667,0.468513692748163,0.468513692748163,0.725806726097512,0.21865124959182,6.66205201639003
134,"constrained",0.287666666666667,0.468695959145423,0.468695959145423,0.73070539160657,0.287666666666667,6.72617390643742
134,"oracle_ipw",0.287666666666667,0.0716664827982343,0.0716664827982343,0.984495616306876,0.29642355984717,8.48578084748381
135,"unweighted",0.281333333333333,1.4976087595586,1.4976087595586,0,1,1
135,"standard",0.281333333333333,0.569643490099546,0.569643490099546,0.648190161562657,0.221546301656708,6.28467268814498
135,"constrained",0.281333333333333,0.570413756825928,0.570413756825928,0.651561451101182,0.281333333333333,6.31865623823281
135,"oracle_ipw",0.281333333333333,0.200156669467198,0.200156669467198,1.10361078351492,0.296052150823526,9.80100928984281
136,"unweighted",0.292333333333333,1.66620418120189,1.66620418120189,0,1,1
136,"standard",0.292333333333333,0.631832262592128,0.631832262592128,0.968171113059849,0.201932413005945,7.83191217763775
136,"constrained",0.292333333333333,0.633987904142877,0.633987904142877,0.97705067015031,0.292333333333333,7.91256974473478
136,"oracle_ipw",0.292333333333333,0.242479493189858,0.242479493189858,1.81986719244906,0.313952739433134,19.6351844593215
137,"unweighted",0.273666666666667,1.35829163443126,1.35829163443126,0,1,1
137,"standard",0.273666666666667,0.508869130324518,0.508869130324518,0.53770609295159,0.25756827169004,5.21299134302831
137,"constrained",0.273666666666667,0.509557899766225,0.509557899766225,0.538302526958093,0.273666666666667,5.22044969504449
137,"oracle_ipw",0.273666666666667,-0.106287626218763,0.106287626218763,1.37081726971261,0.27673892944857,17.3077640176321
138,"unweighted",0.276,1.52463338649444,1.52463338649444,0,1,1
138,"standard",0.276,0.65682206404976,0.65682206404976,0.797869584233853,0.18503930993535,7.66648066020514
138,"constrained",0.276,0.658755006639214,0.658755006639214,0.806632516342706,0.276,7.79962938428437
138,"oracle_ipw",0.276,0.442815948196255,0.442815948196255,0.877398592409585,0.30811817434368,8.40471719596983
139,"unweighted",0.278666666666667,1.32173746286704,1.32173746286704,0,1,1
139,"standard",0.278666666666667,0.32189157690737,0.32189157690737,0.706387679584156,0.200026889607889,5.6187404553065
139,"constrained",0.278666666666667,0.322146376658976,0.322146376658976,0.713116386754147,0.278666666666667,5.67972114290024
139,"oracle_ipw",0.278666666666667,-0.166227248774382,0.166227248774382,1.3050324139461,0.277209542147123,11.7086589372505
140,"unweighted",0.282,1.46201035815542,1.46201035815542,0,1,1
140,"standard",0.282,0.525745226334377,0.525745226334377,0.813656491134635,0.201230205683814,6.24995767933567
140,"constrained",0.282,0.527342349076336,0.527342349076336,0.817905543004715,0.282,6.28245774708956
140,"oracle_ipw",0.282,0.0838010456309095,0.0838010456309095,1.36458273180056,0.298902836862485,12.6249311084033
141,"unweighted",0.272,1.43294655215549,1.43294655215549,0,1,1
141,"standard",0.272,0.428269755147035,0.428269755147035,0.770889662254573,0.223437022154471,8.34719125488822
141,"constrained",0.272,0.429238169075306,0.429238169075306,0.773976354495632,0.272,8.38964821117446
141,"oracle_ipw",0.272,0.0323181640517933,0.0323181640517933,1.20808881723479,0.296830725445681,10.3160954876524
142,"unweighted",0.286,1.40495496584641,1.40495496584641,0,1,1
142,"standard",0.286,0.388504301032415,0.388504301032415,0.868453150011232,0.216952931862392,9.72276129537828
142,"constrained",0.286,0.390313659617671,0.390313659617671,0.876522428410048,0.286,9.86265255497838
142,"oracle_ipw",0.286,-0.0474405848852955,0.0474405848852955,1.71836645558245,0.297617861087538,18.6135709833076
143,"unweighted",0.284666666666667,1.32251310299449,1.32251310299449,0,1,1
143,"standard",0.284666666666667,0.441442194788007,0.441442194788007,0.669865109435202,0.192925447721022,6.33235731419721
143,"constrained",0.284666666666667,0.440254043932869,0.440254043932869,0.67792907837802,0.284666666666667,6.43062262621291
143,"oracle_ipw",0.284666666666667,-0.0736163121753475,0.0736163121753475,1.51181582615782,0.281086065655618,11.8723938912194
144,"unweighted",0.292666666666667,1.44739745227486,1.44739745227486,0,1,1
144,"standard",0.292666666666667,0.595923587183965,0.595923587183965,0.795294890423007,0.222703540068582,8.22678478465746
144,"constrained",0.292666666666667,0.59660243457279,0.59660243457279,0.802536271338105,0.292666666666667,8.35292529070794
144,"oracle_ipw",0.292666666666667,0.111679844940746,0.111679844940746,1.28449665269656,0.303229177634826,12.8076652529689
145,"unweighted",0.276,1.56350061751217,1.56350061751217,0,1,1
145,"standard",0.276,0.607051572052305,0.607051572052305,0.737259812075961,0.19345586209704,6.91807924058437
145,"constrained",0.276,0.606568096277754,0.606568096277754,0.741665126638166,0.276,6.98017037081378
145,"oracle_ipw",0.276,0.295230057487109,0.295230057487109,1.19654505247015,0.301098786325534,12.7176826894172
146,"unweighted",0.285,1.46139128018946,1.46139128018946,0,1,1
146,"standard",0.285,0.46413573077097,0.46413573077097,0.76206495375954,0.198973284202341,6.73885946820943
146,"constrained",0.285,0.464393855989319,0.464393855989319,0.771900549842836,0.285,6.87411831990076
146,"oracle_ipw",0.285,0.111666979895467,0.111666979895467,1.18508479605438,0.304671786024552,12.8685975335985
147,"unweighted",0.267333333333333,1.41653121938352,1.41653121938352,0,1,1
147,"standard",0.267333333333333,0.476445071659047,0.476445071659047,0.622949575191743,0.248390029667701,5.26573080128698
147,"constrained",0.267333333333333,0.47631604907948,0.47631604907948,0.623761377516718,0.267333333333333,5.27733128153079
147,"oracle_ipw",0.267333333333333,0.0158604691152577,0.0158604691152577,1.14909323752959,0.286665734895094,8.20644149897145
148,"unweighted",0.287333333333333,1.36541542246351,1.36541542246351,0,1,1
148,"standard",0.287333333333333,0.311241195839176,0.311241195839176,0.750722449197248,0.221216189872242,6.70255333941983
148,"constrained",0.287333333333333,0.312825788230022,0.312825788230022,0.755244355587347,0.287333333333333,6.7516715908063
148,"oracle_ipw",0.287333333333333,-0.0346991828906849,0.0346991828906849,1.19173639774911,0.299021372557393,10.3922295359394
149,"unweighted",0.281,1.43964557153221,1.43964557153221,0,1,1
149,"standard",0.281,0.51766775752334,0.51766775752334,0.799473670987583,0.184630142993149,8.06518951527179
149,"constrained",0.281,0.520416196826843,0.520416196826843,0.80778980829284,0.281,8.16280985103808
149,"oracle_ipw",0.281,0.118765625571856,0.118765625571856,1.27399417143706,0.293986487599315,10.2172464578942
150,"unweighted",0.274333333333333,1.38589265732123,1.38589265732123,0,1,1
150,"standard",0.274333333333333,0.401677463539168,0.401677463539168,0.615113250319041,0.247856533205703,6.90921957253985
150,"constrained",0.274333333333333,0.401517776108624,0.401517776108624,0.616034269337141,0.274333333333333,6.92612346836292
150,"oracle_ipw",0.274333333333333,-0.426418564281332,0.426418564281332,2.29044539742845,0.264768806067071,27.1375270103296
151,"unweighted",0.277666666666667,1.44565125543656,1.44565125543656,0,1,1
151,"standard",0.277666666666667,0.454666117403561,0.454666117403561,0.800740973892653,0.266197986631234,6.40078025524153
151,"constrained",0.277666666666667,0.454816253712274,0.454816253712274,0.801171479034799,0.277666666666667,6.40402619643949
151,"oracle_ipw",0.277666666666667,-0.100549573872082,0.100549573872082,1.7432472291605,0.284834117296315,17.8140520242611
152,"unweighted",0.272,1.33568474793897,1.33568474793897,0,1,1
152,"standard",0.272,0.373385928197972,0.373385928197972,0.683414558867217,0.265195626802273,6.92382333130577
152,"constrained",0.272,0.373399297422587,0.373399297422587,0.683689518569492,0.272,6.92875066028652
152,"oracle_ipw",0.272,-0.0963852221211754,0.0963852221211754,1.12657489751234,0.280924586722885,9.76329137460837
153,"unweighted",0.271666666666667,1.49706703803439,1.49706703803439,0,1,1
153,"standard",0.271666666666667,0.512533338154829,0.512533338154829,0.991347855379741,0.15956706342026,9.82026391503092
153,"constrained",0.271666666666667,0.51674410446114,0.51674410446114,1.00957856778543,0.271666666666667,10.0596005857888
153,"oracle_ipw",0.271666666666667,0.288730462894185,0.288730462894185,1.10439704487252,0.305638656681856,8.74958340173356
154,"unweighted",0.272666666666667,1.56278771088095,1.56278771088095,0,1,1
154,"standard",0.272666666666667,0.593362354243137,0.593362354243137,0.797609475957463,0.178331447989186,5.66794971898071
154,"constrained",0.272666666666667,0.593141697587991,0.593141697587991,0.803169156587997,0.272666666666667,5.70811882222818
154,"oracle_ipw",0.272666666666667,0.221324651145729,0.221324651145729,1.12781607109554,0.313196935570612,10.88488898491
155,"unweighted",0.276333333333333,1.4167306591043,1.4167306591043,0,1,1
155,"standard",0.276333333333333,0.411014103729126,0.411014103729126,0.823414852379629,0.203095980161083,6.64828963501073
155,"constrained",0.276333333333333,0.411151919670564,0.411151919670564,0.82955939340361,0.276333333333333,6.69519680499726
155,"oracle_ipw",0.276333333333333,-0.0985888330324283,0.0985888330324283,1.39797884023797,0.29916105210986,12.635837494383
156,"unweighted",0.285,1.45372713018519,1.45372713018519,0,1,1
156,"standard",0.285,0.53234291964131,0.53234291964131,0.626684895830805,0.232657769422674,5.61578060691375
156,"constrained",0.285,0.531971552151192,0.531971552151192,0.628727749127573,0.285,5.63547428099614
156,"oracle_ipw",0.285,0.0858498974488002,0.0858498974488002,0.996715710322459,0.301596088979017,8.22681051086522
157,"unweighted",0.286666666666667,1.52513721494264,1.52513721494264,0,1,1
157,"standard",0.286666666666667,0.548996964766408,0.548996964766408,0.897350682331131,0.204276215755709,7.35479749237315
157,"constrained",0.286666666666667,0.549597569807988,0.549597569807988,0.901923866942759,0.286666666666667,7.39945033493363
157,"oracle_ipw",0.286666666666667,0.0687161118422035,0.0687161118422035,2.10919986799741,0.300186198377696,18.7741995433165
158,"unweighted",0.282,1.35565879574508,1.35565879574508,0,1,1
158,"standard",0.282,0.42824761141781,0.42824761141781,0.800756457318364,0.179868129267715,7.28853271536793
158,"constrained",0.282,0.428374045449994,0.428374045449994,0.812104004398425,0.282,7.4268108056863
158,"oracle_ipw",0.282,0.0324865886238188,0.0324865886238188,1.23458409952124,0.293985813256789,12.4172479531281
159,"unweighted",0.288,1.3903704455459,1.3903704455459,0,1,1
159,"standard",0.288,0.507448891271739,0.507448891271739,0.639303996920684,0.226480310352788,7.41215893366437
159,"constrained",0.288,0.508305974833156,0.508305974833156,0.642838660424018,0.288,7.47645443410573
159,"oracle_ipw",0.288,0.055353846232653,0.055353846232653,1.13874930257187,0.286605892722397,9.96074025762926
160,"unweighted",0.264666666666667,1.46206953831885,1.46206953831885,0,1,1
160,"standard",0.264666666666667,0.492690122106042,0.492690122106042,0.618477737381137,0.265237969024751,6.90351641295461
160,"constrained",0.264666666666667,0.49269013324302,0.49269013324302,0.618477725417525,0.265237976644837,6.90351627494608
160,"oracle_ipw",0.264666666666667,-0.210234624207375,0.210234624207375,2.15867800742445,0.278830951504973,28.5788291686645
161,"unweighted",0.288666666666667,1.34309877022591,1.34309877022591,0,1,1
161,"standard",0.288666666666667,0.480044670585404,0.480044670585404,0.645325702569386,0.251113674246973,7.32071703763882
161,"constrained",0.288666666666667,0.480927448950555,0.480927448950555,0.647603207105268,0.288666666666667,7.37280421602188
161,"oracle_ipw",0.288666666666667,-0.0327636215637448,0.0327636215637448,1.12351912828871,0.285045189803578,9.43661630398081
162,"unweighted",0.272333333333333,1.54243578355704,1.54243578355704,0,1,1
162,"standard",0.272333333333333,0.516361565005361,0.516361565005361,0.833312725407161,0.216578233155114,7.33316622091804
162,"constrained",0.272333333333333,0.517822472633973,0.517822472633973,0.836774412407219,0.272333333333333,7.36848577158251
162,"oracle_ipw",0.272333333333333,0.00643283506831072,0.00643283506831072,1.7995657656555,0.29653166201367,18.5456380861033
163,"unweighted",0.281,1.42539352978618,1.42539352978618,0,1,1
163,"standard",0.281,0.562194606787913,0.562194606787913,0.647003666251991,0.259837204040233,6.56284175762342
163,"constrained",0.281,0.562298198259473,0.562298198259473,0.647915489075638,0.281,6.57539868125176
163,"oracle_ipw",0.281,0.102130355819262,0.102130355819262,1.23630297242086,0.28847284233546,8.25817395139429
164,"unweighted",0.267333333333333,1.38395264692029,1.38395264692029,0,1,1
164,"standard",0.267333333333333,0.401117493389692,0.401117493389692,0.794997231387165,0.223725859000311,8.98058051899255
164,"constrained",0.267333333333333,0.402574195216942,0.402574195216942,0.797846215225876,0.267333333333333,9.03560493881173
164,"oracle_ipw",0.267333333333333,0.0494076171014526,0.0494076171014526,1.11766127230339,0.31229711586584,8.94019654141226
165,"unweighted",0.270666666666667,1.4423849004938,1.4423849004938,0,1,1
165,"standard",0.270666666666667,0.515576640373312,0.515576640373312,0.887333408740545,0.196323264762012,8.29357631855425
165,"constrained",0.270666666666667,0.515401975204487,0.515401975204487,0.894632810211912,0.270666666666667,8.39497882187274
165,"oracle_ipw",0.270666666666667,0.0895293271483641,0.0895293271483641,1.34019423019173,0.299712186952928,12.6591160938711
166,"unweighted",0.283333333333333,1.46933543191025,1.46933543191025,0,1,1
166,"standard",0.283333333333333,0.44192754910835,0.44192754910835,0.633162265829653,0.176062522530415,4.88854866384374
166,"constrained",0.283333333333333,0.441567177432998,0.441567177432998,0.63805388136596,0.283333333333333,4.92691525851136
166,"oracle_ipw",0.283333333333333,-0.0626289473314999,0.0626289473314999,1.37208139668574,0.27777298068741,11.7324572150775
167,"unweighted",0.272,1.43130206532388,1.43130206532388,0,1,1
167,"standard",0.272,0.518865008315377,0.518865008315377,0.591503777430843,0.282221050595981,5.40143889893232
167,"constrained",0.272,0.518865014225752,0.518865014225752,0.591503771400499,0.2822210545928,5.40143884903793
167,"oracle_ipw",0.272,-0.123148115409826,0.123148115409826,1.5263974075828,0.279861121831947,11.8206552341098
168,"unweighted",0.298,1.28993616346612,1.28993616346612,0,1,1
168,"standard",0.298,0.458360617663738,0.458360617663738,0.51104721960748,0.264386779943475,4.84668699985341
168,"constrained",0.298,0.459206483173837,0.459206483173837,0.512360253662551,0.298,4.86178754637644
168,"oracle_ipw",0.298,-0.109776893840425,0.109776893840425,1.40617729700203,0.269860845657292,16.8775959477109
169,"unweighted",0.277,1.26868035904684,1.26868035904684,0,1,1
169,"standard",0.277,0.387883946707782,0.387883946707782,0.65075299454837,0.223421400518863,6.0314814851989
169,"constrained",0.277,0.388576327690074,0.388576327690074,0.652899708791256,0.277,6.05748643030025
169,"oracle_ipw",0.277,-0.0789019482266726,0.0789019482266726,1.25868148215459,0.289029548406381,12.2079073428208
170,"unweighted",0.277,1.41950562849766,1.41950562849766,0,1,1
170,"standard",0.277,0.403383566430253,0.403383566430253,0.843069011692733,0.189801422488609,7.50204262486657
170,"constrained",0.277,0.404507379934783,0.404507379934783,0.851042266909255,0.277,7.57675848827537
170,"oracle_ipw",0.277,-0.072543317452401,0.072543317452401,1.62391636229326,0.278460478303272,17.4154328641561
171,"unweighted",0.275,1.49156308381546,1.49156308381546,0,1,1
171,"standard",0.275,0.517792721472144,0.517792721472144,0.752950835665656,0.179005931665776,7.38483503297117
171,"constrained",0.275,0.517187293615482,0.517187293615482,0.762858743491806,0.275,7.50108503853333
171,"oracle_ipw",0.275,-0.0711869853857869,0.0711869853857869,1.95682723495651,0.289181268382418,29.639686782518
172,"unweighted",0.286333333333333,1.43957422710171,1.43957422710171,0,1,1
172,"standard",0.286333333333333,0.500696056394897,0.500696056394897,0.64642325741501,0.235476776192844,7.73673205649724
172,"constrained",0.286333333333333,0.501094785770761,0.501094785770761,0.649767957195191,0.286333333333333,7.80101962820869
172,"oracle_ipw",0.286333333333333,-0.303636345277607,0.303636345277607,2.3945123159123,0.287734252680874,29.4913746445879
173,"unweighted",0.284666666666667,1.51561869110367,1.51561869110367,0,1,1
173,"standard",0.284666666666667,0.564544527695943,0.564544527695943,0.677005347293113,0.242699460769133,6.18860014919242
173,"constrained",0.284666666666667,0.565228913970028,0.565228913970028,0.678657589950096,0.284666666666667,6.21548577476265
173,"oracle_ipw",0.284666666666667,0.239972662342131,0.239972662342131,1.10782765847591,0.31246708187739,13.1978519299259
174,"unweighted",0.286,1.46463648145245,1.46463648145245,0,1,1
174,"standard",0.286,0.431667432537396,0.431667432537396,0.920293222473968,0.180395314221387,8.60962565275027
174,"constrained",0.286,0.433110310242544,0.433110310242544,0.933863012296361,0.286,8.79157664820612
174,"oracle_ipw",0.286,0.110123414465349,0.110123414465349,1.00106044169126,0.302285043399031,8.65357879474504
175,"unweighted",0.271333333333333,1.44036423169356,1.44036423169356,0,1,1
175,"standard",0.271333333333333,0.511156878410431,0.511156878410431,0.722744933464799,0.212322770961262,8.3766370631408
175,"constrained",0.271333333333333,0.511237277632584,0.511237277632584,0.726145133698709,0.271333333333333,8.43113431682637
175,"oracle_ipw",0.271333333333333,-0.082977071291562,0.082977071291562,2.03435181330656,0.279586560064051,28.6562754055752
176,"unweighted",0.274,1.51272888869909,1.51272888869909,0,1,1
176,"standard",0.274,0.508790213399235,0.508790213399235,1.18803932165351,0.169788096508482,14.6783518127869
176,"constrained",0.274,0.511524728206339,0.511524728206339,1.20986081001172,0.274,15.0324335400494
176,"oracle_ipw",0.274,0.175238879893639,0.175238879893639,1.97504242946829,0.308385330330164,19.2869884063273
177,"unweighted",0.275,1.3967360075937,1.3967360075937,0,1,1
177,"standard",0.275,0.477909899559588,0.477909899559588,0.843822497307727,0.186780627276897,7.7581304795841
177,"constrained",0.275,0.479531198984281,0.479531198984281,0.850269306080694,0.275,7.82750812725943
177,"oracle_ipw",0.275,0.172883867110796,0.172883867110796,1.13730235243397,0.305475699076143,12.9025528717278
178,"unweighted",0.270666666666667,1.42270118732006,1.42270118732006,0,1,1
178,"standard",0.270666666666667,0.425230556071705,0.425230556071705,0.841963462281084,0.20526629246078,7.06775621417652
178,"constrained",0.270666666666667,0.425637264159357,0.425637264159357,0.846559851432708,0.270666666666667,7.12208594599748
178,"oracle_ipw",0.270666666666667,-0.020413857624771,0.020413857624771,1.18383729731778,0.290994144774248,12.2908871300335
179,"unweighted",0.272333333333333,1.56127295015727,1.56127295015727,0,1,1
179,"standard",0.272333333333333,0.693533379033492,0.693533379033492,0.706351131925573,0.241440397451433,7.22091270997639
179,"constrained",0.272333333333333,0.693717249717036,0.693717249717036,0.707659583997825,0.272333333333333,7.24075715254771
179,"oracle_ipw",0.272333333333333,0.0562564485695292,0.0562564485695292,1.90195434421168,0.29407509105233,18.3919995988252
180,"unweighted",0.274666666666667,1.42844163442297,1.42844163442297,0,1,1
180,"standard",0.274666666666667,0.497154731835545,0.497154731835545,0.561349532565507,0.257144785273606,5.24618831117414
180,"constrained",0.274666666666667,0.497509334095205,0.497509334095205,0.561646042483395,0.274666666666667,5.25002565539959
180,"oracle_ipw",0.274666666666667,-0.146216016295202,0.146216016295202,1.38938598396146,0.271766032118553,11.4787382719936
181,"unweighted",0.276666666666667,1.45635558497806,1.45635558497806,0,1,1
181,"standard",0.276666666666667,0.460703812579953,0.460703812579953,0.711709378143136,0.227639257048953,7.6310112800575
181,"constrained",0.276666666666667,0.460959812057451,0.460959812057451,0.713338643140863,0.276666666666667,7.65998645277719
181,"oracle_ipw",0.276666666666667,0.0216030216408662,0.0216030216408662,1.22568761321576,0.294561267188278,12.441553731947
182,"unweighted",0.276666666666667,1.41075701542761,1.41075701542761,0,1,1
182,"standard",0.276666666666667,0.517242017952407,0.517242017952407,0.68472568389125,0.206811242393817,6.52830927994098
182,"constrained",0.276666666666667,0.517264030854393,0.517264030854393,0.689864666366696,0.276666666666667,6.58832193632485
182,"oracle_ipw",0.276666666666667,0.196096086965643,0.196096086965643,1.0779353148875,0.293670461329992,12.4039282523434
183,"unweighted",0.295,1.41434495041065,1.41434495041065,0,1,1
183,"standard",0.295,0.502287693524127,0.502287693524127,0.73463248815436,0.250954904237152,7.77209137037047
183,"constrained",0.295,0.503524962014057,0.503524962014057,0.7380179849946,0.295,7.82560309980061
183,"oracle_ipw",0.295,0.0282833821818447,0.0282833821818447,1.39638813869383,0.289306098781587,18.0937380098669
184,"unweighted",0.289666666666667,1.40796731808721,1.40796731808721,0,1,1
184,"standard",0.289666666666667,0.49661100745522,0.49661100745522,0.766260554073508,0.212719836085449,7.10324819254234
184,"constrained",0.289666666666667,0.497853163724634,0.497853163724634,0.769740830134547,0.289666666666667,7.13589088782175
184,"oracle_ipw",0.289666666666667,-0.0551984858831712,0.0551984858831712,1.46494136605255,0.284893484555445,12.0332100340694
185,"unweighted",0.287,1.51058442609432,1.51058442609432,0,1,1
185,"standard",0.287,0.494390305638878,0.494390305638878,0.867135459935825,0.18670631207094,7.69166810502676
185,"constrained",0.287,0.497929645620997,0.497929645620997,0.878230373545663,0.287,7.7942220734575
185,"oracle_ipw",0.287,0.146957893410569,0.146957893410569,1.37865254097985,0.304592257157207,12.8652384270678
186,"unweighted",0.282333333333333,1.52011692732797,1.52011692732797,0,1,1
186,"standard",0.282333333333333,0.512846401320169,0.512846401320169,0.885895452162808,0.207739963961693,7.61629280979462
186,"constrained",0.282333333333333,0.513396665774186,0.513396665774186,0.890673442011332,0.282333333333333,7.6690972487836
186,"oracle_ipw",0.282333333333333,0.0315549064366913,0.0315549064366913,1.69823248077162,0.297746401031827,18.621610108945
187,"unweighted",0.290666666666667,1.45032331858213,1.45032331858213,0,1,1
187,"standard",0.290666666666667,0.457455961737572,0.457455961737572,0.770120190474693,0.216737320123066,6.7829942915786
187,"constrained",0.290666666666667,0.459650402068932,0.459650402068932,0.775299675054074,0.290666666666667,6.84533321422679
187,"oracle_ipw",0.290666666666667,0.0445121636417729,0.0445121636417729,1.36913266954987,0.298559146159061,12.6104144464042
188,"unweighted",0.279,1.50682653798173,1.50682653798173,0,1,1
188,"standard",0.279,0.443540243799794,0.443540243799794,0.9900906759215,0.166926102642526,9.14348871195931
188,"constrained",0.279,0.446905802650104,0.446905802650104,1.01283063153467,0.279,9.41169090702717
188,"oracle_ipw",0.279,0.186233242791757,0.186233242791757,1.16017361600539,0.314029710598264,13.2638535783416
189,"unweighted",0.294,1.42276838988065,1.42276838988065,0,1,1
189,"standard",0.294,0.457985388216122,0.457985388216122,0.714509685337666,0.214939299849418,6.19259541056413
189,"constrained",0.294,0.458036237749556,0.458036237749556,0.718937610709685,0.294,6.24318437439007
189,"oracle_ipw",0.294,0.0218848949306083,0.0218848949306083,1.18553938273443,0.300402311788001,10.4402228861703
190,"unweighted",0.28,1.58130680859582,1.58130680859582,0,1,1
190,"standard",0.28,0.603944271947668,0.603944271947668,0.846309664784291,0.229841105519086,7.50780960064042
190,"constrained",0.28,0.603861029138153,0.603861029138153,0.85083321184848,0.28,7.56976229742925
190,"oracle_ipw",0.28,0.249124111576841,0.249124111576841,1.04934317676469,0.309939863975406,8.4544084749932
191,"unweighted",0.266333333333333,1.44207834241268,1.44207834241268,0,1,1
191,"standard",0.266333333333333,0.422740525858734,0.422740525858734,1.00920819748695,0.157626396404285,8.48219571716922
191,"constrained",0.266333333333333,0.427126333585125,0.427126333585125,1.02468268348703,0.266333333333333,8.65040014810491
191,"oracle_ipw",0.266333333333333,0.112742158751674,0.112742158751674,1.25575152828929,0.320188508708506,13.5239862778788
192,"unweighted",0.267333333333333,1.41911649733099,1.41911649733099,0,1,1
192,"standard",0.267333333333333,0.514507781780571,0.514507781780571,0.693930741634911,0.224428423104817,6.05153992558241
192,"constrained",0.267333333333333,0.515433176578406,0.515433176578406,0.696694331368789,0.267333333333333,6.08025134701556
192,"oracle_ipw",0.267333333333333,0.0336919372952813,0.0336919372952813,1.25416606442513,0.291708957534328,12.3210790878822
193,"unweighted",0.283,1.32219839662331,1.32219839662331,0,1,1
193,"standard",0.283,0.46592732707817,0.46592732707817,0.791856796450452,0.211727931773167,8.33501919925028
193,"constrained",0.283,0.466382031054774,0.466382031054774,0.796798911778716,0.283,8.41057576838898
193,"oracle_ipw",0.283,0.0849039343813012,0.0849039343813012,1.01337679233475,0.302238325391462,10.0058068373029
194,"unweighted",0.285666666666667,1.40683644507019,1.40683644507019,0,1,1
194,"standard",0.285666666666667,0.516090045940811,0.516090045940811,0.70825373277205,0.258323094834765,6.22793278120909
194,"constrained",0.285666666666667,0.517149585416904,0.517149585416904,0.7098602911117,0.285666666666667,6.24970820645774
194,"oracle_ipw",0.285666666666667,0.120549898481062,0.120549898481062,1.01269688492771,0.296735858321388,8.09423519533387
195,"unweighted",0.288333333333333,1.35389980275147,1.35389980275147,0,1,1
195,"standard",0.288333333333333,0.451798005457317,0.451798005457317,0.658705357540785,0.291463176597013,6.40157964993074
195,"constrained",0.288333333333333,0.451798013469797,0.451798013469797,0.658705347527439,0.291463181670422,6.40157958133606
195,"oracle_ipw",0.288333333333333,-0.0248085506076188,0.0248085506076188,1.45272725625662,0.278861935877851,11.7784520420379
196,"unweighted",0.276666666666667,1.46449491214589,1.46449491214589,0,1,1
196,"standard",0.276666666666667,0.529050028345699,0.529050028345699,0.727006318529606,0.201834437073783,7.48022075490239
196,"constrained",0.276666666666667,0.528664827704971,0.528664827704971,0.729864851813917,0.276666666666667,7.5319311614587
196,"oracle_ipw",0.276666666666667,0.122690461908928,0.122690461908928,1.15404570911641,0.297748363255146,10.3479871971488
197,"unweighted",0.289333333333333,1.31874798528033,1.31874798528033,0,1,1
197,"standard",0.289333333333333,0.377641506429136,0.377641506429136,0.709371763221699,0.208056840292564,6.48420194187422
197,"constrained",0.289333333333333,0.379253263416169,0.379253263416169,0.71323807739212,0.289333333333333,6.52009047321251
197,"oracle_ipw",0.289333333333333,-0.0485575964062268,0.0485575964062268,1.30990187307169,0.286540448621326,17.9207691383587
198,"unweighted",0.280333333333333,1.38679483934533,1.38679483934533,0,1,1
198,"standard",0.280333333333333,0.450944887374456,0.450944887374456,0.811101613082143,0.178235169397239,5.57771046724107
198,"constrained",0.280333333333333,0.451599782423194,0.451599782423194,0.82289950011564,0.280333333333333,5.66550411672025
198,"oracle_ipw",0.280333333333333,-0.00637531217137011,0.00637531217137011,1.35994635759986,0.297778467160255,12.5774404583311
199,"unweighted",0.262333333333333,1.38166323711319,1.38166323711319,0,1,1
199,"standard",0.262333333333333,0.439507864372409,0.439507864372409,0.593996287964146,0.269673573057586,4.84490515606409
199,"constrained",0.262333333333333,0.439507871339986,0.439507871339986,0.59399628071458,0.269673578018781,4.84490511487729
199,"oracle_ipw",0.262333333333333,-0.114300707825048,0.114300707825048,1.39422034522294,0.284898607298597,12.0334264063195
200,"unweighted",0.280666666666667,1.44969273647533,1.44969273647533,0,1,1
200,"standard",0.280666666666667,0.460714638423116,0.460714638423116,0.622391879768901,0.244900631723128,6.62978481451913
200,"constrained",0.280666666666667,0.460525606879564,0.460525606879564,0.623488945931066,0.280666666666667,6.64745597937887
200,"oracle_ipw",0.280666666666667,-0.0770180139177427,0.0770180139177427,1.91123913250646,0.276714281993612,28.3618807415075
201,"unweighted",0.264,1.47919792547255,1.47919792547255,0,1,1
201,"standard",0.264,0.50036546232108,0.50036546232108,0.806621308516402,0.203054358129443,7.14722833615705
201,"constrained",0.264,0.501451008316255,0.501451008316255,0.812072109788512,0.264,7.21033539560484
201,"oracle_ipw",0.264,0.102135186269434,0.102135186269434,1.38143680918959,0.305673340445606,12.9109007639721
202,"unweighted",0.271333333333333,1.49242847805195,1.49242847805195,0,1,1
202,"standard",0.271333333333333,0.571832551145488,0.571832551145488,0.836852993139186,0.198421321867928,6.99851828387643
202,"constrained",0.271333333333333,0.573093902976285,0.573093902976285,0.843695188873092,0.271333333333333,7.06022737490244
202,"oracle_ipw",0.271333333333333,0.140183529893023,0.140183529893023,1.26788641750802,0.304913387257798,12.8788021839038
203,"unweighted",0.276666666666667,1.36920788597986,1.36920788597986,0,1,1
203,"standard",0.276666666666667,0.340787569102564,0.340787569102564,0.73404853156786,0.21441964438369,5.95268949457148
203,"constrained",0.276666666666667,0.341696598033953,0.341696598033953,0.737257753141808,0.276666666666667,5.98357682762766
203,"oracle_ipw",0.276666666666667,-0.246432465924287,0.246432465924287,1.57415566465872,0.28310073104542,11.9574884725212
204,"unweighted",0.264333333333333,1.46877273228368,1.46877273228368,0,1,1
204,"standard",0.264333333333333,0.482884268599278,0.482884268599278,0.926889830729972,0.167607886701082,7.98538943729551
204,"constrained",0.264333333333333,0.484727549750859,0.484727549750859,0.934661869965701,0.264333333333333,8.04846958607934
204,"oracle_ipw",0.264333333333333,0.108862991247382,0.108862991247382,1.228906561056,0.302070364591885,12.7587197996964
205,"unweighted",0.269,1.47389666040756,1.47389666040756,0,1,1
205,"standard",0.269,0.403942136158863,0.403942136158863,0.829785512033677,0.208509642662762,7.85908246419171
205,"constrained",0.269,0.404917967987724,0.404917967987724,0.833348728107619,0.269,7.91034167073758
205,"oracle_ipw",0.269,0.0865994932748337,0.0865994932748337,1.2809614363191,0.300607408822248,12.6969280950737
206,"unweighted",0.273333333333333,1.3012719334163,1.3012719334163,0,1,1
206,"standard",0.273333333333333,0.410774337531816,0.410774337531816,0.645542147851607,0.244314759051382,5.77637643697638
206,"constrained",0.273333333333333,0.41061294451883,0.41061294451883,0.647039912129643,0.273333333333333,5.7960822156371
206,"oracle_ipw",0.273333333333333,-0.199654094097492,0.199654094097492,2.03440193960781,0.279114063201202,17.4563092713945
207,"unweighted",0.279,1.5083932606069,1.5083932606069,0,1,1
207,"standard",0.279,0.528912007343209,0.528912007343209,0.684059636785337,0.24481778468278,6.39501612544367
207,"constrained",0.279,0.528706381387345,0.528706381387345,0.685772185773033,0.279,6.41768064996528
207,"oracle_ipw",0.279,-0.0688690676358666,0.0688690676358666,1.52545168535148,0.284159971460051,17.771889697946
208,"unweighted",0.275666666666667,1.51914708034679,1.51914708034679,0,1,1
208,"standard",0.275666666666667,0.650781636020417,0.650781636020417,0.81785922940951,0.215262723484386,8.46341519693532
208,"constrained",0.275666666666667,0.652471281070281,0.652471281070281,0.822858069691255,0.275666666666667,8.54203583196705
208,"oracle_ipw",0.275666666666667,0.315505276312728,0.315505276312728,1.15837430492655,0.318367440819776,11.0645854290355
209,"unweighted",0.266333333333333,1.43300587483731,1.43300587483731,0,1,1
209,"standard",0.266333333333333,0.426740605859308,0.426740605859308,0.758302615917763,0.216497774987226,5.88317612548697
209,"constrained",0.266333333333333,0.427270616613959,0.427270616613959,0.761922505296315,0.266333333333333,5.91303096711087
209,"oracle_ipw",0.266333333333333,0.0900310945694591,0.0900310945694591,1.15588942477157,0.296067445631061,8.07600251677034
210,"unweighted",0.293333333333333,1.32863440410382,1.32863440410382,0,1,1
210,"standard",0.293333333333333,0.418699628159271,0.418699628159271,0.634297765125346,0.270963511852563,6.61364403545592
210,"constrained",0.293333333333333,0.419146226157606,0.419146226157606,0.635290600569889,0.293333333333333,6.63162071837894
210,"oracle_ipw",0.293333333333333,-0.233256301621186,0.233256301621186,1.68535749182838,0.276243317509232,17.2767675311332
211,"unweighted",0.262333333333333,1.4948658264295,1.4948658264295,0,1,1
211,"standard",0.262333333333333,0.516000539881201,0.516000539881201,1.04633983254671,0.179528600527813,8.25653773634872
211,"constrained",0.262333333333333,0.519468700703246,0.519468700703246,1.05904476135993,0.262333333333333,8.37252874393503
211,"oracle_ipw",0.262333333333333,0.177434844387145,0.177434844387145,1.15101596260448,0.317123789748448,13.3945399797322
212,"unweighted",0.255333333333333,1.52348831325171,1.52348831325171,0,1,1
212,"standard",0.255333333333333,0.543749356213588,0.543749356213588,0.957497481321272,0.216992083137582,6.779234528174
212,"constrained",0.255333333333333,0.544366356756373,0.544366356756373,0.959068312755522,0.255333333333333,6.79127963250255
212,"oracle_ipw",0.255333333333333,0.243276624070908,0.243276624070908,1.03998487017302,0.315594608811522,10.4479757508326
213,"unweighted",0.275666666666667,1.65435026466294,1.65435026466294,0,1,1
213,"standard",0.275666666666667,0.674765778284255,0.674765778284255,0.876851762001455,0.191143830069597,8.19329437769703
213,"constrained",0.275666666666667,0.676799546996648,0.676799546996648,0.887342387712033,0.275666666666667,8.312911961571
213,"oracle_ipw",0.275666666666667,0.470541741332296,0.470541741332296,1.03648074046402,0.324255806922874,9.2825405561224
214,"unweighted",0.281666666666667,1.33367175290856,1.33367175290856,0,1,1
214,"standard",0.281666666666667,0.318389497193174,0.318389497193174,0.757319521849263,0.218853242486999,6.3211575990302
214,"constrained",0.281666666666667,0.320213269109111,0.320213269109111,0.761454484323903,0.281666666666667,6.37068769452664
214,"oracle_ipw",0.281666666666667,-0.359357253421457,0.359357253421457,3.01116988871128,0.277713974848069,28.4643444427375
215,"unweighted",0.262,1.44652495809731,1.44652495809731,0,1,1
215,"standard",0.262,0.407350681235232,0.407350681235232,0.850521468043163,0.209274536329955,7.23540116442368
215,"constrained",0.262,0.408615927760944,0.408615927760944,0.855850638672639,0.262,7.29752780903908
215,"oracle_ipw",0.262,0.0155652733984171,0.0155652733984171,1.29574998998451,0.301221730141749,12.7228755381242
216,"unweighted",0.289333333333333,1.43356505598106,1.43356505598106,0,1,1
216,"standard",0.289333333333333,0.428861269353043,0.428861269353043,0.867847602212962,0.179254943787242,7.47663107830389
216,"constrained",0.289333333333333,0.430757551638066,0.430757551638066,0.877744557635309,0.289333333333333,7.5804577359281
216,"oracle_ipw",0.289333333333333,0.164397993926701,0.164397993926701,1.13123577182252,0.296787693955194,10.3145999653672
217,"unweighted",0.270333333333333,1.40703598240953,1.40703598240953,0,1,1
217,"standard",0.270333333333333,0.442976193770515,0.442976193770515,0.766496599143394,0.188911517277414,7.41602012367283
217,"constrained",0.270333333333333,0.44540954537656,0.44540954537656,0.77250078765978,0.270333333333333,7.48901558268475
217,"oracle_ipw",0.270333333333333,0.0458020607191199,0.0458020607191199,1.19715816002711,0.297886719738194,12.5820127847537
218,"unweighted",0.281,1.30232926571727,1.30232926571727,0,1,1
218,"standard",0.281,0.441631087459203,0.441631087459203,0.717973553287564,0.192110579992866,9.94157139217763
218,"constrained",0.281,0.444403398622496,0.444403398622496,0.725911170486738,0.281,10.1243925082192
218,"oracle_ipw",0.281,-0.0581798094144346,0.0581798094144346,1.00648791876859,0.287319737585044,9.98554931927674
219,"unweighted",0.272333333333333,1.50815063950425,1.50815063950425,0,1,1
219,"standard",0.272333333333333,0.517182226104078,0.517182226104078,0.751759663749926,0.240263776908385,5.90194332825506
219,"constrained",0.272333333333333,0.518165949696486,0.518165949696486,0.754231943624184,0.272333333333333,5.92616121209386
219,"oracle_ipw",0.272333333333333,-0.0289803058724785,0.0289803058724785,2.26766963630886,0.282142805686805,28.9182782663463
220,"unweighted",0.28,1.44756443208248,1.44756443208248,0,1,1
220,"standard",0.28,0.410587127902448,0.410587127902448,0.757485352650212,0.207476815244244,7.8179866622496
220,"constrained",0.28,0.410345698069695,0.410345698069695,0.761760520819722,0.28,7.88653912684225
220,"oracle_ipw",0.28,0.0383592465395659,0.0383592465395659,1.25985374623786,0.293897045276922,9.72966304417595
221,"unweighted",0.265333333333333,1.42023221049026,1.42023221049026,0,1,1
221,"standard",0.265333333333333,0.361190316263927,0.361190316263927,1.04565456395419,0.158968787006671,9.54727078032854
221,"constrained",0.265333333333333,0.362145109921844,0.362145109921844,1.06772848670878,0.265333333333333,9.75072954093112
221,"oracle_ipw",0.265333333333333,0.0667784582966646,0.0667784582966646,1.13212951015508,0.313979341463251,10.3945012185857
222,"unweighted",0.288,1.49069466500157,1.49069466500157,0,1,1
222,"standard",0.288,0.489788268621246,0.489788268621246,0.849254879797015,0.193405243823201,8.30009121665255
222,"constrained",0.288,0.49090354368531,0.49090354368531,0.85844957815987,0.288,8.4385349764967
222,"oracle_ipw",0.288,0.206410642674073,0.206410642674073,1.18931479690787,0.304100475783876,12.8444667742328
223,"unweighted",0.301,1.59015960092093,1.59015960092093,0,1,1
223,"standard",0.301,0.63437896499029,0.63437896499029,0.875597012064335,0.212173556061697,7.31175965649232
223,"constrained",0.301,0.635488986541902,0.635488986541902,0.887160978048752,0.301,7.43777556301131
223,"oracle_ipw",0.301,0.413166974475302,0.413166974475302,1.03206322668391,0.324259134249309,10.7348208018535
224,"unweighted",0.298666666666667,1.46472296055767,1.46472296055767,0,1,1
224,"standard",0.298666666666667,0.439955481560303,0.439955481560303,0.879629461093319,0.226071873279349,9.58480646233013
224,"constrained",0.298666666666667,0.441291417625145,0.441291417625145,0.884992164969308,0.298666666666667,9.6825210994628
224,"oracle_ipw",0.298666666666667,0.109658982688301,0.109658982688301,1.22847974683356,0.311201194450732,13.1443839142981
225,"unweighted",0.275666666666667,1.29427844660583,1.29427844660583,0,1,1
225,"standard",0.275666666666667,0.409921010909994,0.409921010909994,0.595148263927399,0.25344690824988,6.12591728070756
225,"constrained",0.275666666666667,0.409908019594292,0.409908019594292,0.595543603020931,0.275666666666667,6.13313272114497
225,"oracle_ipw",0.275666666666667,-0.239382339735383,0.239382339735383,1.77450761644416,0.271526786829094,16.9817869869921
226,"unweighted",0.275,1.42200224667679,1.42200224667679,0,1,1
226,"standard",0.275,0.40121450154125,0.40121450154125,0.788880865325089,0.230807386887863,5.97778072450493
226,"constrained",0.275,0.40245017560718,0.40245017560718,0.79203493608553,0.275,6.006247791562
226,"oracle_ipw",0.275,-0.0717714348779126,0.0717714348779126,1.51069398125695,0.2914151861768,18.2256442328245
227,"unweighted",0.277666666666667,1.54889523743567,1.54889523743567,0,1,1
227,"standard",0.277666666666667,0.52110194216061,0.52110194216061,0.88656052281081,0.184486389974102,10.2421652573858
227,"constrained",0.277666666666667,0.523055396897238,0.523055396897238,0.898217140063149,0.277666666666667,10.4426976747959
227,"oracle_ipw",0.277666666666667,0.1473882851864,0.1473882851864,1.31605481692474,0.308883537688716,13.0464917120677
228,"unweighted",0.283666666666667,1.44595419763433,1.44595419763433,0,1,1
228,"standard",0.283666666666667,0.492844557405724,0.492844557405724,0.601577819900039,0.24740605948978,6.3534837356798
228,"constrained",0.283666666666667,0.493017677876083,0.493017677876083,0.602631726855607,0.283666666666667,6.36865021441575
228,"oracle_ipw",0.283666666666667,-0.127473210502559,0.127473210502559,1.24263642597069,0.278532536161783,11.7645389966947
229,"unweighted",0.278,1.25177490773202,1.25177490773202,0,1,1
229,"standard",0.278,0.437535982263152,0.437535982263152,0.581095807510333,0.221877782085341,5.08618536838815
229,"constrained",0.278,0.438820579271458,0.438820579271458,0.584619620063418,0.278,5.1182631599974
229,"oracle_ipw",0.278,-0.0953357118693506,0.0953357118693506,1.25910551170225,0.291693907175885,12.3204433972328
230,"unweighted",0.276333333333333,1.51315186610203,1.51315186610203,0,1,1
230,"standard",0.276333333333333,0.598074333196385,0.598074333196385,0.784726267549346,0.190354860004668,6.7591214397668
230,"constrained",0.276333333333333,0.59860617367808,0.59860617367808,0.790196192567111,0.276333333333333,6.80803278682934
230,"oracle_ipw",0.276333333333333,0.263979833177316,0.263979833177316,1.02570247347032,0.313297787247439,6.72174969864922
231,"unweighted",0.295,1.4449549511123,1.4449549511123,0,1,1
231,"standard",0.295,0.504487526115053,0.504487526115053,0.709180998683823,0.290282410209069,6.73032909838474
231,"constrained",0.295,0.504589545520813,0.504589545520813,0.709314835003869,0.295,6.7330093409019
231,"oracle_ipw",0.295,-0.188444154188997,0.188444154188997,1.66809713823849,0.284918739083065,17.8193444271722
232,"unweighted",0.291,1.55443933278303,1.55443933278303,0,1,1
232,"standard",0.291,0.638807100576652,0.638807100576652,0.859546629844904,0.244262731447142,8.67168898670261
232,"constrained",0.291,0.639737463323131,0.639737463323131,0.863441150710868,0.291,8.73746311570614
232,"oracle_ipw",0.291,0.297187202221855,0.297187202221855,1.492053472825,0.317798754188506,19.8757213289514
233,"unweighted",0.289333333333333,1.39112950739645,1.39112950739645,0,1,1
233,"standard",0.289333333333333,0.42864963235865,0.42864963235865,0.765384355657097,0.229715723021602,8.39109557646691
233,"constrained",0.289333333333333,0.429754455686634,0.429754455686634,0.76879607024492,0.289333333333333,8.45109850669482
233,"oracle_ipw",0.289333333333333,-0.119615534450756,0.119615534450756,1.62601278830595,0.285379566429666,17.8481654209649
234,"unweighted",0.267333333333333,1.33640410623762,1.33640410623762,0,1,1
234,"standard",0.267333333333333,0.425215327674298,0.425215327674298,0.767813991633721,0.181975386352129,6.36566611187317
234,"constrained",0.267333333333333,0.426710441432017,0.426710441432017,0.775383070215536,0.267333333333333,6.43165907116554
234,"oracle_ipw",0.267333333333333,-0.0636722990408763,0.0636722990408763,1.88458773831769,0.288545720857608,29.574546223186
235,"unweighted",0.283666666666667,1.44543530540448,1.44543530540448,0,1,1
235,"standard",0.283666666666667,0.51720445964814,0.51720445964814,0.795815892054726,0.223549367428394,6.53215136406832
235,"constrained",0.283666666666667,0.518400780393832,0.518400780393832,0.799364961177853,0.283666666666667,6.57081519560878
235,"oracle_ipw",0.283666666666667,0.173133637635712,0.173133637635712,1.17785186611028,0.301045259646183,10.4625679836619
236,"unweighted",0.287,1.37415172703584,1.37415172703584,0,1,1
236,"standard",0.287,0.419723272399522,0.419723272399522,0.834341762333091,0.186912188859516,7.6143311732944
236,"constrained",0.287,0.421036401281549,0.421036401281549,0.842702187391177,0.287,7.70734978983381
236,"oracle_ipw",0.287,0.00481573407524438,0.00481573407524438,1.6625882912647,0.296925458241946,18.570266829893
237,"unweighted",0.280666666666667,1.38393519479109,1.38393519479109,0,1,1
237,"standard",0.280666666666667,0.334921537081275,0.334921537081275,0.878427748303338,0.190164355878632,8.05018207639553
237,"constrained",0.280666666666667,0.335282379089415,0.335282379089415,0.892314202362004,0.280666666666667,8.2133515671749
237,"oracle_ipw",0.280666666666667,-0.0685170374628205,0.0685170374628205,1.64614740260613,0.298836888807787,18.6898112295031
238,"unweighted",0.281333333333333,1.61675391849915,1.61675391849915,0,1,1
238,"standard",0.281333333333333,0.585111002693841,0.585111002693841,0.921640625520216,0.192460340993721,9.24153817505661
238,"constrained",0.281333333333333,0.586370784039156,0.586370784039156,0.932347536696159,0.281333333333333,9.3867097046596
238,"oracle_ipw",0.281333333333333,0.221160907531321,0.221160907531321,1.26368104784806,0.302845181998343,12.7914462083207
239,"unweighted",0.277333333333333,1.507437057877,1.507437057877,0,1,1
239,"standard",0.277333333333333,0.55457358532947,0.55457358532947,0.734471803750313,0.253584450639816,6.05328479805963
239,"constrained",0.277333333333333,0.555120983894132,0.555120983894132,0.735277268961354,0.277333333333333,6.06237831058684
239,"oracle_ipw",0.277333333333333,0.0536307791922948,0.0536307791922948,1.29443835180639,0.29154664565248,10.1324518583442
240,"unweighted",0.289,1.43950294201544,1.43950294201544,0,1,1
240,"standard",0.289,0.631563948296035,0.631563948296035,0.768825500750618,0.20691446158019,7.89713398104511
240,"constrained",0.289,0.636205806077118,0.636205806077118,0.775833718877013,0.289,7.99695553400603
240,"oracle_ipw",0.289,0.192034519085878,0.192034519085878,1.10156794293645,0.300490509234467,12.6919905399209
241,"unweighted",0.300333333333333,1.42603706420958,1.42603706420958,0,1,1
241,"standard",0.300333333333333,0.465447486240305,0.465447486240305,0.783483726290004,0.228943848699116,8.82343996053226
241,"constrained",0.300333333333333,0.466054520424156,0.466054520424156,0.788569844529774,0.300333333333333,8.9135328187005
241,"oracle_ipw",0.300333333333333,-0.0976251698283067,0.0976251698283067,1.57526121900583,0.301880697827529,12.7507087354366
242,"unweighted",0.285333333333333,1.50165938812565,1.50165938812565,0,1,1
242,"standard",0.285333333333333,0.518468935704332,0.518468935704332,0.673801710241975,0.25262378463968,7.5749163017628
242,"constrained",0.285333333333333,0.519243961498332,0.519243961498332,0.675406387070093,0.285333333333333,7.60670782864426
242,"oracle_ipw",0.285333333333333,0.0108525562932849,0.0108525562932849,1.33571458488411,0.294479896546355,10.2343944596871
243,"unweighted",0.266,1.47028031822225,1.47028031822225,0,1,1
243,"standard",0.266,0.517933554699814,0.517933554699814,0.88024430957085,0.22426002560048,7.51921111618091
243,"constrained",0.266,0.519044042209204,0.519044042209204,0.882891494337317,0.266,7.54202497333715
243,"oracle_ipw",0.266,0.240509120143891,0.240509120143891,1.18321575465293,0.324512842620139,13.7066356575139
244,"unweighted",0.279,1.36034471226084,1.36034471226084,0,1,1
244,"standard",0.279,0.478834273382213,0.478834273382213,0.678616137334068,0.226198619012399,6.06273942390795
244,"constrained",0.279,0.479696323299827,0.479696323299827,0.681384101632597,0.279,6.08879908187485
244,"oracle_ipw",0.279,-0.0462550634432035,0.0462550634432035,1.4248995082058,0.281879268260461,17.6292503054636
245,"unweighted",0.279333333333333,1.5276862123474,1.5276862123474,0,1,1
245,"standard",0.279333333333333,0.515364418048953,0.515364418048953,0.902864571084579,0.206603245484256,9.68405674406634
245,"constrained",0.279333333333333,0.517121428936159,0.517121428936159,0.909182476115335,0.279333333333333,9.77912635931427
245,"oracle_ipw",0.279333333333333,-0.044062043987201,0.044062043987201,1.41428214340125,0.286365427129624,12.0953813195266
246,"unweighted",0.292,1.35649160353277,1.35649160353277,0,1,1
246,"standard",0.292,0.554254409650971,0.554254409650971,0.604782909838762,0.245206770482964,7.37241538895536
246,"constrained",0.292,0.554786210868754,0.554786210868754,0.606523072162987,0.292,7.40570772625288
246,"oracle_ipw",0.292,-0.0604083291642766,0.0604083291642766,1.74298817548094,0.280046075341588,17.5145990328657
247,"unweighted",0.279333333333333,1.5752997000061,1.5752997000061,0,1,1
247,"standard",0.279333333333333,0.601545435236162,0.601545435236162,0.815845271332616,0.205003944404971,6.99893278110502
247,"constrained",0.279333333333333,0.604444502421923,0.604444502421923,0.822692156997652,0.279333333333333,7.07040974221295
247,"oracle_ipw",0.279333333333333,0.318010704038758,0.318010704038758,0.945169784800535,0.319230184038414,8.70782589496834
248,"unweighted",0.289333333333333,1.48092885473664,1.48092885473664,0,1,1
248,"standard",0.289333333333333,0.540076826456027,0.540076826456027,0.731593453962585,0.21445903695616,6.72275864796874
248,"constrained",0.289333333333333,0.541775312400013,0.541775312400013,0.738137963306475,0.289333333333333,6.80252890061794
248,"oracle_ipw",0.289333333333333,0.169381396938781,0.169381396938781,1.2132037466284,0.294934693784256,12.4573263659499
249,"unweighted",0.283333333333333,1.38988522270449,1.38988522270449,0,1,1
249,"standard",0.283333333333333,0.576015884882003,0.576015884882003,0.590801301632711,0.236230364590443,7.17570407758689
249,"constrained",0.283333333333333,0.576386155060091,0.576386155060091,0.592465314401814,0.283333333333333,7.21017179021284
249,"oracle_ipw",0.283333333333333,0.0920364352469396,0.0920364352469396,1.09135638105947,0.292050956776265,7.9664424331523
250,"unweighted",0.277333333333333,1.4143638659685,1.4143638659685,0,1,1
250,"standard",0.277333333333333,0.535712135114467,0.535712135114467,0.614231389841323,0.266422597162606,5.78584909632071
250,"constrained",0.277333333333333,0.535746457797694,0.535746457797694,0.614570526233613,0.277333333333333,5.79118504884171
250,"oracle_ipw",0.277333333333333,-0.0138247373058753,0.0138247373058753,1.48869322781246,0.282828044006694,17.688588493821
251,"unweighted",0.282333333333333,1.29662356985524,1.29662356985524,0,1,1
251,"standard",0.282333333333333,0.395310187590648,0.395310187590648,0.728380656413528,0.214088717581265,8.20206470243871
251,"constrained",0.282333333333333,0.394968467175523,0.394968467175523,0.731062707583145,0.282333333333333,8.24844176700662
251,"oracle_ipw",0.282333333333333,-0.127578554061022,0.127578554061022,1.18134808337247,0.295298149862911,10.2628321469717
252,"unweighted",0.278333333333333,1.37052503378554,1.37052503378554,0,1,1
252,"standard",0.278333333333333,0.397159826640226,0.397159826640226,0.695774850105734,0.194120532605287,7.02937999108927
252,"constrained",0.278333333333333,0.39812718864718,0.39812718864718,0.70037560065045,0.278333333333333,7.09677356776948
252,"oracle_ipw",0.278333333333333,-0.0456881499016638,0.0456881499016638,1.14944669848386,0.295573367288364,10.2723970908857
253,"unweighted",0.277333333333333,1.46276305883366,1.46276305883366,0,1,1
253,"standard",0.277333333333333,0.56166723254939,0.56166723254939,0.76821185176592,0.200326866229021,7.10211669764784
253,"constrained",0.277333333333333,0.561985450515015,0.561985450515015,0.77242807148817,0.277333333333333,7.14934222292635
253,"oracle_ipw",0.277333333333333,0.160962694971585,0.160962694971585,1.11052077884432,0.296801212867157,8.49659200151507
254,"unweighted",0.270666666666667,1.48649151250378,1.48649151250378,0,1,1
254,"standard",0.270666666666667,0.578864155994962,0.578864155994962,0.651332658767348,0.270522690938481,5.79751252920238
254,"constrained",0.270666666666667,0.578862989008734,0.578862989008734,0.651337559274237,0.270666666666667,5.79757618233199
254,"oracle_ipw",0.270666666666667,-0.143642596015667,0.143642596015667,2.33396894442178,0.278879663931314,28.5838219576763
255,"unweighted",0.270666666666667,1.53601584113408,1.53601584113408,0,1,1
255,"standard",0.270666666666667,0.624660084164857,0.624660084164857,0.718168952341727,0.241497490517524,7.8843175292576
255,"constrained",0.270666666666667,0.626163839979135,0.626163839979135,0.719966065922538,0.270666666666667,7.92006153342173
255,"oracle_ipw",0.270666666666667,0.160725269366275,0.160725269366275,1.36553605062125,0.290328753082069,18.157696699523
256,"unweighted",0.290666666666667,1.30883829077147,1.30883829077147,0,1,1
256,"standard",0.290666666666667,0.268091614747131,0.268091614747131,0.70375583932248,0.228015602860304,8.09209585635846
256,"constrained",0.290666666666667,0.268544506795956,0.268544506795956,0.708375109400132,0.290666666666667,8.17156598978471
256,"oracle_ipw",0.290666666666667,-0.197356164381223,0.197356164381223,1.2167702427372,0.276557491802852,11.6811179116716
257,"unweighted",0.257,1.37407857958577,1.37407857958577,0,1,1
257,"standard",0.257,0.327049444618475,0.327049444618475,0.816842523511929,0.206521420899701,7.66748664718973
257,"constrained",0.257,0.327463314945584,0.327463314945584,0.819965890845767,0.257,7.70666309916734
257,"oracle_ipw",0.257,-0.188199531668076,0.188199531668076,1.9318476188486,0.290359333913508,18.1596092812298
258,"unweighted",0.273,1.36507035906323,1.36507035906323,0,1,1
258,"standard",0.273,0.514088784575396,0.514088784575396,0.597869895448666,0.204397341454752,6.4937599667004
258,"constrained",0.273,0.51484424901118,0.51484424901118,0.60122152711631,0.273,6.54352488878826
258,"oracle_ipw",0.273,0.0235057987037794,0.0235057987037794,1.35931875131551,0.285804834023733,17.8747624421253
259,"unweighted",0.277333333333333,1.37005964121433,1.37005964121433,0,1,1
259,"standard",0.277333333333333,0.518875205332843,0.518875205332843,0.616913621037475,0.232321445332637,5.93775110245809
259,"constrained",0.277333333333333,0.519411833669019,0.519411833669019,0.618189290537964,0.277333333333333,5.95268544777851
259,"oracle_ipw",0.277333333333333,-0.135979001228808,0.135979001228808,2.15782011239923,0.280445822160959,28.7443456307281
260,"unweighted",0.275,1.24214373570487,1.24214373570487,0,1,1
260,"standard",0.275,0.394897658381573,0.394897658381573,0.543851234985746,0.249818146157564,6.17126301987514
260,"constrained",0.275,0.394652908305746,0.394652908305746,0.544889490728282,0.275,6.18671594030629
260,"oracle_ipw",0.275,-0.224950330437601,0.224950330437601,1.58201701082564,0.267730317542027,16.7443487825021
261,"unweighted",0.275666666666667,1.5076812331035,1.5076812331035,0,1,1
261,"standard",0.275666666666667,0.514007698062456,0.514007698062456,0.905504721559045,0.207423048993281,9.8084305632958
261,"constrained",0.275666666666667,0.514729685172938,0.514729685172938,0.910995823885165,0.275666666666667,9.88573570833447
261,"oracle_ipw",0.275666666666667,0.150375223242669,0.150375223242669,1.18821660435314,0.309388323568404,13.0678126437205
262,"unweighted",0.274666666666667,1.36276877744521,1.36276877744521,0,1,1
262,"standard",0.274666666666667,0.411825765504637,0.411825765504637,0.906689490263857,0.180628052289988,10.0518072301407
262,"constrained",0.274666666666667,0.413825212852953,0.413825212852953,0.918238424143936,0.274666666666667,10.2125740221567
262,"oracle_ipw",0.274666666666667,0.0859220381780341,0.0859220381780341,1.08653043209006,0.304393943068026,8.7139507180485
263,"unweighted",0.288,1.43039485014752,1.43039485014752,0,1,1
263,"standard",0.288,0.531632206421965,0.531632206421965,0.717139682496083,0.215910290180784,7.65905046422943
263,"constrained",0.288,0.532289732473236,0.532289732473236,0.721973809245141,0.288,7.73324961713198
263,"oracle_ipw",0.288,-0.047656503895146,0.047656503895146,1.54425974085654,0.278143030048425,17.3955790637036
264,"unweighted",0.278666666666667,1.460678995464,1.460678995464,0,1,1
264,"standard",0.278666666666667,0.5319323005271,0.5319323005271,0.761731225599936,0.196044865590322,6.75638192080644
264,"constrained",0.278666666666667,0.532764179121938,0.532764179121938,0.765612970762752,0.278666666666667,6.80088015028007
264,"oracle_ipw",0.278666666666667,0.227017338031463,0.227017338031463,1.18145452891264,0.308102722705292,13.0135119803341
265,"unweighted",0.285,1.41406953837628,1.41406953837628,0,1,1
265,"standard",0.285,0.453827294012685,0.453827294012685,0.829309873098288,0.233083516621672,8.64905277189352
265,"constrained",0.285,0.455395273048879,0.455395273048879,0.834552293557294,0.285,8.73637364394239
265,"oracle_ipw",0.285,0.0484348678383328,0.0484348678383328,1.42692526061563,0.291113398329164,18.206769863177
266,"unweighted",0.277333333333333,1.29784067178733,1.29784067178733,0,1,1
266,"standard",0.277333333333333,0.305214070538511,0.305214070538511,0.697015646462696,0.219244402598467,6.30270509383827
266,"constrained",0.277333333333333,0.305572348339139,0.305572348339139,0.699762375432797,0.277333333333333,6.32935443011835
266,"oracle_ipw",0.277333333333333,-0.25812612035775,0.25812612035775,1.3919007312677,0.282876626752978,11.9480228505724
267,"unweighted",0.271666666666667,1.47173926612079,1.47173926612079,0,1,1
267,"standard",0.271666666666667,0.42521329169285,0.42521329169285,0.737124587868591,0.222120505685015,8.90369140331397
267,"constrained",0.271666666666667,0.425296451686945,0.425296451686945,0.739549106847185,0.271666666666667,8.95596343527513
267,"oracle_ipw",0.271666666666667,0.0260908520996854,0.0260908520996854,1.38999200649671,0.293257216626196,18.3408482209117
268,"unweighted",0.274,1.50855553220173,1.50855553220173,0,1,1
268,"standard",0.274,0.579788984089883,0.579788984089883,0.739010126989469,0.20522905010037,9.76222023607462
268,"constrained",0.274,0.581663681739665,0.581663681739665,0.746019957822397,0.274,9.92061989865508
268,"oracle_ipw",0.274,0.15567451816552,0.15567451816552,1.23104719657761,0.305549598886358,12.9056742205336
269,"unweighted",0.279666666666667,1.39025692309251,1.39025692309251,0,1,1
269,"standard",0.279666666666667,0.535453317419887,0.535453317419887,0.80150662801628,0.252120096718058,7.96692987937479
269,"constrained",0.279666666666667,0.535805115573309,0.535805115573309,0.802859202472341,0.279666666666667,7.98868524517181
269,"oracle_ipw",0.279666666666667,0.020495568086103,0.020495568086103,1.87584048061423,0.288240806225157,18.027112644895
270,"unweighted",0.289333333333333,1.42451081290819,1.42451081290819,0,1,1
270,"standard",0.289333333333333,0.425448902951004,0.425448902951004,0.905472346313847,0.140453468668046,7.16662702297797
270,"constrained",0.289333333333333,0.427374717056846,0.427374717056846,0.930738182327657,0.289333333333333,7.36391968994257
270,"oracle_ipw",0.289333333333333,0.144993964372153,0.144993964372153,0.939839907383848,0.302760204509175,8.25856476176344
271,"unweighted",0.284666666666667,1.56371881193672,1.56371881193672,0,1,1
271,"standard",0.284666666666667,0.631285228419106,0.631285228419106,0.732402719555121,0.229080524323146,8.7314942353447
271,"constrained",0.284666666666667,0.632248968961017,0.632248968961017,0.735293750141841,0.284666666666667,8.79049986141868
271,"oracle_ipw",0.284666666666667,0.0118572391541343,0.0118572391541343,2.00284191790886,0.284848086245666,17.8149256681659
272,"unweighted",0.283,1.33849745609059,1.33849745609059,0,1,1
272,"standard",0.283,0.41217857368555,0.41217857368555,0.684123986012105,0.271304810294598,5.69954927824799
272,"constrained",0.283,0.412249854436248,0.412249854436248,0.684665577439212,0.283,5.70729088410681
272,"oracle_ipw",0.283,-0.215049891888287,0.215049891888287,1.63058289841144,0.282520607395673,17.6693608400733
273,"unweighted",0.293333333333333,1.51269577424258,1.51269577424258,0,1,1
273,"standard",0.293333333333333,0.655497750388447,0.655497750388447,0.715202547405737,0.219809482371161,6.85124406202013
273,"constrained",0.293333333333333,0.656350114078144,0.656350114078144,0.718809468303732,0.293333333333333,6.90362645452074
273,"oracle_ipw",0.293333333333333,0.22179868185948,0.22179868185948,1.33605951031782,0.29996052763402,18.7600856780031
274,"unweighted",0.282,1.50165010182975,1.50165010182975,0,1,1
274,"standard",0.282,0.527401532090211,0.527401532090211,0.750473352486287,0.17008672826049,6.72486634754316
274,"constrained",0.282,0.529039675451801,0.529039675451801,0.763125123460953,0.282,6.89121508460795
274,"oracle_ipw",0.282,0.00706027461561898,0.00706027461561898,1.30446964788521,0.289628746235881,10.0657969206262
275,"unweighted",0.278333333333333,1.4570166440774,1.4570166440774,0,1,1
275,"standard",0.278333333333333,0.510713116314216,0.510713116314216,0.688513354583532,0.231519293998297,7.58630095791229
275,"constrained",0.278333333333333,0.511461202565934,0.511461202565934,0.690626560410594,0.278333333333333,7.62572122103822
275,"oracle_ipw",0.278333333333333,-0.0124500132449745,0.0124500132449745,1.41971563658061,0.286539479961456,12.1027328891342
276,"unweighted",0.260333333333333,1.36665206579,1.36665206579,0,1,1
276,"standard",0.260333333333333,0.376472865470189,0.376472865470189,0.693009730643785,0.219636134950941,9.19057871176892
276,"constrained",0.260333333333333,0.376007878075681,0.376007878075681,0.694958047278396,0.260333333333333,9.23200538613231
276,"oracle_ipw",0.260333333333333,-0.0744644626053145,0.0744644626053145,1.39950937496222,0.275285070831094,17.2168370131936
277,"unweighted",0.286666666666667,1.3842864747202,1.3842864747202,0,1,1
277,"standard",0.286666666666667,0.385503910202992,0.385503910202992,0.840712404517878,0.19990186244797,9.52240796085498
277,"constrained",0.286666666666667,0.387982793274128,0.387982793274128,0.853247648499865,0.286666666666667,9.71980114248615
277,"oracle_ipw",0.286666666666667,-0.190651094649802,0.190651094649802,2.14000052430614,0.276567851916476,28.3468723640765
278,"unweighted",0.287666666666667,1.42531483879029,1.42531483879029,0,1,1
278,"standard",0.287666666666667,0.387648639007085,0.387648639007085,0.820405885547281,0.180638153530525,8.495396673106
278,"constrained",0.287666666666667,0.390171709797265,0.390171709797265,0.834835866195095,0.287666666666667,8.69119542589319
278,"oracle_ipw",0.287666666666667,-0.0955336967899203,0.0955336967899203,2.39331730749656,0.282128576720746,28.9168198658781
279,"unweighted",0.277,1.30797099658176,1.30797099658176,0,1,1
279,"standard",0.277,0.548860378330559,0.548860378330559,0.56034717835821,0.27021948492027,5.30124781092609
279,"constrained",0.277,0.548889109253462,0.548889109253462,0.560416143109136,0.277,5.30238328367278
279,"oracle_ipw",0.277,0.0490923950096154,0.0490923950096154,1.33584586222332,0.296298838197184,12.5149445184436
280,"unweighted",0.288333333333333,1.37549943276665,1.37549943276665,0,1,1
280,"standard",0.288333333333333,0.374876213638315,0.374876213638315,0.592314245697227,0.26127882297496,5.49294964992571
280,"constrained",0.288333333333333,0.374752343319642,0.374752343319642,0.593492648837092,0.288333333333333,5.50924439202831
280,"oracle_ipw",0.288333333333333,-0.322843851183137,0.322843851183137,1.58927744183684,0.285038755656741,17.8268504854616
281,"unweighted",0.288333333333333,1.3768854569164,1.3768854569164,0,1,1
281,"standard",0.288333333333333,0.465557348391986,0.465557348391986,0.728709393377841,0.228016385383689,6.4665466505961
281,"constrained",0.288333333333333,0.466689452569043,0.466689452569043,0.733101626261472,0.288333333333333,6.50737154201627
281,"oracle_ipw",0.288333333333333,0.158054398603053,0.158054398603053,1.05737482234137,0.304358601729419,12.8553693883196
282,"unweighted",0.284333333333333,1.4224787534423,1.4224787534423,0,1,1
282,"standard",0.284333333333333,0.473922809805522,0.473922809805522,0.66410157071941,0.242727091645742,7.73053178369549
282,"constrained",0.284333333333333,0.47502746578065,0.47502746578065,0.66567585498656,0.284333333333333,7.76048238797461
282,"oracle_ipw",0.284333333333333,-0.0505856972794084,0.0505856972794084,1.27145955908984,0.283395452739586,9.3820006281784
283,"unweighted",0.281666666666667,1.53523873604195,1.53523873604195,0,1,1
283,"standard",0.281666666666667,0.5846382745708,0.5846382745708,0.862942965956946,0.188459495361217,8.37429378049869
283,"constrained",0.281666666666667,0.587191549912924,0.587191549912924,0.876580135539873,0.281666666666667,8.50788541694386
283,"oracle_ipw",0.281666666666667,0.265489789291993,0.265489789291993,1.1692406438039,0.310354896824645,13.1086383545078
284,"unweighted",0.278666666666667,1.56018196406903,1.56018196406903,0,1,1
284,"standard",0.278666666666667,0.457393501018429,0.457393501018429,1.00391507420352,0.180418685320688,8.53710240001129
284,"constrained",0.278666666666667,0.457824581883937,0.457824581883937,1.015329995571,0.278666666666667,8.63060190515889
284,"oracle_ipw",0.278666666666667,0.148012145316206,0.148012145316206,1.29230049402154,0.316052518325584,13.3492920722382
285,"unweighted",0.273333333333333,1.43267659299502,1.43267659299502,0,1,1
285,"standard",0.273333333333333,0.519086835888493,0.519086835888493,0.638094090087579,0.243896186324281,5.96742142379036
285,"constrained",0.273333333333333,0.519612517143977,0.519612517143977,0.639914931249549,0.273333333333333,5.98581132809072
285,"oracle_ipw",0.273333333333333,0.0809350749536584,0.0809350749536584,1.05403686352216,0.290946643050948,9.63198795704988
286,"unweighted",0.268,1.51854182379904,1.51854182379904,0,1,1
286,"standard",0.268,0.627798402884682,0.627798402884682,0.675431194629432,0.218083849661186,7.96118493457122
286,"constrained",0.268,0.627764805961109,0.627764805961109,0.678596763761489,0.268,8.02120205278024
286,"oracle_ipw",0.268,0.240898683241453,0.240898683241453,1.37771443324478,0.28827548258694,18.0292813686374
287,"unweighted",0.283,1.40770032363497,1.40770032363497,0,1,1
287,"standard",0.283,0.50608917236827,0.50608917236827,0.736671301605672,0.203660495062618,6.26233195179246
287,"constrained",0.283,0.508228270900455,0.508228270900455,0.741865466689835,0.283,6.31551917760262
287,"oracle_ipw",0.283,-0.0323225931875464,0.0323225931875464,1.40898657071276,0.288412998815498,12.1818657829898
288,"unweighted",0.287,1.48349490072086,1.48349490072086,0,1,1
288,"standard",0.287,0.42526977924225,0.42526977924225,0.801157556621224,0.154369564027619,7.62375740927806
288,"constrained",0.287,0.424571267468301,0.424571267468301,0.819721790030563,0.287,7.82792524706588
288,"oracle_ipw",0.287,0.0377041526754982,0.0377041526754982,1.09379487938789,0.293053356380617,12.3778632355162
289,"unweighted",0.283666666666667,1.46909865569892,1.46909865569892,0,1,1
289,"standard",0.283666666666667,0.559671429687295,0.559671429687295,0.752083495271514,0.215958683548405,7.28482780808841
289,"constrained",0.283666666666667,0.560966076198809,0.560966076198809,0.756182352224862,0.283666666666667,7.35034661515668
289,"oracle_ipw",0.283666666666667,0.121501055151515,0.121501055151515,1.3486564299913,0.297022024994741,12.5454901753316
290,"unweighted",0.277666666666667,1.50270370442437,1.50270370442437,0,1,1
290,"standard",0.277666666666667,0.466271692737007,0.466271692737007,0.737117234302014,0.236287680640611,6.09769149891714
290,"constrained",0.277666666666667,0.466530494221126,0.466530494221126,0.738842303266854,0.277666666666667,6.11904892625304
290,"oracle_ipw",0.277666666666667,-0.217002088536913,0.217002088536913,2.26888164217058,0.287545166050315,29.4719941759431
291,"unweighted",0.278,1.4948254986076,1.4948254986076,0,1,1
291,"standard",0.278,0.536954711448802,0.536954711448802,0.713787859051879,0.250426351175298,7.27190207307026
291,"constrained",0.278,0.537305691522725,0.537305691522725,0.714958825016708,0.278,7.29162317523017
291,"oracle_ipw",0.278,0.0852393802599232,0.0852393802599232,1.37973245117322,0.297802789196209,12.5784677621585
292,"unweighted",0.282333333333333,1.52264163839885,1.52264163839885,0,1,1
292,"standard",0.282333333333333,0.511704628239218,0.511704628239218,0.895600599426941,0.210022689145879,7.22600550359927
292,"constrained",0.282333333333333,0.513357220083466,0.513357220083466,0.90379509650621,0.282333333333333,7.31478802126872
292,"oracle_ipw",0.282333333333333,0.151226058153918,0.151226058153918,1.32110010106637,0.303122628189149,12.8031648627236
293,"unweighted",0.286333333333333,1.5171081049419,1.5171081049419,0,1,1
293,"standard",0.286333333333333,0.366755344570297,0.366755344570297,0.81458511825711,0.212908688858762,6.91871485870052
293,"constrained",0.286333333333333,0.366111347264346,0.366111347264346,0.82085395191074,0.286333333333333,6.99088905865811
293,"oracle_ipw",0.286333333333333,-0.206093033513124,0.206093033513124,2.40654263518811,0.297143888748551,30.4558170074819
294,"unweighted",0.284333333333333,1.49267668650661,1.49267668650661,0,1,1
294,"standard",0.284333333333333,0.590574889748162,0.590574889748162,0.7546271255456,0.19493283770476,7.76073703788165
294,"constrained",0.284333333333333,0.592431044047026,0.592431044047026,0.761947300681595,0.284333333333333,7.8695186349267
294,"oracle_ipw",0.284333333333333,0.215494054944493,0.215494054944493,1.11481205731912,0.309674579968029,10.7624725582306
295,"unweighted",0.281666666666667,1.46780197010325,1.46780197010325,0,1,1
295,"standard",0.281666666666667,0.564357958501359,0.564357958501359,0.720425054623453,0.198324480488171,7.02901324067271
295,"constrained",0.281666666666667,0.56710452783917,0.56710452783917,0.726430928027493,0.281666666666667,7.12321215232566
295,"oracle_ipw",0.281666666666667,0.100424927480588,0.100424927480588,1.13550728242921,0.305833589136248,12.9176692801254
296,"unweighted",0.279,1.38284999252301,1.38284999252301,0,1,1
296,"standard",0.279,0.34562022310773,0.34562022310773,0.74183773643972,0.181395204995449,7.20968245897337
296,"constrained",0.279,0.34444099218867,0.34444099218867,0.75118449510331,0.279,7.31261902357778
296,"oracle_ipw",0.279,-0.1637856816516,0.1637856816516,2.01984879596334,0.289368576373727,29.6588849492088
297,"unweighted",0.279666666666667,1.49434828740399,1.49434828740399,0,1,1
297,"standard",0.279666666666667,0.575626679280055,0.575626679280055,0.600005981208927,0.219427124545393,5.70847710782573
297,"constrained",0.279666666666667,0.57591074822945,0.57591074822945,0.602469939392793,0.279666666666667,5.74432132402968
297,"oracle_ipw",0.279666666666667,0.10290854348927,0.10290854348927,1.22445680753046,0.290526954533435,12.2711541470123
298,"unweighted",0.268666666666667,1.33784709639287,1.33784709639287,0,1,1
298,"standard",0.268666666666667,0.45136197202099,0.45136197202099,0.629966658463247,0.259808007022904,6.69045740173781
298,"constrained",0.268666666666667,0.451346623313982,0.451346623313982,0.630202667263429,0.268666666666667,6.69410391239819
298,"oracle_ipw",0.268666666666667,-0.135844506874369,0.135844506874369,1.39308863715492,0.284086094356852,17.7672692873986
299,"unweighted",0.273333333333333,1.30104940218237,1.30104940218237,0,1,1
299,"standard",0.273333333333333,0.468079563818998,0.468079563818998,0.710458660737875,0.233584426956032,6.58051476005445
299,"constrained",0.273333333333333,0.468797898857584,0.468797898857584,0.712291272206683,0.273333333333333,6.60163382848752
299,"oracle_ipw",0.273333333333333,-0.0116844732909402,0.0116844732909402,1.48126358737914,0.283710998114453,11.9832646738619
300,"unweighted",0.279,1.55962227026243,1.55962227026243,0,1,1
300,"standard",0.279,0.325125988956777,0.325125988956777,0.958531094369063,0.224193416822927,9.8341633507977
300,"constrained",0.279,0.325814133984826,0.325814133984826,0.963235216969469,0.279,9.91495018772522
300,"oracle_ipw",0.279,-0.158607438794666,0.158607438794666,2.35821735452981,0.301556298139294,30.9080677117872
