"target_rr","rep","K","method","rr_obs","weight_var","min_weight","max_weight","cov_mae_x","cov_bias_x","y_mean_err","y_mean_abs_err","y_pred_bias","y_pred_mae"
0.3,1,8,"standard",0.292285714285714,2.21955745941683,0.192891638603156,22.8654592643557,0.0194501858964999,-0.0194501858964999,0.280840452196111,0.280840452196111,0.285301174624846,1.47972245225902
0.3,1,8,"constrained",0.292285714285714,2.37882961741017,0.292285714285714,24.7888102820601,0.0153340410939647,-0.0153340410939647,0.283043574470678,0.283043574470678,0.288895018777905,1.48094082222615
0.3,1,12,"standard",0.292285714285714,2.47629836896528,0.138360287965985,30.8361485286305,0.0136484156412002,-0.0121646460251893,0.176897797424376,0.176897797424376,0.178807769305993,1.2619022159335
0.3,1,12,"constrained",0.292285714285714,2.71141790899461,0.292285714285714,34.1875940582669,0.0113809068725725,-0.00902909922336217,0.18156751166281,0.18156751166281,0.182920115773931,1.26367834669736
0.3,1,16,"standard",0.292285714285714,2.46122350941523,0.112222461876968,24.9250935734715,0.0133750051637307,-0.0111342394780488,0.0664799007950743,0.0664799007950743,0.0803139138986163,1.09103133867514
0.3,1,16,"constrained",0.292285714285714,2.72690315515654,0.292285714285714,27.578671098301,0.011554831280833,-0.00824536490134979,0.0704295127960926,0.0704295127960926,0.0847365331637682,1.09298417491238
0.3,1,20,"standard",0.292285714285714,2.54306878945062,0.096356325684333,27.10022763925,0.0121124741275065,-0.00960112527631857,0.0064831855160703,0.0064831855160703,0.0185855812926724,1.01699926375245
0.3,1,20,"constrained",0.292285714285714,2.8283482081384,0.292285714285714,29.9126792677043,0.0108407217416011,-0.00725526512312934,0.0109252732535383,0.0109252732535383,0.0230307291702284,1.01803110229406
0.3,1,25,"standard",0.292285714285714,2.57495180394183,0.0847031495812622,28.1223305392165,0.0106094617255075,-0.00510367901393695,0.000791089081761065,0.000791089081761065,0.0220682270979749,0.994679698733116
0.3,1,25,"constrained",0.292285714285714,2.86074847734472,0.292285714285714,30.8806513588641,0.0100767799413074,-0.0032165904950095,0.00658222069365522,0.00658222069365522,0.024636935507385,0.996181114837862
0.3,2,8,"standard",0.301571428571429,2.24752352542716,0.195116026717521,21.8065738684043,0.0171649544455497,-0.0171649544455497,0.228273126911024,0.228273126911024,0.263157247705359,1.47279435643092
0.3,2,8,"constrained",0.301571428571429,2.42428715789659,0.301571428571429,23.6240957163531,0.0127059055878056,-0.0127059055878056,0.23158948463213,0.23158948463213,0.268467154452262,1.47381234441139
0.3,2,12,"standard",0.301571428571429,2.44350981622434,0.132501751292794,22.9212734873292,0.0143116004531671,-0.0126916276839878,0.0811674681227839,0.0811674681227839,0.130787243248177,1.2357106950446
0.3,2,12,"constrained",0.301571428571429,2.71126926530882,0.301571428571429,25.4045859569764,0.0110966430548385,-0.00890437228000716,0.0893263109894749,0.0893263109894749,0.136828140885573,1.23684927803943
0.3,2,16,"standard",0.301571428571429,2.47163531491238,0.116834360336686,23.8064622299949,0.0118632351345653,-0.00874838490542441,0.0470569649197001,0.0470569649197001,0.103420622501819,1.08023200777434
0.3,2,16,"constrained",0.301571428571429,2.75293476958314,0.301571428571429,26.7237160956604,0.00986815498534499,-0.00570269583674776,0.0531055641293969,0.0531055641293969,0.106554713808812,1.08185989415215
0.3,2,20,"standard",0.301571428571429,2.46699460084343,0.104489366949646,21.4316200920561,0.0105760262294426,-0.00624723979540517,0.0265307770676317,0.0265307770676317,0.0804324310439721,1.01363260434988
0.3,2,20,"constrained",0.301571428571429,2.74852511512592,0.301571428571429,23.775218491257,0.00922084083042157,-0.0038775306782698,0.0338611803583717,0.0338611803583717,0.083535707541723,1.01505060900473
0.3,2,25,"standard",0.301571428571429,2.46184282479764,0.082850077053555,21.4115254318341,0.0103260364627278,-0.00522785138309749,0.00113230389730035,0.00113230389730035,0.0442532841759593,0.99462542229132
0.3,2,25,"constrained",0.301571428571429,2.77548555189858,0.301571428571429,23.9739305025824,0.0094016653202592,-0.00317037954973377,0.00682324489475583,0.00682324489475583,0.0460346667595257,0.99665915439399
0.3,3,8,"standard",0.302285714285714,2.03708356526547,0.203800556718768,19.7095160029858,0.0162848372155784,-0.0162848372155784,0.191633323474442,0.191633323474442,0.196648675495849,1.4599912863938
0.3,3,8,"constrained",0.302285714285714,2.19416469296428,0.302285714285714,21.3481352924061,0.0121778150453512,-0.0119527914232618,0.193677962293093,0.193677962293093,0.19723381893283,1.46042279849896
0.3,3,12,"standard",0.302285714285714,2.12892502478913,0.177486873102894,21.643574187509,0.0104940703347602,-0.00860322485600615,0.0969394580163598,0.0969394580163598,0.116404999491261,1.23891119012998
0.3,3,12,"constrained",0.302285714285714,2.31012974525401,0.302285714285714,23.6152770089056,0.0083314392528955,-0.00539338571900087,0.102283849681438,0.102283849681438,0.117267532155182,1.23953002181
0.3,3,16,"standard",0.302285714285714,2.10513325094126,0.153089775537918,18.661399526495,0.0104553556820046,-0.00811889004921805,0.0543117399527402,0.0543117399527402,0.0891686029980567,1.07996615947867
0.3,3,16,"constrained",0.302285714285714,2.29190699024304,0.302285714285714,20.1153132539632,0.00879562703499676,-0.00540425484229602,0.0589191562926876,0.0589191562926876,0.0888801713993748,1.08040513884229
0.3,3,20,"standard",0.302285714285714,2.08772758713055,0.132261464472884,16.4306527732734,0.0103240339772987,-0.0078225753728891,0.00916546103723892,0.00916546103723892,0.0367937187001425,1.01704036012598
0.3,3,20,"constrained",0.302285714285714,2.27635119011669,0.302285714285714,17.4972558472673,0.00906772943302988,-0.00564498479215067,0.0151716596835785,0.0151716596835785,0.0388526368021402,1.01776608662253
0.3,3,25,"standard",0.302285714285714,2.08776840060915,0.11832073649904,15.3576348573427,0.00927248097352103,-0.00558581157223236,0.00902846776696453,0.00902846776696453,0.0347127108089377,0.997157445421528
0.3,3,25,"constrained",0.302285714285714,2.28348772883658,0.302285714285714,16.6405978227953,0.00844486807044845,-0.00398456386589386,0.01450405668351,0.01450405668351,0.0369936296172346,0.998476542636326
0.3,4,8,"standard",0.295571428571429,2.02274058531213,0.219138677064992,17.9642347169324,0.0132551990075011,-0.0129138294489288,0.383099190479798,0.383099190479798,0.40805967545502,1.52112744953404
0.3,4,8,"constrained",0.295571428571429,2.14190070977166,0.295571428571429,19.0298009460785,0.010650158037874,-0.00933549412363859,0.391861154065355,0.391861154065355,0.413353040375278,1.52233129909367
0.3,4,12,"standard",0.295571428571429,2.1496357572506,0.162782386815636,23.4811581329386,0.0125949362637278,-0.0118090347436575,0.204303519706724,0.204303519706724,0.241108437974655,1.27047441219458
0.3,4,12,"constrained",0.295571428571429,2.32177546090672,0.295571428571429,25.7555300546898,0.0102322898194214,-0.00870092554963107,0.212850692527751,0.212850692527751,0.244429162488833,1.27171551894511
0.3,4,16,"standard",0.295571428571429,2.19751913820575,0.123066394511394,22.9655304330093,0.0138534411827528,-0.0122911720802045,0.0540049344039444,0.0540049344039444,0.106393685064858,1.10124189631058
0.3,4,16,"constrained",0.295571428571429,2.44372534749503,0.295571428571429,25.9146411480343,0.0115103495400367,-0.00902702486000368,0.0625162182725072,0.0625162182725072,0.110449354549362,1.10459517376943
0.3,4,20,"standard",0.295571428571429,2.18512132799642,0.108654163907097,19.8967953702366,0.0120876028441541,-0.00991872156278305,0.036023873674738,0.036023873674738,0.0798635118100144,1.02866751790834
0.3,4,20,"constrained",0.295571428571429,2.43316908563998,0.295571428571429,22.3230761475619,0.010394814533558,-0.00742138470801786,0.0447010252015634,0.0447010252015634,0.083780165210805,1.0312697789187
0.3,4,25,"standard",0.295571428571429,2.19283150431061,0.0961217804482738,20.02892559853,0.0113074119022828,-0.00846798605400705,0.00988993995747567,0.00988993995747567,0.0462116958929107,1.00373648260608
0.3,4,25,"constrained",0.295571428571429,2.45896276836759,0.295571428571429,22.5824477375911,0.0100981540806095,-0.00635771117209775,0.0180601420108282,0.0180601420108282,0.0494338878680382,1.00660965813445
0.3,5,8,"standard",0.299142857142857,2.24168699736388,0.192225814153671,21.4987124909622,0.0176874710962748,-0.0176874710962748,0.401488773742865,0.401488773742865,0.366494755433544,1.48972309167435
0.3,5,8,"constrained",0.299142857142857,2.40304654763163,0.299142857142857,23.1607579548517,0.0135197062204426,-0.0135197062204426,0.404973924965652,0.404973924965652,0.363814667909303,1.48990178239423
0.3,5,12,"standard",0.299142857142857,2.33016634196206,0.141021049144914,20.7909105976372,0.0142953009638951,-0.0137300038803713,0.269647239656623,0.269647239656623,0.228426836141003,1.26424550982893
0.3,5,12,"constrained",0.299142857142857,2.56508340269384,0.299142857142857,22.652831830264,0.011174122747915,-0.0101088370775788,0.273030896434034,0.273030896434034,0.226908815554242,1.26593937060216
0.3,5,16,"standard",0.299142857142857,2.40006672256215,0.113264020757439,18.8456241666118,0.0131975152615091,-0.0126505137305288,0.149734204383641,0.149734204383641,0.119101778024938,1.10025979449271
0.3,5,16,"constrained",0.299142857142857,2.67552439935498,0.299142857142857,21.1900228891245,0.0104861614509425,-0.00934362805462389,0.152336952286652,0.152336952286652,0.115377830242184,1.10172818655473
0.3,5,20,"standard",0.299142857142857,2.4051784706572,0.101835860289297,18.5595204375024,0.0110891351786459,-0.00926744153670468,0.119688502386643,0.119688502386643,0.0918695353351043,1.02762070261306
0.3,5,20,"constrained",0.299142857142857,2.68580522444889,0.299142857142857,20.8716929182711,0.0093065403311915,-0.00674352156415933,0.123108461741237,0.123108461741237,0.0901611687181441,1.02936091845136
0.3,5,25,"standard",0.299142857142857,2.43163889064497,0.0998078374018418,18.7860630469256,0.0101225035090505,-0.00660467872231196,0.1153433562036,0.1153433562036,0.0891268643235912,1.00834280586223
0.3,5,25,"constrained",0.299142857142857,2.72559338922309,0.299142857142857,20.9886917492603,0.00901101707453056,-0.00463725474992191,0.119338924218105,0.119338924218105,0.0870918925820034,1.01075466658714
0.3,6,8,"standard",0.300428571428571,1.96115250660328,0.206573523352877,18.2697373427551,0.0155566129334309,-0.0152447389153866,0.503774834857097,0.503774834857097,0.477194537024739,1.53010944708201
0.3,6,8,"constrained",0.300428571428571,2.09260738213408,0.300428571428571,19.551899027368,0.0124165809026866,-0.0112961378759574,0.511085527190645,0.511085527190645,0.478236496619079,1.53104612094209
0.3,6,12,"standard",0.300428571428571,2.03053895284704,0.148251913107802,18.8968742836984,0.0142526296298979,-0.0130123678999997,0.307201322629293,0.307201322629293,0.285196241486095,1.27722059162821
0.3,6,12,"constrained",0.300428571428571,2.2091293180059,0.300428571428571,20.664972115158,0.0115418791457272,-0.00932090084892414,0.316945183191908,0.316945183191908,0.287553492107204,1.27819306934168
0.3,6,16,"standard",0.300428571428571,2.11216862304762,0.117571511569017,18.999662674334,0.0133699507293266,-0.0122729707423488,0.191162217959695,0.191162217959695,0.178341974646335,1.09751521221983
0.3,6,16,"constrained",0.300428571428571,2.33888625641966,0.300428571428571,20.8713206661814,0.0109585398549648,-0.00891133176626545,0.203821426961895,0.203821426961895,0.182902510775221,1.09926963258636
0.3,6,20,"standard",0.300428571428571,2.11550019787781,0.100232312985459,18.2553813360369,0.0119744499136984,-0.0101184304134916,0.149874643521231,0.149874643521231,0.128318522195652,1.01825545553774
0.3,6,20,"constrained",0.300428571428571,2.3502593497503,0.300428571428571,19.8886545325852,0.0102503161197771,-0.00748416581953767,0.160934311958294,0.160934311958294,0.130747349557826,1.02029156939444
0.3,6,25,"standard",0.300428571428571,2.13555625252648,0.0786190842901237,18.7442373694178,0.0109715757327544,-0.00831299794100963,0.130569281630089,0.130569281630089,0.105681212553992,0.995163226739084
0.3,6,25,"constrained",0.300428571428571,2.38117496542441,0.300428571428571,20.5960927092193,0.00972574446924649,-0.00628617627440811,0.13952348640571,0.13952348640571,0.107310617941798,0.997288140814167
0.3,7,8,"standard",0.308428571428571,2.01126090286339,0.181838142301396,22.3424715778249,0.0238673213035048,-0.0238673213035048,0.333804749711135,0.333804749711135,0.336637661024855,1.48674654053828
0.3,7,8,"constrained",0.308428571428571,2.22006250253828,0.308428571428571,25.1910258893881,0.0185718118971882,-0.0185718118971882,0.344713682033769,0.344713682033769,0.342096144287036,1.48771937093931
0.3,7,12,"standard",0.308428571428571,2.01729054875804,0.126611741608456,17.4041081367502,0.0192460971020144,-0.0182653803253038,0.183630474079639,0.183630474079639,0.162277541926701,1.2394889628511
0.3,7,12,"constrained",0.308428571428571,2.26750271547713,0.308428571428571,19.6641694013079,0.0154313764958568,-0.0138131167020108,0.19225064331499,0.19225064331499,0.167764606480009,1.24054367746916
0.3,7,16,"standard",0.308428571428571,2.06711432624097,0.107500406738465,20.8893382694333,0.01647711469186,-0.0150430911937317,0.0993639753342048,0.0993639753342048,0.0759782724686603,1.0731717306478
0.3,7,16,"constrained",0.308428571428571,2.36528184342762,0.308428571428571,24.5607131347015,0.0132327446212261,-0.0109606411415964,0.106772473348223,0.106772473348223,0.0778904192449814,1.0747986024755
0.3,7,20,"standard",0.308428571428571,2.11773437337807,0.0920072362174402,24.1078981667438,0.0130686410300677,-0.0111388987805385,0.0688643307319339,0.0688643307319339,0.0348331428967814,1.01100648102047
0.3,7,20,"constrained",0.308428571428571,2.44713655498914,0.308428571428571,28.7374755972403,0.0107979973214448,-0.00777844616307476,0.079371717140508,0.079371717140508,0.0417957597288282,1.01276262136738
0.3,7,25,"standard",0.308428571428571,2.13744941926124,0.0779128276083062,22.7874783478868,0.011476105109205,-0.00808158160132531,0.0418446036652709,0.0418446036652709,0.008762835825821,0.984266892709153
0.3,7,25,"constrained",0.308428571428571,2.47797382191627,0.308428571428571,26.6468298729583,0.0100125277382738,-0.00533045355115074,0.0517586579524343,0.0517586579524343,0.014953837437143,0.985447635790471
0.3,8,8,"standard",0.298,2.21496001634571,0.186870716120944,23.2458752567555,0.0198985576176832,-0.0198985576176832,0.265872271241798,0.265872271241798,0.29135512491023,1.47034028933625
0.3,8,8,"constrained",0.298,2.41089629941006,0.298,25.563533065758,0.0151618480980325,-0.0149295663443998,0.268435432702048,0.268435432702048,0.28941221048732,1.47045836322471
0.3,8,12,"standard",0.298,2.31971646063126,0.109878382652315,17.2224762352642,0.0157826334323123,-0.0128529937516957,0.135625361537496,0.135625361537496,0.140652095836695,1.25069526472946
0.3,8,12,"constrained",0.298,2.61282950871745,0.298,19.2751676416561,0.0122518736851192,-0.0086245740675961,0.137810097487823,0.137810097487823,0.13875169098768,1.25126575192672
0.3,8,16,"standard",0.298,2.37153601388564,0.0997351899830756,19.1787568129424,0.0126021988542287,-0.0088167912683286,0.0627073895506616,0.0627073895506616,0.0946660832642881,1.08811324586529
0.3,8,16,"constrained",0.298,2.67638427512577,0.298,21.6361425144435,0.0103105807871445,-0.00533335698356842,0.0687938904276866,0.0687938904276866,0.0916368598147342,1.08848838190312
0.3,8,20,"standard",0.298,2.38986464538952,0.090792732526262,17.7367773567121,0.0105590786402645,-0.00574300768564226,0.0519563469921556,0.0519563469921556,0.0776892416671568,1.02325192996039
0.3,8,20,"constrained",0.298,2.70129932643488,0.298,19.4491807737719,0.00920433269026871,-0.00307462130883813,0.0582153283482034,0.0582153283482034,0.0733874087828783,1.02350662075248
0.3,8,25,"standard",0.298,2.39183389738727,0.0832505661202082,17.6253402666075,0.00971624399695184,-0.00384133932555415,0.0354176425491639,0.0354176425491639,0.0605108824461228,0.996903575027185
0.3,8,25,"constrained",0.298,2.70873929622931,0.298,19.7336183401759,0.00888239794786785,-0.0018520276647317,0.0421342545992056,0.0421342545992056,0.0570395215037284,0.997469239846804
0.3,9,8,"standard",0.295714285714286,2.1018275124897,0.184267786903646,22.4955902437794,0.0215628078139,-0.0215628078139,0.241601071608295,0.241601071608295,0.277712398957092,1.45946007053342
0.3,9,8,"constrained",0.295714285714286,2.31213156426656,0.295714285714286,24.9020979599292,0.0166279986603626,-0.016532532008291,0.244540428046412,0.244540428046412,0.275613214917569,1.45964116657886
0.3,9,12,"standard",0.295714285714286,2.0899959273306,0.158644074729963,20.5925643959252,0.0149300622283444,-0.0136833409061281,0.154161992618738,0.154161992618738,0.192808699844744,1.24396197456191
0.3,9,12,"constrained",0.295714285714286,2.30390667770483,0.295714285714286,22.7146444055296,0.0122781909904537,-0.0102671917706539,0.157280696333249,0.157280696333249,0.189503327899537,1.24463367067936
0.3,9,16,"standard",0.295714285714286,2.11933415866427,0.133252403010674,19.5176010413234,0.0132099041301364,-0.0116578334325351,0.0657219474083908,0.0657219474083908,0.118544623717656,1.08238760565779
0.3,9,16,"constrained",0.295714285714286,2.37520909524799,0.295714285714286,21.599237901737,0.0109170498100598,-0.00844979461084822,0.0725453117439647,0.0725453117439647,0.116823687827394,1.08326052194967
0.3,9,20,"standard",0.295714285714286,2.10761006798024,0.118539496110525,19.5301080353224,0.0115148181726054,-0.00931987011692524,0.0353973189924517,0.0353973189924517,0.0780294653506492,1.01953506579672
0.3,9,20,"constrained",0.295714285714286,2.36375684279538,0.295714285714286,21.5868521850325,0.00996419244850388,-0.00686683401810795,0.0439994106747097,0.0439994106747097,0.0799786161320216,1.02084242648466
0.3,9,25,"standard",0.295714285714286,2.17784842580605,0.101178599538531,20.4688076073405,0.0103916106149427,-0.00697967458063014,0.0290431994837572,0.0290431994837572,0.0715666542692513,1.00274585521406
0.3,9,25,"constrained",0.295714285714286,2.47168362222314,0.295714285714286,22.8895222743354,0.00934585590759154,-0.00498338560181929,0.0388743416025719,0.0388743416025719,0.0737068161394897,1.00462837119416
0.3,10,8,"standard",0.293,2.10995375294968,0.204636212364379,19.3409226989979,0.0165288136997061,-0.0154611479877823,0.231021829301921,0.231021829301921,0.290816046635058,1.4719189997323
0.3,10,8,"constrained",0.293,2.24003560990379,0.293,20.5797040748273,0.0134356951587667,-0.0117810316338514,0.237551590858217,0.237551590858217,0.295603208560203,1.47226609818621
0.3,10,12,"standard",0.293,2.28359961167707,0.157822968195213,24.2356502494901,0.0121557882752995,-0.00902422911135619,0.107837524730858,0.107837524730858,0.163753297641773,1.25315847439235
0.3,10,12,"constrained",0.293,2.45487865637148,0.293,26.1775103747574,0.0104310616290713,-0.00616856376697932,0.116335479711084,0.116335479711084,0.166737626762681,1.25465621852978
0.3,10,16,"standard",0.293,2.33252343447942,0.134531030314221,21.8682631126065,0.011592980267918,-0.00922440536832424,0.0192690119432219,0.0192690119432219,0.0872044385167819,1.08075768808562
0.3,10,16,"constrained",0.293,2.5234072747883,0.293,23.4156270103257,0.00990968362979997,-0.0067085217932286,0.0258695165472025,0.0258695165472025,0.0874637140675145,1.08191570701495
0.3,10,20,"standard",0.293,2.26461051412824,0.11368818749471,19.742355852916,0.011061816177542,-0.00709150920637074,-0.0259592382912786,0.0259592382912786,0.034894901911621,1.01097073090657
0.3,10,20,"constrained",0.293,2.45899876556064,0.293,21.248640399041,0.00972554651301374,-0.00501875273568769,-0.0207385560698121,0.0207385560698121,0.0360680025799267,1.01206533791281
0.3,10,25,"standard",0.293,2.25940499240533,0.107920957875451,19.5057040692674,0.00974823522380381,-0.00463687993268944,-0.0291212851398521,0.0291212851398521,0.0298565595256294,0.990647077535194
0.3,10,25,"constrained",0.293,2.45934709507224,0.293,21.0032638870287,0.00895560423018935,-0.00304696313522617,-0.022845903855373,0.022845903855373,0.0317077831570263,0.992192729132353
0.3,11,8,"standard",0.298142857142857,2.08175778562,0.184378963414237,24.0915273114415,0.0238526368282275,-0.0238526368282275,0.330482576815091,0.330482576815091,0.352083905571788,1.47938423453499
0.3,11,8,"constrained",0.298142857142857,2.29500344150684,0.298142857142857,27.2864633393888,0.0192600570570043,-0.0186651213164318,0.334858385839996,0.334858385839996,0.358445168419761,1.48026440460942
0.3,11,12,"standard",0.298142857142857,2.15562838356928,0.122901963132602,24.2352531087613,0.0155642258023928,-0.0145502725699414,0.245799394927965,0.245799394927965,0.290102076400101,1.25938494642614
0.3,11,12,"constrained",0.298142857142857,2.41839651186481,0.298142857142857,27.6999238297444,0.012512403028726,-0.0107400588320288,0.252595769471676,0.252595769471676,0.291856763891956,1.26031203778422
0.3,11,16,"standard",0.298142857142857,2.22415024605761,0.105299734776789,24.4503653655022,0.0129647917999353,-0.0116090505114227,0.13252877863802,0.13252877863802,0.18038247582272,1.09187738777903
0.3,11,16,"constrained",0.298142857142857,2.50769108538643,0.298142857142857,28.196005631203,0.0107278100770393,-0.00839021810228353,0.142197013636983,0.142197013636983,0.184547650404295,1.09401585997072
0.3,11,20,"standard",0.298142857142857,2.24703524491155,0.0870964108365133,20.8150087877267,0.0119801607608709,-0.00914261754609418,0.0823892969383309,0.0823892969383309,0.111011176381724,1.01930505522252
0.3,11,20,"constrained",0.298142857142857,2.5530772906577,0.298142857142857,23.7219128846734,0.0104535378924061,-0.00642071300525861,0.0915336696016578,0.0915336696016578,0.118461672525731,1.02078244107913
0.3,11,25,"standard",0.298142857142857,2.30518337980908,0.068171714638354,19.0704690329979,0.0111043685205774,-0.00729725907061894,0.054794482300049,0.054794482300049,0.0813983718530043,0.993609817073378
0.3,11,25,"constrained",0.298142857142857,2.64861951677307,0.298142857142857,21.7891419229296,0.0100830544671595,-0.00494702222238722,0.0654785566392855,0.0654785566392855,0.0909818944450209,0.995080178059575
0.3,12,8,"standard",0.292571428571429,2.270611626757,0.176003890150355,24.6624592454721,0.0231211030892929,-0.0231211030892929,0.274277242578031,0.274277242578031,0.297038149647526,1.49159032048712
0.3,12,8,"constrained",0.292571428571429,2.5034391514635,0.292571428571429,27.4856537129753,0.018010982968355,-0.0179082434941482,0.279096065239481,0.279096065239481,0.302526831400007,1.49368489044109
0.3,12,12,"standard",0.292571428571429,2.44430422491313,0.140418977802252,28.5585702255949,0.0147735450388039,-0.0120888968720757,0.142420625966366,0.142420625966366,0.187787874855748,1.26399233482995
0.3,12,12,"constrained",0.292571428571429,2.73508710072437,0.292571428571429,32.1478056561293,0.011999599859697,-0.00809514174888027,0.151764716703914,0.151764716703914,0.194146982648245,1.26632416505345
0.3,12,16,"standard",0.292571428571429,2.46583804420178,0.125140438038949,27.6766456895487,0.0132257345076389,-0.0106657401412398,0.0728673715970052,0.0728673715970052,0.127061037781636,1.09702873832294
0.3,12,16,"constrained",0.292571428571429,2.7641358649746,0.292571428571429,30.8551746765362,0.0110739856617366,-0.00741218504633316,0.0825388721361398,0.0825388721361398,0.132778730609051,1.09971562788342
0.3,12,20,"standard",0.292571428571429,2.54335968413132,0.103859749014422,29.6253855709794,0.0116645572275909,-0.00942930270687162,0.0110913506442918,0.0110913506442918,0.0628297391277462,1.02303120932075
0.3,12,20,"constrained",0.292571428571429,2.88681954313468,0.292571428571429,33.3230853137878,0.00993044760540043,-0.0065887116441891,0.0208093744683069,0.0208093744683069,0.0664297037635088,1.02596988074936
0.3,12,25,"standard",0.292571428571429,2.62119788803058,0.0954220281766771,31.6632087300035,0.0106000464086705,-0.00681508011085008,0.00103095782269413,0.00103095782269413,0.0516684386247562,1.00187416790315
0.3,12,25,"constrained",0.292571428571429,3.00848852257865,0.292571428571429,35.5965952549899,0.00951020838232408,-0.00442241549513399,0.0127440199975046,0.0127440199975046,0.0548938720399707,1.00520544745833
0.3,13,8,"standard",0.297857142857143,2.55756784300841,0.177168184320671,29.0645314129343,0.0222529550270411,-0.0222529550270411,0.325489890031797,0.325489890031797,0.420304948949594,1.50610197757455
0.3,13,8,"constrained",0.297857142857143,2.88017092045525,0.297857142857143,33.4053646774958,0.0160270913737763,-0.0160119250758672,0.33924847156167,0.33924847156167,0.420689641620581,1.50791226689342
0.3,13,12,"standard",0.297857142857143,2.62776787444547,0.151383740941679,27.1870648789092,0.0154675393918177,-0.0140704308803817,0.232980621689216,0.232980621689216,0.328213268008173,1.27551366986244
0.3,13,12,"constrained",0.297857142857143,2.95394080594591,0.297857142857143,30.5809486798802,0.012085620131653,-0.0100058232794282,0.246821957520569,0.246821957520569,0.330138919305325,1.27665660590128
0.3,13,16,"standard",0.297857142857143,2.66731526373649,0.112745976533026,30.9514396603073,0.0155918640894377,-0.0141108355190091,0.109270630720232,0.109270630720232,0.196006642638737,1.08605697104848
0.3,13,16,"constrained",0.297857142857143,3.07401897588309,0.297857142857143,35.9711835341061,0.0126081088227709,-0.0102863743483903,0.122993894089877,0.122993894089877,0.20144928792435,1.08762751020144
0.3,13,20,"standard",0.297857142857143,2.721533561749,0.0971515499929427,31.1048839785418,0.013585131755018,-0.0113497225333086,0.081899712197882,0.081899712197882,0.15906885053204,1.0179564516443
0.3,13,20,"constrained",0.297857142857143,3.17416295922639,0.297857142857143,36.2091422889122,0.0113960227504397,-0.00819347084435839,0.0975117416692877,0.0975117416692877,0.165252389201709,1.01989528125749
0.3,13,25,"standard",0.297857142857143,2.63731560806298,0.082395864914752,26.1693638901703,0.0118471014849492,-0.00874309245341032,0.0502831881458725,0.0502831881458725,0.121869534880343,0.988962372596578
0.3,13,25,"constrained",0.297857142857143,3.05139753550094,0.297857142857143,30.0709174735417,0.010482314325602,-0.00633544232860193,0.0659946094040906,0.0659946094040906,0.129945434956408,0.990407240932594
0.3,14,8,"standard",0.294142857142857,2.16435558167903,0.17792327013901,15.7586067749157,0.0230427767821983,-0.0230427767821983,0.411116809049219,0.411116809049219,0.434714958967883,1.50715251717292
0.3,14,8,"constrained",0.294142857142857,2.34652824902055,0.294142857142857,17.2022222240645,0.0183202745791156,-0.0183202745791156,0.424604870692315,0.424604870692315,0.443463075350818,1.50833401660654
0.3,14,12,"standard",0.294142857142857,2.29886626327157,0.140058423621269,19.5931236504991,0.0144628113486281,-0.0136278472843231,0.298578090356614,0.298578090356614,0.32353031565884,1.27523545210365
0.3,14,12,"constrained",0.294142857142857,2.53404871401288,0.294142857142857,21.9001078274879,0.0112707314721969,-0.00991323063563729,0.31846131028071,0.31846131028071,0.332880770529961,1.27687568789319
0.3,14,16,"standard",0.294142857142857,2.37268153475716,0.11948688120394,20.2564812294417,0.0125554377033886,-0.0105445023481519,0.22595066550463,0.22595066550463,0.267439204926568,1.11236860639315
0.3,14,16,"constrained",0.294142857142857,2.64181290033907,0.294142857142857,22.6562033303668,0.0101841593775047,-0.00729677594195769,0.246283589278564,0.246283589278564,0.276846322764549,1.11561687987141
0.3,14,20,"standard",0.294142857142857,2.38138754551897,0.098583964393747,22.4649585378332,0.0117829323951346,-0.00922227242030105,0.156112376925934,0.156112376925934,0.191968967058894,1.03554231475486
0.3,14,20,"constrained",0.294142857142857,2.67074645226469,0.294142857142857,25.503964410041,0.00998373925562288,-0.00653881265772945,0.175154585676585,0.175154585676585,0.201272379275206,1.03782079285506
0.3,14,25,"standard",0.294142857142857,2.42321935467681,0.09035842360623,24.6323398500029,0.0103811655628805,-0.0063704842308746,0.135028828826956,0.135028828826956,0.170513051934722,1.01173132874693
0.3,14,25,"constrained",0.294142857142857,2.72230477211871,0.294142857142857,28.1798478423067,0.00931003239231333,-0.00431106619213133,0.154301084843418,0.154301084843418,0.17863314426338,1.01413535396046
0.3,15,8,"standard",0.298571428571429,2.08144406661616,0.196009046809259,15.2079496828932,0.0186701957283191,-0.0186701957283191,0.434210761966412,0.434210761966412,0.429897403768999,1.5102329850283
0.3,15,8,"constrained",0.298571428571429,2.21719040324437,0.298571428571429,16.0824791758386,0.0146623805925739,-0.0146623805925739,0.439726082721054,0.439726082721054,0.431720986846827,1.5113907095403
0.3,15,12,"standard",0.298571428571429,2.19880534637758,0.141517295839508,17.1893532585788,0.0146459385538306,-0.0136003469163889,0.268169651525536,0.268169651525536,0.247239209803481,1.271724240871
0.3,15,12,"constrained",0.298571428571429,2.39153626641528,0.298571428571429,18.4731985927871,0.0120204569714406,-0.00999256955301386,0.276689676254652,0.276689676254652,0.248290913977609,1.27334407089413
0.3,15,16,"standard",0.298571428571429,2.27389294532394,0.113138119326522,17.9564626389896,0.0139700262122479,-0.0128525702521734,0.131521381844497,0.131521381844497,0.0852169282223707,1.10108520880641
0.3,15,16,"constrained",0.298571428571429,2.51669610827565,0.298571428571429,20.1865301860373,0.0117149008579879,-0.00951807320766133,0.137409714540007,0.137409714540007,0.0836477028408943,1.10448357999727
0.3,15,20,"standard",0.298571428571429,2.24623556831939,0.0968325897306863,16.7710113144787,0.0131601126582834,-0.0103822748123709,0.11176531228435,0.11176531228435,0.0792499429850246,1.03037207706997
0.3,15,20,"constrained",0.298571428571429,2.49782991347151,0.298571428571429,18.8038892152689,0.0115238615147646,-0.0078509691464687,0.118997956726146,0.118997956726146,0.0790393750045736,1.03364896061459
0.3,15,25,"standard",0.298571428571429,2.25356466384366,0.0861618264235089,18.7438363481666,0.0112812523212439,-0.00738525410998601,0.0991649448613865,0.0991649448613865,0.0665876804239254,1.00639629703119
0.3,15,25,"constrained",0.298571428571429,2.5171548970855,0.298571428571429,21.5097136167717,0.0101938876236152,-0.005433987274269,0.106996694442739,0.106996694442739,0.0665413371198013,1.00993099656925
0.3,16,8,"standard",0.302857142857143,2.04616643968609,0.192006323068265,21.6939941032426,0.022587918289687,-0.022587918289687,0.262927437946462,0.262927437946462,0.348437376008352,1.50443442358388
0.3,16,8,"constrained",0.302857142857143,2.2341595551638,0.302857142857143,23.9406399636225,0.0177830057384263,-0.0177830057384263,0.2741062303097,0.2741062303097,0.3539669081226,1.50779952626347
0.3,16,12,"standard",0.302857142857143,2.09199110487742,0.126948355621083,19.8244101112292,0.0162940457348774,-0.015138286127537,0.113891615093913,0.113891615093913,0.190150847014332,1.26838612813439
0.3,16,12,"constrained",0.302857142857143,2.33126694695087,0.302857142857143,22.1917194836507,0.0125470254528111,-0.0110680419377147,0.12353695955747,0.12353695955747,0.193080168843505,1.27218727832996
0.3,16,16,"standard",0.302857142857143,2.1064679384009,0.11177600869707,19.8600559813452,0.0135824495637505,-0.0122953148343253,0.0528706344332512,0.0528706344332512,0.123969536975138,1.09917751036793
0.3,16,16,"constrained",0.302857142857143,2.3623428193812,0.302857142857143,22.4140771564196,0.0109307912230694,-0.00900118620823794,0.0642493160624262,0.0642493160624262,0.128740515552015,1.10244776918671
0.3,16,20,"standard",0.302857142857143,2.1094300285784,0.100783512475065,19.3616324836641,0.0116341779408176,-0.00927320961620454,0.0164965360689591,0.0164965360689591,0.0782103046248913,1.02712400883588
0.3,16,20,"constrained",0.302857142857143,2.36983811866754,0.302857142857143,21.9993428408774,0.00982695402172139,-0.00666718717834585,0.0281513956781883,0.0281513956781883,0.0849274260464377,1.02940408136493
0.3,16,25,"standard",0.302857142857143,2.09828828933337,0.0898662634168822,17.3814767612148,0.0106054705088044,-0.00798807866139213,-0.00377880409025,0.00377880409025,0.0488182801869544,0.99632194135841
0.3,16,25,"constrained",0.302857142857143,2.36708330760582,0.302857142857143,19.5030935549244,0.00942450949039283,-0.00591411204036517,0.00669164207809203,0.00669164207809203,0.0560328980079029,0.997849555871724
0.3,17,8,"standard",0.293857142857143,2.4984872072777,0.188903275821386,23.6704466026467,0.0177354829344258,-0.0177354829344258,0.324104107116772,0.324104107116772,0.378914846673451,1.48814110550396
0.3,17,8,"constrained",0.293857142857143,2.73028771229525,0.293857142857143,25.7151827146479,0.0133577897249056,-0.0128259239292246,0.33076973376309,0.33076973376309,0.378257657280298,1.48852063732406
0.3,17,12,"standard",0.293857142857143,2.8093674037928,0.123971825742186,29.7826844093825,0.0121178891471933,-0.0100610733452944,0.17233641906063,0.17233641906063,0.236356347798777,1.26661377260938
0.3,17,12,"constrained",0.293857142857143,3.15933382748878,0.293857142857143,33.250429852962,0.00983520055382486,-0.0059612589371623,0.186231973969097,0.186231973969097,0.239143752347728,1.26790176891607
0.3,17,16,"standard",0.293857142857143,2.81087647083337,0.105626082903007,29.2077946054809,0.0113678551049256,-0.00780848611460893,0.0831166305594984,0.0831166305594984,0.152655552977614,1.09639985711823
0.3,17,16,"constrained",0.293857142857143,3.20513676379307,0.293857142857143,33.3748153622675,0.00974973360962321,-0.00426755502351169,0.0959778197258165,0.0959778197258165,0.158098502878096,1.09752411946045
0.3,17,20,"standard",0.293857142857143,2.82815531060558,0.094235656641132,29.9632567616018,0.0107430081961335,-0.00614647646904916,0.0791031116693297,0.0791031116693297,0.151046021424866,1.02992084130353
0.3,17,20,"constrained",0.293857142857143,3.22600617799856,0.293857142857143,34.144971870671,0.00976079774865584,-0.00357168760244539,0.0929619377396103,0.0929619377396103,0.158230908123276,1.03043446753918
0.3,17,25,"standard",0.293857142857143,2.81427524303998,0.085403349216461,28.5685504488598,0.00961329713418849,-0.00455429486653167,0.0757223447594999,0.0757223447594999,0.141433647995866,1.00612136561008
0.3,17,25,"constrained",0.293857142857143,3.218956722947,0.293857142857143,32.3835113724235,0.00898688199886953,-0.0025634259556054,0.0911113956005547,0.0911113956005547,0.149352640184739,1.0068396584645
0.3,18,8,"standard",0.298285714285714,2.1285994840121,0.212563483955638,19.213557465314,0.0128552340968584,-0.0128552340968584,0.323980486824919,0.323980486824919,0.297216845485178,1.48038294838767
0.3,18,8,"constrained",0.298285714285714,2.25181206445652,0.298285714285714,20.4095162819997,0.00959325840812469,-0.00911776066145465,0.324981592714815,0.324981592714815,0.300110855540032,1.48107080939544
0.3,18,12,"standard",0.298285714285714,2.38887406234764,0.158059309157925,24.1788161031579,0.0104658653582255,-0.00847992455296171,0.112714907861721,0.112714907861721,0.0835938962686402,1.25731127176522
0.3,18,12,"constrained",0.298285714285714,2.58313101070612,0.298285714285714,26.3320874131905,0.00823302273842117,-0.00504117429082144,0.113539711525041,0.113539711525041,0.0830890723647512,1.25909308140625
0.3,18,16,"standard",0.298285714285714,2.43196617008548,0.142623216668345,26.6565684386627,0.00911489223026405,-0.0048779376858284,0.0576393165962523,0.0576393165962523,0.0289204966678148,1.09506964450026
0.3,18,16,"constrained",0.298285714285714,2.63762287113974,0.298285714285714,29.2137224567207,0.00798600251177634,-0.00194531572813622,0.0597102116912636,0.0597102116912636,0.0288942975413032,1.09654987815734
0.3,18,20,"standard",0.298285714285714,2.40395782061969,0.11239372855021,22.4945171183981,0.0100004405772628,-0.00459472651008193,0.00508013981303801,0.00508013981303801,-0.0163144626886531,1.02682023975921
0.3,18,20,"constrained",0.298285714285714,2.6217060158058,0.298285714285714,24.3884200951824,0.00908682059765731,-0.00212207371915018,0.00749074988918697,0.00749074988918697,-0.0145948710841213,1.02858758257756
0.3,18,25,"standard",0.298285714285714,2.42485153200618,0.0997610333667476,22.9492216333719,0.00892083790803593,-0.00242164414936655,0.00602439007183264,0.00602439007183264,-0.0166585263156449,1.00181822270607
0.3,18,25,"constrained",0.298285714285714,2.64978327224319,0.298285714285714,24.7930847569785,0.00841117599093582,-0.000468327972894654,0.0109584743841484,0.0109584743841484,-0.012907137785912,1.00343236605849
0.3,19,8,"standard",0.298714285714286,2.53127567711138,0.195290321785433,22.272632872594,0.0144721005087485,-0.0138457037464901,0.264513746132313,0.264513746132313,0.258950243341129,1.4684565165936
0.3,19,8,"constrained",0.298714285714286,2.75932943105633,0.298714285714286,24.0142180578153,0.0104055666148465,-0.00893315354771123,0.268899160521413,0.268899160521413,0.262065903688968,1.46964205862743
0.3,19,12,"standard",0.298714285714286,2.68253398172699,0.149670370714241,28.1687663524502,0.00950743774900696,-0.00668651757191596,0.154413183010621,0.154413183010621,0.158461472648562,1.23726342780007
0.3,19,12,"constrained",0.298714285714286,2.96183487992017,0.298714285714286,31.1253359140238,0.00747666848189314,-0.00304653629786784,0.160475102048738,0.160475102048738,0.16066315327359,1.23810095113063
0.3,19,16,"standard",0.298714285714286,2.66706301308644,0.1230833224541,28.3912616911223,0.0100507649811516,-0.00772505571470422,0.0475656744134074,0.0475656744134074,0.055096856600535,1.08203735622438
0.3,19,16,"constrained",0.298714285714286,2.9798983604587,0.298714285714286,31.5842821370808,0.00809334307806804,-0.00432722997042509,0.0498547414881658,0.0498547414881658,0.053685790216694,1.08341430090824
0.3,19,20,"standard",0.298714285714286,2.68884317308983,0.114519796256848,29.2817502867998,0.00910214826096805,-0.00440481812931008,0.0346667903162832,0.0346667903162832,0.0350780094023942,1.02360732610532
0.3,19,20,"constrained",0.298714285714286,3.00790944712639,0.298714285714286,32.5047841079544,0.00803721669174438,-0.00175734906175175,0.0384003453772772,0.0384003453772772,0.035831404750315,1.02464080402344
0.3,19,25,"standard",0.298714285714286,2.71029536771089,0.105943540615968,29.1321074514142,0.00924941549801779,-0.00304342252198349,0.0296340529091168,0.0296340529091168,0.0317901631091527,0.998237632640417
0.3,19,25,"constrained",0.298714285714286,3.03752401995315,0.298714285714286,32.5327331821048,0.00865552329045928,-0.000936046797104768,0.0371121951698807,0.0371121951698807,0.0345207960127185,0.999115379459311
0.3,20,8,"standard",0.299571428571429,2.12035034597417,0.189461000589739,22.2158440246758,0.0197053877351684,-0.0197053877351684,0.260161301822144,0.260161301822144,0.254849229749955,1.48287602887854
0.3,20,8,"constrained",0.299571428571429,2.30674317306792,0.299571428571429,24.5569126845524,0.015080172860998,-0.0148134124467775,0.257935498620997,0.257935498620997,0.260595903549784,1.48563069214383
0.3,20,12,"standard",0.299571428571429,2.28898431321442,0.145797238516002,25.2170957536977,0.0121696357262273,-0.00911700386731401,0.122836409925254,0.122836409925254,0.141528605012467,1.24976211307304
0.3,20,12,"constrained",0.299571428571429,2.52481007725028,0.299571428571429,28.1178627827245,0.0100832338541978,-0.00527093500951138,0.121364178841781,0.121364178841781,0.142177144904602,1.25181399157004
0.3,20,16,"standard",0.299571428571429,2.31200328809973,0.130242075044537,23.4210735227865,0.0102074128839342,-0.0077678428884149,0.0727693014851623,0.0727693014851623,0.100229638364979,1.09365358984918
0.3,20,16,"constrained",0.299571428571429,2.56028064816211,0.299571428571429,25.950750744552,0.00838852118843959,-0.00459136105609633,0.0746890406441709,0.0746890406441709,0.104016418844273,1.09645158099036
0.3,20,20,"standard",0.299571428571429,2.31989656680912,0.113584684187016,21.3518630172254,0.0093474139706476,-0.00673915924025727,0.0238131894646321,0.0238131894646321,0.0564927993663308,1.03436569251657
0.3,20,20,"constrained",0.299571428571429,2.56525521656602,0.299571428571429,23.4984186260173,0.0080690750136016,-0.00430267538896112,0.0263295238448897,0.0263295238448897,0.0596554123193983,1.03759161442292
0.3,20,25,"standard",0.299571428571429,2.35438153066509,0.107496243807689,22.2113278987229,0.00840736802481856,-0.00465676779831333,0.00192919800347457,0.00192919800347457,0.0252690724211865,1.00911361543301
0.3,20,25,"constrained",0.299571428571429,2.62026583318358,0.299571428571429,24.4956765066151,0.00767851962026674,-0.00265385866208281,0.00354923500580018,0.00354923500580018,0.0281745940202657,1.01245023109003
0.3,21,8,"standard",0.301571428571429,1.783085918444,0.211019420375136,17.3174406271796,0.0176109133402201,-0.0176109133402201,0.315465426406656,0.315465426406656,0.344154751898737,1.50174477422957
0.3,21,8,"constrained",0.301571428571429,1.88641437491924,0.301571428571429,18.4338083151288,0.0143424159116332,-0.0141886044824412,0.324960892133527,0.324960892133527,0.347354716618555,1.50286431065257
0.3,21,12,"standard",0.301571428571429,1.86760764052215,0.171555664799808,18.0497730655144,0.0119482451044618,-0.010466761987802,0.2428543077554,0.2428543077554,0.282431623752371,1.29484997909581
0.3,21,12,"constrained",0.301571428571429,1.99102815143138,0.301571428571429,19.2099492433068,0.00999789399712968,-0.0078284827868764,0.254660630678858,0.254660630678858,0.282887243931537,1.29619333661427
0.3,21,16,"standard",0.301571428571429,1.87843967746425,0.139649064124285,18.1982635221353,0.0124082260037317,-0.0107927295505394,0.121166305336518,0.121166305336518,0.167562197692433,1.10270417214712
0.3,21,16,"constrained",0.301571428571429,2.02553813528347,0.301571428571429,19.5999340932145,0.0106632446237867,-0.00832767676832462,0.130164329504781,0.130164329504781,0.165803238394586,1.10334224553817
0.3,21,20,"standard",0.301571428571429,1.91972637180414,0.131089322049554,20.185952437002,0.0107855049085683,-0.00813216278068449,0.0927857816260964,0.0927857816260964,0.145304983247973,1.03691309694513
0.3,21,20,"constrained",0.301571428571429,2.07782509835515,0.301571428571429,21.960023192314,0.00956874818274926,-0.006139291475337,0.102601587211021,0.102601587211021,0.143256344006799,1.0376764917946
0.3,21,25,"standard",0.301571428571429,1.92750666019356,0.114533827756063,21.0128657908883,0.00969016575030718,-0.00724121790476709,0.0868389126986759,0.0868389126986759,0.131808624138299,1.01782123400369
0.3,21,25,"constrained",0.301571428571429,2.09287124937579,0.301571428571429,23.0287905841115,0.00886496879019726,-0.00578863517011037,0.0975006507833163,0.0975006507833163,0.131724565199066,1.0185171235051
0.3,22,8,"standard",0.299571428571429,1.98928825473766,0.204939707908763,19.946916401711,0.0168230049668001,-0.0168230049668001,0.421597027600446,0.421597027600446,0.424697006046843,1.50471160675013
0.3,22,8,"constrained",0.299571428571429,2.12254673509969,0.299571428571429,21.5677349780782,0.0130240496602476,-0.0128215608047668,0.426203565930037,0.426203565930037,0.42630134797556,1.50613130073559
0.3,22,12,"standard",0.299571428571429,2.07548240186324,0.149776278788804,15.7089836436856,0.0132962941352813,-0.0128097848641666,0.25580544947256,0.25580544947256,0.228528132827861,1.25208055644574
0.3,22,12,"constrained",0.299571428571429,2.24048635649943,0.299571428571429,16.6883556956524,0.0106670388761641,-0.00958669960777675,0.259814911311478,0.259814911311478,0.232538854960307,1.25328135581022
0.3,22,16,"standard",0.299571428571429,2.11080949764883,0.122640167152395,18.5552774528626,0.0121875072489511,-0.0108784095298046,0.14749128602325,0.14749128602325,0.120466433300121,1.09448986549223
0.3,22,16,"constrained",0.299571428571429,2.30904954741382,0.299571428571429,20.8409362422944,0.0100922906644451,-0.00781421003885979,0.151033728891912,0.151033728891912,0.125107428473432,1.09592395237074
0.3,22,20,"standard",0.299571428571429,2.18179744287949,0.0985784613993305,18.1319835074376,0.0106907282099458,-0.00861057796477405,0.0748633639937992,0.0748633639937992,0.0539181170764917,1.02198053388208
0.3,22,20,"constrained",0.299571428571429,2.395729687992,0.299571428571429,20.3250678553439,0.00921343528358724,-0.00606436021954615,0.0808204415326443,0.0808204415326443,0.0614372334100787,1.02307312061428
0.3,22,25,"standard",0.299571428571429,2.2445013462993,0.0942932539831703,20.4451137411483,0.00986983038410648,-0.00610601627859422,0.0557631197070778,0.0557631197070778,0.0346731356851864,1.00274276955095
0.3,22,25,"constrained",0.299571428571429,2.48383737797741,0.299571428571429,23.2109119711127,0.0088511890775054,-0.00394581157647632,0.063931225891265,0.063931225891265,0.0439373462957554,1.00459780923355
0.3,23,8,"standard",0.303285714285714,2.08250543791561,0.204724726634064,19.6761668873309,0.0158005288185827,-0.0153805151590482,0.207776021766227,0.207776021766227,0.262881574861341,1.46919001799774
0.3,23,8,"constrained",0.303285714285714,2.23829337854525,0.303285714285714,21.2173042986626,0.0127257691922979,-0.0110470430551974,0.214293565043022,0.214293565043022,0.265511188018483,1.46992975922786
0.3,23,12,"standard",0.303285714285714,2.22536591570396,0.144300834371162,24.6848971299166,0.01210076956324,-0.0110241729432435,0.0859132906052542,0.0859132906052542,0.129199506038403,1.2420069378732
0.3,23,12,"constrained",0.303285714285714,2.45089538210962,0.303285714285714,27.6079708105618,0.0099361203289593,-0.0074986918270685,0.0940969042094402,0.0940969042094402,0.133619807349372,1.24342344230818
0.3,23,16,"standard",0.303285714285714,2.18181911433704,0.114886389951228,23.9378876246351,0.013052473146727,-0.0118056667864583,-0.00369707621391413,0.00369707621391413,0.0286805736408374,1.07963777437968
0.3,23,16,"constrained",0.303285714285714,2.43904834092944,0.303285714285714,27.3379181934009,0.0108252615339034,-0.00857335790575467,0.00260303633706371,0.00260303633706371,0.0349451321013128,1.08035020604649
0.3,23,20,"standard",0.303285714285714,2.20962340209391,0.098502780681026,23.9691347782775,0.0115265689018798,-0.00969466313763254,-0.0459343698228647,0.0459343698228647,-0.0228557641527503,1.01580147220329
0.3,23,20,"constrained",0.303285714285714,2.47975447544639,0.303285714285714,27.3780971842887,0.0098764074446822,-0.00710937572995393,-0.040331027985185,0.040331027985185,-0.0152982038228715,1.01625061713873
0.3,23,25,"standard",0.303285714285714,2.19224787862133,0.0808408315231052,22.6717274326654,0.0106304459250405,-0.00823948094765224,-0.0534689860034634,0.0534689860034634,-0.0212593630867114,0.987170507338929
0.3,23,25,"constrained",0.303285714285714,2.48204781794826,0.303285714285714,25.8461549967046,0.00948957831917736,-0.00612293424623634,-0.0457702967650846,0.0457702967650846,-0.0129057176647955,0.987825658214886
0.3,24,8,"standard",0.310142857142857,2.03946484417982,0.198334655131199,18.7166386700135,0.016401775596156,-0.0161869153037188,0.2809670817924,0.2809670817924,0.235414710907328,1.46279318499449
0.3,24,8,"constrained",0.310142857142857,2.19925231505889,0.310142857142857,20.2070439922825,0.0126573830737396,-0.0116835775041487,0.281935597039413,0.281935597039413,0.23784314878817,1.46326253951254
0.3,24,12,"standard",0.310142857142857,2.21716118599348,0.137829129424367,23.716135652951,0.0123668787804966,-0.00984740047721317,0.122559149795586,0.122559149795586,0.0826201849776658,1.23507176031395
0.3,24,12,"constrained",0.310142857142857,2.45471532582371,0.310142857142857,26.5673583509934,0.00988199976143384,-0.00584046072377585,0.127909463560872,0.127909463560872,0.0851048124505022,1.23579965081948
0.3,24,16,"standard",0.310142857142857,2.22410809198565,0.123626762897955,22.4017041751846,0.0103173296045895,-0.00758833643619532,0.0554482460946808,0.0554482460946808,0.021875411213464,1.08320719881753
0.3,24,16,"constrained",0.310142857142857,2.46370916701631,0.310142857142857,24.8758883199706,0.00861968814352965,-0.00434320749445292,0.0610483903096206,0.0610483903096206,0.0246289389053284,1.08466527394758
0.3,24,20,"standard",0.310142857142857,2.28541038027886,0.104260720261317,22.2701045019855,0.00987225111659123,-0.00560498268573681,0.00342262298816376,0.00342262298816376,-0.0193085574274798,1.01596679020379
0.3,24,20,"constrained",0.310142857142857,2.55023680502043,0.310142857142857,24.7649644608183,0.00874292848671386,-0.00285740695009203,0.0108771002590027,0.0108771002590027,-0.0149119528975765,1.01779271692794
0.3,24,25,"standard",0.310142857142857,2.30016166920929,0.0988208456832101,21.4689445144075,0.00918456116495162,-0.00438299478078625,0.00226563275756675,0.00226563275756675,-0.0231223006168841,0.99741963184777
0.3,24,25,"constrained",0.310142857142857,2.58575668391564,0.310142857142857,23.8834638203062,0.0084136434265075,-0.00222197179277015,0.0113080747823604,0.0113080747823604,-0.0164860023694162,0.999813126609953
0.3,25,8,"standard",0.302285714285714,2.03290998491692,0.187958307578986,21.1287310771388,0.0210551937442819,-0.0210147180521393,0.278775532008702,0.278775532008702,0.299370242049445,1.47308907890179
0.3,25,8,"constrained",0.302285714285714,2.21931982893198,0.302285714285714,23.385536606586,0.0163884181937034,-0.0160750130104677,0.281288912013225,0.281288912013225,0.300302775856476,1.47449607727002
0.3,25,12,"standard",0.302285714285714,2.11445957308805,0.133308276166429,20.7553335093997,0.0147671445932347,-0.0133174224559089,0.123958842228006,0.123958842228006,0.137262456567319,1.24292486588999
0.3,25,12,"constrained",0.302285714285714,2.34784255818025,0.302285714285714,23.312624897868,0.011874463950695,-0.00938526114211618,0.127277832194964,0.127277832194964,0.140773431556558,1.24457651570831
0.3,25,16,"standard",0.302285714285714,2.12750907155486,0.128504987938478,20.809949597741,0.0117264340723481,-0.00942573009433615,0.0952687242488022,0.0952687242488022,0.115599196479787,1.08614965707754
0.3,25,16,"constrained",0.302285714285714,2.36242023404561,0.302285714285714,23.5302482640211,0.00992729411504377,-0.00628560541199347,0.100616754260877,0.100616754260877,0.121279179222458,1.08794302439889
0.3,25,20,"standard",0.302285714285714,2.21738160530497,0.116445061384389,23.5250793768579,0.0102047224622567,-0.00634629689524118,0.0648156968797196,0.0648156968797196,0.0880937077145393,1.02795382335712
0.3,25,20,"constrained",0.302285714285714,2.4727401925457,0.302285714285714,26.6075994948003,0.00911565473792105,-0.003748684222574,0.0727986770786719,0.0727986770786719,0.0950138691974579,1.03029363928503
0.3,25,25,"standard",0.302285714285714,2.19061870615438,0.0910083089812769,19.1629940559447,0.00979284456219886,-0.00688370016932986,0.0319392249422945,0.0319392249422945,0.0420498986237025,1.00287473851605
0.3,25,25,"constrained",0.302285714285714,2.45316554941342,0.302285714285714,21.4283715453152,0.00890917951353507,-0.00490017487577812,0.0376967661679357,0.0376967661679357,0.046333689738509,1.00468769697377
0.3,26,8,"standard",0.301857142857143,2.22912105622465,0.202339266298463,19.6678893074439,0.0151267544203355,-0.015106768765007,0.371921075747556,0.371921075747556,0.395732948731958,1.48571934022559
0.3,26,8,"constrained",0.301857142857143,2.40759600272782,0.301857142857143,21.0731450724998,0.0115317846662025,-0.0107433789121552,0.377449394021044,0.377449394021044,0.394920012724986,1.48588306083489
0.3,26,12,"standard",0.301857142857143,2.42853539069654,0.120958360554925,26.894968619818,0.0123375687422604,-0.00979684261911338,0.201686440807351,0.201686440807351,0.237489243535649,1.25450171800284
0.3,26,12,"constrained",0.301857142857143,2.70152087900464,0.301857142857143,30.1445918477712,0.00952857183403548,-0.00589555119372354,0.211939182080046,0.211939182080046,0.239384575753029,1.25563170920701
0.3,26,16,"standard",0.301857142857143,2.40119878879109,0.0963439447843714,23.3051671051578,0.0124545650046034,-0.0104095399511541,0.081550908767742,0.081550908767742,0.116968371460796,1.07737808392497
0.3,26,16,"constrained",0.301857142857143,2.69018009089651,0.301857142857143,26.1308775522108,0.00994099847957922,-0.00706104517362216,0.0897331615517709,0.0897331615517709,0.119226629712374,1.07855156204675
0.3,26,20,"standard",0.301857142857143,2.44987798328254,0.0768580031255054,24.7055957914255,0.0129967065759111,-0.0100093962724434,0.0117067582716857,0.0117067582716857,0.0337158426002847,1.00327883281744
0.3,26,20,"constrained",0.301857142857143,2.8137372277278,0.301857142857143,28.5494017962059,0.0110899879318203,-0.00705398715188003,0.0197180438557183,0.0197180438557183,0.0365043934675802,1.00423552255549
0.3,26,25,"standard",0.301857142857143,2.57301235829221,0.0682669629810643,31.4288149378384,0.0109301036295259,-0.007023967424323,0.0141389483539625,0.0141389483539625,0.0324578486408759,0.985691463091088
0.3,26,25,"constrained",0.301857142857143,2.99437434477843,0.301857142857143,36.8631195676509,0.00977540746505943,-0.00478298223247194,0.0246619716518506,0.0246619716518506,0.0372434525468653,0.986919744742835
0.3,27,8,"standard",0.311428571428571,2.23095527810525,0.203941477731377,20.5582825935295,0.0145527458635697,-0.0143402025950616,0.337858911576101,0.337858911576101,0.306468080600413,1.47741806453422
0.3,27,8,"constrained",0.311428571428571,2.43235215754355,0.311428571428571,22.4237922568755,0.0102845186234197,-0.00929983832185873,0.335338861740383,0.335338861740383,0.314062073091381,1.47766298583267
0.3,27,12,"standard",0.311428571428571,2.46308710467581,0.146511125160973,27.6590092014927,0.0106639306703151,-0.0096589018437068,0.154461516096928,0.154461516096928,0.121614511390479,1.24607670267849
0.3,27,12,"constrained",0.311428571428571,2.75219813007458,0.311428571428571,31.0809815546493,0.00789838082238429,-0.0055398925510255,0.151911629105872,0.151911629105872,0.127279448987948,1.24681110297506
0.3,27,16,"standard",0.311428571428571,2.48980230630031,0.129919145160173,27.9836338255358,0.00966330491041779,-0.00774138122002581,0.0776736365206867,0.0776736365206867,0.0536387551335834,1.08579472427733
0.3,27,16,"constrained",0.311428571428571,2.77966221517123,0.311428571428571,31.4482003890197,0.00792271489811791,-0.00442000334819682,0.0770472856841371,0.0770472856841371,0.0580650975724272,1.08659856626813
0.3,27,20,"standard",0.311428571428571,2.49428837411242,0.121821250746744,26.5369971475839,0.00913215182053407,-0.0054229522648708,0.0585761461663683,0.0585761461663683,0.0370468095665401,1.02202004905082
0.3,27,20,"constrained",0.311428571428571,2.78372367015487,0.311428571428571,29.4859027943114,0.00812115725674414,-0.00282381600537176,0.0597599021865749,0.0597599021865749,0.041384515222598,1.02305823518959
0.3,27,25,"standard",0.311428571428571,2.55557271609427,0.0915507970892879,25.7823142601769,0.00912010502170293,-0.00588969627471796,0.0226886438218417,0.0226886438218417,-0.000470896520661763,0.997706535360789
0.3,27,25,"constrained",0.311428571428571,2.91940141077591,0.311428571428571,29.1459845944416,0.00830045622442031,-0.00351669110980582,0.0228706290085086,0.0228706290085086,0.00416284804640717,0.99921275109635
0.3,28,8,"standard",0.297285714285714,2.29732961100341,0.202021542648579,21.7435494310152,0.0152292996339923,-0.0146483002490814,0.397895468298366,0.397895468298366,0.400928914609886,1.49129495181041
0.3,28,8,"constrained",0.297285714285714,2.47380900914457,0.297285714285714,23.38787315244,0.0122322973191206,-0.0102606163253225,0.40391710244318,0.40391710244318,0.407006958372411,1.49157611724737
0.3,28,12,"standard",0.297285714285714,2.50145781270035,0.143248334310736,26.7344476099294,0.0110638667991325,-0.00975220196777441,0.276456357672961,0.276456357672961,0.30074300034703,1.27229668732723
0.3,28,12,"constrained",0.297285714285714,2.75887497984645,0.297285714285714,29.5213053232417,0.00878203459449032,-0.00602468043455733,0.287351359078609,0.287351359078609,0.309236536999474,1.27331049367144
0.3,28,16,"standard",0.297285714285714,2.47891832824157,0.123985326943481,25.5599666399653,0.0106712465480458,-0.00908230541764161,0.194288860183955,0.194288860183955,0.224413826083697,1.10107193857899
0.3,28,16,"constrained",0.297285714285714,2.75285881904972,0.297285714285714,28.3017053436333,0.00883105276985198,-0.0059069367792197,0.204291611610164,0.204291611610164,0.230185557931495,1.10217963775314
0.3,28,20,"standard",0.297285714285714,2.52950056967359,0.107524292587271,29.4505504010194,0.00980850924930536,-0.00645160553741218,0.15683959311193,0.15683959311193,0.181444271758565,1.03622148774025
0.3,28,20,"constrained",0.297285714285714,2.81892236737694,0.297285714285714,33.0551174458073,0.00866735682408505,-0.00377277756841885,0.16877265453271,0.16877265453271,0.187539294623426,1.03733249640551
0.3,28,25,"standard",0.297285714285714,2.57042309436789,0.0944765393562446,31.520920278938,0.00926879954730314,-0.0044915706440181,0.128321094129967,0.128321094129967,0.149260827444316,1.00860483792851
0.3,28,25,"constrained",0.297285714285714,2.87923293809777,0.297285714285714,35.4403100741908,0.0085029731952652,-0.00236559363770354,0.140481455880113,0.140481455880113,0.155258989277242,1.00972036264078
0.3,29,8,"standard",0.295714285714286,2.24858226935438,0.174137338256127,25.5530772449484,0.0247165499881267,-0.0247062226335023,0.231387271780233,0.231387271780233,0.3187648247475,1.48928268259612
0.3,29,8,"constrained",0.295714285714286,2.47580262796945,0.295714285714286,28.6073788573454,0.0200253161527044,-0.019672760685008,0.237939877080093,0.237939877080093,0.32121337523871,1.49303741068551
0.3,29,12,"standard",0.295714285714286,2.34827078729257,0.132679436773417,22.102881800732,0.0172440599858757,-0.0166432210945366,0.0379755346206867,0.0379755346206867,0.11590991134954,1.23911416689706
0.3,29,12,"constrained",0.295714285714286,2.61010955158735,0.295714285714286,24.7225964910223,0.0140379775284603,-0.0126679522834729,0.0433209752954342,0.0433209752954342,0.114573979574292,1.24022480620076
0.3,29,16,"standard",0.295714285714286,2.34426435994265,0.125468662204649,21.2833869341419,0.013218547564569,-0.0115108526104264,0.0169595591512826,0.0169595591512826,0.110917018519618,1.09115390373149
0.3,29,16,"constrained",0.295714285714286,2.60368887409511,0.295714285714286,23.6845915044433,0.0111055101650743,-0.00840496756458134,0.0207233958838025,0.0207233958838025,0.106472001649819,1.09376128769453
0.3,29,20,"standard",0.295714285714286,2.33025100785032,0.12031933664182,19.7289574602692,0.0111820576957275,-0.00848202303716038,0.00694195980864709,0.00694195980864709,0.0961250969145836,1.02617441406918
0.3,29,20,"constrained",0.295714285714286,2.58377114153537,0.295714285714286,21.686140139179,0.00984893289902138,-0.00616307010632375,0.010417324791967,0.010417324791967,0.0920805391607021,1.02886437061901
0.3,29,25,"standard",0.295714285714286,2.339849875854,0.118632480993753,19.4890519696439,0.0100433733816549,-0.0053418220228377,0.00300704970602172,0.00300704970602172,0.090209859943483,1.01030977500223
0.3,29,25,"constrained",0.295714285714286,2.59400530862488,0.295714285714286,21.1944378164509,0.00931244381979591,-0.00353480764562343,0.0072986583936201,0.0072986583936201,0.0869955289679957,1.01380988101539
0.3,30,8,"standard",0.297428571428571,1.81578773961019,0.209732599963876,18.0359473296656,0.0192282738877452,-0.0184432230773047,0.233413624770733,0.233413624770733,0.226398624443734,1.4695872266021
0.3,30,8,"constrained",0.297428571428571,1.91813838347645,0.297428571428571,19.2445702139859,0.0160721889688658,-0.0150358664396008,0.232302044028261,0.232302044028261,0.227539658930379,1.47047709907787
0.3,30,12,"standard",0.297428571428571,1.9355513549226,0.173801498177913,21.1675039414651,0.0121985401430983,-0.0101733972231034,0.10421038070998,0.10421038070998,0.105095158147315,1.24095693060403
0.3,30,12,"constrained",0.297428571428571,2.06281655613559,0.297428571428571,22.8386428340168,0.0105366296003602,-0.00748455990538534,0.106627447102538,0.106627447102538,0.107033497685393,1.24208120724167
0.3,30,16,"standard",0.297428571428571,1.98211041387735,0.14189902848719,17.5339939489714,0.0108940229349861,-0.00766940243323761,0.0246671087019115,0.0246671087019115,0.0284472325760834,1.07585038428348
0.3,30,16,"constrained",0.297428571428571,2.13064075048884,0.297428571428571,18.8038624242934,0.00971023403623015,-0.00521106420933993,0.0282572059210731,0.0282572059210731,0.0320087461821266,1.07709649382638
0.3,30,20,"standard",0.297428571428571,1.98877212559464,0.132394188902939,15.4478070540742,0.00980973036354585,-0.00601364086129301,0.0111519070762141,0.0111519070762141,0.0155703161178405,1.01556966593025
0.3,30,20,"constrained",0.297428571428571,2.13885629774762,0.297428571428571,16.3969638385337,0.00898966022427064,-0.00414118386912386,0.0156720288784955,0.0156720288784955,0.0188532057433747,1.01693622548229
0.3,30,25,"standard",0.297428571428571,1.99840314832654,0.125637391198287,16.6377095970158,0.00897690511859585,-0.00411161913007406,0.00875253233980189,0.00875253233980189,0.016380434791667,1.00107604767266
0.3,30,25,"constrained",0.297428571428571,2.15276616244078,0.297428571428571,17.7869567828036,0.00841282803299929,-0.00271205557267895,0.0144434913628624,0.0144434913628624,0.0205883596893589,1.00248833702334
0.3,31,8,"standard",0.296,2.06632699376735,0.172621125870899,14.9981374638278,0.0254237834080578,-0.0254237834080578,0.296576166044001,0.296576166044001,0.381618187449667,1.49347402871671
0.3,31,8,"constrained",0.296,2.25565633634838,0.296,16.426507702264,0.0208875784235024,-0.0204839650273887,0.306649752218912,0.306649752218912,0.387690816703245,1.49438400345933
0.3,31,12,"standard",0.296,2.27813067954744,0.104405761798093,18.4419820685669,0.0176514718880326,-0.0165008290797172,0.112327247816109,0.112327247816109,0.211733164519979,1.25937530123557
0.3,31,12,"constrained",0.296,2.60378867617296,0.296,21.1386329745995,0.0140351250967105,-0.01208049715843,0.126298945362662,0.126298945362662,0.215956737034294,1.26244893961599
0.3,31,16,"standard",0.296,2.23064489435466,0.0870191382296361,15.7836024865727,0.0164767846516356,-0.014943197375492,0.0110737704443791,0.0110737704443791,0.0893819020911019,1.08418696859016
0.3,31,16,"constrained",0.296,2.56410275512585,0.296,17.8115082513661,0.0136416404137807,-0.0111948813860716,0.0207312428311273,0.0207312428311273,0.0944958367144169,1.08557573125957
0.3,31,20,"standard",0.296,2.28598875005745,0.0735320529041653,17.1060354125673,0.0139998868487569,-0.0121138719947052,-0.0275401760356084,0.0275401760356084,0.0567020454446406,1.02272723919044
0.3,31,20,"constrained",0.296,2.6417667585509,0.296,19.9913067406454,0.0121138462261674,-0.00914698817468489,-0.0148303847900424,0.0148303847900424,0.0637504135250955,1.02465024330632
0.3,31,25,"standard",0.296,2.30717562394438,0.0723940450638545,17.6863598633417,0.0121875637292227,-0.00982166657225963,-0.0477223516707888,0.0477223516707888,0.0383041806970939,0.998077876820918
0.3,31,25,"constrained",0.296,2.67779912550505,0.296,20.7559731235771,0.0109436315188943,-0.00741462753388425,-0.0348481801388463,0.0348481801388463,0.045282601125987,1.00019993174839
0.3,32,8,"standard",0.303571428571429,1.84826161749723,0.19902275855283,18.9328415704896,0.0193752665945244,-0.0193723884647123,0.404801012630441,0.404801012630441,0.421523543676677,1.495393684221
0.3,32,8,"constrained",0.303571428571429,1.97150886667931,0.303571428571429,20.3518629017113,0.015850138520237,-0.0155734588249431,0.409460755947512,0.409460755947512,0.424584800901482,1.4949999360533
0.3,32,12,"standard",0.303571428571429,2.0366514791708,0.13179333211318,18.9878821058155,0.0170561017270948,-0.0168120105219295,0.191900657883809,0.191900657883809,0.198602947611001,1.24351642116241
0.3,32,12,"constrained",0.303571428571429,2.24714800281548,0.303571428571429,20.7069925106475,0.0136595262130753,-0.012847449705937,0.198793151720111,0.198793151720111,0.203058454500447,1.24353401538052
0.3,32,16,"standard",0.303571428571429,2.08476255101384,0.120401052536437,21.5091676431589,0.0142238612561634,-0.0133208769378793,0.120436153222363,0.120436153222363,0.152260175903037,1.08115491023876
0.3,32,16,"constrained",0.303571428571429,2.30924166475416,0.303571428571429,23.6926115902817,0.0117105754150012,-0.0101808189519452,0.127315834280633,0.127315834280633,0.154841610072237,1.08169877297476
0.3,32,20,"standard",0.303571428571429,2.07545446730963,0.102125618306816,19.774706529589,0.0127332858935027,-0.011620113010887,0.0802927573679426,0.0802927573679426,0.109328611214821,1.0112307817893
0.3,32,20,"constrained",0.303571428571429,2.3087737630833,0.303571428571429,21.6369729980689,0.010839581070963,-0.00916035881735894,0.0888125777321074,0.0888125777321074,0.115859818727902,1.01178364195407
0.3,32,25,"standard",0.303571428571429,2.10926713332227,0.0785602333980925,19.9456349210964,0.0121622838481951,-0.0100256717765941,0.0535883620459385,0.0535883620459385,0.074907663201019,0.988128892667876
0.3,32,25,"constrained",0.303571428571429,2.38901868017224,0.303571428571429,22.2748748040355,0.0107574499317458,-0.0080200600237552,0.0618992264964779,0.0618992264964779,0.0808904860572394,0.989580701237493
0.3,33,8,"standard",0.297571428571429,2.09528738083472,0.199086573981747,20.731118252545,0.0175429021558098,-0.0175429021558098,0.342583086770472,0.342583086770472,0.280546295356198,1.47092495651286
0.3,33,8,"constrained",0.297571428571429,2.23476810729275,0.297571428571429,22.3974487270245,0.0136569724716624,-0.0134921588813173,0.341708003227121,0.341708003227121,0.280276294014348,1.47170797646753
0.3,33,12,"standard",0.297571428571429,2.20192069221813,0.13526308787046,16.5560349945616,0.0149804651197624,-0.0138668085154556,0.175980708444492,0.175980708444492,0.112708830855574,1.25841114048473
0.3,33,12,"constrained",0.297571428571429,2.39244106723624,0.297571428571429,18.3064121841641,0.0119287623818449,-0.0103444187179188,0.181140357513826,0.181140357513826,0.11982755318233,1.26054679896173
0.3,33,16,"standard",0.297571428571429,2.24458043121269,0.122647824101608,17.1497346824449,0.0120110977929656,-0.00954519914098307,0.12281464457621,0.12281464457621,0.0833762637960162,1.08988111989267
0.3,33,16,"constrained",0.297571428571429,2.44406707344356,0.297571428571429,19.0001102186762,0.0100236631210733,-0.00657464698467741,0.129839218768864,0.129839218768864,0.0893981116730058,1.09171958350208
0.3,33,20,"standard",0.297571428571429,2.24087198741115,0.113164694161093,16.7757359313712,0.0113551680368581,-0.00825934241039602,0.0963512802810991,0.0963512802810991,0.0549493321682927,1.01793251797248
0.3,33,20,"constrained",0.297571428571429,2.44481384451444,0.297571428571429,18.5352314014697,0.00991243187223058,-0.00599708400660106,0.101466575913305,0.101466575913305,0.0593477619379279,1.01974187470785
0.3,33,25,"standard",0.297571428571429,2.32239939121199,0.103766411226054,17.681223464974,0.00987161277748929,-0.00609470305055177,0.0795019537339687,0.0795019537339687,0.0325741611914578,0.993927038890457
0.3,33,25,"constrained",0.297571428571429,2.54474485466091,0.297571428571429,19.5081540835326,0.00897089846813188,-0.00429066656053114,0.0875399184206467,0.0875399184206467,0.0394476046711611,0.995310858014985
0.3,34,8,"standard",0.287857142857143,2.28434808431594,0.203581670336062,21.105369739978,0.0169021774606868,-0.0169021774606868,0.384784295019926,0.384784295019926,0.379645676784807,1.49757721344347
0.3,34,8,"constrained",0.287857142857143,2.43054360362675,0.287857142857143,22.4984641135245,0.0133180456580914,-0.0132023969112842,0.38808878738647,0.38808878738647,0.385127095675345,1.49814446440697
0.3,34,12,"standard",0.287857142857143,2.38454626154045,0.170610471944268,25.1176527250234,0.0122057547528632,-0.00935557293065317,0.296910303065037,0.296910303065037,0.305426920390165,1.27980197320453
0.3,34,12,"constrained",0.287857142857143,2.55842567542032,0.287857142857143,27.1969755106906,0.010515010207684,-0.00657490686719574,0.30508005910625,0.30508005910625,0.310502864311062,1.28081340398036
0.3,34,16,"standard",0.287857142857143,2.40956749292558,0.14337388483903,23.775761225044,0.0122844597408723,-0.0101210324619075,0.188175601460957,0.188175601460957,0.203834806239144,1.09947237711536
0.3,34,16,"constrained",0.287857142857143,2.60627644515527,0.287857142857143,25.8130964756309,0.0107556066970675,-0.00767551214072237,0.194916446501545,0.194916446501545,0.207983788074651,1.10092297801796
0.3,34,20,"standard",0.287857142857143,2.40937632380541,0.118583899112161,20.9697921573403,0.0114157400412808,-0.00853494297556355,0.133826174275656,0.133826174275656,0.145320341373968,1.02199104811622
0.3,34,20,"constrained",0.287857142857143,2.61397828987551,0.287857142857143,22.5634169905858,0.0102444776853664,-0.00653302995910952,0.141569706348153,0.141569706348153,0.151945002757668,1.02321964888879
0.3,34,25,"standard",0.287857142857143,2.43400500783193,0.115111169359275,22.1774117268645,0.00999394078842725,-0.00508059515899763,0.131781216544407,0.131781216544407,0.14238215918036,1.00017733927266
0.3,34,25,"constrained",0.287857142857143,2.63929844154524,0.287857142857143,23.8955375711709,0.00932141252957375,-0.00354087043248666,0.140815752339678,0.140815752339678,0.149577841559581,1.00149762965162
0.3,35,8,"standard",0.310142857142857,1.72367201852261,0.219462783418877,16.8793519010954,0.0163961699145238,-0.0161366579865891,0.347596131797014,0.347596131797014,0.37306479154956,1.48528728907799
0.3,35,8,"constrained",0.310142857142857,1.83190857699094,0.310142857142857,18.1144051345916,0.0132502844529818,-0.0122704900097382,0.355925995260193,0.355925995260193,0.37603488405199,1.48558098701649
0.3,35,12,"standard",0.310142857142857,1.84024246411882,0.155638724800006,21.3035323304592,0.0131173978730109,-0.0123564997720083,0.204485081731839,0.204485081731839,0.224849861763825,1.25040433899051
0.3,35,12,"constrained",0.310142857142857,2.00959543058912,0.310142857142857,23.922798556121,0.0104236812894862,-0.00873337833964551,0.214705838510949,0.214705838510949,0.225493301087574,1.25116018812048
0.3,35,16,"standard",0.310142857142857,1.89438121643585,0.143571436788312,23.0093882597349,0.0108958953379262,-0.00781574096591155,0.162645049630743,0.162645049630743,0.211998075588837,1.09834934145147
0.3,35,16,"constrained",0.310142857142857,2.07185787123019,0.310142857142857,25.8624955513136,0.00938872630282523,-0.00486421536337268,0.174884352134945,0.174884352134945,0.210727137198057,1.09947307145252
0.3,35,20,"standard",0.310142857142857,1.91604060991232,0.125763746296036,22.715876052849,0.00959483609519541,-0.00613202004522098,0.139655845403301,0.139655845403301,0.188524939913719,1.03014806823482
0.3,35,20,"constrained",0.310142857142857,2.10023028110745,0.310142857142857,25.4229093415557,0.00852615742639003,-0.0038006027347634,0.153173550428587,0.153173550428587,0.189047617862122,1.03158109468627
0.3,35,25,"standard",0.310142857142857,1.93060930105823,0.113291538415376,21.5227117896063,0.00826158082498408,-0.00440314677967865,0.130820371746402,0.130820371746402,0.179431133716796,1.01072324928101
0.3,35,25,"constrained",0.310142857142857,2.11924657703788,0.310142857142857,23.9200761051395,0.00754336271143523,-0.00256395380369565,0.144705727707322,0.144705727707322,0.180554569046186,1.01219301965203
0.3,36,8,"standard",0.300857142857143,1.61690048582489,0.229562660546801,14.2114224884487,0.0133350328087495,-0.0126720321474951,0.306424840425071,0.306424840425071,0.272801330660036,1.47415685308747
0.3,36,8,"constrained",0.300857142857143,1.68489434698141,0.300857142857143,14.865677916469,0.0110121688515224,-0.00989938293191197,0.30868247120709,0.30868247120709,0.277806680939154,1.47419514799557
0.3,36,12,"standard",0.300857142857143,1.7749154636228,0.168004475440646,18.0687819961053,0.010741901842123,-0.00886725325721333,0.127949042347518,0.127949042347518,0.109841036153835,1.24073181614951
0.3,36,12,"constrained",0.300857142857143,1.88652712130701,0.300857142857143,19.4091755462577,0.00902589265082253,-0.0062650284714957,0.130429188395008,0.130429188395008,0.112607579361471,1.24099050358225
0.3,36,16,"standard",0.300857142857143,1.79649081684603,0.151219339818104,15.5904573173527,0.00956576828110866,-0.00706242504461616,0.0523980963397852,0.0523980963397852,0.0314626448012131,1.07639941187479
0.3,36,16,"constrained",0.300857142857143,1.91459851099023,0.300857142857143,16.5943335800528,0.00829416492364335,-0.00488255741425733,0.0549393342122713,0.0549393342122713,0.0346415811685378,1.07664827133904
0.3,36,20,"standard",0.300857142857143,1.82241300901895,0.134904578603542,15.0117335530743,0.00863732588703929,-0.00543528193823955,0.0160660490022462,0.0160660490022462,-0.000995375962207706,1.01459319282687
0.3,36,20,"constrained",0.300857142857143,1.94646393625935,0.300857142857143,16.0682772057882,0.00774632328236783,-0.00366946122006383,0.0192976879487654,0.0192976879487654,0.00265873389057806,1.01507143862904
0.3,36,25,"standard",0.300857142857143,1.86079049869414,0.117521331725959,14.4479999344406,0.00840572947032217,-0.00397651135766851,-0.0101739326570591,0.0101739326570591,-0.0337086588630103,0.99101916112449
0.3,36,25,"constrained",0.300857142857143,2.00067767418968,0.300857142857143,15.3748630874258,0.00776107772893492,-0.00241340665282163,-0.00674298840207754,0.00674298840207754,-0.0312540777373717,0.992019693801654
0.3,37,8,"standard",0.289285714285714,2.20801094960569,0.199835569726095,21.2040291810946,0.0163372297643684,-0.0161200318003469,0.289489235919534,0.289489235919534,0.289442809956129,1.46947960095424
0.3,37,8,"constrained",0.289285714285714,2.36813993164431,0.289285714285714,22.8250715899549,0.0123776732895941,-0.0118657418456951,0.291989561509105,0.291989561509105,0.291057464608262,1.47028525807796
0.3,37,12,"standard",0.289285714285714,2.37800950692679,0.147279309250775,23.9404891489225,0.0107452422830744,-0.00862901255736367,0.180776542487293,0.180776542487293,0.199133776088931,1.25163864131677
0.3,37,12,"constrained",0.289285714285714,2.56645095379528,0.289285714285714,25.8742834469855,0.00873727861834335,-0.00560022762888279,0.187866272224932,0.187866272224932,0.199791515711809,1.25298820176144
0.3,37,16,"standard",0.289285714285714,2.41458200511328,0.125831202934761,26.8580250393931,0.00983796913477355,-0.00618147971073222,0.0927254301793159,0.0927254301793159,0.118328393314177,1.08885515244898
0.3,37,16,"constrained",0.289285714285714,2.62467699181097,0.289285714285714,29.4201185526667,0.00838978872285926,-0.00356398484390949,0.0981829852382807,0.0981829852382807,0.117162701111059,1.08932974472813
0.3,37,20,"standard",0.289285714285714,2.39829243521326,0.123212040592279,26.2401700750624,0.00910007953823042,-0.00251385689870577,0.105614763132794,0.105614763132794,0.128073162920583,1.02829907297247
0.3,37,20,"constrained",0.289285714285714,2.60443032904882,0.289285714285714,28.6467141560788,0.00830485009012903,-0.000522808832736285,0.113292444364204,0.113292444364204,0.127998135545584,1.02884286240889
0.3,37,25,"standard",0.289285714285714,2.4602994798296,0.108656039210893,28.9125768452126,0.00848827361311282,-0.00133233906337066,0.103232841592943,0.103232841592943,0.123045638478963,1.0065066869879
0.3,37,25,"constrained",0.289285714285714,2.69300197857368,0.289285714285714,31.9291408520457,0.00797822398040707,0.000256771077972015,0.111517284001932,0.111517284001932,0.122311230646668,1.00713557132688
0.3,38,8,"standard",0.307285714285714,1.79731568114379,0.2192756829108,16.2588430935028,0.0140900573432528,-0.0140201853498104,0.263035614396223,0.263035614396223,0.296084450350062,1.4726939278078
0.3,38,8,"constrained",0.307285714285714,1.89519625626517,0.307285714285714,17.2052343216415,0.0109992968775371,-0.0106131844687488,0.266629030175455,0.266629030175455,0.299080893024318,1.47316146466411
0.3,38,12,"standard",0.307285714285714,1.91867280067802,0.14478132951308,16.6577474016223,0.0122540229329206,-0.0116139289157316,0.0724401971474187,0.0724401971474187,0.0916508470667332,1.24980849970612
0.3,38,12,"constrained",0.307285714285714,2.06640598624938,0.307285714285714,17.896618715623,0.00985681733204223,-0.00851937402208633,0.0760466539152294,0.0760466539152294,0.0947304539808393,1.2512653768036
0.3,38,16,"standard",0.307285714285714,1.93242707657097,0.138674678424007,15.4608179633716,0.0102764275868878,-0.00676887394379082,0.0293169021894295,0.0293169021894295,0.0587208706131755,1.08008135486626
0.3,38,16,"constrained",0.307285714285714,2.08125759211338,0.307285714285714,16.587177380093,0.00881557442192397,-0.00431175936151806,0.0339120851589225,0.0339120851589225,0.0612602578376346,1.08130224636917
0.3,38,20,"standard",0.307285714285714,1.96130593436864,0.114343049198986,16.7938992701944,0.0100193366549878,-0.00632317981986892,-0.0405560765409572,0.0405560765409572,-0.0164353239189573,1.01711879150139
0.3,38,20,"constrained",0.307285714285714,2.13035844937361,0.307285714285714,18.4788255469645,0.0089803666430149,-0.00425852864792597,-0.0362831857266208,0.0362831857266208,-0.0120674604304187,1.0182980489503
0.3,38,25,"standard",0.307285714285714,1.96333915153403,0.0983664348859778,15.4664604048492,0.0089735434291141,-0.00358382366229239,-0.0285339263763866,0.0285339263763866,-0.00651699810044813,0.991289276871718
0.3,38,25,"constrained",0.307285714285714,2.13691205861521,0.307285714285714,16.8856383804067,0.00839420704842303,-0.00202010643928403,-0.0234260134143387,0.0234260134143387,-0.00197338545761024,0.992196815130132
0.3,39,8,"standard",0.298142857142857,2.30283969632876,0.170486666863279,26.7600640998301,0.0239840231230849,-0.0239840231230849,0.280480488844876,0.280480488844876,0.368755894307264,1.48521571813731
0.3,39,8,"constrained",0.298142857142857,2.59096797648493,0.298142857142857,30.6713108730102,0.0187145484833853,-0.0181270354867238,0.290925616867427,0.290925616867427,0.363011875938221,1.48589912582127
0.3,39,12,"standard",0.298142857142857,2.50292513993745,0.109597885328595,29.2100017912923,0.0168419023635916,-0.01636529731853,0.105181374270798,0.105181374270798,0.175596655342682,1.24859830510662
0.3,39,12,"constrained",0.298142857142857,2.88802842266672,0.298142857142857,33.928231578208,0.0132411146201739,-0.0119729861799826,0.110151567216512,0.110151567216512,0.163694525556016,1.24855809953044
0.3,39,16,"standard",0.298142857142857,2.59206113727421,0.0977656689783298,30.7221235627948,0.0122587092076553,-0.00964325951479271,0.0737809698672596,0.0737809698672596,0.178605246239625,1.10777215332877
0.3,39,16,"constrained",0.298142857142857,2.98946114564698,0.298142857142857,35.3098670421759,0.0104616961168254,-0.00601052317222755,0.0891013571816188,0.0891013571816188,0.169777030232475,1.109427703645
0.3,39,20,"standard",0.298142857142857,2.52599619690749,0.085903831679007,25.6040422041878,0.0116083341634924,-0.0092757106120163,0.0109735752176636,0.0109735752176636,0.101145869534831,1.02608021882983
0.3,39,20,"constrained",0.298142857142857,2.92369239371836,0.298142857142857,29.1150031975183,0.0101200301142065,-0.0063367680864143,0.0221723281389608,0.0221723281389608,0.093312132089677,1.02777318802826
0.3,39,25,"standard",0.298142857142857,2.49899619476074,0.0782706746552174,23.8337928701241,0.0104599253508156,-0.00700628879117981,0.00363680203092898,0.00363680203092898,0.093230692179457,1.0077901443516
0.3,39,25,"constrained",0.298142857142857,2.89712200711031,0.298142857142857,26.9973293304633,0.00945252634877473,-0.00470637878045196,0.0148920872686222,0.0148920872686222,0.0870847850870876,1.0091219541546
0.3,40,8,"standard",0.292428571428571,2.38616620576488,0.198276504724665,22.344770187219,0.0157872864573628,-0.0157565374343072,0.32704202725554,0.32704202725554,0.406875352525875,1.50410262401627
0.3,40,8,"constrained",0.292428571428571,2.56758661970886,0.292428571428571,24.0345446907706,0.0118189117874815,-0.0114672911157467,0.33913739744994,0.33913739744994,0.408192755034536,1.504917260061
0.3,40,12,"standard",0.292428571428571,2.48867892970814,0.12212716492144,29.4608603081076,0.0145839742407459,-0.0131425099909697,0.138634386887345,0.138634386887345,0.199869728061965,1.24421326882758
0.3,40,12,"constrained",0.292428571428571,2.78948737405855,0.292428571428571,33.7927943875985,0.0109319858245251,-0.00905015915375907,0.146470107446604,0.146470107446604,0.196328552120686,1.24388812498016
0.3,40,16,"standard",0.292428571428571,2.63627738087063,0.103200709856561,34.3083976466433,0.0119001176561058,-0.00985191267449863,0.0554082386579902,0.0554082386579902,0.115202600712952,1.07768959625436
0.3,40,16,"constrained",0.292428571428571,3.02383874809768,0.292428571428571,40.2215962548753,0.00903215517705634,-0.00601183412675899,0.0641333406111562,0.0641333406111562,0.112024516096766,1.07793094249265
0.3,40,20,"standard",0.292428571428571,2.55314906998869,0.0911431532614413,28.069175753166,0.0115399479208476,-0.00892873068930701,0.00768621063855068,0.00768621063855068,0.0462131660867894,1.0031705206176
0.3,40,20,"constrained",0.292428571428571,2.89785945700965,0.292428571428571,32.1923581099009,0.00965479617676429,-0.00611502251994214,0.0140405586759265,0.0140405586759265,0.0455358739394473,1.00367941948067
0.3,40,25,"standard",0.292428571428571,2.51984850213287,0.0780075873183919,28.0801400753548,0.0107819309398905,-0.00719342094582934,-0.0114516030812402,0.0114516030812402,0.020992752588126,0.98195795527094
0.3,40,25,"constrained",0.292428571428571,2.88042796115687,0.292428571428571,32.5646706879489,0.00943156010872883,-0.00479923691597478,-0.0057493958749042,0.0057493958749042,0.0211672630244087,0.983716881251733
0.3,41,8,"standard",0.296285714285714,2.14310830823691,0.202923518987824,19.3911238129013,0.0149755868608518,-0.0145083903531892,0.22381393021186,0.22381393021186,0.160045509080392,1.45887399731891
0.3,41,8,"constrained",0.296285714285714,2.28058224459763,0.296285714285714,20.6242905840613,0.0119121624701396,-0.0107131109848444,0.227040315507975,0.227040315507975,0.167359272907542,1.45951205310372
0.3,41,12,"standard",0.296285714285714,2.24908969947416,0.155270186625691,20.7365795584976,0.0106439878582926,-0.00358464800211537,0.155862053354807,0.155862053354807,0.114462787250618,1.24611065155561
0.3,41,12,"constrained",0.296285714285714,2.42497096666198,0.296285714285714,22.2581365994724,0.00992558269410852,-0.000425200424505776,0.161380835457117,0.161380835457117,0.120403990747822,1.24655457630786
0.3,41,16,"standard",0.296285714285714,2.248052272808,0.14117230926503,21.2091331696884,0.00957470506437272,-0.00491824068591045,0.100850576706995,0.100850576706995,0.0667942252198321,1.08412677536145
0.3,41,16,"constrained",0.296285714285714,2.43003549054804,0.296285714285714,22.8148984881425,0.00884297855541131,-0.00241775179647282,0.104162952432107,0.104162952432107,0.071777440543535,1.08527856291792
0.3,41,20,"standard",0.296285714285714,2.25187203389953,0.132087378651959,20.8905809131746,0.00829754569714175,-0.00328069315840388,0.0913229373615598,0.0913229373615598,0.0575748652934181,1.01322569565334
0.3,41,20,"constrained",0.296285714285714,2.43489381943392,0.296285714285714,22.6085352721182,0.00788895244414849,-0.0013573312082536,0.0951718989491015,0.0951718989491015,0.0621187665631749,1.01373022312088
0.3,41,25,"standard",0.296285714285714,2.26711917239903,0.12155989419931,22.9500052915556,0.00831025030083811,-0.00222869853216539,0.0746654751977465,0.0746654751977465,0.0444701219079401,0.991733147648733
0.3,41,25,"constrained",0.296285714285714,2.45247456233254,0.296285714285714,24.6574460853942,0.00807917223827139,-0.000754742640724336,0.0792570578052745,0.0792570578052745,0.0493414266333463,0.992132735462699
0.3,42,8,"standard",0.294571428571429,2.01426173327141,0.191670648930533,22.1298560471657,0.0216428755284718,-0.0216428755284718,0.339299545836063,0.339299545836063,0.329963237406596,1.48407912664232
0.3,42,8,"constrained",0.294571428571429,2.16723819718224,0.294571428571429,24.2656387519299,0.0172894541642563,-0.0172894541642563,0.346677107188817,0.346677107188817,0.33185780872913,1.48447786129893
0.3,42,12,"standard",0.294571428571429,2.13904227412022,0.122737907410167,21.9186563978886,0.016538230407664,-0.0152666194667698,0.155145251511509,0.155145251511509,0.146586395733723,1.24570124587843
0.3,42,12,"constrained",0.294571428571429,2.37200502456784,0.294571428571429,24.5213749812905,0.0131581464988598,-0.0111837978357654,0.160573542534593,0.160573542534593,0.142103547712104,1.24601569082597
0.3,42,16,"standard",0.294571428571429,2.13948537285237,0.109881416127979,18.6342798056761,0.0146944505751518,-0.0136314669746428,0.0873342008291873,0.0873342008291873,0.0698686861548079,1.07761586078746
0.3,42,16,"constrained",0.294571428571429,2.38619598741146,0.294571428571429,20.5757072541468,0.0119318516668966,-0.0102564313018274,0.0900411529120184,0.0900411529120184,0.069339472092863,1.07842104359372
0.3,42,20,"standard",0.294571428571429,2.13819816551033,0.0874863763990437,19.5064018900139,0.0143104260593296,-0.0131365984006234,0.0293722884788297,0.0293722884788297,-0.003687752798848,1.02796513205884
0.3,42,20,"constrained",0.294571428571429,2.42249600310381,0.294571428571429,22.2146250740285,0.0120355958767435,-0.0102274763911994,0.0304256433746817,0.0304256433746817,-0.00410655089468601,1.03093425388765
0.3,42,25,"standard",0.294571428571429,2.19978673139279,0.08377785984332,22.4415096235876,0.0118081951061972,-0.00954929277272862,0.00134393909929642,0.00134393909929642,-0.023760326550268,1.00595842063352
0.3,42,25,"constrained",0.294571428571429,2.50051902315269,0.294571428571429,25.6408856316741,0.0102667158550755,-0.00707050079579029,0.00158060109458713,0.00158060109458713,-0.0274876492504024,1.00887297893429
0.3,43,8,"standard",0.301857142857143,2.06227138781124,0.213800838098108,17.4873885555009,0.0118030251360147,-0.0118030251360147,0.387721233626491,0.387721233626491,0.38675889270313,1.48927627835452
0.3,43,8,"constrained",0.301857142857143,2.19073826481356,0.301857142857143,18.5299150004936,0.00804434685548912,-0.00795044814996384,0.393250696471741,0.393250696471741,0.39112410624847,1.48997551998531
0.3,43,12,"standard",0.301857142857143,2.2623982730888,0.160105989811948,22.829536452419,0.0105988699525374,-0.00939104445262826,0.198092777023755,0.198092777023755,0.19094381714607,1.23930762854447
0.3,43,12,"constrained",0.301857142857143,2.46166639675258,0.301857142857143,24.9587749464733,0.00797247823909185,-0.0058554795006149,0.201791096147727,0.201791096147727,0.192986901326479,1.23972321413516
0.3,43,16,"standard",0.301857142857143,2.41576875776807,0.133811239958574,28.6365072495079,0.0101214195349612,-0.0083950386711251,0.077153855468854,0.077153855468854,0.0790098756290824,1.07945932473721
0.3,43,16,"constrained",0.301857142857143,2.67879706389235,0.301857142857143,32.0200469387018,0.00802478099115682,-0.00511458298459928,0.0817661384176365,0.0817661384176365,0.0803525791846779,1.08055922536324
0.3,43,20,"standard",0.301857142857143,2.36346522065965,0.114538063155277,25.9709872536797,0.0106753890776324,-0.0079804285475535,0.0326286250608145,0.0326286250608145,0.0327314395755264,1.01349750791062
0.3,43,20,"constrained",0.301857142857143,2.63344404274315,0.301857142857143,28.9484499930291,0.00906167552089134,-0.00531651411065756,0.0361087886963212,0.0361087886963212,0.0328341151522112,1.01458961545467
0.3,43,25,"standard",0.301857142857143,2.28442085936544,0.10117033065467,22.4275043894714,0.0106592888920242,-0.00702004154812753,0.0201754178551763,0.0201754178551763,0.0144760006416402,0.994209689958909
0.3,43,25,"constrained",0.301857142857143,2.54295593340729,0.301857142857143,24.6029153990947,0.00954628851135533,-0.00488034728593645,0.0253389201602072,0.0253389201602072,0.0152755599415633,0.996312126946724
0.3,44,8,"standard",0.302142857142857,2.00991744855468,0.217959505276619,17.3125977338286,0.0125665885117134,-0.0124463433550572,0.233160827164927,0.233160827164927,0.273438080089919,1.4729882940942
0.3,44,8,"constrained",0.302142857142857,2.12337129542593,0.302142857142857,18.2500903513896,0.00963360189151545,-0.00888155604591751,0.238920724146273,0.238920724146273,0.275834303651943,1.47309284476631
0.3,44,12,"standard",0.302142857142857,2.02726466463379,0.156085029755483,16.7337067503922,0.0126984581297028,-0.0117075840609514,0.132941562671678,0.132941562671678,0.172556877394233,1.24446851773372
0.3,44,12,"constrained",0.302142857142857,2.17746731937085,0.302142857142857,17.7981229735547,0.0105396057278645,-0.00889157629210239,0.141354341233248,0.141354341233248,0.178257495824304,1.24517991890591
0.3,44,16,"standard",0.302142857142857,2.06867774864681,0.126182767886896,18.9161725749476,0.0129875873887366,-0.012089403382295,0.00454297208583387,0.00454297208583387,0.0518304501286122,1.07018089904896
0.3,44,16,"constrained",0.302142857142857,2.26329828535133,0.302142857142857,21.0356912461152,0.0109052214392439,-0.00941587813826617,0.0113796140545999,0.0113796140545999,0.0576148991607209,1.07101878144584
0.3,44,20,"standard",0.302142857142857,2.09013109628868,0.114077949044482,18.1440550749785,0.0117295735007545,-0.00981710145983404,-0.0201984448060051,0.0201984448060051,0.0147059028020646,1.00554526827954
0.3,44,20,"constrained",0.302142857142857,2.29173423088266,0.302142857142857,19.9437884709437,0.0102998347010787,-0.00773565161376501,-0.0108461194418572,0.0108461194418572,0.0234789315999488,1.00583141840759
0.3,44,25,"standard",0.302142857142857,2.08159510625746,0.0996804485310897,17.5007756816895,0.0104703394437473,-0.00791884624714596,-0.0273214578134517,0.0273214578134517,0.00213661963734819,0.984659192065123
0.3,44,25,"constrained",0.302142857142857,2.28614741721412,0.302142857142857,19.1312377740112,0.00950067759373742,-0.00639667916217734,-0.0181961218346212,0.0181961218346212,0.0113798562095709,0.984961689785944
0.3,45,8,"standard",0.295142857142857,2.31324061560189,0.200991563735034,20.7414760898087,0.013893175250061,-0.0133245251865524,0.223589364297395,0.223589364297395,0.267286638703194,1.46721630706386
0.3,45,8,"constrained",0.295142857142857,2.47621857865979,0.295142857142857,22.0909375846519,0.0111395134464045,-0.00928577785754952,0.228598134657127,0.228598134657127,0.270995256492782,1.4678666877927
0.3,45,12,"standard",0.295142857142857,2.44703759550292,0.153628663765991,23.5738473076864,0.00916245231784909,-0.00740903241090329,0.128406232933257,0.128406232933257,0.17282159318373,1.25573806879499
0.3,45,12,"constrained",0.295142857142857,2.66083764639525,0.295142857142857,25.4928553102636,0.00726051957159558,-0.00426104636785222,0.136084620178977,0.136084620178977,0.174923259925513,1.257368060326
0.3,45,16,"standard",0.295142857142857,2.39857723814604,0.128009549380047,20.6649779998617,0.011074215461134,-0.00847903780158662,0.0428530564099061,0.0428530564099061,0.126060246674253,1.09988237642077
0.3,45,16,"constrained",0.295142857142857,2.63272961905362,0.295142857142857,22.3751817057413,0.00941963822916219,-0.00570276635597275,0.051978717647212,0.051978717647212,0.130720602723205,1.10230677831987
0.3,45,20,"standard",0.295142857142857,2.40021128259416,0.11421456912574,20.4298158983953,0.0101339179289412,-0.0066950771439853,-0.00416767623350012,0.00416767623350012,0.0668898717882346,1.02794377120083
0.3,45,20,"constrained",0.295142857142857,2.63835736958712,0.295142857142857,22.2196113005578,0.00901893940254385,-0.0045438845807194,0.00390481897817718,0.00390481897817718,0.072848093660898,1.02947280468485
0.3,45,25,"standard",0.295142857142857,2.45565877950029,0.106343306752891,24.3247909896782,0.00950689180318831,-0.00530291390813955,-0.0186809994603632,0.0186809994603632,0.0528388575867417,1.00531126494969
0.3,45,25,"constrained",0.295142857142857,2.72080240148306,0.295142857142857,27.0081363661323,0.00873778869001832,-0.00345836341707345,-0.00893280120852591,0.00893280120852591,0.0594032624776739,1.00683833593225
0.3,46,8,"standard",0.299571428571429,1.98019925149566,0.199678398648148,19.1927242871443,0.0188563590966207,-0.0187904650938517,0.359540916349395,0.359540916349395,0.370194488283873,1.48600207678153
0.3,46,8,"constrained",0.299571428571429,2.13420393156667,0.299571428571429,20.7186165409692,0.014905975772468,-0.0145947945600133,0.362882559183329,0.362882559183329,0.368762375999993,1.48629420644744
0.3,46,12,"standard",0.299571428571429,2.07860601689828,0.123507483841478,20.1599589158592,0.0163679703772553,-0.0150457822181566,0.181815861662766,0.181815861662766,0.191888874740862,1.24150377503439
0.3,46,12,"constrained",0.299571428571429,2.32770191870615,0.299571428571429,22.750922667623,0.0127254037473707,-0.0108362513051232,0.187786849750545,0.187786849750545,0.192760829937622,1.24181901802385
0.3,46,16,"standard",0.299571428571429,2.10853385706938,0.104287404539725,19.8090498708605,0.0140377693606166,-0.0126847920209733,0.0960446940416109,0.0960446940416109,0.107332713821863,1.08284476460238
0.3,46,16,"constrained",0.299571428571429,2.37708546999072,0.299571428571429,22.0764090372344,0.011333492387927,-0.00915105315290933,0.10337821014232,0.10337821014232,0.111878776437426,1.08440236307915
0.3,46,20,"standard",0.299571428571429,2.19775826845364,0.0914134225137745,21.8054301946806,0.0115822840325396,-0.00887068004196719,0.053876675508012,0.053876675508012,0.0750048015489143,1.01801997787678
0.3,46,20,"constrained",0.299571428571429,2.49436578182108,0.299571428571429,24.2549252497513,0.00979651099762126,-0.00598265760519281,0.0630557873149149,0.0630557873149149,0.0785321096898731,1.01910896031366
0.3,46,25,"standard",0.299571428571429,2.20827922362413,0.0830419249569488,23.8465977341842,0.0100394604708969,-0.00735742645866929,0.0299611047453361,0.0299611047453361,0.0483405497920165,0.993037696155214
0.3,46,25,"constrained",0.299571428571429,2.51075258520682,0.299571428571429,26.6957282232204,0.00882829310931832,-0.00506442004055739,0.0380692684927055,0.0380692684927055,0.0513406666878249,0.994137816235115
0.3,47,8,"standard",0.293571428571429,2.50538596096478,0.165065129610775,28.7002997768939,0.0232861305490475,-0.0227783768365672,0.261244176170345,0.261244176170345,0.23238620755612,1.46687063317939
0.3,47,8,"constrained",0.293571428571429,2.80485356398404,0.293571428571429,32.6463376530031,0.0177680994443569,-0.0169180146311406,0.261523556547388,0.261523556547388,0.223661803209225,1.46601543619012
0.3,47,12,"standard",0.293571428571429,2.67714040391681,0.129993962811624,33.5478624089996,0.0136890779771783,-0.0116433849941713,0.16801236173426,0.16801236173426,0.148737507383497,1.25440019898459
0.3,47,12,"constrained",0.293571428571429,3.05644859734624,0.293571428571429,38.7238482967021,0.0107651888832734,-0.0073130622888673,0.172813292380654,0.172813292380654,0.141265991955147,1.25450762097531
0.3,47,16,"standard",0.293571428571429,2.82434039938976,0.114334610976294,38.0853227299559,0.0114292541383406,-0.00874000362754077,0.0840633251511491,0.0840633251511491,0.0935827087119911,1.09827787540126
0.3,47,16,"constrained",0.293571428571429,3.26152451316897,0.293571428571429,44.1803689532136,0.00944343659354293,-0.00520934399535714,0.0884195105857772,0.0884195105857772,0.0856325713495254,1.09824854428368
0.3,47,20,"standard",0.293571428571429,2.78489356906696,0.104514775395026,35.0170889183273,0.0102739289033405,-0.00644053248696869,0.0666701206178804,0.0666701206178804,0.074447025506272,1.03191719907684
0.3,47,20,"constrained",0.293571428571429,3.20296751316879,0.293571428571429,40.1834658815766,0.00907280500953951,-0.00377723289018362,0.0726171848447574,0.0726171848447574,0.068483624471786,1.03257075247963
0.3,47,25,"standard",0.293571428571429,2.90801139394736,0.0964093557728157,38.7709989428736,0.00945309821100626,-0.00393095852178985,0.0682858665917578,0.0682858665917578,0.0702587905088413,1.01697968142279
0.3,47,25,"constrained",0.293571428571429,3.3628192897669,0.293571428571429,44.4479630163353,0.00890294225710001,-0.00190402229928897,0.0756319911394918,0.0756319911394918,0.06492406839296,1.01799229548739
0.3,48,8,"standard",0.297285714285714,2.48903292803638,0.153772224436934,31.2751864458933,0.028667506375152,-0.028667506375152,0.272963243975176,0.272963243975176,0.253229138201833,1.46402458600424
0.3,48,8,"constrained",0.297285714285714,2.93277604935023,0.297285714285714,37.5839062861032,0.0212743430420229,-0.0212743430420229,0.278714230880122,0.278714230880122,0.260275886231825,1.46451626981865
0.3,48,12,"standard",0.297285714285714,2.80584608822889,0.117415615755061,40.5743722667539,0.0202032696399093,-0.0196406873111051,0.117608360211062,0.117608360211062,0.102583446378699,1.24866909717332
0.3,48,12,"constrained",0.297285714285714,3.49480565605723,0.297285714285714,50.8637566002647,0.0151045554063253,-0.0138822052184616,0.124206426936101,0.124206426936101,0.109906343131483,1.25232825352529
0.3,48,16,"standard",0.297285714285714,2.95704087693112,0.107102650260746,44.833896359112,0.0158216823672619,-0.0147390658185856,0.0508226205372786,0.0508226205372786,0.0506499981614343,1.07780822855925
0.3,48,16,"constrained",0.297285714285714,3.72207099141107,0.297285714285714,56.1682436532384,0.0121832676738608,-0.00993022417785203,0.0588385149488815,0.0588385149488815,0.0585209988999707,1.07961432288765
0.3,48,20,"standard",0.297285714285714,2.79886783925013,0.0782765881177386,33.0945544154444,0.0159670925569153,-0.0148954631502734,-0.0434047169156608,0.0434047169156608,-0.0642501731301755,1.02334811553737
0.3,48,20,"constrained",0.297285714285714,3.53485709727064,0.297285714285714,40.7764261717175,0.0129927903486429,-0.010967329527931,-0.0446775314176096,0.0446775314176096,-0.0621818824145179,1.0296965262256
0.3,48,25,"standard",0.297285714285714,2.80398566366348,0.062242446398761,29.7860698219516,0.0126716449362361,-0.0100669091054342,-0.0391123755079965,0.0391123755079965,-0.0534566563160581,0.998684330358643
0.3,48,25,"constrained",0.297285714285714,3.56208932909383,0.297285714285714,38.3261565332759,0.0107839335496244,-0.00702930287660293,-0.0378907715361319,0.0378907715361319,-0.0515835942072613,1.0042076198372
0.3,49,8,"standard",0.301571428571429,2.1467647586172,0.195813497267191,20.5004864818506,0.0167805429876414,-0.0167805429876414,0.474646678122595,0.474646678122595,0.497014032272111,1.52337030967643
0.3,49,8,"constrained",0.301571428571429,2.29758271664987,0.301571428571429,22.0086213894921,0.0126473640676497,-0.0126473640676497,0.484349447753646,0.484349447753646,0.496716938956661,1.52391196744272
0.3,49,12,"standard",0.301571428571429,2.33157739066521,0.115986593228468,21.8858253006655,0.0180059923903181,-0.0176548003674704,0.244382725437346,0.244382725437346,0.260463177435011,1.27000794841725
0.3,49,12,"constrained",0.301571428571429,2.62266273510991,0.301571428571429,24.5617959262102,0.0138292101081078,-0.0133674440961095,0.25762226605574,0.25762226605574,0.262747079419199,1.27307479057755
0.3,49,16,"standard",0.301571428571429,2.37664711050478,0.104316682980052,20.5765513570243,0.0147024655756492,-0.0134848915309053,0.165461524900382,0.165461524900382,0.182952870253037,1.09167816941743
0.3,49,16,"constrained",0.301571428571429,2.6849254927989,0.301571428571429,23.4262192788599,0.0118976232496841,-0.00994650603000242,0.178664788197483,0.178664788197483,0.186640312168479,1.09416367146697
0.3,49,20,"standard",0.301571428571429,2.3816002707023,0.096908883835974,19.6116641448043,0.0125737674845982,-0.0111014452026635,0.110732547663657,0.110732547663657,0.113720125426208,1.02596792275554
0.3,49,20,"constrained",0.301571428571429,2.69564491664206,0.301571428571429,22.1301765063506,0.0105230509322289,-0.008188321733405,0.121616261731263,0.121616261731263,0.117999196282484,1.02882889944211
0.3,49,25,"standard",0.301571428571429,2.41358916499976,0.0825906117280687,19.9464674979866,0.0111172632113098,-0.0085514252844862,0.0942875980075693,0.0942875980075693,0.0964554060504792,1.0046298000833
0.3,49,25,"constrained",0.301571428571429,2.74725509626103,0.301571428571429,23.0161820716077,0.00968188481301759,-0.00622964020318744,0.103827316405319,0.103827316405319,0.0993115926722207,1.00780480857452
0.3,50,8,"standard",0.308142857142857,1.90975010230831,0.207855447884336,18.0219141524608,0.0171641547414754,-0.0169344839163801,0.333649745652397,0.333649745652397,0.403781363609718,1.51761798280622
0.3,50,8,"constrained",0.308142857142857,2.04615540741338,0.308142857142857,19.3973338983402,0.013938605092384,-0.0127952073990137,0.342992898445438,0.342992898445438,0.406618663370458,1.51906423608384
0.3,50,12,"standard",0.308142857142857,1.97695591295408,0.108265217706147,16.4220205969723,0.0170117755267876,-0.0136827715640194,0.167387709905027,0.167387709905027,0.231264581318697,1.26344616145903
0.3,50,12,"constrained",0.308142857142857,2.2051144697254,0.308142857142857,18.3055896708034,0.0138334276706473,-0.00985837047071282,0.175971196868076,0.175971196868076,0.23193107449601,1.26487411876049
0.3,50,16,"standard",0.308142857142857,2.024307058332,0.08369423495427,18.2267147593525,0.014623052898006,-0.0120896789346765,0.082299331884828,0.082299331884828,0.150190769839504,1.09224215441265
0.3,50,16,"constrained",0.308142857142857,2.30235219586928,0.308142857142857,20.5521820855862,0.0117780771826195,-0.00860652170154986,0.0914366329344265,0.0914366329344265,0.152848288099845,1.09355125550128
0.3,50,20,"standard",0.308142857142857,2.01885014990771,0.0742014929512905,15.5818345636959,0.0139696078369251,-0.0116301099801831,0.0490788154942718,0.0490788154942718,0.106724286179213,1.02292670206133
0.3,50,20,"constrained",0.308142857142857,2.30372809290518,0.308142857142857,17.1772767599881,0.0118993975866403,-0.00904003463939063,0.0611644964667741,0.0611644964667741,0.113436935093377,1.0248866815255
0.3,50,25,"standard",0.308142857142857,2.05440807182409,0.0637223536279521,14.3898748072494,0.0123209419400682,-0.00846110322964231,0.018791986209326,0.018791986209326,0.0783690732447437,0.998772067987158
0.3,50,25,"constrained",0.308142857142857,2.38904311502543,0.308142857142857,16.4652228065187,0.0108540982045382,-0.00614796991497559,0.030901842308638,0.030901842308638,0.0873879496021461,1.0013113390903
0.3,51,8,"standard",0.301285714285714,1.73666571900066,0.21481667053773,16.1453721748131,0.0164204943423813,-0.0164204943423813,0.368960499798794,0.368960499798794,0.408950519717249,1.50990803125059
0.3,51,8,"constrained",0.301285714285714,1.82842236487102,0.301285714285714,17.0444682038528,0.0132045598998925,-0.0131715899361254,0.3745531539401,0.3745531539401,0.407316615418163,1.51056283630651
0.3,51,12,"standard",0.301285714285714,1.85308391938473,0.142592565945161,15.9359755299261,0.0148913151182548,-0.0134569591695126,0.18512604443175,0.18512604443175,0.208430740980643,1.26395158445333
0.3,51,12,"constrained",0.301285714285714,2.00178326137027,0.301285714285714,17.1807961874139,0.0120995813403765,-0.0102674960019907,0.192042341829938,0.192042341829938,0.210522137743225,1.26511371545055
0.3,51,16,"standard",0.301285714285714,1.88801332686816,0.117981214558218,14.9934794590841,0.0133619213881567,-0.0124493289040867,0.0589883392519823,0.0589883392519823,0.079957637831,1.08489642309383
0.3,51,16,"constrained",0.301285714285714,2.05904374267113,0.301285714285714,16.6001405592396,0.0110201176132508,-0.00958678739589836,0.0643636834175592,0.0643636834175592,0.0818937537591131,1.08575888665424
0.3,51,20,"standard",0.301285714285714,1.90491025739445,0.105654375707605,14.6449595080637,0.0117652861305903,-0.0101564093986798,0.0273232203588574,0.0273232203588574,0.0514735099442982,1.01570476683168
0.3,51,20,"constrained",0.301285714285714,2.08149709897042,0.301285714285714,15.7165125043673,0.0101428986331778,-0.00791915083945268,0.0338147921056988,0.0338147921056988,0.0538150932922284,1.01647491761155
0.3,51,25,"standard",0.301285714285714,1.91578860967074,0.0874691764162582,13.6323413970199,0.0104636385092142,-0.00795282288783456,1.85020942105041e-05,1.85020942105041e-05,0.0278879354596047,0.992740667218727
0.3,51,25,"constrained",0.301285714285714,2.1220183869758,0.301285714285714,14.674525580211,0.00919824666806616,-0.00609416271265466,0.00583813569423253,0.00583813569423253,0.0305227834133263,0.994381610234271
0.3,52,8,"standard",0.299857142857143,2.16559091338313,0.211850459697154,18.585817966586,0.0126392359000043,-0.0126314382199173,0.278113613140901,0.278113613140901,0.256857524779029,1.47094575600185
0.3,52,8,"constrained",0.299857142857143,2.31188674176353,0.299857142857143,19.837044139066,0.00914643588942539,-0.00850562318140871,0.276459474698119,0.276459474698119,0.254634854317317,1.47126185280811
0.3,52,12,"standard",0.299857142857143,2.23410021898855,0.130243936569437,21.0244436204785,0.0125611515045265,-0.0101892037290929,0.145814930749384,0.145814930749384,0.113770423807616,1.24770116884859
0.3,52,12,"constrained",0.299857142857143,2.44656970869251,0.299857142857143,23.3356823912591,0.00986373959148873,-0.0066984438884602,0.148476052814779,0.148476052814779,0.117791187694778,1.24912635175703
0.3,52,16,"standard",0.299857142857143,2.26471545719528,0.109198832681689,19.051797143338,0.0111038124191118,-0.00651787872186074,0.0945318008403282,0.0945318008403282,0.0859176295102363,1.08560336334434
0.3,52,16,"constrained",0.299857142857143,2.47822760373564,0.299857142857143,20.8517954780145,0.00962001367047944,-0.00366612751810067,0.102389795178478,0.102389795178478,0.0904220067905215,1.08693049544206
0.3,52,20,"standard",0.299857142857143,2.29327998002109,0.101156655366343,19.1648740160787,0.0102380993251806,-0.00441566875867051,0.0728355327315207,0.0728355327315207,0.0639890995888742,1.02256612089568
0.3,52,20,"constrained",0.299857142857143,2.51680205612882,0.299857142857143,21.0120666219484,0.00938030400391687,-0.00208040757027539,0.0810588752588117,0.0810588752588117,0.0670945060451502,1.02412210159677
0.3,52,25,"standard",0.299857142857143,2.32914303826317,0.0896737232921461,17.5857962483957,0.00899100266492464,-0.00321083176378734,0.0565029199679588,0.0565029199679588,0.0494536818471617,1.00327578237552
0.3,52,25,"constrained",0.299857142857143,2.56741941705615,0.299857142857143,19.0204499198343,0.00846353121463227,-0.00122160773158117,0.0655081275758658,0.0655081275758658,0.0525650978000342,1.00542961061641
0.3,53,8,"standard",0.299714285714286,1.85090776932027,0.190292495052022,13.3599058820354,0.0224037023633406,-0.0224037023633406,0.345109273787461,0.345109273787461,0.361704254644017,1.48749196458689
0.3,53,8,"constrained",0.299714285714286,1.98627915969602,0.299714285714286,14.2205493250088,0.0182543279837964,-0.0181604836824951,0.354984025570825,0.354984025570825,0.363997034272796,1.48885091512657
0.3,53,12,"standard",0.299714285714286,1.94226775969812,0.134432243643098,15.0842314416128,0.0153474642758733,-0.0149314051661294,0.201097683574584,0.201097683574584,0.211666674606008,1.25044019493949
0.3,53,12,"constrained",0.299714285714286,2.13652807483266,0.299714285714286,16.7600818956037,0.0123371852984878,-0.0112277963426127,0.211864050217893,0.211864050217893,0.214966050223615,1.25124648283939
0.3,53,16,"standard",0.299714285714286,1.97067892522779,0.121381638831395,15.1112297679225,0.01265537784115,-0.0115629244296082,0.143662693164913,0.143662693164913,0.165027306367001,1.09333656728939
0.3,53,16,"constrained",0.299714285714286,2.17567309323036,0.299714285714286,16.7219046045237,0.0104081221864771,-0.00851576004724341,0.155135591225664,0.155135591225664,0.166097900584532,1.09417577218088
0.3,53,20,"standard",0.299714285714286,1.96880673310054,0.114312751917839,14.8762842795021,0.0114035172377038,-0.00805330919614251,0.131672836273966,0.131672836273966,0.151495617877403,1.03371328454388
0.3,53,20,"constrained",0.299714285714286,2.17370084024112,0.299714285714286,16.3228039733315,0.00993828481059066,-0.00576843880775489,0.142877714872964,0.142877714872964,0.15094779462157,1.03489484770819
0.3,53,25,"standard",0.299714285714286,1.97599387193503,0.101737517417111,15.2710792392985,0.0101306506698831,-0.00677069571893573,0.128076410036749,0.128076410036749,0.146318551677448,1.01849584513675
0.3,53,25,"constrained",0.299714285714286,2.18791843192008,0.299714285714286,16.6184131772159,0.00912910894820985,-0.00490693203437122,0.141724334105371,0.141724334105371,0.146148355411791,1.02113753971901
0.3,54,8,"standard",0.285857142857143,2.04113660064689,0.20606221097061,18.9777978422843,0.0161505642356775,-0.0161285727090294,0.304290353049057,0.304290353049057,0.283376628573699,1.47710349776329
0.3,54,8,"constrained",0.285857142857143,2.14588050778704,0.285857142857143,19.999743956463,0.0133117374521822,-0.0130045006298922,0.311744857114634,0.311744857114634,0.28561095505434,1.47761757679607
0.3,54,12,"standard",0.285857142857143,2.10363953721802,0.137618686158163,20.4883346642201,0.0142363600377773,-0.0126022825743984,0.175867073685971,0.175867073685971,0.151919235015007,1.24425788688743
0.3,54,12,"constrained",0.285857142857143,2.25423577195826,0.285857142857143,22.1292792364173,0.0122568572223135,-0.00990197853029964,0.18568671306031,0.18568671306031,0.15880133149315,1.24424312443213
0.3,54,16,"standard",0.285857142857143,2.20806198469536,0.108766306301257,18.8770369002599,0.0127670718066435,-0.0116587534972199,0.0577826246633739,0.0577826246633739,0.0490515568242228,1.07919595386726
0.3,54,16,"constrained",0.285857142857143,2.40522220841556,0.285857142857143,20.4938166629862,0.0108641535522647,-0.00903213104812758,0.0679199367025047,0.0679199367025047,0.0545606384990079,1.07989625412616
0.3,54,20,"standard",0.285857142857143,2.19717422393067,0.0878603677396506,19.0219964651211,0.0116267291659699,-0.00973268027760874,0.0321640568727224,0.0321640568727224,0.0199683576002431,1.01328141692354
0.3,54,20,"constrained",0.285857142857143,2.4055969397295,0.285857142857143,20.4721949156944,0.0102187555651757,-0.00772179494896188,0.0426690078764871,0.0426690078764871,0.0270506728403739,1.01316579514228
0.3,54,25,"standard",0.285857142857143,2.19352873423691,0.0768802943285081,20.6588420786094,0.0112190536135947,-0.00903886703445797,0.00388076419429684,0.00388076419429684,-0.0172871987435673,0.990594726446659
0.3,54,25,"constrained",0.285857142857143,2.42829343345727,0.285857142857143,23.6217439764746,0.01015259229629,-0.00729823717497477,0.0132601693453847,0.0132601693453847,-0.00997076510752551,0.991240032626229
0.3,55,8,"standard",0.296142857142857,2.27378598213703,0.207795337225139,19.4332265059556,0.0127597895248476,-0.0123102964225759,0.37127732428774,0.37127732428774,0.368260248075163,1.48666071461483
0.3,55,8,"constrained",0.296142857142857,2.42041136620578,0.296142857142857,20.6265910861946,0.00935392734069549,-0.00843504981109718,0.379457743079394,0.379457743079394,0.371462096796333,1.48727711499569
0.3,55,12,"standard",0.296142857142857,2.3908908173574,0.150270348271162,20.4349700362529,0.0122865551928702,-0.0110971635326618,0.172567446623516,0.172567446623516,0.142141533867889,1.24007196571925
0.3,55,12,"constrained",0.296142857142857,2.59709306252067,0.296142857142857,21.8728517533673,0.0096074276490466,-0.00751026331009532,0.177837289783922,0.177837289783922,0.145560175930161,1.24054186342502
0.3,55,16,"standard",0.296142857142857,2.40129259162267,0.136102315586748,23.4839005813496,0.0100513629580435,-0.00786097954194239,0.107023627253867,0.107023627253867,0.0771037186183368,1.0726212788843
0.3,55,16,"constrained",0.296142857142857,2.61691341822548,0.296142857142857,25.4627867129283,0.00852622382440727,-0.00487493244676496,0.113415524105607,0.113415524105607,0.0804822754573903,1.0727731715651
0.3,55,20,"standard",0.296142857142857,2.4013903793435,0.127897811534968,22.59324621957,0.00945093989701078,-0.00487326224274625,0.0949790096225316,0.0949790096225316,0.0624659741500534,1.00602692035149
0.3,55,20,"constrained",0.296142857142857,2.61852789843518,0.296142857142857,24.4679811843963,0.00854172820579706,-0.00258103544825201,0.102288067961573,0.102288067961573,0.0667267709487877,1.00637207112923
0.3,55,25,"standard",0.296142857142857,2.40950791428287,0.109094314668965,21.521563946606,0.00945422219580053,-0.0052904156829041,0.0649016598481609,0.0649016598481609,0.0353731639434175,0.98239588138685
0.3,55,25,"constrained",0.296142857142857,2.63972572675613,0.296142857142857,23.3836357144518,0.00871790194889938,-0.00338022440423645,0.0734561217670837,0.0734561217670837,0.0404594083899424,0.982795462742453
0.3,56,8,"standard",0.300142857142857,2.04936637610754,0.205802584943677,19.5220549639219,0.0159505568648953,-0.0159505568648953,0.255243431743487,0.255243431743487,0.247659930440639,1.46397045992525
0.3,56,8,"constrained",0.300142857142857,2.18329139217083,0.300142857142857,20.8323369318781,0.0123191299098056,-0.0121436821933258,0.258240423873841,0.258240423873841,0.253504781777373,1.46417455203448
0.3,56,12,"standard",0.300142857142857,2.15769271427386,0.127578238024756,15.5339249194002,0.0145051570451129,-0.0123287324531452,0.123447001212801,0.123447001212801,0.122040649978583,1.24547293264656
0.3,56,12,"constrained",0.300142857142857,2.35431429831884,0.300142857142857,16.62305893389,0.01166877686596,-0.00899418148138855,0.124031467387966,0.124031467387966,0.126936186729415,1.24660197591222
0.3,56,16,"standard",0.300142857142857,2.15546078563245,0.103400687311079,15.614138232794,0.011824116074001,-0.00932110085163315,0.0577498934806897,0.0577498934806897,0.0661095465550011,1.08930996070101
0.3,56,16,"constrained",0.300142857142857,2.37145851385933,0.300142857142857,17.5881976711028,0.010066539665822,-0.00647345940631148,0.0581657768544233,0.0581657768544233,0.0697211934458183,1.09100753410163
0.3,56,20,"standard",0.300142857142857,2.1628537505921,0.0919332292932842,16.882070065024,0.0113334737400277,-0.00537178580613259,0.0539008229130165,0.0539008229130165,0.0611475553483876,1.01321472518991
0.3,56,20,"constrained",0.300142857142857,2.38518250512769,0.300142857142857,18.3312730047315,0.0102232680717821,-0.00324382687976225,0.0571693810529776,0.0571693810529776,0.0662150788286594,1.01387752204943
0.3,56,25,"standard",0.300142857142857,2.19111515153828,0.0809034571785376,15.8550474668716,0.00992723650465271,-0.00466246352505304,0.0323823205291047,0.0323823205291047,0.0413275833760123,0.993835960767327
0.3,56,25,"constrained",0.300142857142857,2.43565991152158,0.300142857142857,17.6492087171784,0.00910524350318558,-0.00288403972884219,0.0365032641697436,0.0365032641697436,0.0469145216756296,0.995492838095526
0.3,57,8,"standard",0.299285714285714,2.2670710477747,0.208160341058004,19.897518149984,0.0141056695637232,-0.0140565279743667,0.384085326421329,0.384085326421329,0.419774790329275,1.51254783204573
0.3,57,8,"constrained",0.299285714285714,2.41527678071203,0.299285714285714,21.1465511518972,0.011175816562429,-0.0102149529065711,0.396842226747149,0.396842226747149,0.421606877774723,1.51357069449002
0.3,57,12,"standard",0.299285714285714,2.27968853626784,0.123158196014748,24.2307000516321,0.0145941431308869,-0.0125324647582758,0.188791092073748,0.188791092073748,0.200306033230745,1.25665325258841
0.3,57,12,"constrained",0.299285714285714,2.50249574119549,0.299285714285714,27.0536228175144,0.0121482792332957,-0.00920392119907693,0.198202317181995,0.198202317181995,0.201085791265907,1.25788575256171
0.3,57,16,"standard",0.299285714285714,2.33566925587153,0.102647500362831,26.7420188449734,0.0137359223681057,-0.0115312494664552,0.0648592014589626,0.0648592014589626,0.068856033180047,1.09650330648507
0.3,57,16,"constrained",0.299285714285714,2.62363930655192,0.299285714285714,30.5812456154282,0.0114043344871753,-0.00841128279582464,0.0703597650696413,0.0703597650696413,0.0686750706805448,1.0996926785535
0.3,57,20,"standard",0.299285714285714,2.34242559314863,0.0938144254750855,26.0550438500935,0.0119214529454058,-0.00926031889251756,0.0372186790482427,0.0372186790482427,0.0382508718289402,1.03137013637938
0.3,57,20,"constrained",0.299285714285714,2.62949041484424,0.299285714285714,29.561306226045,0.0103466333265584,-0.00678461628472565,0.0432758548924559,0.0432758548924559,0.0387751897151504,1.03489011095155
0.3,57,25,"standard",0.299285714285714,2.38627956795242,0.0782326500508292,27.2862296786813,0.0108292567171906,-0.00697442761609681,0.00934535576851392,0.00934535576851392,0.00828206426407074,1.00551014582493
0.3,57,25,"constrained",0.299285714285714,2.72066044776639,0.299285714285714,31.1485441312828,0.00971183572917663,-0.00482889328941486,0.0178923001133864,0.0178923001133864,0.00952468809964093,1.00922271789173
0.3,58,8,"standard",0.301285714285714,2.19143904854699,0.212876249773598,19.2908243350441,0.01271042153353,-0.0126604823681706,0.415676436753795,0.415676436753795,0.484562500109002,1.53317017313341
0.3,58,8,"constrained",0.301285714285714,2.31698054462683,0.301285714285714,20.430611098832,0.00981364865099092,-0.00907101707059204,0.422661288208909,0.422661288208909,0.483397456732275,1.5336031835112
0.3,58,12,"standard",0.301285714285714,2.34626073498608,0.134628600372035,20.5311585361774,0.0121354898678359,-0.0112252800363406,0.195420607748932,0.195420607748932,0.257514256183529,1.26119476517962
0.3,58,12,"constrained",0.301285714285714,2.54856868550398,0.301285714285714,22.199395523821,0.00976175541869471,-0.00784299634416336,0.202822097103894,0.202822097103894,0.255006276656056,1.26135737801914
0.3,58,16,"standard",0.301285714285714,2.39297782962207,0.106967977185315,20.6494259580841,0.0130504029562115,-0.0123062123191978,0.0706040578018028,0.0706040578018028,0.141975167955948,1.09250576975179
0.3,58,16,"constrained",0.301285714285714,2.64293873930935,0.301285714285714,22.7201360978849,0.0107988629760485,-0.00913475578634343,0.0783895422588747,0.0783895422588747,0.140624539979732,1.09338288660414
0.3,58,20,"standard",0.301285714285714,2.35705369194115,0.0892449390297396,19.5312111589447,0.0125673737959329,-0.0112115782537507,0.0197937869184033,0.0197937869184033,0.0838394697204617,1.02286803812742
0.3,58,20,"constrained",0.301285714285714,2.60825167166956,0.301285714285714,21.246703855473,0.010962841229737,-0.00869809449743558,0.0261517509529297,0.0261517509529297,0.0840465040646005,1.02459048262978
0.3,58,25,"standard",0.301285714285714,2.36426996829034,0.0835720453769184,18.0468993346536,0.011424093592858,-0.00911347900126956,-0.000886971556957938,0.000886971556957938,0.0586974372291963,0.99555248655626
0.3,58,25,"constrained",0.301285714285714,2.62594580518412,0.301285714285714,19.4400492586749,0.0102279395011881,-0.00713034117616394,0.00462914438226125,0.00462914438226125,0.0570919826378183,0.997646667877105
0.3,59,8,"standard",0.296857142857143,1.96372366996712,0.216138937908831,16.3983142855767,0.012650623984771,-0.0118487684284172,0.312631440150222,0.312631440150222,0.308181990295849,1.48262632621136
0.3,59,8,"constrained",0.296857142857143,2.06833639019714,0.296857142857143,17.2534869675331,0.00989250140274748,-0.00848491487710774,0.316389869493993,0.316389869493993,0.312931745903727,1.48307603107072
0.3,59,12,"standard",0.296857142857143,2.08638908599937,0.161549779028771,20.6977752833354,0.0114079596177577,-0.00989012186440452,0.148198871888582,0.148198871888582,0.144115436054081,1.24853776202252
0.3,59,12,"constrained",0.296857142857143,2.23413478875674,0.296857142857143,22.2968988587866,0.00925613591788465,-0.00690172405078078,0.154335720666834,0.154335720666834,0.151978517745399,1.24866680707079
0.3,59,16,"standard",0.296857142857143,2.10665258700438,0.143807368621042,21.7792349564304,0.011068362935026,-0.00840242294941227,0.0603643077879266,0.0603643077879266,0.0680635647378481,1.08565159922161
0.3,59,16,"constrained",0.296857142857143,2.26968321267902,0.296857142857143,23.7923996532748,0.00950244709763329,-0.00587764416191667,0.0660603439032226,0.0660603439032226,0.0754439493521597,1.08650160780659
0.3,59,20,"standard",0.296857142857143,2.14063743593833,0.117771993270944,22.0257818479902,0.010154482959045,-0.00740995398263604,0.0129017689865885,0.0129017689865885,0.0172631738858099,1.01795684566671
0.3,59,20,"constrained",0.296857142857143,2.32704571143393,0.296857142857143,24.2996968999762,0.0088947248999669,-0.00527482942148979,0.0187965940704586,0.0187965940704586,0.0256237618382058,1.01853180885925
0.3,59,25,"standard",0.296857142857143,2.1293128698107,0.100117527088031,21.6922805404683,0.0103979495729781,-0.00689488164738128,-0.00167080545118559,0.00167080545118559,-0.00321591292547864,0.992247714147244
0.3,59,25,"constrained",0.296857142857143,2.32501221658245,0.296857142857143,23.9773982688219,0.00946189780884179,-0.00520682875183169,0.00581887974929618,0.00581887974929618,0.00646140987434409,0.992504039637088
0.3,60,8,"standard",0.300571428571429,2.15960796444684,0.20612912266367,18.7228640062771,0.0140858074442634,-0.0139449790317838,0.368141739606689,0.368141739606689,0.354680057964852,1.48550862692822
0.3,60,8,"constrained",0.300571428571429,2.30632453377637,0.300571428571428,19.8806007965636,0.0108524278641624,-0.0100557410197938,0.369905623493103,0.369905623493103,0.359725526527758,1.48564554935542
0.3,60,12,"standard",0.300571428571429,2.25864871887086,0.169921673711847,21.5218282915977,0.00972328738364987,-0.00754463370490765,0.250632029265151,0.250632029265151,0.231072453120742,1.25540075101661
0.3,60,12,"constrained",0.300571428571429,2.42892429324883,0.300571428571428,23.0756818202022,0.00790593434569316,-0.00475329686833069,0.252015353052552,0.252015353052552,0.232741172873509,1.25598701325878
0.3,60,16,"standard",0.300571428571429,2.31206682471674,0.140050229605724,25.0529387039756,0.00942240618423978,-0.00694985091724208,0.131112218419625,0.131112218419625,0.123467287017568,1.08712241687224
0.3,60,16,"constrained",0.300571428571429,2.50731854407167,0.300571428571428,27.3302899114499,0.00794603034229356,-0.00450171711102341,0.130866269170477,0.130866269170477,0.124720744006174,1.08810002607296
0.3,60,20,"standard",0.300571428571429,2.3766133682949,0.121884358603754,27.8548743204414,0.00828337507248352,-0.00415700218321532,0.0918422568994934,0.0918422568994934,0.0840828441463727,1.01753018123499
0.3,60,20,"constrained",0.300571428571429,2.58844073813154,0.300571428571428,30.5593337298865,0.0074632942003906,-0.00204129904322448,0.0925498855093583,0.0925498855093583,0.0855294067437484,1.01780334960802
0.3,60,25,"standard",0.300571428571429,2.46808030536997,0.115997937566814,28.0618835196226,0.00856522519505303,-0.00272259831716894,0.0571875062205169,0.0571875062205169,0.051297553007969,0.989720794979845
0.3,60,25,"constrained",0.300571428571429,2.70830496411625,0.300571428571428,30.6330723979656,0.00801571747267342,-0.000840109110613658,0.0571666175040946,0.0571666175040946,0.0512144425883595,0.990007000149732
0.5,1,8,"standard",0.497714285714286,0.740735166831565,0.262898468265997,6.71829382848848,0.0239701945774828,-0.0239701945774828,0.201101945844908,0.201101945844908,0.207330253950276,1.43509617210024
0.5,1,8,"constrained",0.497714285714286,0.932363333620151,0.497714285714286,8.66394696341835,0.0119305423013333,-0.0119305423013333,0.212435453857469,0.212435453857469,0.215625418246426,1.43497093814522
0.5,1,12,"standard",0.497714285714286,0.790851331428206,0.196095223498079,7.99574811332235,0.0159570410175791,-0.0153373552967997,0.0985511729859789,0.0985511729859789,0.0987634788417533,1.19756907907057
0.5,1,12,"constrained",0.497714285714286,1.02960326178957,0.497714285714286,11.0913192202111,0.00785229326438914,-0.00664366812855269,0.110277232906851,0.110277232906851,0.102343614794455,1.19792083226162
0.5,1,16,"standard",0.497714285714286,0.793391778558068,0.189630141019874,8.04387394063436,0.0116425758994999,-0.0108913101167655,0.0769088120185497,0.0769088120185497,0.082061922453466,1.05617664382658
0.5,1,16,"constrained",0.497714285714286,1.02976688828431,0.497714285714286,11.1441210967328,0.00640642727162906,-0.00447705076572227,0.0902680792483164,0.0902680792483164,0.0853764502614415,1.0558823948346
0.5,1,20,"standard",0.497714285714286,0.798767202826361,0.172098482520584,7.87004879523259,0.00955393081575154,-0.00837193072591263,0.053934515739396,0.053934515739396,0.0476023504256193,0.995002642184511
0.5,1,20,"constrained",0.497714285714286,1.04476594837376,0.497714285714286,10.6798430223128,0.0059746031812662,-0.00360516916565861,0.0652436731621888,0.0652436731621888,0.0512237944141827,0.994963208404498
0.5,1,25,"standard",0.497714285714286,0.805103502956719,0.173604737402168,7.64100095810725,0.0083373738096432,-0.00652743687689102,0.0335396048065952,0.0335396048065952,0.0280967364554558,0.966719484816571
0.5,1,25,"constrained",0.497714285714286,1.06316210717614,0.497714285714286,10.5455063889413,0.00569953187389406,-0.00259360005866421,0.0466926200224025,0.0466926200224025,0.035022644182608,0.966486113667721
0.5,2,8,"standard",0.501142857142857,0.755525840189823,0.27520401355602,6.50282395695687,0.0206256055123121,-0.0206256055123121,0.228484835603141,0.228484835603141,0.272042310694363,1.47056118013771
0.5,2,8,"constrained",0.501142857142857,0.941457657865076,0.501142857142857,8.1559642920226,0.00858947463987153,-0.00849765356829207,0.265292101918022,0.265292101918022,0.282154384254753,1.47145769385171
0.5,2,12,"standard",0.501142857142857,0.796660601138182,0.214976601695442,8.51262222397509,0.0164736287721104,-0.0164736287721104,0.1115893742982,0.1115893742982,0.137525019278657,1.21748900510167
0.5,2,12,"constrained",0.501142857142857,1.05071327820839,0.501142857142857,12.0313268529862,0.0075497693199076,-0.00725879805746652,0.149298382205918,0.149298382205918,0.149740952046856,1.22052203395349
0.5,2,16,"standard",0.501142857142857,0.798314192621079,0.194225044032143,8.79413332655345,0.0148709276101858,-0.0148607137816826,0.0589980515523596,0.0589980515523596,0.0759414097011421,1.05894821725828
0.5,2,16,"constrained",0.501142857142857,1.07312765612512,0.501142857142857,13.5434487462514,0.00789635574499829,-0.00759477161164228,0.0897901557301459,0.0897901557301459,0.0889439428537689,1.06174776882812
0.5,2,20,"standard",0.501142857142857,0.802683315325543,0.174313329185054,8.77845606045524,0.0115864871927676,-0.0112029648747379,0.0314682625203417,0.0314682625203417,0.0375362600258154,0.998211357261857
0.5,2,20,"constrained",0.501142857142857,1.08334553538969,0.501142857142857,12.9189309696074,0.00670430434340342,-0.00584413368486262,0.058971071746579,0.058971071746579,0.0458933056636447,1.00043253018622
0.5,2,25,"standard",0.501142857142857,0.805147862415593,0.166940702557926,8.78299043923668,0.00964067126052279,-0.00889065450445754,0.0212490959766756,0.0212490959766756,0.0293881722991652,0.974064036703533
0.5,2,25,"constrained",0.501142857142857,1.09021585332688,0.501142857142857,12.9530121526338,0.00613193232479792,-0.00472144644778174,0.0474053899727123,0.0474053899727123,0.0373766531757715,0.97656589822952
0.5,3,8,"standard",0.498714285714286,0.661168339228575,0.289733850887381,5.86636438157736,0.0208632658906359,-0.0208632658906359,0.18139430444072,0.18139430444072,0.201828586262965,1.43962493826186
0.5,3,8,"constrained",0.498714285714286,0.78996146180146,0.498714285714286,7.06834713745814,0.0108317718734561,-0.0108317718734561,0.197060192640591,0.197060192640591,0.210573405755803,1.43992327451236
0.5,3,12,"standard",0.498714285714286,0.692540614500244,0.231724396300095,7.25634499264868,0.0146098210308424,-0.0146098210308424,0.0996741264748104,0.0996741264748104,0.101351408127714,1.20083375628944
0.5,3,12,"constrained",0.498714285714286,0.850106195673004,0.498714285714286,9.33410018268273,0.0076094016868883,-0.0073770830227311,0.118420094712524,0.118420094712524,0.113085112083349,1.20152590696948
0.5,3,16,"standard",0.498714285714286,0.705620700997813,0.207608142265912,7.42371861526097,0.0119326430018531,-0.0118131118868783,0.0315473658253671,0.0315473658253671,0.0318096844284111,1.05734755062609
0.5,3,16,"constrained",0.498714285714286,0.877474223209537,0.498714285714286,9.78387960791411,0.00645542555715747,-0.00585216530873924,0.0476223413262513,0.0476223413262513,0.0420551237196641,1.05763034279094
0.5,3,20,"standard",0.498714285714286,0.707997906739791,0.199338351478602,7.78248562262784,0.00927085466281864,-0.00845646961424833,0.0179949719551225,0.0179949719551225,0.0118967351914368,0.996138082286038
0.5,3,20,"constrained",0.498714285714286,0.883858199073442,0.498714285714286,10.390407342286,0.00546291304493528,-0.00400771176318235,0.0328248634199335,0.0328248634199335,0.0194541260325725,0.996223867652446
0.5,3,25,"standard",0.498714285714286,0.713144930384731,0.185149636290492,8.05041423990735,0.00802157573578249,-0.00709849084228028,0.0077030610518376,0.0077030610518376,0.00337918768177906,0.970108545426534
0.5,3,25,"constrained",0.498714285714286,0.89351029079453,0.498714285714286,10.8742781009527,0.00520628515478004,-0.00358953077603464,0.0223851692451156,0.0223851692451156,0.0112978284143412,0.970745534882863
0.5,4,8,"standard",0.499,0.701892176766355,0.277575167547788,6.31883066709587,0.0224483834296507,-0.0224483834296507,0.100028828913011,0.100028828913011,0.128862150261738,1.4281306889113
0.5,4,8,"constrained",0.499,0.862826621244254,0.499,7.94907727536637,0.0111841652592711,-0.0111841652592711,0.119307872401084,0.119307872401084,0.138121843443182,1.42832513697256
0.5,4,12,"standard",0.499,0.722904848118246,0.229635752728612,7.59599830182042,0.0148328030411491,-0.0145899636402085,0.0349115133482574,0.0349115133482574,0.0524258577427405,1.19055750056005
0.5,4,12,"constrained",0.499,0.908637587518908,0.499,10.2645160045996,0.00742770256591619,-0.00673953240269206,0.0516760453141005,0.0516760453141005,0.0600997278787635,1.19100221715151
0.5,4,16,"standard",0.499,0.724650180722666,0.217985945572485,7.40506808389402,0.0118820874737263,-0.0111190249096451,0.00916650527381435,0.00916650527381435,0.0275170812898098,1.04949750182502
0.5,4,16,"constrained",0.499,0.91736480297223,0.499,10.0014670774878,0.00661374828510358,-0.00500871041022799,0.0216383760510821,0.0216383760510821,0.0309165193143482,1.04982519197537
0.5,4,20,"standard",0.499,0.729473456081039,0.204856563441283,7.47119340523093,0.00893899617613018,-0.00729059962128437,-0.0104393621480048,0.0104393621480048,0.00411585729113209,0.992620300951809
0.5,4,20,"constrained",0.499,0.922071862585433,0.499,9.95327882830315,0.00565046203896005,-0.00278921929666367,0.00532425932297276,0.00532425932297276,0.00758156707632209,0.992952582888046
0.5,4,25,"standard",0.499,0.738161753715433,0.18843465603193,7.63269525644261,0.00750213276633066,-0.00580090297404128,-0.0249220075126972,0.0249220075126972,-0.00546842775471661,0.965995346745743
0.5,4,25,"constrained",0.499,0.939807649751773,0.499,10.4070089730407,0.00500773380174527,-0.0020562068514613,-0.00748513102904091,0.00748513102904091,-0.00223053777950803,0.966202444174563
0.5,5,8,"standard",0.494142857142857,0.703155991869836,0.286435691048422,6.05060455569896,0.0198624436750047,-0.0198624436750047,0.111049248748978,0.111049248748978,0.124082145676985,1.42857573118815
0.5,5,8,"constrained",0.494142857142857,0.8461660299105,0.494142857142857,7.3296013384963,0.00956779476576414,-0.00936133623552225,0.123083936382303,0.123083936382303,0.133244927321991,1.42877126201192
0.5,5,12,"standard",0.494142857142857,0.723153248155867,0.235978639281034,6.39465080213614,0.0126371063604092,-0.0120446168767597,0.0614226140157745,0.0614226140157745,0.0703848773963364,1.19601284407474
0.5,5,12,"constrained",0.494142857142857,0.882622683313696,0.494142857142857,7.92262543962659,0.00647994638614096,-0.00486641441924339,0.0706700761809342,0.0706700761809342,0.075229413504295,1.19634170269137
0.5,5,16,"standard",0.494142857142857,0.730516445397702,0.222458235584047,6.87296501607539,0.0100331318709052,-0.00962203519631237,0.0241537746886484,0.0241537746886484,0.0341792253320759,1.06233766313493
0.5,5,16,"constrained",0.494142857142857,0.898717791370694,0.494142857142857,8.68637075080066,0.00537828938730482,-0.00397773272032872,0.0333717823446769,0.0333717823446769,0.0381109210373972,1.06373219008073
0.5,5,20,"standard",0.494142857142857,0.740807925301028,0.194106736783693,7.582361330085,0.00833191281347064,-0.00679638669998849,0.0106747441857848,0.0106747441857848,0.00996071185170254,0.998728360749195
0.5,5,20,"constrained",0.494142857142857,0.922081506533622,0.494142857142857,9.80213538323755,0.00521589079407228,-0.00264562415663065,0.01997056108672,0.01997056108672,0.0136259587724356,0.999556967146163
0.5,5,25,"standard",0.494142857142857,0.743369544268363,0.198137089678998,7.76753732143145,0.00724985047334587,-0.00568610696448454,0.0064005016527604,0.0064005016527604,0.00829702214581024,0.971362484604998
0.5,5,25,"constrained",0.494142857142857,0.93035292512731,0.494142857142857,10.2346267884934,0.00502240117685512,-0.00249041025298,0.014322197927239,0.014322197927239,0.0112962792754256,0.972238729674981
0.5,6,8,"standard",0.501571428571429,0.650180545029717,0.308434340149284,5.51819649599422,0.0167654821632293,-0.0167654821632293,0.146574281631617,0.146574281631617,0.191391008482411,1.43323704924765
0.5,6,8,"constrained",0.501571428571429,0.762993460351339,0.501571428571429,6.47390328729619,0.00793297148658526,-0.00736573146456714,0.166989856073668,0.166989856073668,0.203333160713751,1.43242303389032
0.5,6,12,"standard",0.501571428571429,0.698424709114532,0.248330983199937,6.89165727766943,0.0124146164452149,-0.0123651399656493,0.0275498150041606,0.0275498150041606,0.0655178130673005,1.19054119345219
0.5,6,12,"constrained",0.501571428571429,0.846089507798553,0.501571428571429,8.51424660958469,0.00567655227639204,-0.00497419144354249,0.0488870746505414,0.0488870746505414,0.0740981245603968,1.19070217118411
0.5,6,16,"standard",0.501571428571429,0.707001460296867,0.22222887418711,7.07831888370082,0.0102105708521404,-0.00990496869764845,-0.0111320168250284,0.0111320168250284,0.0255140707311854,1.04920981642668
0.5,6,16,"constrained",0.501571428571429,0.866672415756317,0.501571428571429,9.00736160934623,0.00517912177797302,-0.00386247995113041,0.0107378525665922,0.0107378525665922,0.0337208209924446,1.04921318011473
0.5,6,20,"standard",0.501571428571429,0.718590668873559,0.187640010631144,7.12253336662193,0.00902502360734435,-0.00834951304178952,-0.0435993011394853,0.0435993011394853,-0.0139742703449146,0.98878446821062
0.5,6,20,"constrained",0.501571428571429,0.896442138237865,0.501571428571429,9.22744009132773,0.00524543473297703,-0.00360159127872944,-0.0234418866610486,0.0234418866610486,-0.00809382288275087,0.989174181337467
0.5,6,25,"standard",0.501571428571429,0.731141518665672,0.181456395855735,7.91653404382296,0.00807329454042266,-0.00719713361879296,-0.0629715561625934,0.0629715561625934,-0.0296361925798159,0.964995036475489
0.5,6,25,"constrained",0.501571428571429,0.92943755543787,0.501571428571429,10.6796786968312,0.00512464334269962,-0.00333890674223993,-0.0444542887106048,0.0444542887106048,-0.0254412654275743,0.966054810211456
0.5,7,8,"standard",0.503428571428571,0.746313139477014,0.27185582571399,6.7045415396219,0.0225093731808839,-0.0225093731808839,0.189664360513671,0.189664360513671,0.196410147059477,1.43717243853845
0.5,7,8,"constrained",0.503428571428571,0.953487400614076,0.503428571428571,8.85295199754235,0.00974841156980887,-0.00964264278348997,0.211281908636286,0.211281908636286,0.206665405197518,1.43607413852419
0.5,7,12,"standard",0.503428571428571,0.786754898775498,0.212203552977783,7.66193926406974,0.0160371730345911,-0.0154990563439859,0.0963035923176223,0.0963035923176223,0.0903877645055081,1.19458624432383
0.5,7,12,"constrained",0.503428571428571,1.04896547507728,0.503428571428571,10.768112914739,0.00715699972968682,-0.00602659357965036,0.11566656067243,0.11566656067243,0.0982797276995633,1.19444584511265
0.5,7,16,"standard",0.503428571428571,0.796163106374601,0.197845775542333,8.21429566394805,0.012202170762163,-0.0110282433704276,0.0536575546612266,0.0536575546612266,0.0545686502808469,1.05168868355574
0.5,7,16,"constrained",0.503428571428571,1.06789996279497,0.503428571428571,11.7126762564223,0.00629381238024345,-0.00353458351429754,0.0772374391243567,0.0772374391243567,0.0624774235288345,1.0513638542307
0.5,7,20,"standard",0.503428571428571,0.796050380326772,0.18360572671838,8.44317432364929,0.00963266166776348,-0.00797662344144035,0.0481573960930808,0.0481573960930808,0.0394532308373407,0.992893672073798
0.5,7,20,"constrained",0.503428571428571,1.06957296483609,0.503428571428571,12.2462487033729,0.00565435255076505,-0.00256626101577997,0.0726890996631875,0.0726890996631875,0.0478939961120994,0.993139034290168
0.5,7,25,"standard",0.503428571428571,0.802743795342736,0.178967721005208,8.6870350270398,0.00798178723813857,-0.00611027393121724,0.0349804256884019,0.0349804256884019,0.0318857677790931,0.966842407878266
0.5,7,25,"constrained",0.503428571428571,1.0868277519921,0.503428571428571,13.0049860328294,0.00525047514918898,-0.00172797274409606,0.0604889298360698,0.0604889298360698,0.0399225522350557,0.967622343265069
0.5,8,8,"standard",0.498714285714286,0.671961503216387,0.284006472972984,6.038553770944,0.0216407200213458,-0.0216407200213458,0.137695210826019,0.137695210826019,0.194773732573658,1.43699400210608
0.5,8,8,"constrained",0.498714285714286,0.820551570497598,0.498714285714286,7.46634647027898,0.0109506357273597,-0.0109506357273597,0.149569384723492,0.149569384723492,0.198671513202552,1.43751202694041
0.5,8,12,"standard",0.498714285714286,0.692952514006725,0.252754454339964,6.71930722703058,0.0139909260036996,-0.0139615720242657,0.0565375790977196,0.0565375790977196,0.116111177355977,1.20148213457204
0.5,8,12,"constrained",0.498714285714286,0.856930129571043,0.498714285714286,8.58531590044169,0.00701933407198738,-0.00653046155732075,0.0717214128354229,0.0717214128354229,0.116037960633159,1.20259438652916
0.5,8,16,"standard",0.498714285714286,0.70385821631495,0.224178622002553,7.44166038216798,0.0114272880063235,-0.0113043084236022,-0.00616703937095409,0.00616703937095409,0.048742333846553,1.05221737291875
0.5,8,16,"constrained",0.498714285714286,0.877849707939866,0.498714285714286,9.7769137707763,0.00632119766331966,-0.00550185172491956,0.00794421479594565,0.00794421479594565,0.0506019083927825,1.05312461112675
0.5,8,20,"standard",0.498714285714286,0.709194457096669,0.20674832489994,8.08687586770866,0.00900118366487666,-0.00794164824790422,-0.031473378281162,0.031473378281162,0.0135065357640758,0.993652218626247
0.5,8,20,"constrained",0.498714285714286,0.887205768435189,0.498714285714286,10.9477314858371,0.00561347079093245,-0.00352986938454371,-0.0170436078116447,0.0170436078116447,0.0155439170994954,0.994788476459883
0.5,8,25,"standard",0.498714285714286,0.715157554986962,0.199901750218217,7.8722311374118,0.00740343898796866,-0.0058466929472105,-0.0399795457203629,0.0399795457203629,0.00822569535582769,0.966742542263714
0.5,8,25,"constrained",0.498714285714286,0.894690727015239,0.498714285714286,10.594758527151,0.00513559845266908,-0.00242814683657661,-0.0251400364255945,0.0251400364255945,0.0111937798924454,0.967544282428796
0.5,9,8,"standard",0.496285714285714,0.683363412049276,0.298265852989856,5.90970521490363,0.018664363287824,-0.0186110407328677,0.151051280520353,0.151051280520353,0.196058055720964,1.43855342944034
0.5,9,8,"constrained",0.496285714285714,0.822836469593705,0.496285714285714,7.21756469442715,0.0094794223311892,-0.00834117748747354,0.169983904946416,0.169983904946416,0.200293450712165,1.43837015311764
0.5,9,12,"standard",0.496285714285714,0.703444801090389,0.257275490267163,6.82305394451644,0.0136006654763996,-0.0134682692570408,0.0579390370269062,0.0579390370269062,0.0840555263264894,1.19833340577499
0.5,9,12,"constrained",0.496285714285714,0.864088331021039,0.496285714285714,8.76661161428399,0.00698908473339942,-0.00602274645624841,0.0767120763729983,0.0767120763729983,0.0885930371537675,1.19832365614116
0.5,9,16,"standard",0.496285714285714,0.714570813988504,0.232134493362307,7.10234507238375,0.0109084911407882,-0.010385124265903,0.0189972984692632,0.0189972984692632,0.0508537966390563,1.05737199174809
0.5,9,16,"constrained",0.496285714285714,0.886311628639069,0.496285714285714,9.33477917402575,0.00604187183003301,-0.00441192475460686,0.0403243026984264,0.0403243026984264,0.0549040678768892,1.05759475518091
0.5,9,20,"standard",0.496285714285714,0.717072700769568,0.223990361757481,6.81438233890965,0.00860674296149708,-0.0076242716324234,0.00224829597008025,0.00224829597008025,0.0241233082104704,0.996147632388156
0.5,9,20,"constrained",0.496285714285714,0.891613219095904,0.496285714285714,8.74923861279287,0.00537380979392896,-0.00322104740207543,0.0222651107533967,0.0222651107533967,0.0281164352073703,0.996594576832326
0.5,9,25,"standard",0.496285714285714,0.730507482344148,0.212818991756415,6.76763217096665,0.00730514071145006,-0.00586314631969447,-0.0134608780729053,0.0134608780729053,0.0142557522932131,0.973337350155399
0.5,9,25,"constrained",0.496285714285714,0.91542265310374,0.496285714285714,8.47397779520431,0.00503884382017153,-0.0021070815872599,0.00880702877995976,0.00880702877995976,0.0186878932772193,0.973723566156081
0.5,10,8,"standard",0.498,0.704371385984637,0.296795893687922,5.94410956587696,0.0167558066593721,-0.0167558066593721,0.243525792645886,0.243525792645886,0.259108869180092,1.44637971649387
0.5,10,8,"constrained",0.498,0.833275186757322,0.498,7.11894794515316,0.00714054225217148,-0.00656631879577166,0.264005716442091,0.264005716442091,0.262092016251159,1.44629995970881
0.5,10,12,"standard",0.498,0.75306227613545,0.227594409526283,7.69199043550789,0.0122365392437629,-0.0117677004504214,0.126986938940628,0.126986938940628,0.133239866504516,1.20063741133865
0.5,10,12,"constrained",0.498,0.92704234478285,0.498,10.0342066654367,0.00542207417060661,-0.00391932836053757,0.14752851841554,0.14752851841554,0.135271710649817,1.20054494799664
0.5,10,16,"standard",0.498,0.760300141570287,0.21250259743477,8.25725873551092,0.0102109638775062,-0.0097403022762524,0.0885730321036968,0.0885730321036968,0.101234742748524,1.05528738143084
0.5,10,16,"constrained",0.498,0.939631904777857,0.498,10.9436473078244,0.0052851834474729,-0.00366723326876132,0.110797774997949,0.110797774997949,0.103913897871858,1.05568750488759
0.5,10,20,"standard",0.498,0.761759412736764,0.199127564254893,7.75205874165324,0.00845482756041994,-0.0076025135076115,0.0716888365512682,0.0716888365512682,0.0719303125080736,0.993936552549431
0.5,10,20,"constrained",0.498,0.941609670219446,0.498,10.1695842155529,0.0051916612294095,-0.00325688451069642,0.0936844642482395,0.0936844642482395,0.0759034599003842,0.994702075304612
0.5,10,25,"standard",0.498,0.768264742298571,0.185934500288318,8.06268391345713,0.0074474837198021,-0.00628488425488546,0.0626567327313907,0.0626567327313907,0.0651381646715464,0.969281282032858
0.5,10,25,"constrained",0.498,0.957606676465646,0.498,10.8103555774714,0.00499949171700062,-0.00283340771590214,0.0850359122072026,0.0850359122072026,0.0705127533819809,0.97058960503971
0.5,11,8,"standard",0.492,0.72208075592482,0.285799596837314,6.0717949400335,0.0185332009001442,-0.0185332009001442,0.168257083129257,0.168257083129257,0.207779076361556,1.44098670958408
0.5,11,8,"constrained",0.492,0.856318339100548,0.492,7.20107086263986,0.00862016181170727,-0.00862016181170727,0.187384703147794,0.187384703147794,0.215147489259613,1.44109650069795
0.5,11,12,"standard",0.492,0.760105333146897,0.226255149916771,7.67770433871548,0.0127205992806439,-0.0123981353120947,0.0674061867964095,0.0674061867964095,0.0938346539296334,1.19670044023962
0.5,11,12,"constrained",0.492,0.93342979199929,0.492,9.86433628694976,0.0057427508568205,-0.00482568359901743,0.0847209178392481,0.0847209178392481,0.0983292437721435,1.19678863621142
0.5,11,16,"standard",0.492,0.775086333629446,0.204380871002887,8.08999461035454,0.0104341937599158,-0.00982955458733241,0.0124322606215594,0.0124322606215594,0.0390799207359438,1.05112568656837
0.5,11,16,"constrained",0.492,0.964762381247139,0.492,10.5742368171675,0.00516224794432044,-0.00367332717879626,0.0289172041189305,0.0289172041189305,0.0424180835100837,1.05170738374792
0.5,11,20,"standard",0.492,0.776604659573958,0.192507907582443,7.98574509903506,0.00840346994686712,-0.00681690004979206,0.0149052392134852,0.0149052392134852,0.0354969664208787,0.990428728166345
0.5,11,20,"constrained",0.492,0.969669609087787,0.492,10.5425727415745,0.00495185260780759,-0.00238591714598108,0.0342105288556231,0.0342105288556231,0.040766344913216,0.990741791619432
0.5,11,25,"standard",0.492,0.779698550623492,0.188043455928919,8.4002113706647,0.00737708978149103,-0.00527879437772009,0.00624401566883481,0.00624401566883481,0.0314409159562861,0.967874209047751
0.5,11,25,"constrained",0.492,0.976455587972197,0.492,11.2600277874097,0.00502399195445741,-0.00184622471180971,0.025014395394158,0.025014395394158,0.0358758395282127,0.968786354686196
0.5,12,8,"standard",0.499714285714286,0.725922167155435,0.281614038342431,6.35477390297997,0.02039146321426,-0.02039146321426,0.178757954313038,0.178757954313038,0.205995747271998,1.43837973574935
0.5,12,8,"constrained",0.499714285714286,0.896319995710938,0.499714285714286,7.95754282046419,0.00892550576490474,-0.00890420841977836,0.19490953936132,0.19490953936132,0.211417849271242,1.43829543918393
0.5,12,12,"standard",0.499714285714286,0.771991221092303,0.22467537686468,7.43123649125306,0.0131479719401415,-0.0125873565955051,0.0897018476770919,0.0897018476770919,0.115472093151451,1.20130043495241
0.5,12,12,"constrained",0.499714285714286,0.985632056926905,0.499714285714286,9.86981472453236,0.00575149408309255,-0.00421302853344666,0.114112799871313,0.114112799871313,0.121335328885869,1.20150483229368
0.5,12,16,"standard",0.499714285714286,0.776987519637618,0.202882698409755,7.83860438681346,0.0114671996549984,-0.0108407471647685,0.0404607414454414,0.0404607414454414,0.05292160608537,1.05400651906115
0.5,12,16,"constrained",0.499714285714286,1.00686547310137,0.499714285714286,10.7196123739581,0.0056178419463314,-0.00396480462829283,0.0600715087326877,0.0600715087326877,0.0590630279712701,1.05388181658269
0.5,12,20,"standard",0.499714285714286,0.781086714459095,0.191196911045719,8.27070836875283,0.00901057415934409,-0.00808853882833037,0.0263178727991713,0.0263178727991713,0.0310251726666709,0.996034576711885
0.5,12,20,"constrained",0.499714285714286,1.01864451039727,0.499714285714286,11.5918571035741,0.00498848815438497,-0.00295167612337515,0.0452518601551617,0.0452518601551617,0.0370856768968988,0.99648953072338
0.5,12,25,"standard",0.499714285714286,0.789937835728128,0.172515204986994,8.01836732269524,0.00810439249407125,-0.00709311166251659,0.00736158294237832,0.00736158294237832,0.0146895768040768,0.969257104107836
0.5,12,25,"constrained",0.499714285714286,1.03752371959199,0.499714285714286,11.0711393234879,0.00510895916268903,-0.00295154629181313,0.0274092157258696,0.0274092157258696,0.0219381754639904,0.969498395444614
0.5,13,8,"standard",0.495,0.663064443448398,0.296182725959337,5.71516429678925,0.0187801350126679,-0.0187801350126679,0.224891574839035,0.224891574839035,0.277602608546603,1.45403776437236
0.5,13,8,"constrained",0.495,0.771466294121326,0.495,6.69705361056114,0.00976875459870751,-0.00976875459870751,0.24952656140088,0.24952656140088,0.287971696112784,1.45441849071669
0.5,13,12,"standard",0.495,0.703110922653057,0.234172183395118,6.7118172311785,0.0139289521655259,-0.013729583914161,0.127184788624654,0.127184788624654,0.165813701890208,1.20939411227377
0.5,13,12,"constrained",0.495,0.84926017039168,0.495,8.24367044908564,0.00739632909384999,-0.00681285439813122,0.150507612665144,0.150507612665144,0.172392622589023,1.2096996746227
0.5,13,16,"standard",0.495,0.70899182448391,0.219312207318106,6.92294988767574,0.010768616068455,-0.0101020913673269,0.0913338342718752,0.0913338342718752,0.13047285413774,1.06364715076804
0.5,13,16,"constrained",0.495,0.860651330267721,0.495,8.73807908600838,0.00615024810150119,-0.00455218039964166,0.114299774470775,0.114299774470775,0.137347679764095,1.06394948814729
0.5,13,20,"standard",0.495,0.712838442693618,0.202354953016314,7.28699829122776,0.00850531526918792,-0.00681518644582051,0.0741078868038816,0.0741078868038816,0.103105691289802,1.00160444646348
0.5,13,20,"constrained",0.495,0.868863352942191,0.495,9.30839334423679,0.00550882207794027,-0.00251686265601245,0.0954272721304319,0.0954272721304319,0.107241331500215,1.00225448838206
0.5,13,25,"standard",0.495,0.716136613282857,0.192700443857844,7.2472955202904,0.00732607645198486,-0.0055159793771568,0.0583647855487008,0.0583647855487008,0.0901189101182259,0.977207454895086
0.5,13,25,"constrained",0.495,0.877956022324233,0.495,9.34225449983664,0.00505630248075165,-0.00207552913318631,0.0782687715826915,0.0782687715826915,0.093048549722744,0.977610556872673
0.5,14,8,"standard",0.495285714285714,0.717520547123203,0.277871818891978,6.37030821447513,0.0223923217516375,-0.0223923217516375,0.231009039605334,0.231009039605334,0.26330268074158,1.44950593901153
0.5,14,8,"constrained",0.495285714285714,0.869159058399235,0.495285714285714,7.8892533459161,0.0119185612973673,-0.0119185612973673,0.245394366155686,0.245394366155686,0.265552400751308,1.45067106365973
0.5,14,12,"standard",0.495285714285714,0.758908256163772,0.223111824139843,7.93786992299513,0.0164871398374777,-0.0164871398374777,0.0986170140617713,0.0986170140617713,0.112065200854393,1.19595631409079
0.5,14,12,"constrained",0.495285714285714,0.947505322780953,0.495285714285714,10.6657475088721,0.00904539844223905,-0.0088909038179013,0.11248954540571,0.11248954540571,0.117534763879463,1.19661338013077
0.5,14,16,"standard",0.495285714285714,0.764592746666117,0.209920510356131,8.14208783784231,0.0128093232327328,-0.0123072489059279,0.0697907988179072,0.0697907988179072,0.0785376753138234,1.05448707257249
0.5,14,16,"constrained",0.495285714285714,0.957386790022385,0.495285714285714,10.9548101068619,0.00728189278352348,-0.00647409455676386,0.0795807293911981,0.0795807293911981,0.082717227892188,1.05505486726689
0.5,14,20,"standard",0.495285714285714,0.776290048024669,0.187857454985823,8.91453389482165,0.0104106993130046,-0.00894180457174437,0.043818075202803,0.043818075202803,0.043251198570388,0.992493787075101
0.5,14,20,"constrained",0.495285714285714,0.980306008343715,0.495285714285714,12.4693189394968,0.00662537089274665,-0.00457164143661309,0.0531987465590422,0.0531987465590422,0.0463488059506983,0.993185917504027
0.5,14,25,"standard",0.495285714285714,0.77935786130941,0.179785521582304,8.00678613638271,0.00889471642353322,-0.00755160600077398,0.0331002973684775,0.0331002973684775,0.0369677680010229,0.968081450408658
0.5,14,25,"constrained",0.495285714285714,0.98824526424234,0.495285714285714,10.7428763174791,0.00611403868875727,-0.00406078145727286,0.0422653724740716,0.0422653724740716,0.0398487332086718,0.969036195167657
0.5,15,8,"standard",0.497428571428571,0.808301555435256,0.261997536700165,6.92223414876535,0.0203558488494508,-0.0203558488494508,0.182230229861488,0.182230229861488,0.195002604744003,1.43444879048312
0.5,15,8,"constrained",0.497428571428571,1.03631011967989,0.497428571428571,8.99500994697203,0.00699803038066832,-0.00668184545228222,0.190715697599286,0.190715697599286,0.200870100036863,1.43401997578957
0.5,15,12,"standard",0.497428571428571,0.844514506388944,0.212425633563632,8.5730193556443,0.0150905910583976,-0.0150441410289107,0.0735004259043484,0.0735004259043484,0.0787306663429898,1.19522681239467
0.5,15,12,"constrained",0.497428571428571,1.11961159319713,0.497428571428571,12.2518266102191,0.00629410719605674,-0.00519976726607955,0.0867162602508094,0.0867162602508094,0.0862531148296473,1.19534227758387
0.5,15,16,"standard",0.497428571428571,0.867863318918164,0.184031315832731,9.52670193474957,0.0128537127775686,-0.0127146339939531,-0.00614645822903181,0.00614645822903181,0.00769867054770611,1.05194459648656
0.5,15,16,"constrained",0.497428571428571,1.1753463214724,0.497428571428571,14.2630513515751,0.00583749635140828,-0.00469171140008782,0.00581379358303824,0.00581379358303824,0.0113986314989987,1.052261973742
0.5,15,20,"standard",0.497428571428571,0.871817963657854,0.17522969866082,9.31761236730527,0.0098838587510773,-0.00860020057900042,-0.0192315687430469,0.0192315687430469,-0.0105298515026023,0.992862409608683
0.5,15,20,"constrained",0.497428571428571,1.17732860140911,0.497428571428571,13.6752137249657,0.0055764057582752,-0.00283647833006469,-0.00241402726410112,0.00241402726410112,-0.00327976129867516,0.993533521324346
0.5,15,25,"standard",0.497428571428571,0.883752519784299,0.166721168749426,9.49163048110466,0.00818869433321173,-0.00648962942594325,-0.03055922930898,0.03055922930898,-0.0159365563792659,0.969520670683016
0.5,15,25,"constrained",0.497428571428571,1.2042548166468,0.497428571428571,13.9152071542818,0.00522712660795528,-0.0018222020668437,-0.0137816952247176,0.0137816952247176,-0.00921264135420024,0.970327331006166
0.5,16,8,"standard",0.500142857142857,0.756248952085886,0.260223359038224,6.83894809900804,0.0240361200289018,-0.0240361200289018,0.314427921430548,0.314427921430548,0.334054880902053,1.46062835716455
0.5,16,8,"constrained",0.500142857142857,0.954979722083025,0.500142857142857,8.88733791362901,0.0118569581136875,-0.0118569581136875,0.335636330401665,0.335636330401665,0.339318436050391,1.45903018446395
0.5,16,12,"standard",0.500142857142857,0.790769137820687,0.21543113938258,8.05635247506482,0.0172318752650429,-0.0169772403446934,0.196617967348265,0.196617967348265,0.199548787250451,1.21417817704519
0.5,16,12,"constrained",0.500142857142857,1.03116792764626,0.500142857142857,11.1677348263635,0.0089100373670198,-0.00794790191109145,0.22090198304398,0.22090198304398,0.207883991051394,1.2134668097396
0.5,16,16,"standard",0.500142857142857,0.808208854671094,0.196182569998338,8.63028132820585,0.0139554652148847,-0.0135986530128963,0.135990729283168,0.135990729283168,0.139448760671871,1.06370340280722
0.5,16,16,"constrained",0.500142857142857,1.07558246038423,0.500142857142857,12.3930343695665,0.00732518941417185,-0.0060720386590925,0.156680479533384,0.156680479533384,0.142796007270848,1.06396301003754
0.5,16,20,"standard",0.500142857142857,0.815732015878203,0.173377115357546,9.15030655784082,0.0109454407233245,-0.0103156701644755,0.0988804888375459,0.0988804888375459,0.0912417494294023,1.00153509745378
0.5,16,20,"constrained",0.500142857142857,1.09452795486111,0.500142857142857,13.4774558879457,0.00619664690705944,-0.00451691198190252,0.117981712197885,0.117981712197885,0.0944396038993749,1.00196370413473
0.5,16,25,"standard",0.500142857142857,0.81549368845223,0.16859629522965,9.11781733668503,0.00883779120996652,-0.00750635058840337,0.0998075591052556,0.0998075591052556,0.0963901298890756,0.979159575673442
0.5,16,25,"constrained",0.500142857142857,1.09984761353507,0.500142857142857,13.4272361692048,0.00564472778893956,-0.00293808633304319,0.118906212902681,0.118906212902681,0.099564840101691,0.979382645423139
0.5,17,8,"standard",0.499285714285714,0.766123672026582,0.257043540399709,7.12927494390965,0.0253004866913832,-0.0253004866913832,0.192903724980723,0.192903724980723,0.222392216396392,1.43924196314607
0.5,17,8,"constrained",0.499285714285714,0.988999857053122,0.499285714285714,9.60895363794024,0.0124067381512844,-0.0122231685627944,0.211039959669337,0.211039959669337,0.231005271743319,1.43975076865608
0.5,17,12,"standard",0.499285714285714,0.795006504929321,0.212150523740101,8.57857589789127,0.0164497508179836,-0.0163124190642361,0.119385268846329,0.119385268846329,0.134915630623321,1.20228985974024
0.5,17,12,"constrained",0.499285714285714,1.04563346624668,0.499285714285714,12.1468692747195,0.0082314476542799,-0.0073129151924398,0.139574489587375,0.139574489587375,0.143470352783184,1.20263496001206
0.5,17,16,"standard",0.499285714285714,0.822842287817924,0.180211350532679,9.2718555507903,0.0138174929953347,-0.0137538882522036,0.0314911964711984,0.0314911964711984,0.0426942871341865,1.05261590182542
0.5,17,16,"constrained",0.499285714285714,1.12503336102218,0.499285714285714,14.1595210913367,0.00696420686181881,-0.00587313037118506,0.0448551104176476,0.0448551104176476,0.0459937531165302,1.05464276799582
0.5,17,20,"standard",0.499285714285714,0.834957230168777,0.159292954531379,10.646099129502,0.0105725997842898,-0.00989899130613621,0.00682580615002681,0.00682580615002681,0.00893602691581974,0.992016246579944
0.5,17,20,"constrained",0.499285714285714,1.16312056999912,0.499285714285714,16.6247550643313,0.00580473721057268,-0.00394077347730437,0.0218455898640606,0.0218455898640606,0.012274334174243,0.992656392288304
0.5,17,25,"standard",0.499285714285714,0.852893101062462,0.146783961375373,11.6374158674926,0.00873919782559793,-0.00766579803551222,-0.0107619937551622,0.0107619937551622,-0.000650505232173737,0.964938986848843
0.5,17,25,"constrained",0.499285714285714,1.19253378824016,0.499285714285714,18.1996309213902,0.00541919193749376,-0.00292204669722867,0.0061065950912127,0.0061065950912127,0.00364874081513916,0.965940448198317
0.5,18,8,"standard",0.494571428571429,0.648349038632929,0.301312118133265,5.58756110792082,0.0169449176768662,-0.0169449176768662,0.241586646871586,0.241586646871586,0.267218880181555,1.44903840836224
0.5,18,8,"constrained",0.494571428571429,0.753205058945843,0.494571428571429,6.54664486524987,0.0083480812389639,-0.00798447849296275,0.256565868193227,0.256565868193227,0.270667102978458,1.44928155010954
0.5,18,12,"standard",0.494571428571429,0.705547030238809,0.229743273547758,7.34700296475457,0.013031181246665,-0.0129450088986971,0.0901424162321272,0.0901424162321272,0.103341322619274,1.19773591244639
0.5,18,12,"constrained",0.494571428571429,0.857906963652818,0.494571428571429,9.36667084598657,0.006467404226026,-0.0056377119905783,0.101953979691746,0.101953979691746,0.103259871164806,1.19796788487395
0.5,18,16,"standard",0.494571428571429,0.722127252520216,0.200308297949704,8.50484911363168,0.011205313580409,-0.0110627447668785,0.0172700640149674,0.0172700640149674,0.0282930852596475,1.04991071350496
0.5,18,16,"constrained",0.494571428571429,0.891931251492276,0.494571428571429,11.4411730688844,0.00592141322948824,-0.00486795891777531,0.0284306163646812,0.0284306163646812,0.0285988276648092,1.04996255519015
0.5,18,20,"standard",0.494571428571429,0.72462886928737,0.19197757573062,8.11868015519521,0.00900331892381514,-0.00830404023407441,0.00656721726954856,0.00656721726954856,0.0105534675308675,0.993707866513111
0.5,18,20,"constrained",0.494571428571429,0.895784235572988,0.494571428571429,10.8755281241547,0.00545983892521871,-0.00374812263224023,0.0174530382596734,0.0174530382596734,0.0107371294491385,0.994567349649022
0.5,18,25,"standard",0.494571428571429,0.733550898675246,0.181970183647674,8.59190191477934,0.0075224053910654,-0.00656037775316072,-0.0068482273162429,0.0068482273162429,0.00338851306314306,0.96784467901085
0.5,18,25,"constrained",0.494571428571429,0.911400185810695,0.494571428571429,11.759368459429,0.00490655778239745,-0.00282660219389795,0.00509250661808469,0.00509250661808469,0.00248997970179043,0.968609269182954
0.5,19,8,"standard",0.501142857142857,0.683134997711776,0.293365474699077,6.0443871049288,0.0201988816568026,-0.0201988816568026,0.182955717813059,0.182955717813059,0.210738610556637,1.43251196984916
0.5,19,8,"constrained",0.501142857142857,0.825958323289792,0.501142857142857,7.42146712380134,0.00956503877119781,-0.00956503877119781,0.19683935924342,0.19683935924342,0.214387281379042,1.4320403181986
0.5,19,12,"standard",0.501142857142857,0.717752915408091,0.229489859194351,6.81069855795011,0.0139618286058446,-0.0138605463153482,0.0912620170217497,0.0912620170217497,0.106715515325675,1.1935244172068
0.5,19,12,"constrained",0.501142857142857,0.898265646360164,0.501142857142857,8.83764167102687,0.00657379132953371,-0.00580824920653998,0.106366899515291,0.106366899515291,0.111669599689631,1.19351257167791
0.5,19,16,"standard",0.501142857142857,0.729710040846028,0.206537103182416,7.06944675896112,0.0113748015043481,-0.0111817752046607,0.0314363885897757,0.0314363885897757,0.0464024745361388,1.050027405468
0.5,19,16,"constrained",0.501142857142857,0.920164752863541,0.501142857142857,9.21312957252715,0.00592187079155595,-0.00477298283123937,0.0457956414154026,0.0457956414154026,0.0511746747759615,1.05019049153208
0.5,19,20,"standard",0.501142857142857,0.734310248058673,0.188539211649966,7.37698449225078,0.00894700568210402,-0.00828204711939403,0.00980172635522791,0.00980172635522791,0.0146902323344378,0.991735485249504
0.5,19,20,"constrained",0.501142857142857,0.933639176015285,0.501142857142857,9.88570763231233,0.00531951807375958,-0.00335983905496787,0.0227409900816005,0.0227409900816005,0.0191840282636957,0.992476748565656
0.5,19,25,"standard",0.501142857142857,0.736577713599543,0.178690516094674,7.89609101436499,0.00741146993969726,-0.00632557256745001,0.013921458763777,0.013921458763777,0.0208071785151231,0.968088094292384
0.5,19,25,"constrained",0.501142857142857,0.93605334942364,0.501142857142857,10.5811581790965,0.00493294233800513,-0.0026795271999272,0.0260641272562898,0.0260641272562898,0.0247823935646414,0.969603716662507
0.5,20,8,"standard",0.497428571428571,0.735094339780422,0.275878784652636,6.38470702622678,0.0209167265976436,-0.0209167265976436,0.15835580356681,0.15835580356681,0.178656009650384,1.43008546990382
0.5,20,8,"constrained",0.497428571428571,0.913505980804476,0.497428571428571,7.95044673517734,0.00928478684328091,-0.00928478684328091,0.175197321620703,0.175197321620703,0.189362130299301,1.43065734727975
0.5,20,12,"standard",0.497428571428571,0.767733928106971,0.227655833009617,7.55964844878295,0.0146683021998588,-0.0144111193658123,0.0421108617849448,0.0421108617849448,0.0485920115890122,1.19339985007232
0.5,20,12,"constrained",0.497428571428571,0.98264169241323,0.497428571428571,9.99829582627517,0.00643677022797667,-0.00559371253738197,0.0539482621981096,0.0539482621981096,0.0522039942752236,1.19432012357148
0.5,20,16,"standard",0.497428571428571,0.775828903135932,0.211181161638543,8.21032696340751,0.0112966662857663,-0.0108827830385393,-0.00708819100749558,0.00708819100749558,0.00321815879404263,1.05083731377048
0.5,20,16,"constrained",0.497428571428571,0.99823635861893,0.497428571428571,11.1166181328673,0.00543283942400851,-0.00390647715894481,0.00590768307058465,0.00590768307058465,0.00756198513553394,1.05145878003684
0.5,20,20,"standard",0.497428571428571,0.789381385782368,0.188099014511001,8.60196082208302,0.00887889285170163,-0.00824264968506533,-0.028569419579596,0.028569419579596,-0.0263945091521474,0.993552171069971
0.5,20,20,"constrained",0.497428571428571,1.0216922635001,0.497428571428571,11.7884741203961,0.00478702190899418,-0.00308794781187119,-0.0134022685482984,0.0134022685482984,-0.0199109202086786,0.994246016584914
0.5,20,25,"standard",0.497428571428571,0.790051112487345,0.182644257170373,8.78984687616307,0.00761804653943368,-0.00628881793936803,-0.034161364211541,0.034161364211541,-0.0278962557516822,0.968446184118601
0.5,20,25,"constrained",0.497428571428571,1.02299946388636,0.497428571428571,12.0853278310889,0.00483879154514884,-0.00232571602960174,-0.0188115186504136,0.0188115186504136,-0.0208098985461636,0.969412381391788
0.5,21,8,"standard",0.503857142857143,0.66292006174767,0.292641007650967,5.77556291653297,0.0196563478626118,-0.0196563478626118,0.20738477294175,0.20738477294175,0.263600671658968,1.46259285808994
0.5,21,8,"constrained",0.503857142857143,0.792776868830084,0.503857142857143,6.94655731872125,0.00959727679138567,-0.00959727679138567,0.236268748379828,0.236268748379828,0.268328535980603,1.46421357945823
0.5,21,12,"standard",0.503857142857143,0.689324457722691,0.228969842453002,6.67057395232419,0.0152963669937753,-0.0151060844576661,0.100568442414823,0.100568442414823,0.140655995602578,1.21130734978753
0.5,21,12,"constrained",0.503857142857143,0.851447140356813,0.503857142857143,8.63677519539328,0.00808620455490337,-0.0077160670979223,0.128256531805274,0.128256531805274,0.148271494921097,1.21362042678426
0.5,21,16,"standard",0.503857142857143,0.696392023553113,0.209654813863201,6.86059621896294,0.0126296390877095,-0.0124794897132549,0.0698623991637524,0.0698623991637524,0.110296060960526,1.06251049462954
0.5,21,16,"constrained",0.503857142857143,0.870067711408705,0.503857142857143,9.08300906614938,0.00721169016706588,-0.00680663461008457,0.0967379486391478,0.0967379486391478,0.116879196487338,1.06363673294065
0.5,21,20,"standard",0.503857142857143,0.703415808840353,0.189720694385864,7.35481531857742,0.0103040179599408,-0.00976744627035138,0.038752692539699,0.038752692539699,0.0669480912769908,0.998884711077756
0.5,21,20,"constrained",0.503857142857143,0.889781613233487,0.503857142857143,9.99729659209284,0.00643314184129681,-0.0054099765444912,0.0632423884267501,0.0632423884267501,0.073205658098299,0.999934213944393
0.5,21,25,"standard",0.503857142857143,0.708204824906763,0.176778106550629,7.58038001085095,0.00878856596975124,-0.00823254145939123,0.0230644840205914,0.0230644840205914,0.0535041178919843,0.974273879146644
0.5,21,25,"constrained",0.503857142857143,0.905907106421687,0.503857142857143,10.5520743334463,0.00578878161872512,-0.00473990953482141,0.0457460479077287,0.0457460479077287,0.0587282815240392,0.975240996117638
0.5,22,8,"standard",0.517285714285714,0.750862233153129,0.271647880005935,6.47787075029143,0.0208674913394889,-0.0208674913394889,0.174686017355008,0.174686017355008,0.198593511755102,1.43348393255878
0.5,22,8,"constrained",0.517285714285714,0.970761606763139,0.517285714285714,8.43294622539056,0.00723495633481516,-0.00721595879844895,0.183769572680761,0.183769572680761,0.207851137443104,1.43286216131156
0.5,22,12,"standard",0.517285714285714,0.796581258223233,0.208105294888197,7.67425548620415,0.0155343547757255,-0.0153302514665418,0.0591390551902764,0.0591390551902764,0.0728405429556203,1.18941067323392
0.5,22,12,"constrained",0.517285714285714,1.07970293119268,0.517285714285714,10.8373293857279,0.00601478605670766,-0.00499495638256889,0.0645101972655047,0.0645101972655047,0.0755846247121374,1.19011037732166
0.5,22,16,"standard",0.517285714285714,0.802947666057643,0.192263813111141,8.30024782927148,0.0122987036470803,-0.0119616896885017,0.0142619817558503,0.0142619817558503,0.0299963078534126,1.0490454658702
0.5,22,16,"constrained",0.517285714285714,1.09237769320319,0.517285714285714,12.1314972023821,0.00583136365857675,-0.00401813633156253,0.019181715699438,0.019181715699438,0.0295800383898652,1.05009280400526
0.5,22,20,"standard",0.517285714285714,0.806949534177882,0.181682168409024,8.63772360251318,0.00930622583160387,-0.00847365732247246,-0.0048710636815068,0.0048710636815068,0.00345335463378129,0.989390585556682
0.5,22,20,"constrained",0.517285714285714,1.09729658871542,0.517285714285714,12.6102986038855,0.00510770453463744,-0.00267675087598585,0.00173473352637465,0.00173473352637465,0.00417992457423628,0.989992910310324
0.5,22,25,"standard",0.517285714285714,0.815393735125735,0.174447756002424,8.14264548190935,0.00785262772406313,-0.00672142481171446,-0.0125010609857483,0.0125010609857483,-0.000836870839130083,0.965667434630568
0.5,22,25,"constrained",0.517285714285714,1.11198386766064,0.517285714285714,11.8451744757459,0.00489678203129832,-0.00214777541332324,-0.00414571252172191,0.00414571252172191,0.000656146812571152,0.967132851267141
0.5,23,8,"standard",0.505857142857143,0.673384745256806,0.285713369034539,6.01197532179078,0.0213541610190814,-0.0213541610190814,0.221895134316679,0.221895134316679,0.272972910990537,1.45656424595663
0.5,23,8,"constrained",0.505857142857143,0.827110770601945,0.505857142857143,7.48745920259465,0.0100793510050681,-0.0100408190833016,0.251998323895352,0.251998323895352,0.286888399452666,1.45593871330994
0.5,23,12,"standard",0.505857142857143,0.714827918224381,0.218469426545591,7.87357240634102,0.0171823990057048,-0.0171069670815017,0.0885475703554173,0.0885475703554173,0.116627864429265,1.19788439785339
0.5,23,12,"constrained",0.505857142857143,0.936164118374211,0.505857142857143,11.2062824553011,0.00837625972064743,-0.00819414172757115,0.107877611983454,0.107877611983454,0.12374874897147,1.19753588477449
0.5,23,16,"standard",0.505857142857143,0.725158737151665,0.203332727771294,8.58625651279996,0.0125295446410497,-0.0122747094288724,0.044027647346665,0.044027647346665,0.0756209658036216,1.05449026717006
0.5,23,16,"constrained",0.505857142857143,0.951670391682274,0.505857142857143,12.3891713080992,0.00621841528984457,-0.00512729098988652,0.0676081033228755,0.0676081033228755,0.0853600019523681,1.054262768287
0.5,23,20,"standard",0.505857142857143,0.72488781928522,0.191212101071446,8.32641161629239,0.0100646087157159,-0.00920862534917891,0.0391819783800926,0.0391819783800926,0.0623071977388109,0.994556650541997
0.5,23,20,"constrained",0.505857142857143,0.952756554503789,0.505857142857143,11.8499530514516,0.00566523602836047,-0.00394065525607089,0.0603691743906642,0.0603691743906642,0.0706784213274178,0.994643712554852
0.5,23,25,"standard",0.505857142857143,0.738528299505634,0.172936404141417,8.50430240526495,0.00907408072278565,-0.00806899963106559,0.00892415528985779,0.00892415528985779,0.0339533028641926,0.96633372884214
0.5,23,25,"constrained",0.505857142857143,0.989210292550114,0.505857142857143,12.8526951379364,0.00559016984660892,-0.0036287871919154,0.0270977846815263,0.0270977846815263,0.0404168489082366,0.966773920864607
0.5,24,8,"standard",0.497857142857143,0.725009623630699,0.281976654601867,6.24249867800081,0.0199245312465024,-0.0199245312465024,0.245816224918332,0.245816224918332,0.260564983111245,1.4447088888997
0.5,24,8,"constrained",0.497857142857143,0.889926697351766,0.497857142857143,7.71183936059704,0.00855979241842664,-0.00848683305389524,0.261720100543781,0.261720100543781,0.27295909245547,1.44499713688994
0.5,24,12,"standard",0.497857142857143,0.766388850228436,0.230555788526133,7.51411841152611,0.0145475200534987,-0.0140850704207497,0.104117989285326,0.104117989285326,0.115371752346922,1.19840809542776
0.5,24,12,"constrained",0.497857142857143,0.97660152155207,0.497857142857143,10.006671176104,0.0065880415989517,-0.00514810888458749,0.120848636986397,0.120848636986397,0.123654578622986,1.19858504626268
0.5,24,16,"standard",0.497857142857143,0.777139582077622,0.20631012310277,8.48658591598954,0.0121199403964884,-0.0114484395910617,0.0439090285297716,0.0439090285297716,0.0554279508107147,1.05262277097015
0.5,24,16,"constrained",0.497857142857143,1.00794087953151,0.497857142857143,12.0170081603319,0.00632575982912851,-0.00419304891532743,0.0572793438646038,0.0572793438646038,0.0599030014739194,1.05349943846945
0.5,24,20,"standard",0.497857142857143,0.77826085117331,0.192630095877906,8.14680409467601,0.00967980147115177,-0.00820047361097676,0.0235221975479005,0.0235221975479005,0.029125289425007,0.992976589014102
0.5,24,20,"constrained",0.497857142857143,1.01712064450668,0.497857142857143,11.5208406781538,0.00574053920393985,-0.0025846058799306,0.034137415031041,0.034137415031041,0.0306127754208079,0.993567951748332
0.5,24,25,"standard",0.497857142857143,0.785315721450479,0.178768807419089,8.65632353014472,0.00836056551995408,-0.00673016221092984,0.00530585643616011,0.00530585643616011,0.0106711507633231,0.968234129775152
0.5,24,25,"constrained",0.497857142857143,1.03441385709483,0.497857142857143,12.5335130153394,0.00547190283733584,-0.00225856866501547,0.0147088538999123,0.0147088538999123,0.0139853596475736,0.968839087223804
0.5,25,8,"standard",0.496857142857143,0.784081366871586,0.269237649317493,6.78003375037249,0.0213006799735829,-0.0213006799735829,0.182658354317561,0.182658354317561,0.198820968148671,1.43499071946621
0.5,25,8,"constrained",0.496857142857143,0.96766446020319,0.496857142857143,8.50220199541796,0.00965660466184658,-0.00965660466184658,0.197558691825554,0.197558691825554,0.206989546797792,1.43593002783675
0.5,25,12,"standard",0.496857142857143,0.818961243991878,0.225827832465866,8.07851457859562,0.013373069499252,-0.0130865618437792,0.0811697701358591,0.0811697701358591,0.0981902194920817,1.19481813861382
0.5,25,12,"constrained",0.496857142857143,1.03221869187863,0.496857142857143,10.7314265223954,0.00599163951786286,-0.00463335909760344,0.0967464257401423,0.0967464257401423,0.102172604486237,1.19558057615761
0.5,25,16,"standard",0.496857142857143,0.830140283246925,0.208439903825946,8.21577137948197,0.0103765596922554,-0.00876718034020033,0.0342737747362465,0.0342737747362465,0.0519739129879299,1.05378065661357
0.5,25,16,"constrained",0.496857142857143,1.06019237290698,0.496857142857143,10.9926291821505,0.00596454083898431,-0.00197816214654631,0.0513014727661911,0.0513014727661911,0.0546035562610636,1.05438939940408
0.5,25,20,"standard",0.496857142857143,0.83009880528684,0.199797241786382,8.54124165775514,0.0086338435950123,-0.00631035605009682,0.0215627880805576,0.0215627880805576,0.0275597821492674,0.993559654225746
0.5,25,20,"constrained",0.496857142857143,1.06559797115413,0.496857142857143,11.6148093125595,0.00571283482204653,-0.00130189262394581,0.0380754207290144,0.0380754207290144,0.0317268554919874,0.994004578423093
0.5,25,25,"standard",0.496857142857143,0.834366475195908,0.186851092328934,8.33779927008286,0.00739555034037879,-0.00540086926425381,0.00331418789966342,0.00331418789966342,0.013275275253591,0.967293982282171
0.5,25,25,"constrained",0.496857142857143,1.07419262435051,0.496857142857143,11.3164217865765,0.00520035607333136,-0.00143284835454757,0.018292444731042,0.018292444731042,0.0156108848772608,0.968554309829211
0.5,26,8,"standard",0.493714285714286,0.761447951254383,0.27625867480991,6.67192752703287,0.0213129898341251,-0.0213129898341251,0.29331851918597,0.29331851918597,0.314896833866813,1.45627157056752
0.5,26,8,"constrained",0.493714285714286,0.947176778746396,0.493714285714286,8.43979079814386,0.00935074776761973,-0.00935074776761973,0.315697436917878,0.315697436917878,0.32124645938564,1.45651486723099
0.5,26,12,"standard",0.493714285714286,0.811702068989601,0.218626784271356,8.38488836927051,0.0155330522522555,-0.0150585243149927,0.145384540636726,0.145384540636726,0.15325263997577,1.20152872862543
0.5,26,12,"constrained",0.493714285714286,1.05912671089761,0.493714285714286,11.5255321354836,0.00716223853651874,-0.00566828130724642,0.160585840012766,0.160585840012766,0.152776935396184,1.20192838539116
0.5,26,16,"standard",0.493714285714286,0.824418288040464,0.195756387864533,9.03438228578851,0.0125535299949031,-0.0118868970499393,0.084199619380386,0.084199619380386,0.0906550119400993,1.05332051188518
0.5,26,16,"constrained",0.493714285714286,1.09720227039816,0.493714285714286,13.1080532076826,0.00619989688538799,-0.00415581342679296,0.0976213159411845,0.0976213159411845,0.0913633216576554,1.05402589018096
0.5,26,20,"standard",0.493714285714286,0.829346923097726,0.181243484779291,8.71199687856936,0.00985028878298449,-0.00822171737375428,0.0623727577828408,0.0623727577828408,0.0643532807549028,0.99561961927032
0.5,26,20,"constrained",0.493714285714286,1.10249051213233,0.493714285714286,12.2881064833443,0.00588283947244461,-0.00264106457254158,0.0801963411993016,0.0801963411993016,0.0671485977686907,0.996832365923105
0.5,26,25,"standard",0.493714285714286,0.831998305424632,0.176949568328752,8.89842336000726,0.00817076216778552,-0.00659109013579821,0.048988739410964,0.048988739410964,0.0534165180999167,0.969838931849656
0.5,26,25,"constrained",0.493714285714286,1.10932934395376,0.493714285714286,12.6803697769754,0.00539256775448885,-0.00227138822487036,0.0658556640049976,0.0658556640049976,0.0557017009679266,0.97097148092599
0.5,27,8,"standard",0.512,0.692578476897814,0.277867181268796,6.19435296914232,0.0223908224091361,-0.0223908224091361,0.228794850837244,0.228794850837244,0.286282380991482,1.45866528430355
0.5,27,8,"constrained",0.512,0.873276032153555,0.512,7.9349103114098,0.0101845619525967,-0.0101845619525967,0.25889265548307,0.25889265548307,0.290110319266106,1.45814838969543
0.5,27,12,"standard",0.512,0.720162153819817,0.225482610939778,7.61719977565176,0.0159179779500769,-0.0157580329897989,0.118006550435466,0.118006550435466,0.158648479799689,1.20876420989622
0.5,27,12,"constrained",0.512,0.944152070512034,0.512,10.7924938374634,0.00713720378247396,-0.00652476042136474,0.141355288955295,0.141355288955295,0.159420045689668,1.20848380030709
0.5,27,16,"standard",0.512,0.73174623591555,0.208294942263382,7.86156654186043,0.0121521269708417,-0.0116142911919362,0.0691063865449761,0.0691063865449761,0.114932816845022,1.06343525351328
0.5,27,16,"constrained",0.512,0.964010402666033,0.512,11.0541819440017,0.00573457438973385,-0.00424098843269389,0.0951605496539676,0.0951605496539676,0.116089327092245,1.06369219575743
0.5,27,20,"standard",0.512,0.73804744014896,0.19033923483069,8.12544229160847,0.0100136598936346,-0.00913698580863903,0.0429200440478974,0.0429200440478974,0.0786119182077219,1.00118081968144
0.5,27,20,"constrained",0.512,0.980867789904304,0.512,11.4545519323469,0.00546460301817818,-0.00362764904238363,0.0677777246593694,0.0677777246593694,0.0792582990897518,1.00248997137332
0.5,27,25,"standard",0.512,0.743206809139771,0.175908904066821,7.58123351893589,0.00868064519108521,-0.00764442978791756,0.0232148110771115,0.0232148110771115,0.0612253371169315,0.975078410668319
0.5,27,25,"constrained",0.512,0.994282245436333,0.512,10.7865157781613,0.00534246833983229,-0.00329945961662519,0.0480695262114619,0.0480695262114619,0.0618447857751937,0.976715622919912
0.5,28,8,"standard",0.504714285714286,0.728210400594438,0.27481779345522,6.3571804495567,0.0211997150100623,-0.0211997150100623,0.213953676759324,0.213953676759324,0.242760507074665,1.44774513972977
0.5,28,8,"constrained",0.504714285714286,0.919645792212282,0.504714285714286,8.0715903517901,0.00892447911393748,-0.00880705065281937,0.23062019142109,0.23062019142109,0.249152278087949,1.44762887898757
0.5,28,12,"standard",0.504714285714286,0.75785848160565,0.235702799693289,7.20699644468421,0.0148941393700261,-0.0147989072733496,0.112966864861754,0.112966864861754,0.126464366883701,1.20518773224448
0.5,28,12,"constrained",0.504714285714286,0.975056223769423,0.504714285714286,9.56458552783359,0.00700113326529243,-0.00623981474742908,0.132673806022284,0.132673806022284,0.13597152001938,1.20646224346264
0.5,28,16,"standard",0.504714285714286,0.773835013843836,0.213583462926217,7.47094631555082,0.0117337146635797,-0.0109802954402386,0.0614074346987437,0.0614074346987437,0.0792217454108639,1.05981776404526
0.5,28,16,"constrained",0.504714285714286,1.01179533549528,0.504714285714286,10.2454844585626,0.00605993011380074,-0.00406390066740442,0.0865306320399988,0.0865306320399988,0.0905525778105704,1.06050682005808
0.5,28,20,"standard",0.504714285714286,0.77757195688519,0.194661124456549,8.16242143505643,0.00982672719850562,-0.00899194050654974,0.032854678886368,0.032854678886368,0.0363409275829215,0.99528587779751
0.5,28,20,"constrained",0.504714285714286,1.02708787227438,0.504714285714286,11.4883048296517,0.00570722539177413,-0.00379900594460524,0.0548635290589479,0.0548635290589479,0.0461778800408637,0.995990979007839
0.5,28,25,"standard",0.504714285714286,0.78925653984103,0.179010908021734,8.56026835829319,0.00837026392792487,-0.00702704716301707,0.012638132515308,0.012638132515308,0.0194897057261701,0.972426348182855
0.5,28,25,"constrained",0.504714285714286,1.04947627947051,0.504714285714286,12.178578612836,0.0054187824046716,-0.00282481628366157,0.0349507823374431,0.0349507823374431,0.0300900379044032,0.973714692598057
0.5,29,8,"standard",0.498571428571429,0.704940092848386,0.281852498813354,6.29813540114422,0.0218635208223133,-0.0218635208223133,0.185191274181629,0.185191274181629,0.23587298287995,1.44189804382014
0.5,29,8,"constrained",0.498571428571429,0.871678905863433,0.498571428571429,7.92379813597786,0.0101981078836581,-0.0101981078836581,0.206102525592594,0.206102525592594,0.244565201566005,1.44246973775992
0.5,29,12,"standard",0.498571428571429,0.748078720763788,0.218333452846082,7.19912390138195,0.014734931958091,-0.0139046821205978,0.0718061991334311,0.0718061991334311,0.116559864859482,1.20010402190163
0.5,29,12,"constrained",0.498571428571429,0.954845973040019,0.498571428571429,9.51380905660811,0.00690138967658827,-0.00508123097957073,0.0925126597776096,0.0925126597776096,0.119041610521644,1.20057143341307
0.5,29,16,"standard",0.498571428571429,0.764860307197276,0.201066497167736,7.82838151435771,0.0106786122977904,-0.00947454042701664,0.0159140877440072,0.0159140877440072,0.0661271804490431,1.05410104578415
0.5,29,16,"constrained",0.498571428571429,0.98120973806601,0.498571428571429,10.4939818227459,0.00569622569323937,-0.00229869135663605,0.0401585732272451,0.0401585732272451,0.0682931510399953,1.0543244377441
0.5,29,20,"standard",0.498571428571429,0.766487930222332,0.192397089198698,7.68414060770927,0.00869101515827445,-0.00726714295164081,0.00284434746806284,0.00284434746806284,0.0419917994199892,0.995336668911185
0.5,29,20,"constrained",0.498571428571429,0.985744194408769,0.498571428571429,10.316537879383,0.00519264806423751,-0.00199101806696764,0.026197180642674,0.026197180642674,0.04397748476387,0.996399757088812
0.5,29,25,"standard",0.498571428571429,0.774280109918012,0.172631545942306,8.45933503556009,0.00764561581179641,-0.00629259326499892,-0.0169580940108851,0.0169580940108851,0.023320325913156,0.969575618295399
0.5,29,25,"constrained",0.498571428571429,1.01016609901672,0.498571428571429,11.7913048943686,0.00487372585698562,-0.00197158359277808,0.00424785591835874,0.00424785591835874,0.0245285855339006,0.970552702864268
0.5,30,8,"standard",0.506571428571429,0.592092395557762,0.299458896633598,5.38480512553253,0.0202664071389093,-0.0202664071389093,0.210013427981156,0.210013427981156,0.23965997501528,1.43978225807683
0.5,30,8,"constrained",0.506571428571429,0.709869744167344,0.506571428571429,6.50357509915417,0.0104153953881262,-0.0101029526366394,0.218040224505579,0.218040224505579,0.239531097518166,1.43924756019994
0.5,30,12,"standard",0.506571428571429,0.62907697715828,0.240582168776645,6.67735324725406,0.0142669028251951,-0.0139966084530973,0.0908359566404595,0.0908359566404595,0.112753907652356,1.19498213424184
0.5,30,12,"constrained",0.506571428571429,0.773809867686416,0.506571428571429,8.56650772553545,0.00745538043037475,-0.00650729632279717,0.102277553139519,0.102277553139519,0.114974588528972,1.19492297252878
0.5,30,16,"standard",0.506571428571429,0.631943781981912,0.233726531141377,6.84526955754854,0.0108013532809966,-0.00981574428779928,0.0766444548644678,0.0766444548644678,0.107256308270888,1.05456722337234
0.5,30,16,"constrained",0.506571428571429,0.777034707412978,0.506571428571429,8.776257646099,0.0063771935222026,-0.00429453275142191,0.0924563306054029,0.0924563306054029,0.109670458189546,1.05480961161957
0.5,30,20,"standard",0.506571428571429,0.638104688916397,0.209477484074495,6.7873820105495,0.00883074452451491,-0.00733577673548065,0.048943850321371,0.048943850321371,0.0675629930694672,0.99209858166454
0.5,30,20,"constrained",0.506571428571429,0.789793099507664,0.506571428571429,8.741719170566,0.00588248548382689,-0.00309614719856552,0.0645262198425218,0.0645262198425218,0.070844132556054,0.992178489071714
0.5,30,25,"standard",0.506571428571429,0.649781079149209,0.184303167137293,6.85621174657926,0.00776316968016119,-0.00617544490313598,0.0250594690308192,0.0250594690308192,0.0423135788121592,0.965140253080284
0.5,30,25,"constrained",0.506571428571429,0.815879669257892,0.506571428571429,8.91517888025732,0.00545020514437459,-0.00252941154471561,0.0409730055925248,0.0409730055925248,0.0453143038783316,0.964943583296904
0.5,31,8,"standard",0.503142857142857,0.861594744708639,0.245174959743141,7.91350487919808,0.0263317946469706,-0.0263317946469706,0.18627336835064,0.18627336835064,0.215949158679515,1.43691312554748
0.5,31,8,"constrained",0.503142857142857,1.19449518926936,0.503142857142857,11.3187371141534,0.0108330255174883,-0.0108330255174883,0.209420570449808,0.209420570449808,0.226334579596888,1.43745793438068
0.5,31,12,"standard",0.503142857142857,0.896127410101512,0.199346024925602,8.55574289488085,0.0184965689183814,-0.0183473054640116,0.0755979135621958,0.0755979135621958,0.085876337999469,1.19407708247203
0.5,31,12,"constrained",0.503142857142857,1.28534224052597,0.503142857142857,12.7194936051665,0.00814758127624957,-0.00747257342623022,0.0952376110320534,0.0952376110320534,0.0949338605600817,1.19539467896047
0.5,31,16,"standard",0.503142857142857,0.902452207305376,0.192079189311514,8.74879587012048,0.0127188235481584,-0.0120595091704867,0.0666732311716851,0.0666732311716851,0.08989725688085,1.05704336780276
0.5,31,16,"constrained",0.503142857142857,1.28893245753398,0.503142857142857,12.7419410939751,0.00660480538370565,-0.00383997601724556,0.0958102133141532,0.0958102133141532,0.0992440578420851,1.05902779968446
0.5,31,20,"standard",0.503142857142857,0.906088880779702,0.177798924242456,8.97233579710566,0.0100498930461654,-0.00900324599498134,0.046294060344211,0.046294060344211,0.062445953959526,0.99635814631436
0.5,31,20,"constrained",0.503142857142857,1.29848359519655,0.503142857142857,13.3682970353857,0.00605998417327685,-0.00283802324759854,0.0714321252071217,0.0714321252071217,0.0685889930353314,0.997829960306674
0.5,31,25,"standard",0.503142857142857,0.917977031749661,0.157824237244391,9.40340712435189,0.00898264226438425,-0.00807468720451589,0.0235478552560959,0.0235478552560959,0.0430201373814857,0.970358941830785
0.5,31,25,"constrained",0.503142857142857,1.3326306127869,0.503142857142857,14.4871935291729,0.00574528372644107,-0.00305320349115306,0.0470496544414187,0.0470496544414187,0.0484506547163475,0.971710984641359
0.5,32,8,"standard",0.489428571428571,0.697751896638223,0.290996090342692,5.97484040883429,0.018532891072953,-0.018532891072953,0.244724600386856,0.244724600386856,0.272279768671882,1.44893651419177
0.5,32,8,"constrained",0.489428571428571,0.807985865673657,0.489428571428571,6.94584282469257,0.00988413122324062,-0.00988413122324062,0.268447287835362,0.268447287835362,0.284160395115538,1.44847675889314
0.5,32,12,"standard",0.489428571428571,0.741866957584813,0.24064801174777,7.05284471240357,0.0136166924145854,-0.0135096713481829,0.12559181165343,0.12559181165343,0.125755729600912,1.20185330662296
0.5,32,12,"constrained",0.489428571428571,0.88470111521318,0.489428571428571,8.62581119217751,0.00752352149044852,-0.00662534959626641,0.148856577680282,0.148856577680282,0.139869731081328,1.20104661858283
0.5,32,16,"standard",0.489428571428571,0.751943251048838,0.222218728020014,7.65051946576303,0.0111663787566847,-0.0106662325616368,0.0827023707795957,0.0827023707795957,0.0877004088555432,1.06052627349297
0.5,32,16,"constrained",0.489428571428571,0.904833006346262,0.489428571428571,9.5802313391698,0.0066879621531722,-0.00509262726818272,0.10647948125702,0.10647948125702,0.0994408452867417,1.06044324173384
0.5,32,20,"standard",0.489428571428571,0.752915481287925,0.209590371774515,7.91649243813334,0.00885751200053572,-0.0079263893459148,0.065588491078242,0.065588491078242,0.0585237404205082,0.997548579185041
0.5,32,20,"constrained",0.489428571428571,0.908796843435965,0.489428571428571,10.1537682761017,0.00584636494683728,-0.0037591284439345,0.087880949532372,0.087880949532372,0.070285790496829,0.997589110575373
0.5,32,25,"standard",0.489428571428571,0.76245434582367,0.189533946909502,7.83602583279919,0.00754315195562337,-0.00591057268893568,0.0672630010315123,0.0672630010315123,0.0633099975151478,0.973509232885117
0.5,32,25,"constrained",0.489428571428571,0.92871006869602,0.489428571428571,9.96684536803467,0.00547882220206506,-0.0026749148086562,0.0894358094975942,0.0894358094975942,0.0746793230287057,0.97303151049233
0.5,33,8,"standard",0.499,0.663587139630177,0.297769930232213,5.57584931489051,0.0174317445642964,-0.0174317445642964,0.202246811346065,0.202246811346065,0.209136401294015,1.44421161333321
0.5,33,8,"constrained",0.499,0.787534407311369,0.499,6.58084063153261,0.00805590478154006,-0.00750829356964141,0.214563342702857,0.214563342702857,0.217043312252841,1.44365216716042
0.5,33,12,"standard",0.499,0.68137853524158,0.26174831640015,6.36150916984327,0.0125834541762996,-0.0124980622376264,0.128396031509083,0.128396031509083,0.125140849992155,1.20156459174501
0.5,33,12,"constrained",0.499,0.81705290709236,0.499,7.75967764679536,0.0065200277344916,-0.00574601088587989,0.141838696796062,0.141838696796062,0.132951235813768,1.20097390433724
0.5,33,16,"standard",0.499,0.697481671721026,0.236674179389825,7.04553836867087,0.0101970472512995,-0.00990420719387526,0.0714066971332734,0.0714066971332734,0.0763373996991592,1.055815461275
0.5,33,16,"constrained",0.499,0.842344443049372,0.499,8.77833576182318,0.0055274254915077,-0.00439246813777854,0.0852505463205855,0.0852505463205855,0.0808476739943033,1.05580541535153
0.5,33,20,"standard",0.499,0.711454558208533,0.210417929510641,7.06188365599656,0.00847375352991884,-0.00751458581625947,0.0389999280697646,0.0389999280697646,0.0371928580050991,0.993956157403703
0.5,33,20,"constrained",0.499,0.867326749304956,0.499,8.8314508433489,0.00513212646416106,-0.00318721367394333,0.0538689701433466,0.0538689701433466,0.0421583605068429,0.994054737516095
0.5,33,25,"standard",0.499,0.718056702571155,0.19465822844858,7.73394320435458,0.0071225366238376,-0.00551972487784611,0.0292382478606239,0.0292382478606239,0.0321264327601503,0.968525365638096
0.5,33,25,"constrained",0.499,0.880637664687482,0.499,10.1211757290293,0.00491848943022012,-0.00209514967048856,0.0454197905319447,0.0454197905319447,0.0382043287992686,0.968542937972158
0.5,34,8,"standard",0.507714285714286,0.782457341511563,0.270166072907064,6.78158055737655,0.020966083639775,-0.020966083639775,0.193577838556216,0.193577838556216,0.236864539254244,1.44852620556266
0.5,34,8,"constrained",0.507714285714286,1.00787075364198,0.507714285714286,8.8524268968562,0.0073841224552983,-0.00731112192334516,0.22198188396237,0.22198188396237,0.247748570395222,1.44871717098399
0.5,34,12,"standard",0.507714285714286,0.820320000402383,0.207588631909626,8.16765061658494,0.0161684716384102,-0.0160416621563753,0.0617219471275785,0.0617219471275785,0.0912974555764692,1.19942111615929
0.5,34,12,"constrained",0.507714285714286,1.10932579311015,0.507714285714286,12.0121315702657,0.00652894018621537,-0.00552266999046302,0.0827283963507215,0.0827283963507215,0.0977109389727493,1.20000681758225
0.5,34,16,"standard",0.507714285714286,0.827746715463316,0.192234623311879,8.24092589216297,0.0126330648803589,-0.0124394542766402,0.0197398461933833,0.0197398461933833,0.0557835873925396,1.05745801283384
0.5,34,16,"constrained",0.507714285714286,1.12426153252015,0.507714285714286,12.225092909801,0.00568971229783965,-0.0042970374287461,0.0429595743660354,0.0429595743660354,0.0621904247097925,1.0580334038149
0.5,34,20,"standard",0.507714285714286,0.839229812261281,0.172681614483342,9.03384148106768,0.00987837249852953,-0.00913174878706199,-0.00409311668073098,0.00409311668073098,0.0239238626538485,0.996174098301217
0.5,34,20,"constrained",0.507714285714286,1.15724466856491,0.507714285714286,13.9335868693217,0.00503446985156318,-0.00264894057048957,0.0181344672940398,0.0181344672940398,0.0287734020084371,0.997618567318044
0.5,34,25,"standard",0.507714285714286,0.850524672046964,0.162335169479418,8.49904455747213,0.0083485523335368,-0.0071413126604906,-0.0135532373136256,0.0135532373136256,0.0168488071856055,0.970701809643382
0.5,34,25,"constrained",0.507714285714286,1.18410663319607,0.507714285714286,12.693328051292,0.00509464616929075,-0.00188097804209713,0.00986187864307286,0.00986187864307286,0.0235521024442281,0.973122124571932
0.5,35,8,"standard",0.497571428571429,0.765044460424962,0.272187551047604,6.7523584304905,0.021744008143628,-0.0215877920659412,0.261608035618944,0.261608035618944,0.338038897193609,1.47401271546603
0.5,35,8,"constrained",0.497571428571429,0.958787785370793,0.497571428571428,8.61589035975308,0.0103522532409264,-0.00939600576646162,0.292584975929539,0.292584975929539,0.335606338717403,1.47357161639999
0.5,35,12,"standard",0.497571428571429,0.797328622303848,0.230675373868884,7.8031913944529,0.0151747406612764,-0.0150050648131176,0.13032656190372,0.13032656190372,0.192447824175134,1.21723037395707
0.5,35,12,"constrained",0.497571428571429,1.02198978721658,0.497571428571428,10.5277366588079,0.0072598384021141,-0.00612288138573736,0.157622562293154,0.157622562293154,0.187030476238737,1.21628431271598
0.5,35,16,"standard",0.497571428571429,0.807228867941354,0.20950212467881,8.67107384208234,0.0123587214846583,-0.0119355641565004,0.0717909528586471,0.0717909528586471,0.127261941820561,1.05984356728739
0.5,35,16,"constrained",0.497571428571429,1.05194932072285,0.497571428571428,12.3181897689769,0.00660944498678365,-0.00459820911471953,0.0943296053259122,0.0943296053259122,0.122776690910202,1.05977653245814
0.5,35,20,"standard",0.497571428571429,0.821554822721204,0.189567213135115,9.55441537103627,0.00957684276409592,-0.00879018379744924,0.0467942242043247,0.0467942242043247,0.0931679694418559,0.997891038988963
0.5,35,20,"constrained",0.497571428571429,1.08031802374586,0.497571428571428,13.8749502710748,0.00550591098333093,-0.00323793190661779,0.0691489348761127,0.0691489348761127,0.0881111844446294,0.998854403459644
0.5,35,25,"standard",0.497571428571429,0.827933793958885,0.181119488888944,9.85813282325016,0.00789808461567823,-0.00689479191638029,0.0371217827618509,0.0371217827618509,0.0830898290520312,0.97253006275241
0.5,35,25,"constrained",0.497571428571429,1.09534147445587,0.497571428571428,14.2981788589365,0.00503468217175168,-0.00237821104404599,0.0609998688472206,0.0609998688472206,0.0802900817853677,0.973341169039414
0.5,36,8,"standard",0.498571428571429,0.754123660097453,0.261229886518253,7.05799059848923,0.0245894270883347,-0.0245894270883347,0.121922229516013,0.121922229516013,0.166850750838577,1.43315201503357
0.5,36,8,"constrained",0.498571428571429,0.96521729991789,0.498571428571429,9.31116217496576,0.0124775062273465,-0.0120091909383335,0.139718931939955,0.139718931939955,0.175093440185751,1.43237241293598
0.5,36,12,"standard",0.498571428571429,0.76948058027303,0.214568943422845,6.83240037188675,0.0157345752313088,-0.0149831624562385,0.0694930852764681,0.0694930852764681,0.108580380512248,1.19861691236619
0.5,36,12,"constrained",0.498571428571429,1.00345019670668,0.498571428571429,9.00879318921137,0.00838660482814799,-0.00667528071533907,0.0878489410038705,0.0878489410038705,0.113483289357967,1.19779836315632
0.5,36,16,"standard",0.498571428571429,0.775044889850711,0.200467529275059,7.16736501466492,0.0119795414153071,-0.0112066972423788,0.0421861463640951,0.0421861463640951,0.0775836820539824,1.0561564574466
0.5,36,16,"constrained",0.498571428571429,1.01521099490575,0.498571428571429,9.61123622947853,0.00678794348506872,-0.0047941146833956,0.0593663713822572,0.0593663713822572,0.0837954995845853,1.05549470961927
0.5,36,20,"standard",0.498571428571429,0.784052052737356,0.180929718484605,7.45629949853682,0.00941358224338563,-0.007974967331598,0.021575641123337,0.021575641123337,0.0504690531076157,0.995252465329459
0.5,36,20,"constrained",0.498571428571429,1.03426610149458,0.498571428571429,10.0508352312575,0.00597275422141963,-0.00324860989446647,0.037788538842336,0.037788538842336,0.0552814510354907,0.994984251174226
0.5,36,25,"standard",0.498571428571429,0.788952664111285,0.173232770427143,7.98770508576484,0.0079219221212763,-0.00658113553200085,0.0120980436336202,0.0120980436336202,0.0464039879465154,0.96927826429515
0.5,36,25,"constrained",0.498571428571429,1.04716441257958,0.498571428571429,11.0580839066047,0.00531860476163423,-0.0028695601680776,0.0295903280492471,0.0295903280492471,0.0511754457338556,0.969052104242405
0.5,37,8,"standard",0.512857142857143,0.671309372075772,0.277283215901971,6.10438972593374,0.0225963611290423,-0.0225963611290423,0.232108280836949,0.232108280836949,0.262789200302735,1.44652922867618
0.5,37,8,"constrained",0.512857142857143,0.843224792326352,0.512857142857143,7.90784014372547,0.0104783303394421,-0.0104783303394421,0.24714906069561,0.24714906069561,0.269280161802674,1.44585899852032
0.5,37,12,"standard",0.512857142857143,0.71056300719342,0.225049604008036,7.19162392903554,0.0148590708570941,-0.0147768471258686,0.134689971157417,0.134689971157417,0.163241053567843,1.20712768132124
0.5,37,12,"constrained",0.512857142857143,0.92056389990959,0.512857142857143,9.84911437282288,0.00679309748522096,-0.00621599294601413,0.15119973056593,0.15119973056593,0.167681950900171,1.20734796892282
0.5,37,16,"standard",0.512857142857143,0.729108430012774,0.193769614264467,8.1080643812207,0.0130062022195847,-0.0127350477534389,0.0547399564434485,0.0547399564434485,0.077238330616077,1.05472011795428
0.5,37,16,"constrained",0.512857142857143,0.973045946682344,0.512857142857143,11.84617144426,0.00658199525985851,-0.00551003235584517,0.0665525110637981,0.0665525110637981,0.0806124787066366,1.05469795033336
0.5,37,20,"standard",0.512857142857143,0.737025720901116,0.173384196876425,7.64317047598825,0.0105990332069933,-0.00977054353594762,0.024861767824337,0.024861767824337,0.039526235132115,0.991871950163391
0.5,37,20,"constrained",0.512857142857143,0.995150642388416,0.512857142857143,10.652737581289,0.00608078037339077,-0.00415493424296027,0.0346583923224246,0.0346583923224246,0.0420237874788398,0.99218100740316
0.5,37,25,"standard",0.512857142857143,0.743760378138625,0.167017543533385,8.48747297709507,0.00860761369583019,-0.00733096312497807,0.0179010822630215,0.0179010822630215,0.0361886761849344,0.969136888025041
0.5,37,25,"constrained",0.512857142857143,1.0139494980624,0.512857142857143,12.3443777268184,0.00544306104294045,-0.00285983340391036,0.027879659472136,0.027879659472136,0.0384917217540363,0.969677147058375
0.5,38,8,"standard",0.504142857142857,0.756554327390388,0.264465346351509,6.88365920975257,0.0243720985061773,-0.0243720985061773,0.188147566814622,0.188147566814622,0.260853589335283,1.45521025468097
0.5,38,8,"constrained",0.504142857142857,0.979026529777382,0.504142857142857,9.16172297828476,0.0117394875309181,-0.0115401210859993,0.212611263720244,0.212611263720244,0.271568255248549,1.45694561424529
0.5,38,12,"standard",0.504142857142857,0.792574309974244,0.208100809254323,7.95505164922823,0.0165105546809603,-0.0161830043413417,0.0922782170666263,0.0922782170666263,0.154207308486925,1.21588204605372
0.5,38,12,"constrained",0.504142857142857,1.05541270834991,0.504142857142857,11.261178941663,0.00803497957995936,-0.00699565740844057,0.119583097882443,0.119583097882443,0.168165619557444,1.2179177072686
0.5,38,16,"standard",0.504142857142857,0.800120343755164,0.192263745938593,8.13455257434178,0.0130949653718616,-0.0124438191903733,0.0433969178466374,0.0433969178466374,0.108304116460461,1.06486354508926
0.5,38,16,"constrained",0.504142857142857,1.07532260752477,0.504142857142857,11.7908863975682,0.00688097347629135,-0.00525200099952693,0.0699512733852847,0.0699512733852847,0.121357734293719,1.06622692924531
0.5,38,20,"standard",0.504142857142857,0.805835480719558,0.181708973773753,8.49113590988462,0.0100364012227192,-0.00888417040279759,0.030030467971037,0.030030467971037,0.087084579099332,1.00368296978637
0.5,38,20,"constrained",0.504142857142857,1.08604798843069,0.504142857142857,12.4488299855616,0.0058418420488024,-0.00350852221866115,0.0559031988734784,0.0559031988734784,0.0987022643627461,1.00564823938406
0.5,38,25,"standard",0.504142857142857,0.822555903475751,0.159283821583701,8.37700871227958,0.00917890009034313,-0.00780750531884698,-0.00188168173462611,0.00188168173462611,0.0569541900143465,0.975310603829905
0.5,38,25,"constrained",0.504142857142857,1.12582394783809,0.504142857142857,12.2723465232209,0.00582488338053716,-0.00332007726411233,0.0214174435411616,0.0214174435411616,0.0681088848609014,0.976568039816474
0.5,39,8,"standard",0.503571428571429,0.736964139206941,0.280150155931994,6.42408467434375,0.0204752071843034,-0.0204752071843034,0.203763470535743,0.203763470535743,0.242258152065295,1.44280522467554
0.5,39,8,"constrained",0.503571428571429,0.909542042638064,0.503571428571429,8.0231318520327,0.00895330380423437,-0.00895330380423437,0.224203831363274,0.224203831363274,0.245424934340411,1.44291787376724
0.5,39,12,"standard",0.503571428571429,0.761625594315148,0.244441911052242,7.21276119391526,0.0130553879437024,-0.0126882527721677,0.0975580097887843,0.0975580097887843,0.121697305222867,1.20169065168539
0.5,39,12,"constrained",0.503571428571429,0.951976274036077,0.503571428571429,9.33556748150056,0.00622768140738476,-0.0044965453591929,0.116809433677455,0.116809433677455,0.122098868249337,1.20154700249073
0.5,39,16,"standard",0.503571428571429,0.777557944352902,0.218359480629707,8.05996066270493,0.0109203476853134,-0.0105706083575731,0.0361152365660038,0.0361152365660038,0.0596275008954147,1.05322388138923
0.5,39,16,"constrained",0.503571428571429,0.987931495783349,0.503571428571429,10.8903034211958,0.00579647697850021,-0.00378822644053932,0.0540444127666628,0.0540444127666628,0.0580985248530045,1.05360227942011
0.5,39,20,"standard",0.503571428571429,0.779792608753173,0.206570949958821,8.03250997820519,0.00881205749444602,-0.00825394039446171,0.0205072687925245,0.0205072687925245,0.0361774234227986,0.991437590149192
0.5,39,20,"constrained",0.503571428571429,0.993572195149979,0.503571428571429,10.7456053484781,0.00523805818430438,-0.00323231964336174,0.038850037200854,0.038850037200854,0.0353294112685459,0.991768707280737
0.5,39,25,"standard",0.503571428571429,0.784914964073105,0.192760233682735,8.62882206339349,0.00738723901298975,-0.00616684535013393,0.0107144027550312,0.0107144027550312,0.0267372639096627,0.96571019261634
0.5,39,25,"constrained",0.503571428571429,1.00627769770446,0.503571428571429,11.8227837220119,0.00494367349759939,-0.00214419980330918,0.0297029337536037,0.0297029337536037,0.0278599029692073,0.966140563569962
0.5,40,8,"standard",0.489,0.673331271841948,0.300045788615423,5.7383260606091,0.0182210658581549,-0.0182210658581549,0.229583701812421,0.229583701812421,0.286104896548769,1.45948165060722
0.5,40,8,"constrained",0.489,0.784430531219548,0.489,6.72506131506521,0.00919048950251625,-0.00919048950251625,0.247723280128858,0.247723280128858,0.289755050697285,1.46010214793134
0.5,40,12,"standard",0.489,0.706115351755789,0.247471691266998,6.99934667950355,0.0138807374307243,-0.013815257180885,0.115764185620355,0.115764185620355,0.156194084520637,1.20389055330928
0.5,40,12,"constrained",0.489,0.844400031412249,0.489,8.67550915471987,0.00763377059029856,-0.00721303320831184,0.131522390463681,0.131522390463681,0.1574797766468,1.20400856891041
0.5,40,16,"standard",0.489,0.710879257093637,0.230960310465352,7.06785230211918,0.0110193369481728,-0.0107367436172324,0.0751470065434452,0.0751470065434452,0.118005070737034,1.05984410888682
0.5,40,16,"constrained",0.489,0.852803865741406,0.489,8.87814347006544,0.00650244751169513,-0.00552430158778078,0.0922574062670236,0.0922574062670236,0.118936086089239,1.06025223453704
0.5,40,20,"standard",0.489,0.715528819818841,0.215753512266731,7.05972686400152,0.00888078027797335,-0.00831868645736793,0.0534308135584629,0.0534308135584629,0.0853042400133476,0.998805971697352
0.5,40,20,"constrained",0.489,0.862503578500493,0.489,8.93422402526078,0.00572593558013094,-0.00449084480133704,0.070427163714256,0.070427163714256,0.0850667783523763,0.99952400064795
0.5,40,25,"standard",0.489,0.720169212635055,0.206579343226135,7.34054485803299,0.00771179913293506,-0.00648568054141807,0.0406678489948753,0.0406678489948753,0.075304256946558,0.972359162843396
0.5,40,25,"constrained",0.489,0.873899375401716,0.489,9.36842876897026,0.00541283215586674,-0.00335002921328119,0.0568117179363439,0.0568117179363439,0.0734791031122537,0.972897191257123
0.5,41,8,"standard",0.512285714285714,0.696276737280639,0.274580821038959,6.21694966969959,0.02301341981981,-0.02301341981981,0.141929259794151,0.141929259794151,0.190509390889032,1.44304635583098
0.5,41,8,"constrained",0.512285714285714,0.884876401637846,0.512285714285714,8.07369644286374,0.0109536320858874,-0.0108763348838705,0.164050741303724,0.164050741303724,0.202498163464246,1.44304013068828
0.5,41,12,"standard",0.512285714285714,0.716929452665527,0.233881619722996,7.30010323793308,0.0145081677340398,-0.0139650362310846,0.0699644745800869,0.0699644745800869,0.117047249285106,1.20361568054622
0.5,41,12,"constrained",0.512285714285714,0.927611794785553,0.512285714285714,10.1443176674111,0.00717816319533719,-0.00580217760590955,0.0976686913283169,0.0976686913283169,0.127313592487159,1.2040231783397
0.5,41,16,"standard",0.512285714285714,0.729260857689125,0.211391671477737,8.14506761596291,0.0116931966909626,-0.0111460879999558,0.00621363929560736,0.00621363929560736,0.0513305837118965,1.05525814580769
0.5,41,16,"constrained",0.512285714285714,0.955575665888247,0.512285714285714,11.7307024138014,0.00623722306897152,-0.00452891618597672,0.0331141072253898,0.0331141072253898,0.0594356785548412,1.05550192635019
0.5,41,20,"standard",0.512285714285714,0.733812289277813,0.198242849931317,8.21624594436899,0.00902251850407769,-0.00823292296104385,-0.0134784515605215,0.0134784515605215,0.0235868378918421,0.993913723793741
0.5,41,20,"constrained",0.512285714285714,0.966176583227872,0.512285714285714,11.8670996355475,0.00532068088698067,-0.00333918143866934,0.0120284434275604,0.0120284434275604,0.0293849989601547,0.994585924655763
0.5,41,25,"standard",0.512285714285714,0.737104306988548,0.185774093111266,8.11345721649249,0.00778654000983608,-0.00675027520767164,-0.029857625880604,0.029857625880604,0.00923049922210688,0.967833994281678
0.5,41,25,"constrained",0.512285714285714,0.974811470213951,0.512285714285714,11.4451219873499,0.00501683515658199,-0.00285948105860034,-0.00435561701699072,0.00435561701699072,0.016298670081993,0.96783098399398
0.5,42,8,"standard",0.499142857142857,0.715027419638137,0.288283969634604,6.27652029917455,0.0195803884758533,-0.0195803884758533,0.112954503138921,0.112954503138921,0.164266021678746,1.43638807342427
0.5,42,8,"constrained",0.499142857142857,0.867410311916461,0.499142857142857,7.84056757730339,0.00888682415197289,-0.00839030470142497,0.142179818135737,0.142179818135737,0.178854716809796,1.43611142033003
0.5,42,12,"standard",0.499142857142857,0.741296231620523,0.239866833960179,7.24210637217698,0.0144457221406516,-0.0143035131380061,0.00228159621378765,0.00228159621378765,0.0327843591870262,1.19014368933093
0.5,42,12,"constrained",0.499142857142857,0.934121052752112,0.499142857142857,9.73918772428777,0.00673626217279757,-0.0057750286008656,0.0257585702887901,0.0257585702887901,0.0417768850006734,1.18983400598908
0.5,42,16,"standard",0.499142857142857,0.746808407011368,0.225360025179643,7.51055322068167,0.0120970336269565,-0.0117012011771665,-0.0335567786963695,0.0335567786963695,0.0013367369399098,1.04662609978173
0.5,42,16,"constrained",0.499142857142857,0.946706326225907,0.499142857142857,10.0809119232106,0.00654063087852928,-0.00518314423554204,-0.0121271237001199,0.0121271237001199,0.00854394339010634,1.04729763380015
0.5,42,20,"standard",0.499142857142857,0.756825893648161,0.19927654957074,8.19326396549545,0.00933949028097102,-0.00847822021153592,-0.0570342015940826,0.0570342015940826,-0.0283388699728757,0.988683530608085
0.5,42,20,"constrained",0.499142857142857,0.969313670224196,0.499142857142857,11.4742795846025,0.00548087985608873,-0.00345490765388001,-0.035399015045952,0.035399015045952,-0.0219508666700431,0.988979601955269
0.5,42,25,"standard",0.499142857142857,0.759657956734019,0.192347427242072,8.54537728859782,0.00785736086003864,-0.00656220658328041,-0.0646063033334263,0.0646063033334263,-0.0342656789719849,0.965398065816753
0.5,42,25,"constrained",0.499142857142857,0.981404972250955,0.499142857142857,12.300749250461,0.00506760473219623,-0.0023729713183261,-0.043666786603624,0.043666786603624,-0.0270647535968187,0.965651036891289
0.5,43,8,"standard",0.501857142857143,0.688417166251995,0.272980641244096,6.35516528639232,0.0239752594240258,-0.0239752594240258,0.230850958244806,0.230850958244806,0.261050937631894,1.44798929709236
0.5,43,8,"constrained",0.501857142857143,0.873701041832602,0.501857142857143,8.3980642447612,0.011602250162955,-0.011602250162955,0.252474727631889,0.252474727631889,0.269617504092453,1.4489971241518
0.5,43,12,"standard",0.501857142857143,0.751019089501177,0.205854049296028,7.65005985553,0.0164175888753583,-0.0163589126658986,0.0885735982053237,0.0885735982053237,0.113026811422676,1.19963458584655
0.5,43,12,"constrained",0.501857142857143,1.00871467552772,0.501857142857143,10.8986576538411,0.00722339272170586,-0.00663426706518021,0.107797496713046,0.107797496713046,0.118526602618072,1.20061912765364
0.5,43,16,"standard",0.501857142857143,0.757750327010457,0.188364133365412,7.75591460235281,0.0129050709084079,-0.0124718835096789,0.0446140571303353,0.0446140571303353,0.0735663665844233,1.05646319841177
0.5,43,16,"constrained",0.501857142857143,1.02256370574874,0.501857142857143,11.0654927638808,0.00632502668060271,-0.00481922095292657,0.064368312873821,0.064368312873821,0.0783240174780286,1.05708797489967
0.5,43,20,"standard",0.501857142857143,0.776042416990066,0.16504118938503,8.85317638360529,0.0102219577963676,-0.0092073119355861,0.01057870529824,0.01057870529824,0.0299130841745796,0.995260575012659
0.5,43,20,"constrained",0.501857142857143,1.07023225390617,0.501857142857143,13.4068344080197,0.00573719922574953,-0.00320845426491821,0.0328614500037938,0.0328614500037938,0.035245745879037,0.996484637746075
0.5,43,25,"standard",0.501857142857143,0.778179093988613,0.161147211265446,8.67533126287402,0.00812216545764153,-0.0065256924099013,0.00486777892537216,0.00486777892537216,0.0294955707571908,0.971723720019842
0.5,43,25,"constrained",0.501857142857143,1.07457468725099,0.501857142857143,13.4125255554641,0.00507896252301743,-0.00174637653803422,0.0292729517214116,0.0292729517214116,0.035261101574774,0.973345884140899
0.5,44,8,"standard",0.505714285714286,0.752742637380071,0.284379674879306,6.3573667297367,0.0186195817772263,-0.0186195817772263,0.118302614724565,0.118302614724565,0.164658159791673,1.43986987983608
0.5,44,8,"constrained",0.505714285714286,0.943851528804171,0.505714285714286,8.00921818361634,0.0063221696049568,-0.00594422594385912,0.134036411220715,0.134036411220715,0.171023908688719,1.43928224683882
0.5,44,12,"standard",0.505714285714286,0.770315180279141,0.241609088529797,7.31233893626911,0.0143064521252842,-0.0142681535263753,0.0519212076248614,0.0519212076248614,0.0849665115812406,1.19870637275298
0.5,44,12,"constrained",0.505714285714286,0.994096609445798,0.505714285714286,9.77880676841863,0.00636837211228585,-0.0054322655598702,0.0686886886123999,0.0686886886123999,0.0909850766950627,1.1990413044964
0.5,44,16,"standard",0.505714285714286,0.775542875459551,0.224045610503473,7.18686579819359,0.0119020669327982,-0.0117562688888451,0.00324862641056001,0.00324862641056001,0.03760303615924,1.05389925667474
0.5,44,16,"constrained",0.505714285714286,1.00772121810606,0.505714285714286,9.8124522048025,0.00590577421211808,-0.00493672720801226,0.0159328453667511,0.0159328453667511,0.039376908801128,1.05494999732514
0.5,44,20,"standard",0.505714285714286,0.790024590128052,0.203237742145716,7.63753197394475,0.00946678360034202,-0.00870518056717413,-0.0264726589616933,0.0264726589616933,-0.00174442841924804,0.992630673246266
0.5,44,20,"constrained",0.505714285714286,1.03792271397645,0.505714285714286,10.6679030338712,0.00525842011174574,-0.00348491085872288,-0.0117793522948713,0.0117793522948713,-0.000398030583946054,0.993335197563914
0.5,44,25,"standard",0.505714285714286,0.7962444628326,0.197112617429619,7.55674809825661,0.00811290116869114,-0.00704187906875097,-0.0396766091001766,0.0396766091001766,-0.0114879257455244,0.966012427614951
0.5,44,25,"constrained",0.505714285714286,1.05106252148368,0.505714285714286,10.5431410578556,0.00515468598408386,-0.00281424648082905,-0.0242129644294167,0.0242129644294167,-0.0106596404909443,0.966753354723607
0.5,45,8,"standard",0.497285714285714,0.657462372696009,0.292478630156557,5.86940365463985,0.021823285173865,-0.021823285173865,0.210958145414458,0.210958145414458,0.230462079783116,1.44721725475432
0.5,45,8,"constrained",0.497285714285714,0.776485634259777,0.497285714285714,7.02946336600945,0.0124827111587858,-0.0124827111587858,0.22886682446465,0.22886682446465,0.244500398013274,1.44714549297245
0.5,45,12,"standard",0.497285714285714,0.702394640032628,0.232368851046259,7.40940585706437,0.0150672880595615,-0.0146781399622917,0.104898861405042,0.104898861405042,0.121882885073692,1.20383434345484
0.5,45,12,"constrained",0.497285714285714,0.855119806293089,0.497285714285714,9.45073660712959,0.00857600098454043,-0.00798012427319494,0.123803400254453,0.123803400254453,0.127801020806386,1.20384881572348
0.5,45,16,"standard",0.497285714285714,0.708332259302136,0.208780441679656,7.79316697709384,0.0125685141499196,-0.0122815532310599,0.0567282591492839,0.0567282591492839,0.0671220757712748,1.05770348903461
0.5,45,16,"constrained",0.497285714285714,0.869945753628583,0.497285714285714,10.184967190916,0.00764025561990698,-0.00697030958522481,0.0751389878169819,0.0751389878169819,0.0744397026455364,1.05867392918091
0.5,45,20,"standard",0.497285714285714,0.723970109083708,0.189525636151998,8.75423570123688,0.0101216085548444,-0.009490176299226,0.0351911092060044,0.0351911092060044,0.0396307504148014,0.996868400422646
0.5,45,20,"constrained",0.497285714285714,0.899956012086812,0.497285714285714,11.7519631291455,0.00656881443545857,-0.0055170272430352,0.0532943769353533,0.0532943769353533,0.0435857308218048,0.998483625202094
0.5,45,25,"standard",0.497285714285714,0.737032774019892,0.18065110834159,9.5727495262853,0.00864282738848641,-0.00793808638239351,0.0213930191740941,0.0213930191740941,0.0325870851427556,0.968793143268212
0.5,45,25,"constrained",0.497285714285714,0.924526857004147,0.497285714285714,13.1526674019654,0.00594680097170807,-0.00471710555464599,0.0404633481375143,0.0404633481375143,0.0378686270479772,0.97006791576465
0.5,46,8,"standard",0.498142857142857,0.727760131668131,0.27773961008687,6.37732761119619,0.0211214562544233,-0.0211214562544233,0.189600749187954,0.189600749187954,0.22625580646233,1.4442448986232
0.5,46,8,"constrained",0.498142857142857,0.902512695578009,0.498142857142857,8.0545826253317,0.0101341471762396,-0.00967796589894757,0.205423682723959,0.205423682723959,0.228394214434897,1.44586256620117
0.5,46,12,"standard",0.498142857142857,0.780342698023696,0.203331685063559,8.66460583778755,0.0157338099872326,-0.015243878751388,0.0533554749024274,0.0533554749024274,0.0652091635750952,1.19412598542937
0.5,46,12,"constrained",0.498142857142857,1.03656637192483,0.498142857142857,12.853116811227,0.00727921639002636,-0.00630653165379789,0.0655141880352677,0.0655141880352677,0.0687247057352242,1.19540131860319
0.5,46,16,"standard",0.498142857142857,0.785669651408949,0.188632974325512,8.34987953195669,0.0127187839985409,-0.0123068812427506,0.0181810039749859,0.0181810039749859,0.0263584713315151,1.05475311875019
0.5,46,16,"constrained",0.498142857142857,1.0519269543977,0.498142857142857,12.2292589116514,0.00654741282348371,-0.00547411006537886,0.0287207154226659,0.0287207154226659,0.0287483341350999,1.05563616364534
0.5,46,20,"standard",0.498142857142857,0.793739009485816,0.173757375505255,8.24120466732749,0.0100748173697692,-0.00923850154024377,-0.00330372780789734,0.00330372780789734,-0.000831847952371322,0.995981417431589
0.5,46,20,"constrained",0.498142857142857,1.06521294029385,0.498142857142857,11.8949021896674,0.00583505462331262,-0.0042867514196476,0.00739961208569717,0.00739961208569717,0.000275786817350042,0.997090646366225
0.5,46,25,"standard",0.498142857142857,0.804497813980942,0.154162534249551,8.80475761904468,0.00897299495637387,-0.00794991701927444,-0.0253896927024098,0.0253896927024098,-0.0205713181426157,0.971291637616322
0.5,46,25,"constrained",0.498142857142857,1.09987097002557,0.498142857142857,13.0138462880337,0.00568720336635117,-0.00392272684153139,-0.0155312306008488,0.0155312306008488,-0.0183095103286233,0.972863580365029
0.5,47,8,"standard",0.501,0.753227449305682,0.253615632710653,7.19791870116098,0.0275473772002638,-0.0275473772002638,0.178462790466824,0.178462790466824,0.213905813799779,1.44614658644088
0.5,47,8,"constrained",0.501,0.990247270961629,0.501,9.81043377857156,0.014323545791196,-0.014323545791196,0.208851206120174,0.208851206120174,0.227031677401529,1.44681411488661
0.5,47,12,"standard",0.501,0.796038300443191,0.203641086747308,8.41686895499561,0.0193383815536065,-0.0193383815536065,0.0697908515930417,0.0697908515930417,0.0889594043559228,1.20102350565636
0.5,47,12,"constrained",0.501,1.07739534552459,0.501,12.3494760723415,0.0101901539088924,-0.0101548553802548,0.095818981373494,0.095818981373494,0.0992636715890164,1.20132271751706
0.5,47,16,"standard",0.501,0.8009724341774,0.188104573388275,8.51673327819103,0.0156440306283407,-0.0156440306283407,0.0326011442060059,0.0326011442060059,0.0478125975078554,1.05250092876514
0.5,47,16,"constrained",0.501,1.09524243648218,0.501,12.64096054894,0.00877015347558362,-0.00859863914509931,0.0527927298111539,0.0527927298111539,0.0539584000113051,1.05251779058487
0.5,47,20,"standard",0.501,0.804350284602805,0.169538030938071,8.06722815930765,0.0123550800376941,-0.0120178391861909,0.0076212400424982,0.0076212400424982,0.0137180198613942,0.992048366024635
0.5,47,20,"constrained",0.501,1.10881162543489,0.501,11.8168658388076,0.00740656517502993,-0.00665954129498597,0.0270512345210356,0.0270512345210356,0.0189375806188288,0.9919961309287
0.5,47,25,"standard",0.501,0.809038962571637,0.162594720901622,7.96077254305816,0.00992861573275541,-0.00940021377704178,0.00737492860233502,0.00737492860233502,0.0171431355098494,0.966154668959183
0.5,47,25,"constrained",0.501,1.11994018943434,0.501,11.2442240587371,0.00633760256895614,-0.00513390132002525,0.0271673251310158,0.0271673251310158,0.0225313992761933,0.96624776984424
0.5,48,8,"standard",0.508571428571429,0.676516788373951,0.285947503284048,6.00305367438955,0.0214473271548671,-0.0214473271548671,0.222911529026979,0.222911529026979,0.247626795286894,1.44449366062855
0.5,48,8,"constrained",0.508571428571429,0.835627916609512,0.508571428571429,7.54534097295102,0.0101306974745924,-0.0101306974745924,0.23953728690336,0.23953728690336,0.255280302876034,1.44515005844387
0.5,48,12,"standard",0.508571428571429,0.720173419379081,0.220829144164094,7.12126964444403,0.0149230649602048,-0.0146185472987396,0.0925420516037461,0.0925420516037461,0.100109809948368,1.19443679163122
0.5,48,12,"constrained",0.508571428571429,0.934624083802836,0.508571428571429,9.76976053282182,0.00689250662402847,-0.00572348542113675,0.104738415493575,0.104738415493575,0.105051863042512,1.1945484012845
0.5,48,16,"standard",0.508571428571429,0.730959582981105,0.201845076408161,7.79259668945364,0.0122392800501952,-0.0118752423571591,0.0436190887387005,0.0436190887387005,0.052439240776007,1.05190063709162
0.5,48,16,"constrained",0.508571428571429,0.962666097472787,0.508571428571429,11.1221345556405,0.00612402763733636,-0.00467274555419834,0.0527304097809376,0.0527304097809376,0.053351856832912,1.05152894797322
0.5,48,20,"standard",0.508571428571429,0.737711779410246,0.186136525753785,7.99441393869678,0.00930482136006009,-0.00863252343375316,0.0208523648166805,0.0208523648166805,0.0208475132735176,0.993408612258512
0.5,48,20,"constrained",0.508571428571429,0.978582441295195,0.508571428571429,11.5194378933484,0.0049750939750123,-0.00312422961345933,0.0301800769299687,0.0301800769299687,0.0223164778645656,0.993517726365693
0.5,48,25,"standard",0.508571428571429,0.749220961480357,0.17512096055517,8.67868449991962,0.00785108458167489,-0.00653621055424315,0.00987610785146842,0.00987610785146842,0.0145559673292461,0.968151811062147
0.5,48,25,"constrained",0.508571428571429,0.999002749143031,0.508571428571429,12.7249992171036,0.00484230137910106,-0.00214824548827682,0.0210178663793581,0.0210178663793581,0.0164922929462461,0.968446820971522
0.5,49,8,"standard",0.492857142857143,0.740489008636123,0.26927931280531,6.63202417642117,0.0233095608758035,-0.0233095608758035,0.261163805831963,0.261163805831963,0.318975194990557,1.4664871140204
0.5,49,8,"constrained",0.492857142857143,0.920871841138822,0.492857142857143,8.47137329583854,0.0115685915158856,-0.0115685915158856,0.29707176646588,0.29707176646588,0.329278031030742,1.46814862638218
0.5,49,12,"standard",0.492857142857143,0.785675527732862,0.219654336065336,8.0580109090671,0.0171600524827884,-0.0170560593106486,0.136594882182624,0.136594882182624,0.180290801421947,1.21548101827774
0.5,49,12,"constrained",0.492857142857143,1.01803945763651,0.492857142857143,11.1672517683238,0.00855233050927966,-0.00796042780099992,0.172536880120884,0.172536880120884,0.187659090748588,1.21666169393611
0.5,49,16,"standard",0.492857142857143,0.795246899330348,0.187393732600542,7.86129973441765,0.0148282319827385,-0.0147768771518973,0.0579385034968558,0.0579385034968558,0.0957095357702117,1.059245882
0.5,49,16,"constrained",0.492857142857143,1.05239891272884,0.492857142857143,11.1776128597792,0.00780698304706648,-0.00742254062863551,0.0867152584491189,0.0867152584491189,0.101472894576496,1.06046411684732
0.5,49,20,"standard",0.492857142857143,0.801347290730028,0.171631503892023,7.8238172948716,0.0114937984627401,-0.01075248621249,0.031300332629085,0.031300332629085,0.065294196227379,1.00012322780815
0.5,49,20,"constrained",0.492857142857143,1.06370720350151,0.492857142857143,10.7918873960799,0.00689013808114653,-0.00517564443829636,0.0601818946511594,0.0601818946511594,0.0682281353853569,1.0012958362183
0.5,49,25,"standard",0.492857142857143,0.808744555420869,0.160316484613475,7.86951990898248,0.00979059371423302,-0.00878856176504533,0.0220564140813577,0.0220564140813577,0.0579883358340105,0.975937674517014
0.5,49,25,"constrained",0.492857142857143,1.07897787121377,0.492857142857143,11.1116329221199,0.00637922219402045,-0.00435647991330733,0.0513752236313927,0.0513752236313927,0.0629962582699247,0.977601585321785
0.5,50,8,"standard",0.499571428571429,0.778150665221984,0.271137114126099,6.75929967845054,0.0211339611355221,-0.0211339611355221,0.181324075618482,0.181324075618482,0.200566216019065,1.43773971794692
0.5,50,8,"constrained",0.499571428571429,0.974523802260499,0.499571428571429,8.64276322536159,0.00893225128578061,-0.00893013286789152,0.204275034186426,0.204275034186426,0.212513976527326,1.43939482926998
0.5,50,12,"standard",0.499571428571429,0.825049592611942,0.226086193200052,7.9400019586408,0.0139308599129056,-0.0138965631341452,0.0559235212410023,0.0559235212410023,0.0763403598137068,1.19806732053045
0.5,50,12,"constrained",0.499571428571429,1.06000451822765,0.499571428571429,10.6243566744714,0.00585497173649443,-0.00473393625217801,0.0853413404390544,0.0853413404390544,0.0867635496717628,1.20091763372579
0.5,50,16,"standard",0.499571428571429,0.83201813952141,0.207132164757652,8.13590236071274,0.0112743011649697,-0.0111715672203756,0.0459426880248168,0.0459426880248168,0.0665983435379965,1.05593922575085
0.5,50,16,"constrained",0.499571428571429,1.07129135347707,0.499571428571429,10.8146003147778,0.00565673395534688,-0.00444209614945011,0.0727718272567941,0.0727718272567941,0.0750200019954638,1.05864516446397
0.5,50,20,"standard",0.499571428571429,0.837900020351189,0.195358884009165,8.50262007431138,0.0091340901318352,-0.00846032097780336,0.0269923576362929,0.0269923576362929,0.0395864920558177,0.995434605823308
0.5,50,20,"constrained",0.499571428571429,1.08292527509867,0.499571428571429,11.4201196064989,0.00526162318445059,-0.00356537907078561,0.0531120799307612,0.0531120799307612,0.0460739476896112,0.997616289646776
0.5,50,25,"standard",0.499571428571429,0.839429648261621,0.186848394610084,9.09970924928738,0.0077502320810726,-0.00675230123731626,0.0170474978716451,0.0170474978716451,0.0318253888518796,0.97030906380695
0.5,50,25,"constrained",0.499571428571429,1.09012674749895,0.499571428571429,12.6048193984422,0.00493867905585741,-0.00288783313891798,0.0426984993461543,0.0426984993461543,0.0379652201430194,0.972276512643646
0.5,51,8,"standard",0.514857142857143,0.645856451168166,0.287520692194398,5.82721330196815,0.021078740638268,-0.021078740638268,0.219708242328828,0.219708242328828,0.242360552034481,1.44648045794491
0.5,51,8,"constrained",0.514857142857143,0.803620472106328,0.514857142857143,7.36448122135799,0.00919872662222212,-0.00919872662222212,0.234315044823547,0.234315044823547,0.253170068716871,1.44583060561721
0.5,51,12,"standard",0.514857142857143,0.660289573371037,0.244971383770365,6.80359727385216,0.0142152586163063,-0.0141778350726292,0.151770489235753,0.151770489235753,0.162823864376889,1.20801699339448
0.5,51,12,"constrained",0.514857142857143,0.833139160629255,0.514857142857143,9.16093042641776,0.00681470601853593,-0.00626962624070533,0.167363929573652,0.167363929573652,0.173556492624826,1.2072144055831
0.5,51,16,"standard",0.514857142857143,0.674169696547848,0.22587615734424,7.17908547717966,0.0111232353819155,-0.0102217780463939,0.101420333459163,0.101420333459163,0.118104227894342,1.06488683674591
0.5,51,16,"constrained",0.514857142857143,0.862776595378303,0.514857142857143,9.77449701968948,0.00585890353261238,-0.00381552075849908,0.120835501850548,0.120835501850548,0.127976577618413,1.06496118137087
0.5,51,20,"standard",0.514857142857143,0.68506546199773,0.198655743225073,7.20205720993955,0.00915100736206684,-0.00774030474268773,0.0697921743702823,0.0697921743702823,0.0778731649455562,1.00006016687882
0.5,51,20,"constrained",0.514857142857143,0.890520586864356,0.514857142857143,10.2187451382262,0.00534294834567417,-0.00272066079466086,0.0865810756618997,0.0865810756618997,0.085330305685007,1.0001371331173
0.5,51,25,"standard",0.514857142857143,0.686164299815118,0.20185184123777,7.4130444088443,0.00789957028239264,-0.00632477995007238,0.0660717879427892,0.0660717879427892,0.0774559471257105,0.975393249776463
0.5,51,25,"constrained",0.514857142857143,0.893697583337621,0.514857142857143,10.7608195191624,0.00517751674200851,-0.00245473641415784,0.0832360734749367,0.0832360734749367,0.0862748241060336,0.975489686126896
0.5,52,8,"standard",0.508428571428571,0.701615576020655,0.286864483448509,6.01774046683161,0.019186536033063,-0.019186536033063,0.245417018228367,0.245417018228367,0.278498382266696,1.44815261732955
0.5,52,8,"constrained",0.508428571428571,0.870310415831085,0.508428571428571,7.51201437574506,0.00736323868734427,-0.00714283229069638,0.266780814789912,0.266780814789912,0.286124171695453,1.44877260477184
0.5,52,12,"standard",0.508428571428571,0.74185393605568,0.241122681517893,7.03342578921035,0.0139036101973576,-0.0137321643641666,0.111713979916585,0.111713979916585,0.134923074234755,1.19692292759523
0.5,52,12,"constrained",0.508428571428571,0.959639508603247,0.508428571428571,9.34156154621894,0.00561295180340621,-0.00439284898139,0.130468397342028,0.130468397342028,0.135746004454051,1.19743189257666
0.5,52,16,"standard",0.508428571428571,0.746551770442904,0.221504396210296,7.69174239845679,0.0117925637201792,-0.01140485644771,0.0626121451206405,0.0626121451206405,0.0809465944587325,1.0518585142223
0.5,52,16,"constrained",0.508428571428571,0.977768027855009,0.508428571428571,10.7230781420222,0.00555951323718061,-0.00408394433037342,0.0752488731938259,0.0752488731938259,0.0798705389555709,1.0522828034615
0.5,52,20,"standard",0.508428571428571,0.752222063748534,0.206918184968181,8.35138042435887,0.00914313792421548,-0.0084321975360704,0.036880056859995,0.036880056859995,0.0468304758083722,0.992458929516718
0.5,52,20,"constrained",0.508428571428571,0.987800593620868,0.508428571428571,11.9234845585804,0.004927292057606,-0.00298449091217661,0.0488014915465005,0.0488014915465005,0.0445436034626443,0.992457541661117
0.5,52,25,"standard",0.508428571428571,0.755030223371626,0.191977636433977,8.18425821004599,0.0081995568725352,-0.00705639368044024,0.02230276816704,0.02230276816704,0.0333768485468199,0.967639855235173
0.5,52,25,"constrained",0.508428571428571,0.993894164870522,0.508428571428571,11.4901576368697,0.00514402082452634,-0.00283430594666918,0.0327290748104172,0.0327290748104172,0.030439911247289,0.967767537214517
0.5,53,8,"standard",0.496142857142857,0.734126985024012,0.278050541937409,6.28775210191174,0.0190563455724203,-0.0190563455724203,0.238758730762873,0.238758730762873,0.256673500873552,1.44707048414418
0.5,53,8,"constrained",0.496142857142857,0.900275456339614,0.496142857142857,7.78353299276996,0.00750771408484002,-0.00740438476178311,0.264779645985539,0.264779645985539,0.268503353140625,1.44725256749584
0.5,53,12,"standard",0.496142857142857,0.781975512142914,0.217095957018592,7.93806874144327,0.0146819611244325,-0.014591410540578,0.107538646343808,0.107538646343808,0.109106208633442,1.19758043437268
0.5,53,12,"constrained",0.496142857142857,1.00130773421825,0.496142857142857,10.6624165881472,0.00651515072399634,-0.00550474580159628,0.129929058348797,0.129929058348797,0.117323548778301,1.1984886543911
0.5,53,16,"standard",0.496142857142857,0.787175441735591,0.202892543192943,8.05579765218709,0.0118576256412241,-0.0116307622409012,0.0713627156108734,0.0713627156108734,0.0742434961391008,1.05229497434094
0.5,53,16,"constrained",0.496142857142857,1.01844086789472,0.496142857142857,10.9566824557816,0.00587589349891201,-0.00442877307123556,0.0887126745382592,0.0887126745382592,0.0776070597325353,1.05252027192191
0.5,53,20,"standard",0.496142857142857,0.788062292366161,0.196438077809128,8.2823785651246,0.00872616157702996,-0.00766888239733302,0.0690765864300129,0.0690765864300129,0.0665459129951008,0.99570600153661
0.5,53,20,"constrained",0.496142857142857,1.02064439334361,0.496142857142857,11.4329202335335,0.0048821696746337,-0.00248010925984821,0.0881019120027711,0.0881019120027711,0.0698259062354959,0.995882922684624
0.5,53,25,"standard",0.496142857142857,0.792077234637898,0.187445301712612,8.45942875990561,0.00761841800327058,-0.00631396707730911,0.0565879594869632,0.0565879594869632,0.0560913196166084,0.968948080888781
0.5,53,25,"constrained",0.496142857142857,1.02880447190671,0.496142857142857,11.6881729445936,0.00491698286027559,-0.00227147955048922,0.0743376946030541,0.0743376946030541,0.0588049569939324,0.969186021693483
0.5,54,8,"standard",0.492714285714286,0.649644893529555,0.285253702097681,5.9505875815508,0.0230200766538085,-0.0230200766538085,0.230562843833192,0.230562843833192,0.261158498971257,1.44859873634023
0.5,54,8,"constrained",0.492714285714286,0.773787134194041,0.492714285714286,7.19648938332309,0.0136135052145227,-0.0136135052145227,0.245410014685614,0.245410014685614,0.266342260992937,1.44918374584055
0.5,54,12,"standard",0.492714285714286,0.684226626019715,0.224450170759431,6.33404644671058,0.0165801713625846,-0.0161598564539403,0.0971315290880908,0.0971315290880908,0.111630197111593,1.1960717037164
0.5,54,12,"constrained",0.492714285714286,0.845322055249605,0.492714285714286,7.96418932015785,0.00942832031424786,-0.00881145030366219,0.106422629294201,0.106422629294201,0.113310067342194,1.19592979616778
0.5,54,16,"standard",0.492714285714286,0.701904415494916,0.197796627927427,6.61334062069434,0.0133942292183252,-0.0130728553056803,0.0369020782562739,0.0369020782562739,0.0599190252488704,1.05348636878786
0.5,54,16,"constrained",0.492714285714286,0.87806940276553,0.492714285714286,8.42312530426512,0.00774161369758586,-0.00699550200679949,0.0496595906139818,0.0496595906139818,0.0610533325208263,1.05421692939936
0.5,54,20,"standard",0.492714285714286,0.705357727684804,0.186313110672201,6.85637895164376,0.0100194641329967,-0.00923801917428703,0.0258094102136166,0.0258094102136166,0.0458898744855746,0.996252453709681
0.5,54,20,"constrained",0.492714285714286,0.884413892120477,0.492714285714286,8.86498073730401,0.00618750493075353,-0.00472561930660286,0.0409450567363958,0.0409450567363958,0.0477449360526345,0.997412790571311
0.5,54,25,"standard",0.492714285714286,0.713288195862283,0.169360333392937,7.60254931210415,0.00849802159508397,-0.00752600611114328,0.00315063069505861,0.00315063069505861,0.0229572049655065,0.971131227709298
0.5,54,25,"constrained",0.492714285714286,0.901651651363686,0.492714285714286,10.1909659062666,0.00569757481645834,-0.00383704580696992,0.018088676200068,0.018088676200068,0.0260141552434291,0.971807975153813
0.5,55,8,"standard",0.494714285714286,0.656048863621673,0.290122747085041,5.87303908602772,0.0207001897508323,-0.0207001897508323,0.209420206299802,0.209420206299802,0.251402338358865,1.45403487628852
0.5,55,8,"constrained",0.494714285714286,0.773704320532156,0.494714285714286,6.99273486844554,0.0113885914726609,-0.0112715822826715,0.228016971007748,0.228016971007748,0.259562610070258,1.4541231277822
0.5,55,12,"standard",0.494714285714286,0.68695504125566,0.234414277742388,6.74811734623592,0.01525550813001,-0.0151856820227275,0.108852373925166,0.108852373925166,0.143909316681785,1.21091774888644
0.5,55,12,"constrained",0.494714285714286,0.831557048020577,0.494714285714286,8.43770369030477,0.00863164989086241,-0.00840051951664154,0.129473619981719,0.129473619981719,0.15166236632952,1.2110870743758
0.5,55,16,"standard",0.494714285714286,0.695518083800411,0.214099956940362,7.35667076763815,0.0128750424150403,-0.0124979223250884,0.0578481317865238,0.0578481317865238,0.0922697566565588,1.05953006738485
0.5,55,16,"constrained",0.494714285714286,0.850123404232382,0.494714285714286,9.49300758913867,0.00772617235399184,-0.0071257179727186,0.0768060300959537,0.0768060300959537,0.100485567938956,1.05956189943008
0.5,55,20,"standard",0.494714285714286,0.700865519285688,0.194484685118655,7.84709519277205,0.0102180617281433,-0.00940938918904589,0.0345881213701782,0.0345881213701782,0.0549385780036865,0.996992796371239
0.5,55,20,"constrained",0.494714285714286,0.86414798031204,0.494714285714286,10.4220106540496,0.00653153213478822,-0.00523274140826192,0.0533650568670305,0.0533650568670305,0.0646890951624683,0.996947786771546
0.5,55,25,"standard",0.494714285714286,0.707134613719348,0.175839029016102,7.15742582876313,0.00887755884818767,-0.00812001508843096,0.0166953799958698,0.0166953799958698,0.0395192745574718,0.972945331642832
0.5,55,25,"constrained",0.494714285714286,0.87625292440882,0.494714285714286,9.37971738943696,0.0060134065638569,-0.00478141288686533,0.0346168893810432,0.0346168893810432,0.0484296754311977,0.973140513934874
0.5,56,8,"standard",0.492,0.799891037702657,0.262046781668055,6.92605807387863,0.0217569630908542,-0.0217569630908542,0.19773431754273,0.19773431754273,0.265498472249852,1.45303338611446
0.5,56,8,"constrained",0.492,1.00824029049907,0.492,8.8009898853868,0.00923117911327514,-0.00921278692619507,0.225112701176219,0.225112701176219,0.274349995037874,1.45300365277058
0.5,56,12,"standard",0.492,0.823117532218854,0.22271124788408,8.08348967634115,0.0160587716531663,-0.0159495776544462,0.103319710482743,0.103319710482743,0.1527278127531,1.20384945220081
0.5,56,12,"constrained",0.492,1.06437353828797,0.492,10.8699643271808,0.00765562253135401,-0.00701177840552059,0.127520464192665,0.127520464192665,0.163068491628013,1.20362584465636
0.5,56,16,"standard",0.492,0.826487641091572,0.21046945692946,8.34041338942025,0.0125796156641043,-0.0123398460011016,0.0693678311945698,0.0693678311945698,0.11839113574743,1.05998801699966
0.5,56,16,"constrained",0.492,1.07159731582706,0.492,11.4825848326215,0.00647166062474035,-0.00547474956659706,0.093769315630964,0.093769315630964,0.127908629576999,1.06059589587908
0.5,56,20,"standard",0.492,0.83130168199151,0.19540583339672,8.39303792953223,0.010027834352467,-0.00924837141662945,0.0464851255940264,0.0464851255940264,0.0855528338377789,0.995660629880174
0.5,56,20,"constrained",0.492,1.08092955518041,0.492,11.5399345355141,0.00595617427355185,-0.00405945097239203,0.0706439408744091,0.0706439408744091,0.0945286150656875,0.996453843514178
0.5,56,25,"standard",0.492,0.837185452965059,0.178434071248385,9.13261385192269,0.00846963448795767,-0.00714316076502722,0.0345108393782665,0.0345108393782665,0.0790197181265161,0.97020081922791
0.5,56,25,"constrained",0.492,1.10298769648664,0.492,13.1954742616018,0.00553879576700821,-0.00294702251603424,0.059774282107564,0.059774282107564,0.0873207637597484,0.971180504651328
0.5,57,8,"standard",0.501857142857143,0.736607693117289,0.279916599336625,6.41186377474028,0.0205928516804372,-0.0205928516804372,0.163213422268255,0.163213422268255,0.190308899813086,1.43916310508105
0.5,57,8,"constrained",0.501857142857143,0.910277047188224,0.501857142857143,7.97986805584945,0.00908692694948774,-0.00898375620640044,0.186491210489732,0.186491210489732,0.206856981772205,1.43869954508982
0.5,57,12,"standard",0.501857142857143,0.781592429277069,0.212821248945409,8.57926884741463,0.0144206709142813,-0.0139992734559585,0.0618889121469239,0.0618889121469239,0.0871364464244837,1.19814304627327
0.5,57,12,"constrained",0.501857142857143,1.00921288598359,0.501857142857143,11.990276483292,0.00646785639326625,-0.00529128397038451,0.0826644425263146,0.0826644425263146,0.0988498693377533,1.19800667644235
0.5,57,16,"standard",0.501857142857143,0.78876732027482,0.196542614174744,9.38539922506828,0.0114598303853853,-0.0111230138537171,0.0264915050652261,0.0264915050652261,0.055938578761604,1.05325219699879
0.5,57,16,"constrained",0.501857142857143,1.02414316046564,0.501857142857143,13.4315792889867,0.00575738829010497,-0.00434337185603917,0.0497290644181181,0.0497290644181181,0.067261492418259,1.05462018823379
0.5,57,20,"standard",0.501857142857143,0.795065812117341,0.180371955838794,9.40065161916083,0.00900734223383666,-0.00774606539802174,0.00190944539110838,0.00190944539110838,0.0237582516214872,0.992867004408088
0.5,57,20,"constrained",0.501857142857143,1.03381266918711,0.501857142857143,13.2156629210776,0.00537221405014437,-0.00265618448895236,0.025101504017627,0.025101504017627,0.0317088462188123,0.993800239189351
0.5,57,25,"standard",0.501857142857143,0.800769001485158,0.169467836439631,10.1513696343906,0.00753102463965709,-0.00604219355202982,-0.0105953223938391,0.0105953223938391,0.0151089072625009,0.969398144552445
0.5,57,25,"constrained",0.501857142857143,1.04496694535297,0.501857142857143,14.5471425544472,0.00489303246347478,-0.00194085888954008,0.012893024143489,0.012893024143489,0.0224112260877157,0.969366877450089
0.5,58,8,"standard",0.495857142857143,0.693123631206646,0.278686231018184,6.21128694736957,0.0219148798846967,-0.0219148798846967,0.207529624436988,0.207529624436988,0.216216959597657,1.43924047016069
0.5,58,8,"constrained",0.495857142857143,0.840078328455373,0.495857142857143,7.6645036308346,0.0111673834179326,-0.0111673834179326,0.219428999837423,0.219428999837423,0.225134837394449,1.43914515876479
0.5,58,12,"standard",0.495857142857143,0.729364316249347,0.228852089801401,7.06104632583831,0.0140306558248673,-0.0136335398359089,0.109260511932519,0.109260511932519,0.106779415301263,1.19578232952861
0.5,58,12,"constrained",0.495857142857143,0.910387656955706,0.495857142857143,9.10981816661246,0.00676087272298953,-0.00555501450557846,0.123599828456879,0.123599828456879,0.115408667919738,1.1954312842561
0.5,58,16,"standard",0.495857142857143,0.738952812872342,0.205987809643322,7.77827293512291,0.0119634978324719,-0.0116735226938153,0.0558514775934356,0.0558514775934356,0.0548444330135488,1.05057612855459
0.5,58,16,"constrained",0.495857142857143,0.935659847506359,0.495857142857143,10.437385141079,0.00635310437953091,-0.00530456254969706,0.0681801862397968,0.0681801862397968,0.0606589092403242,1.05066395470618
0.5,58,20,"standard",0.495857142857143,0.740751148445593,0.19584890071092,7.98957175661502,0.00940444657664307,-0.00855115458003427,0.0427769839135248,0.0427769839135248,0.0348130526461562,0.991118731899191
0.5,58,20,"constrained",0.495857142857143,0.938810501407726,0.495857142857143,10.7912365332077,0.00577937537370452,-0.00387099784782359,0.0559962902821658,0.0559962902821658,0.0401264233900728,0.991298924988474
0.5,58,25,"standard",0.495857142857143,0.753994851512745,0.182749820018348,8.45631677719836,0.00777796696399285,-0.00635958142711357,0.0227222550843535,0.0227222550843535,0.0218958225855223,0.966505152226013
0.5,58,25,"constrained",0.495857142857143,0.958410888434272,0.495857142857143,11.5072429636863,0.00516079634204457,-0.00248206577945534,0.0373505885161594,0.0373505885161594,0.0269441001754205,0.967073944492047
0.5,59,8,"standard",0.515142857142857,0.66787641458583,0.282117379239396,5.93256440606149,0.0218858977936419,-0.0218858977936419,0.211523996558268,0.211523996558268,0.277285253788851,1.45467828305892
0.5,59,8,"constrained",0.515142857142857,0.845155982751633,0.515142857142857,7.56159983854391,0.00951263623948135,-0.00951263623948135,0.234776981551326,0.234776981551326,0.276497591202578,1.45577791847791
0.5,59,12,"standard",0.515142857142857,0.713814351775317,0.223480219636006,7.355413569732,0.0166160814196981,-0.0165399984338427,0.07744906740208,0.07744906740208,0.127492560662565,1.20671001676965
0.5,59,12,"constrained",0.515142857142857,0.949127009239417,0.515142857142857,10.3071105165868,0.00781228313662475,-0.00714080655507952,0.0981241267300534,0.0981241267300534,0.121689795984222,1.20692303046943
0.5,59,16,"standard",0.515142857142857,0.725879589822613,0.20268216459321,7.93284807989633,0.0125565904160119,-0.0122587419798266,0.0173943450402527,0.0173943450402527,0.0649217925884247,1.0608898550183
0.5,59,16,"constrained",0.515142857142857,0.973967570617815,0.515142857142857,11.4772817265348,0.00626792265015935,-0.00470594429807517,0.038628652672938,0.038628652672938,0.0610609520342714,1.06224495587443
0.5,59,20,"standard",0.515142857142857,0.728593822350504,0.191333108501436,8.2514589560706,0.00986083394529925,-0.00877907950825309,0.0108557585787583,0.0108557585787583,0.0439346256236725,0.996931769529888
0.5,59,20,"constrained",0.515142857142857,0.980080401981404,0.515142857142857,11.9847962441096,0.00564291189187852,-0.00340760230947311,0.0314278794208347,0.0314278794208347,0.0422345738561206,0.99819893277229
0.5,59,25,"standard",0.515142857142857,0.73830176427298,0.174272534712879,8.33205094989492,0.00850361186211887,-0.00743571208628493,-0.00862399003179348,0.00862399003179348,0.0283784128174448,0.972945774185474
0.5,59,25,"constrained",0.515142857142857,1.00409460898351,0.515142857142857,12.2954309492974,0.00521717955998693,-0.00304555297103466,0.0103656687836642,0.0103656687836642,0.0242265761193715,0.974380585537728
0.5,60,8,"standard",0.504714285714286,0.633518231660214,0.293929233231845,5.80107227341577,0.0217348773735832,-0.0217348773735832,0.242979373892195,0.242979373892195,0.293727660642916,1.45816684593991
0.5,60,8,"constrained",0.504714285714286,0.763086199307457,0.504714285714286,7.08862958871346,0.0114671760388696,-0.0114671760388696,0.262351859629175,0.262351859629175,0.296487294875148,1.45839392558725
0.5,60,12,"standard",0.504714285714286,0.685667675696253,0.228836077148583,7.48304188317279,0.015201866432522,-0.015201866432522,0.108600921003821,0.108600921003821,0.14875243170083,1.20050092955129
0.5,60,12,"constrained",0.504714285714286,0.861238431800047,0.504714285714286,9.91899656906117,0.0077490167064454,-0.00738896707849961,0.127220713631343,0.127220713631343,0.149064710962242,1.20050779384703
0.5,60,16,"standard",0.504714285714286,0.704677259036624,0.207042543337743,8.346849389628,0.0112945317689144,-0.01116321009786,0.0441379344774102,0.0441379344774102,0.0883022930495446,1.05737589517866
0.5,60,16,"constrained",0.504714285714286,0.895205492465207,0.504714285714286,11.3342425974121,0.00608167691391761,-0.00476188626744841,0.066558288698511,0.066558288698511,0.0887446569708474,1.05720864280497
0.5,60,20,"standard",0.504714285714286,0.707966523407124,0.191210781260893,7.86493290945788,0.00881499144807293,-0.00826243157650259,0.0236218346054651,0.0236218346054651,0.0600061754962004,0.998118520300093
0.5,60,20,"constrained",0.504714285714286,0.905628742975883,0.504714285714286,10.3646519958802,0.0051423630468149,-0.00327718761467739,0.0449304051499357,0.0449304051499357,0.0586012241633884,0.998677527052092
0.5,60,25,"standard",0.504714285714286,0.713785825568945,0.179517112054634,8.54884059359593,0.00771629239168434,-0.00640768065772761,0.00866122495537436,0.00866122495537436,0.0475360641624186,0.972344132254263
0.5,60,25,"constrained",0.504714285714286,0.914692500951293,0.504714285714286,11.5522236768446,0.00512802859671465,-0.00248789065416211,0.0309503692801281,0.0309503692801281,0.0477784883629113,0.972596678556848
0.65,1,8,"standard",0.645428571428571,0.280597578849772,0.419568252641172,3.48367166005298,0.020880193517424,-0.020880193517424,0.146403610951783,0.146403610951783,0.2043106077284,1.44817415961021
0.65,1,8,"constrained",0.645428571428571,0.36013635034544,0.645428571428571,4.55123619841902,0.00975554609946266,-0.00975554609946266,0.175454580564655,0.175454580564655,0.208415483344017,1.44861593587246
0.65,1,12,"standard",0.645428571428571,0.290911211579673,0.367363303608044,3.94829289485512,0.0139010211955421,-0.0139010211955421,0.0853608381481985,0.0853608381481985,0.130159452487622,1.22599171322578
0.65,1,12,"constrained",0.645428571428571,0.387888680226128,0.645428571428571,5.67869883555645,0.00638027471504674,-0.00595034521334798,0.113343933114104,0.113343933114104,0.131915796167602,1.22646185179897
0.65,1,16,"standard",0.645428571428571,0.293595613853218,0.342326355283006,4.31135616453938,0.0115210420030389,-0.0113163497852239,0.0475721389911534,0.0475721389911534,0.0901579483863847,1.07607028281312
0.65,1,16,"constrained",0.645428571428571,0.396428268086158,0.645428571428571,6.65421450056098,0.00582886777152738,-0.00518365802854347,0.0705636094206161,0.0705636094206161,0.0890876055770252,1.07595836350492
0.65,1,20,"standard",0.645428571428571,0.298481154065665,0.324250151724662,3.8990423883322,0.00899112452333491,-0.00848979536174188,0.0267069636448767,0.0267069636448767,0.069133610537828,1.00723636441358
0.65,1,20,"constrained",0.645428571428571,0.406520171246581,0.645428571428571,5.80614457036565,0.00481509614938482,-0.00364480973595586,0.0488524164685886,0.0488524164685886,0.0685605475621569,1.00725680920186
0.65,1,25,"standard",0.645428571428571,0.299003708781675,0.312308459685138,3.92061795960043,0.00751503500515255,-0.00685481166928291,0.0206291295284746,0.0206291295284746,0.0613985055590241,0.983069427925175
0.65,1,25,"constrained",0.645428571428571,0.408550990802085,0.645428571428571,5.66730673941631,0.00449070205329428,-0.00314954686352187,0.0425535014968892,0.0425535014968892,0.0608485796595649,0.983168863193423
0.65,2,8,"standard",0.654142857142857,0.317503946932942,0.413083106142395,3.62708059486688,0.0181284344608058,-0.0181284344608058,0.121902590459987,0.121902590459987,0.165666620284155,1.44052381350933
0.65,2,8,"constrained",0.654142857142857,0.437381861816405,0.654142857142857,5.04610732432124,0.00460113732460661,-0.00391848927923165,0.148621741550949,0.148621741550949,0.169929118852527,1.4406109554638
0.65,2,12,"standard",0.654142857142857,0.330504233864126,0.354041159573215,4.32382153993896,0.0115712835350972,-0.0110625140712312,0.0767642858015716,0.0767642858015716,0.103498425276831,1.21809700680869
0.65,2,12,"constrained",0.654142857142857,0.47306805550295,0.654142857142857,6.83200181331018,0.00348320246870953,-0.00146869851404532,0.102969137479049,0.102969137479049,0.108308787202243,1.21817381959929
0.65,2,16,"standard",0.654142857142857,0.332468079114233,0.335668363028925,4.47378932108572,0.00942851100508747,-0.00909177587147789,0.0509504048915126,0.0509504048915126,0.0744585684261615,1.07346023006354
0.65,2,16,"constrained",0.654142857142857,0.482565041553842,0.654142857142857,7.38300053200563,0.00338007411703774,-0.00172342404963621,0.0755348274883243,0.0755348274883243,0.0799459167946921,1.07379342974321
0.65,2,20,"standard",0.654142857142857,0.334249402132316,0.31715003738236,4.52244888772931,0.00752521909001296,-0.00709435806055685,0.0342382065788245,0.0342382065788245,0.0598384095223597,1.00528335962097
0.65,2,20,"constrained",0.654142857142857,0.487675559319886,0.654142857142857,7.57974882050616,0.00337047359578357,-0.00142607979016333,0.058110162086046,0.058110162086046,0.0659600801226131,1.00580857187873
0.65,2,25,"standard",0.654142857142857,0.334847768270932,0.313369816122326,4.58343714311403,0.00626181018216036,-0.0055712340908427,0.0315405807244309,0.0315405807244309,0.056815732931454,0.981422387297669
0.65,2,25,"constrained",0.654142857142857,0.488613993690905,0.654142857142857,7.65430672433556,0.00341837970540494,-0.00125107851683003,0.0558439256628978,0.0558439256628978,0.0637640700018551,0.982191568697757
0.65,3,8,"standard",0.649857142857143,0.280200539624942,0.420518020724549,3.42189426235703,0.0199375792934178,-0.0199375792934178,0.11135831112614,0.11135831112614,0.155157926301941,1.43940497053263
0.65,3,8,"constrained",0.649857142857143,0.367290172939178,0.649857142857143,4.56156240807524,0.00798064712321762,-0.00798064712321762,0.135807910379969,0.135807910379969,0.15710221573536,1.43910055066706
0.65,3,12,"standard",0.649857142857143,0.28805200823571,0.377531940463227,3.76996593880358,0.0138284695966019,-0.0135084966098393,0.0360588260962391,0.0360588260962391,0.0598695896264676,1.21425124196127
0.65,3,12,"constrained",0.649857142857143,0.387425313037473,0.649857142857143,5.36297817154106,0.00592830956928502,-0.00495567916569114,0.0575780131968591,0.0575780131968591,0.0606217474041379,1.21400053828079
0.65,3,16,"standard",0.649857142857143,0.290022519240373,0.359346010088423,3.91933732766349,0.0107938539171772,-0.0103727995762074,0.00451352634716606,0.00451352634716606,0.0238122809931314,1.0677205936806
0.65,3,16,"constrained",0.649857142857143,0.395250730207843,0.649857142857143,5.8020962414106,0.00514055942014985,-0.0037228498550754,0.021863254458153,0.021863254458153,0.0227462898594522,1.06773296878109
0.65,3,20,"standard",0.649857142857143,0.292527259955794,0.332158949877288,4.0738742866687,0.00807492411717781,-0.00741944177964336,0.00696005940758138,0.00696005940758138,0.0298673018973802,1.00161781709306
0.65,3,20,"constrained",0.649857142857143,0.401335581830442,0.649857142857143,6.1312828865698,0.00421096934202265,-0.0025571235249532,0.0244171658855734,0.0244171658855734,0.0291708505452256,1.00186583204133
0.65,3,25,"standard",0.649857142857143,0.29412084843571,0.320689940246929,4.15016671990776,0.00654068954670774,-0.0053312555818504,0.000434735365615779,0.000434735365615779,0.0250717208170933,0.978657010392296
0.65,3,25,"constrained",0.649857142857143,0.404787230605507,0.649857142857143,6.37651933748224,0.00392155081766103,-0.00151420986979984,0.0199223112971296,0.0199223112971296,0.0252116500977044,0.978823418554572
0.65,4,8,"standard",0.647142857142857,0.258985658453268,0.437452181025378,3.27698638643635,0.0201822762824167,-0.0201822762824167,0.130804296396007,0.130804296396007,0.171434305412638,1.44099537938704
0.65,4,8,"constrained",0.647142857142857,0.32775791438366,0.647142857142857,4.22281183539256,0.00971929506529851,-0.00971929506529851,0.162894776224729,0.162894776224729,0.183688576284571,1.44133907512768
0.65,4,12,"standard",0.647142857142857,0.268050347352322,0.38080764138206,3.76343251871188,0.0140544941178223,-0.0139170008442861,0.0688432972349142,0.0688432972349142,0.0928257641256308,1.21684385525695
0.65,4,12,"constrained",0.647142857142857,0.350496500224562,0.647142857142857,5.29472405348845,0.00678350151795436,-0.00640510805456093,0.098444131608125,0.098444131608125,0.101641153882695,1.21669392655955
0.65,4,16,"standard",0.647142857142857,0.270073627985868,0.364289381020848,3.68494101133093,0.0107690551136776,-0.010673055359685,0.0444312313675876,0.0444312313675876,0.0665914913640974,1.0717796485059
0.65,4,16,"constrained",0.647142857142857,0.356741489691645,0.647142857142857,5.21554031368568,0.00528151083786307,-0.00472153806120531,0.0698593364137619,0.0698593364137619,0.0714957468044264,1.07163297298836
0.65,4,20,"standard",0.647142857142857,0.274567183817448,0.332057957080718,3.91686511665864,0.00856602967586865,-0.00814023108809869,0.0183027890085556,0.0183027890085556,0.0426944358681532,1.00264022808928
0.65,4,20,"constrained",0.647142857142857,0.367446115751256,0.647142857142857,5.70254995285296,0.00463873948578333,-0.00337116591866117,0.0422133723227374,0.0422133723227374,0.0472119617036776,1.0025932235385
0.65,4,25,"standard",0.647142857142857,0.275726467792427,0.321452270954143,4.03346056331795,0.0069956379298033,-0.00636289011140047,0.01516821242073,0.01516821242073,0.0396055060060432,0.979567743310558
0.65,4,25,"constrained",0.647142857142857,0.369680649025188,0.647142857142857,5.87418792643019,0.004171204292847,-0.002571950670873,0.0383602165977228,0.0383602165977228,0.0435044908557867,0.980004532488324
0.65,5,8,"standard",0.654571428571429,0.284391160774828,0.425880414420018,3.44514964795652,0.0186284848912708,-0.0186284848912708,0.111563316045438,0.111563316045438,0.158322656090331,1.44666983745728
0.65,5,8,"constrained",0.654571428571429,0.373863995044544,0.654571428571429,4.5681484902671,0.00635633670699245,-0.00634057146913042,0.141843577150575,0.141843577150575,0.1661237113411,1.44756814165112
0.65,5,12,"standard",0.654571428571429,0.294189800081591,0.369362989217819,4.00068469860292,0.0127892860273309,-0.0125498045880121,0.0597008988003553,0.0597008988003553,0.085661244555899,1.22128672307167
0.65,5,12,"constrained",0.654571428571429,0.40069684791652,0.654571428571429,5.94606039143749,0.00497510860328596,-0.00421674803307062,0.089239475149193,0.089239475149193,0.0944280785299139,1.22200126253349
0.65,5,16,"standard",0.654571428571429,0.29524140806437,0.354829634016557,3.908745133125,0.0100472206673901,-0.00960034062628608,0.0372433648262565,0.0372433648262565,0.0608622895857158,1.07606397597409
0.65,5,16,"constrained",0.654571428571429,0.404754166759574,0.654571428571429,5.72815045985279,0.00429217513267422,-0.00319772160814935,0.0637766207891151,0.0637766207891151,0.0679879878929371,1.07693620158142
0.65,5,20,"standard",0.654571428571429,0.302239971836289,0.315867281799727,4.19268264931011,0.00856650294702018,-0.00802839300037985,0.0094529081371677,0.0094529081371677,0.0368227796027547,1.00644314871092
0.65,5,20,"constrained",0.654571428571429,0.424481037882354,0.654571428571429,6.48199952406778,0.00401407340224346,-0.00273534647447071,0.0337456784880272,0.0337456784880272,0.0415616772852125,1.00814088727008
0.65,5,25,"standard",0.654571428571429,0.304041630016405,0.309774448975922,4.11317334534905,0.00706536318955661,-0.00628447081948299,0.0109481284341442,0.0109481284341442,0.0340202013023525,0.983307661731833
0.65,5,25,"constrained",0.654571428571429,0.427949597259903,0.654571428571429,6.24768829175911,0.00390754378723862,-0.00233187685702798,0.0326680117175364,0.0326680117175364,0.038152423715639,0.984469893614669
0.65,6,8,"standard",0.657428571428571,0.254384864254936,0.440525426156458,3.20788774963623,0.0192100937643848,-0.0192100937643848,0.0962722587569687,0.0962722587569687,0.130873871412333,1.43578922988405
0.65,6,8,"constrained",0.657428571428571,0.32678780149486,0.657428571428571,4.16869100552463,0.00837746408335402,-0.00837746408335402,0.118307193418603,0.118307193418603,0.133726344405262,1.4354874892838
0.65,6,12,"standard",0.657428571428571,0.264099826403745,0.382762946326764,3.65255698929434,0.0133501173782568,-0.0133399191670454,0.0349058088175376,0.0349058088175376,0.0513447720628226,1.21300636095292
0.65,6,12,"constrained",0.657428571428571,0.351497484817137,0.657428571428571,5.15779400087676,0.00622026662119715,-0.00571138755089943,0.0588837945242382,0.0588837945242382,0.0577594358803237,1.21320251302983
0.65,6,16,"standard",0.657428571428571,0.26718966827998,0.362729528967648,3.70881242393107,0.0104167771826885,-0.010233972588296,0.00999339280323852,0.00999339280323852,0.0261205310737277,1.06804034277438
0.65,6,16,"constrained",0.657428571428571,0.3589458598791,0.657428571428571,5.32919979216518,0.00523285219344063,-0.00440535228815295,0.032957439214659,0.032957439214659,0.0315182587968046,1.06762405946134
0.65,6,20,"standard",0.657428571428571,0.27068420030487,0.336468164882699,3.96032987304958,0.00820910542088289,-0.00783713255999513,-0.011131850969055,0.011131850969055,0.00798179063173441,1.00355762099235
0.65,6,20,"constrained",0.657428571428571,0.367127204827864,0.657428571428571,5.85293287915098,0.00436635878169356,-0.00319519733185817,0.0109254126509297,0.0109254126509297,0.0144933422554017,1.00363772017873
0.65,6,25,"standard",0.657428571428571,0.275327452094838,0.3219903581225,4.01588727144746,0.00687593869883887,-0.00622700846660502,-0.027321737518788,0.027321737518788,-0.0083561875161454,0.979973825460578
0.65,6,25,"constrained",0.657428571428571,0.375505794300996,0.657428571428571,5.89756563903726,0.00400469888233215,-0.00249330680157652,-0.00428973305845304,0.00428973305845304,-0.0016478834273901,0.979927133462068
0.65,7,8,"standard",0.651857142857143,0.283735249087998,0.427380679836152,3.40557615978546,0.0181488903843818,-0.0181488903843818,0.125126641382751,0.125126641382751,0.155121296195583,1.44466950942091
0.65,7,8,"constrained",0.651857142857143,0.370708962813149,0.651857142857143,4.48541534763304,0.00632144419547828,-0.00604007508214558,0.150586299668148,0.150586299668148,0.16569919100804,1.44542969901296
0.65,7,12,"standard",0.651857142857143,0.296134906520033,0.367398207711022,3.95568152498402,0.0133036863972905,-0.0132026641979565,0.0480459686051482,0.0480459686051482,0.0600088164838483,1.21356617691505
0.65,7,12,"constrained",0.651857142857143,0.409625058986802,0.651857142857143,5.90307039527067,0.0048709908762636,-0.0041557216905484,0.0697573281533641,0.0697573281533641,0.0677175426199663,1.2134489187992
0.65,7,16,"standard",0.651857142857143,0.298687490477051,0.346566114425896,4.04795712608931,0.010122648722368,-0.00992085772606842,0.0251206099149401,0.0251206099149401,0.0383302373133104,1.06936170531621
0.65,7,16,"constrained",0.651857142857143,0.414963547663601,0.651857142857143,6.09740282724728,0.00437385653280507,-0.00317181764253315,0.0491042129738384,0.0491042129738384,0.0484013587521261,1.06901675742924
0.65,7,20,"standard",0.651857142857143,0.302034758709726,0.322653440964813,4.22663893651213,0.00826721757842605,-0.00794371896192099,0.00525894302412055,0.00525894302412055,0.0224758040317644,1.00207534914687
0.65,7,20,"constrained",0.651857142857143,0.424237857859072,0.651857142857143,6.47342850081399,0.00405178843527572,-0.00266721741175303,0.028884574051796,0.028884574051796,0.0311101938745342,1.00145609423704
0.65,7,25,"standard",0.651857142857143,0.305823058235811,0.302245352702183,4.53895578410001,0.0070113175935382,-0.00630264553540741,-0.0069424746485387,0.0069424746485387,0.00926309178521125,0.97786779563728
0.65,7,25,"constrained",0.651857142857143,0.437182269921986,0.651857142857143,7.42779332446856,0.00387879000950777,-0.00209724947613224,0.0106752737425255,0.0106752737425255,0.0137832043852579,0.977822827716842
0.65,8,8,"standard",0.658571428571429,0.301416675775612,0.418546690489257,3.58316823235302,0.0196582421756133,-0.0196582421756133,0.110673767888104,0.110673767888104,0.157119947970604,1.44081903776741
0.65,8,8,"constrained",0.658571428571429,0.419795889889518,0.658571428571429,5.0408507016521,0.00587356023980269,-0.00550636077235145,0.134670749441313,0.134670749441313,0.159102773910369,1.44044635825482
0.65,8,12,"standard",0.658571428571429,0.314713875740141,0.358570824623784,4.17387014486758,0.0134402104276036,-0.0134402104276036,0.0356938975005345,0.0356938975005345,0.065032666138455,1.21638903283611
0.65,8,12,"constrained",0.658571428571429,0.452318990564263,0.658571428571429,6.45680551119677,0.00434609358619023,-0.00368296552127966,0.0541282901356634,0.0541282901356634,0.0624320358212607,1.21562081665943
0.65,8,16,"standard",0.658571428571429,0.31784117816772,0.339985095729092,4.18345917271308,0.0103715435819012,-0.0101320544786474,0.00466937581861071,0.00466937581861071,0.0327026851576037,1.07087432601479
0.65,8,16,"constrained",0.658571428571429,0.462464366685636,0.658571428571429,6.57609194110481,0.00386504989156501,-0.00224891113156081,0.0217688057754266,0.0217688057754266,0.0312943182482183,1.07094548469069
0.65,8,20,"standard",0.658571428571429,0.320556754247212,0.316224883846389,4.36053033346214,0.00861154241891678,-0.00830845362051698,-0.0150801355205177,0.0150801355205177,0.0112802725053187,1.00325936147107
0.65,8,20,"constrained",0.658571428571429,0.47434361051647,0.658571428571429,7.16802771012139,0.00367158577710815,-0.00219798552130056,-0.00335266342474672,0.00335266342474672,0.00700544301331278,1.00348344987011
0.65,8,25,"standard",0.658571428571429,0.323125309543386,0.308368712821972,4.54663493359463,0.00713373093096651,-0.00637355045476352,-0.0206115162267215,0.0206115162267215,0.00768240277271208,0.979768422912661
0.65,8,25,"constrained",0.658571428571429,0.480834115649046,0.658571428571429,7.61472068044877,0.00360198206113407,-0.00151310983840077,-0.00755015877345766,0.00755015877345766,0.00329443690885676,0.980130885031956
0.65,9,8,"standard",0.641142857142857,0.280392306789213,0.425371218440408,3.43507281140728,0.020606014901357,-0.020606014901357,0.123346456425531,0.123346456425531,0.17637453425048,1.44918258524665
0.65,9,8,"constrained",0.641142857142857,0.356377255366179,0.641142857142857,4.44110221656071,0.0101608837692976,-0.010012154332024,0.142187961449419,0.142187961449419,0.183445773909542,1.44937676702116
0.65,9,12,"standard",0.641142857142857,0.288093711559205,0.380319176615282,3.85730845598061,0.0132975595739347,-0.0131052334096289,0.0718652756684799,0.0718652756684799,0.115381999418674,1.22532288028665
0.65,9,12,"constrained",0.641142857142857,0.374791730909052,0.641142857142857,5.36577089710708,0.00665673516062698,-0.00572269769464066,0.0906561503164927,0.0906561503164927,0.120089908103902,1.22536270371125
0.65,9,16,"standard",0.641142857142857,0.290911273768146,0.357010986105198,4.0109743522446,0.0108220734603576,-0.0106566045315653,0.0349631815800207,0.0349631815800207,0.0737443733504999,1.07420296745069
0.65,9,16,"constrained",0.641142857142857,0.383507333747089,0.641142857142857,5.75972826190065,0.0057897050883198,-0.00492748577201639,0.0489822277916376,0.0489822277916376,0.0751996844811498,1.07396215486782
0.65,9,20,"standard",0.641142857142857,0.293421560293516,0.333681663593674,4.02485903413095,0.00880022675139919,-0.00852886237282594,0.0162912522576972,0.0162912522576972,0.0611341768864239,1.00645219737588
0.65,9,20,"constrained",0.641142857142857,0.3901260334109,0.641142857142857,5.85548887011525,0.00506509503064163,-0.00411949052689307,0.0313644296684732,0.0313644296684732,0.0623974175659004,1.00646352321765
0.65,9,25,"standard",0.641142857142857,0.29529493803957,0.314313333873315,4.07395340791365,0.00738001923435464,-0.00690907887503638,0.00738853868758493,0.00738853868758493,0.0504583428454444,0.980951714274109
0.65,9,25,"constrained",0.641142857142857,0.396077785648907,0.641142857142857,5.98770458582748,0.00456269382952337,-0.00350653012367661,0.021868273613336,0.021868273613336,0.0523191283191995,0.980967445496553
0.65,10,8,"standard",0.656714285714286,0.275905461482071,0.434347628244169,3.37192905322074,0.0187186190813544,-0.0187186190813544,0.122403028202802,0.122403028202802,0.179122404396726,1.45176961902749
0.65,10,8,"constrained",0.656714285714286,0.355899608289806,0.656714285714286,4.4066624886601,0.00732436264284752,-0.00732436264284752,0.14750986626641,0.14750986626641,0.181947296784547,1.45169286164078
0.65,10,12,"standard",0.656714285714286,0.290319734326893,0.368682366637886,3.96804821634658,0.0139341798130246,-0.0139341798130246,0.0467642842685612,0.0467642842685612,0.0827438435438668,1.22290908515509
0.65,10,12,"constrained",0.656714285714286,0.393573459206848,0.656714285714286,5.78706763229584,0.00579211437203904,-0.00554437682095674,0.0689661817226597,0.0689661817226597,0.0865008977903366,1.22289468247192
0.65,10,16,"standard",0.656714285714286,0.29568996589977,0.350031668615238,4.16292913938813,0.011193877738691,-0.0111268578069905,0.0165213503117201,0.0165213503117201,0.051152596389743,1.07586732094914
0.65,10,16,"constrained",0.656714285714286,0.40559988908444,0.656714285714286,6.2119830085519,0.0050940123427165,-0.00466556907852763,0.0358876607883012,0.0358876607883012,0.0529266781887518,1.07557540519249
0.65,10,20,"standard",0.656714285714286,0.298260031020013,0.329147259588229,4.30629183261115,0.00936748517683412,-0.00920991817805759,-0.00321236001996716,0.00321236001996716,0.0309490130140423,1.0046557392753
0.65,10,20,"constrained",0.656714285714286,0.412586800249025,0.656714285714286,6.54036714741363,0.00483760207196104,-0.00431834506439277,0.015342283343089,0.015342283343089,0.0335989058660214,1.00415209911777
0.65,10,25,"standard",0.656714285714286,0.298980071240691,0.322288875951994,4.40025044446458,0.00770442358025739,-0.00715738045704947,-0.00776872434799714,0.00776872434799714,0.0266032935508741,0.98172390162358
0.65,10,25,"constrained",0.656714285714286,0.41451051288645,0.656714285714286,6.76327971624206,0.00437070500015129,-0.00339378278114468,0.00972532175871876,0.00972532175871876,0.0275776174904512,0.981241966736946
0.65,11,8,"standard",0.652857142857143,0.276131277056135,0.438831020095403,3.2785177120063,0.0161181997802025,-0.0161181997802025,0.141339586016755,0.141339586016755,0.161405209779934,1.44250817000432
0.65,11,8,"constrained",0.652857142857143,0.351014186451254,0.652857142857143,4.15838669838865,0.00512380831743119,-0.00497949784896663,0.158070844558098,0.158070844558098,0.167199128733234,1.4426447385173
0.65,11,12,"standard",0.652857142857143,0.290186463568671,0.374806226386843,3.83098423251728,0.011010767015449,-0.0106498800617182,0.0681514155588978,0.0681514155588978,0.0763608795980789,1.21643182963096
0.65,11,12,"constrained",0.652857142857143,0.381713951069552,0.652857142857143,5.23927487722522,0.00401657844702761,-0.00261060517623062,0.0812834433672673,0.0812834433672673,0.0786354001925389,1.21627366755816
0.65,11,16,"standard",0.652857142857143,0.294161274022551,0.350649520667366,4.13975732669157,0.00930863868106397,-0.00857230933776033,0.0287722271866446,0.0287722271866446,0.0348277597152056,1.07053082687101
0.65,11,16,"constrained",0.652857142857143,0.391521005802868,0.652857142857143,5.94093798167608,0.00419760266880507,-0.00223414528761372,0.039588174000742,0.039588174000742,0.0371293687804761,1.07034198901057
0.65,11,20,"standard",0.652857142857143,0.294317302492216,0.337311303141812,4.09622110749357,0.00736921967494812,-0.00616860994634912,0.0319502652163406,0.0319502652163406,0.0441607004773491,1.00317044699247
0.65,11,20,"constrained",0.652857142857143,0.3922422155733,0.652857142857143,5.8021357094239,0.00399319837688767,-0.00159976435038821,0.0453497483305982,0.0453497483305982,0.0475562703178146,1.00293478623365
0.65,11,25,"standard",0.652857142857143,0.29615178179118,0.323367410646342,4.23053374242344,0.00615004728966613,-0.00501862621219887,0.0265165686451905,0.0265165686451905,0.0390014862206435,0.978265246871024
0.65,11,25,"constrained",0.652857142857143,0.395869821873319,0.652857142857143,6.04040125644567,0.00377743097962495,-0.00142316555577238,0.0394443415710581,0.0394443415710581,0.0415630343676733,0.978118465140321
0.65,12,8,"standard",0.639714285714286,0.287015965171684,0.421634571831488,3.54212694286218,0.0212294030973946,-0.0212294030973946,0.102271084990867,0.102271084990867,0.148445194778068,1.43805418389899
0.65,12,8,"constrained",0.639714285714286,0.366941104534752,0.639714285714286,4.64843520204023,0.0103394054726287,-0.0103394054726287,0.123586523445418,0.123586523445418,0.157989982568682,1.4378480938291
0.65,12,12,"standard",0.639714285714286,0.300712866618707,0.369155026396364,4.04584162553427,0.0150000071774421,-0.0149577998142811,0.0178417025369049,0.0178417025369049,0.0473081661571068,1.21494044365802
0.65,12,12,"constrained",0.639714285714286,0.399671494001127,0.639714285714286,5.74529740722218,0.00714557965334481,-0.00679934175058257,0.0369571297842937,0.0369571297842937,0.054382410653069,1.21572408399889
0.65,12,16,"standard",0.639714285714286,0.301050194401906,0.360736594910627,4.14881100945947,0.0113725183875381,-0.0113191048629373,0.00491333821010986,0.00491333821010986,0.0326809920529864,1.06914940933815
0.65,12,16,"constrained",0.639714285714286,0.401320783159244,0.639714285714286,6.03160128556782,0.00579278187021523,-0.0053207469765573,0.0203957374277035,0.0203957374277035,0.036953531295038,1.06968097132365
0.65,12,20,"standard",0.639714285714286,0.305676271091953,0.333282187794965,4.49876528017909,0.00943584593052295,-0.00924265217329934,-0.0187677527720282,0.0187677527720282,0.00971323200330906,1.00175807050368
0.65,12,20,"constrained",0.639714285714286,0.415334342438763,0.639714285714286,6.98228435304868,0.00512723087222963,-0.00444093961141209,-0.0064435892157535,0.0064435892157535,0.0132367942489702,1.00243963286443
0.65,12,25,"standard",0.639714285714286,0.306505560342103,0.331932650917403,4.52516497361617,0.0078196513687251,-0.00723622848367259,-0.0196124745355908,0.0196124745355908,0.0100206092366829,0.980418671240901
0.65,12,25,"constrained",0.639714285714286,0.416899553420758,0.639714285714286,7.05766705648392,0.00478655323002332,-0.00364086947414296,-0.00686124939534594,0.00686124939534594,0.0135901567043971,0.981231813495601
0.65,13,8,"standard",0.661857142857143,0.272046413699279,0.433379202211684,3.35169120768713,0.0191095772970579,-0.0191095772970579,0.181553074893269,0.181553074893269,0.217409197016014,1.44865561325342
0.65,13,8,"constrained",0.661857142857143,0.357330848471001,0.661857142857143,4.41624949195475,0.00699639689548034,-0.00699639689548034,0.205507965798293,0.205507965798293,0.222581089450139,1.44850888349955
0.65,13,12,"standard",0.661857142857143,0.290022348434691,0.353349208576236,4.1077479343302,0.0135493637782199,-0.013363935941997,0.105125077511073,0.105125077511073,0.128279785692461,1.22291335999435
0.65,13,12,"constrained",0.661857142857143,0.403692919668702,0.661857142857143,6.25967772715132,0.00508251196842341,-0.00444104719423887,0.129857856719338,0.129857856719338,0.134259235443023,1.22296194298218
0.65,13,16,"standard",0.661857142857143,0.297654476139866,0.321661960195885,4.23287828835367,0.0107175497919054,-0.0104543292495551,0.0518879445727363,0.0518879445727363,0.0759411143824502,1.07498461571215
0.65,13,16,"constrained",0.661857142857143,0.423896961118844,0.661857142857143,6.64428756062769,0.00425932461676932,-0.00307238585999744,0.0755143710158634,0.0755143710158634,0.080165566925843,1.07527692345046
0.65,13,20,"standard",0.661857142857143,0.300202454483614,0.30136088177337,4.2907096183714,0.00842758575396298,-0.00785425581594028,0.0370650193418784,0.0370650193418784,0.0631464614992267,1.00635414555686
0.65,13,20,"constrained",0.661857142857143,0.429997058556332,0.661857142857143,6.80491660225902,0.00384711270678317,-0.00218627634519442,0.0615665821841036,0.0615665821841036,0.0683899845988843,1.00634999331632
0.65,13,25,"standard",0.661857142857143,0.304070138058844,0.293215388769452,4.25246920137152,0.00711900394831574,-0.00634061712877092,0.0221756687809647,0.0221756687809647,0.0489006736569778,0.981913696312624
0.65,13,25,"constrained",0.661857142857143,0.440640717589972,0.661857142857143,7.01277257219087,0.00372328686903676,-0.00168453311263394,0.0452541794532157,0.0452541794532157,0.0525228378462856,0.981824078498834
0.65,14,8,"standard",0.644285714285714,0.269482676380369,0.434362341901399,3.30155577567491,0.0186744737210062,-0.0186744737210062,0.086368793485379,0.086368793485379,0.128677245409806,1.43711027482165
0.65,14,8,"constrained",0.644285714285714,0.335650821278374,0.644285714285714,4.13406583363056,0.00868747631045014,-0.00867941447064761,0.10989630727206,0.10989630727206,0.13462542095461,1.43727835930195
0.65,14,12,"standard",0.644285714285714,0.280774465795135,0.373717250100463,3.86777391225133,0.0121469935702599,-0.0118070044776867,0.0360429439579839,0.0360429439579839,0.0706256266229144,1.21561922974114
0.65,14,12,"constrained",0.644285714285714,0.3619513600623,0.644285714285714,5.3438564156666,0.0056518405536841,-0.00476307747810844,0.0570228864631543,0.0570228864631543,0.0733114807339978,1.21622948513884
0.65,14,16,"standard",0.644285714285714,0.284277766140214,0.349222794754283,3.76713301469714,0.00974534924862188,-0.00955317832935849,0.0111796555191779,0.0111796555191779,0.0485020353851877,1.07098212038422
0.65,14,16,"constrained",0.644285714285714,0.369887749462418,0.644285714285714,5.14248309682182,0.00479588924118234,-0.00409393875149495,0.0315931837174244,0.0315931837174244,0.049909339335495,1.07193654851647
0.65,14,20,"standard",0.644285714285714,0.285288765123491,0.337738485757876,3.93062523561495,0.00773586154544626,-0.00702305737006797,0.00646781796078688,0.00646781796078688,0.046762001056623,1.00373151788108
0.65,14,20,"constrained",0.644285714285714,0.372944789374153,0.644285714285714,5.47382310484232,0.00449401927887737,-0.0030149379654381,0.0274436628947408,0.0274436628947408,0.0486728355757915,1.00472258194781
0.65,14,25,"standard",0.644285714285714,0.289590902038142,0.314081449731609,4.10537401615035,0.00643003706223893,-0.00558295278617399,-0.00382153239468774,0.00382153239468774,0.0347220540364713,0.980175388785752
0.65,14,25,"constrained",0.644285714285714,0.383781533840065,0.644285714285714,5.95093483045355,0.00396271562389319,-0.00229333276681524,0.0176178780017695,0.0176178780017695,0.0371372000156814,0.981175285238326
0.65,15,8,"standard",0.647714285714286,0.2646993012691,0.444371279341964,3.21260501101321,0.0164261301858487,-0.0164261301858487,0.117546958616494,0.117546958616494,0.162219233331959,1.44116197885974
0.65,15,8,"constrained",0.647714285714286,0.321310937910772,0.647714285714286,3.90525465306249,0.00732818891353185,-0.00707566517453945,0.137113663151814,0.137113663151814,0.167591053180902,1.44122299624135
0.65,15,12,"standard",0.647714285714286,0.274241978238022,0.391876253506226,3.60262147586168,0.0116510852301167,-0.0113344547336233,0.0499216105168081,0.0499216105168081,0.0778093105321758,1.21374312053098
0.65,15,12,"constrained",0.647714285714286,0.341617764046004,0.647714285714286,4.61434102644924,0.00548684627035331,-0.00456387394720265,0.0668316931096298,0.0668316931096298,0.0822625304305502,1.2139694525812
0.65,15,16,"standard",0.647714285714286,0.276828168563944,0.378596833455514,3.76124926270878,0.00867120094133827,-0.00826232001087086,0.0305525091486292,0.0305525091486292,0.061001045123574,1.07002370898543
0.65,15,16,"constrained",0.647714285714286,0.345975655785077,0.647714285714286,4.88690933813989,0.00432574993696302,-0.00315692069531098,0.0483214893216601,0.0483214893216601,0.0636970274560696,1.07019131985241
0.65,15,20,"standard",0.647714285714286,0.279799522487261,0.360064452519331,3.9231593689824,0.00699572130407665,-0.00632936769670198,0.0181023329046699,0.0181023329046699,0.0521502561047862,1.00300794193232
0.65,15,20,"constrained",0.647714285714286,0.351481634717963,0.647714285714286,5.19444981098482,0.00397767202320013,-0.00232819776798369,0.0350743923661971,0.0350743923661971,0.0537478734655616,1.00313968877525
0.65,15,25,"standard",0.647714285714286,0.28303194831233,0.337019102401147,4.17016297950434,0.00592413591714688,-0.00497236060910642,0.00532426557226273,0.00532426557226273,0.0380397071077218,0.979818625543891
0.65,15,25,"constrained",0.647714285714286,0.357413591814166,0.647714285714286,5.65812797138953,0.00375724531822391,-0.00164849677497777,0.0230471479710372,0.0230471479710372,0.0403331205657551,0.980292503537016
0.65,16,8,"standard",0.646,0.272304729492156,0.440853355912101,3.26849606420277,0.015963668451294,-0.015963668451294,0.137548151473854,0.137548151473854,0.192050303117705,1.45388529037588
0.65,16,8,"constrained",0.646,0.334597031218808,0.646,4.03581672970082,0.00632411887277166,-0.00588226669219814,0.162146416151943,0.162146416151943,0.194954136306276,1.45427520440361
0.65,16,12,"standard",0.646,0.282181149681243,0.381400377071092,3.75138102742641,0.0123231391021673,-0.0119135583697089,0.0623198648564376,0.0623198648564376,0.101915289968437,1.22299324818484
0.65,16,12,"constrained",0.646,0.35762011483856,0.646,5.02313341861434,0.00556125866266272,-0.0046459433648996,0.080929166199315,0.080929166199315,0.100722062613428,1.22304600873222
0.65,16,16,"standard",0.646,0.284536361598884,0.365568224979942,3.93445382000277,0.00991571750690045,-0.0095988514171121,0.044839008797962,0.044839008797962,0.0824981590899512,1.07489417030737
0.65,16,16,"constrained",0.646,0.363340915879663,0.646,5.41641290315256,0.00501494135650692,-0.00411334230937387,0.0613734208190468,0.0613734208190468,0.0826032289428795,1.07551132050711
0.65,16,20,"standard",0.646,0.287742306703735,0.338193264784608,3.76533105579394,0.00804895651493396,-0.0076905264207314,0.023909991147316,0.023909991147316,0.0656550478916049,1.00627276223233
0.65,16,20,"constrained",0.646,0.369621217028145,0.646,5.07966608686552,0.0044480153890696,-0.00347619371097471,0.0405577145880454,0.0405577145880454,0.0654924149012835,1.00682392672449
0.65,16,25,"standard",0.646,0.291091080606874,0.330122569356348,3.91732472780476,0.00686255857084513,-0.00627398083415007,0.0132512728129308,0.0132512728129308,0.0546346558584038,0.984112903123702
0.65,16,25,"constrained",0.646,0.377285149005541,0.646,5.43037544486664,0.00416327799410808,-0.0028505770910995,0.0312979784627059,0.0312979784627059,0.0552820595390767,0.984638828824731
0.65,17,8,"standard",0.649142857142857,0.269321400741226,0.443617264614032,3.28507518440627,0.01785497216574,-0.01785497216574,0.112089634494158,0.112089634494158,0.159506286145322,1.44325091551111
0.65,17,8,"constrained",0.649142857142857,0.340519923666868,0.649142857142857,4.17119854868036,0.00735792794336764,-0.00735792794336764,0.131067240108061,0.131067240108061,0.159622203920165,1.44285611058811
0.65,17,12,"standard",0.649142857142857,0.278678792355508,0.388049180287071,3.57415882545953,0.0132218322164679,-0.0131324934300947,0.0512437338672056,0.0512437338672056,0.0868683936896498,1.2179929224781
0.65,17,12,"constrained",0.649142857142857,0.359797227806387,0.649142857142857,4.76026955044005,0.00614795137375594,-0.00589501564716705,0.0692404819866397,0.0692404819866397,0.0859153920093677,1.21784087897472
0.65,17,16,"standard",0.649142857142857,0.279335954329118,0.377573465463089,3.6809622617993,0.0101734918500832,-0.0100448967959591,0.0353665962653205,0.0353665962653205,0.069229985930243,1.07416144691614
0.65,17,16,"constrained",0.649142857142857,0.362168971666096,0.649142857142857,5.01785133936965,0.00509491701956622,-0.00456961411590516,0.0507723291913358,0.0507723291913358,0.0671590023433618,1.07402835888269
0.65,17,20,"standard",0.649142857142857,0.28298649972942,0.354554327550831,3.99558103092783,0.00815281073475389,-0.00761944255338335,0.0158778152357035,0.0158778152357035,0.0514935357388823,1.00452564899908
0.65,17,20,"constrained",0.649142857142857,0.371350644743603,0.649142857142857,5.6760539159212,0.00457202598931858,-0.0032483499386379,0.0295500621178952,0.0295500621178952,0.0487870638033654,1.00431131730387
0.65,17,25,"standard",0.649142857142857,0.284023370386808,0.344980313550028,3.98564130317496,0.00695883646551576,-0.00609629992622653,0.0173318620959533,0.0173318620959533,0.0524332569374024,0.981257568598798
0.65,17,25,"constrained",0.649142857142857,0.373822300224925,0.649142857142857,5.64846277947779,0.00441091092766719,-0.00287980733578948,0.0310243789367313,0.0310243789367313,0.0497080077504363,0.98080816735258
0.65,18,8,"standard",0.646285714285714,0.294781380523579,0.418392112731713,3.49598075564278,0.0199529571072143,-0.0199529571072143,0.134937550485192,0.134937550485192,0.164508323012463,1.44249173084297
0.65,18,8,"constrained",0.646285714285714,0.388641502289663,0.646285714285714,4.66247372924482,0.00794802605994145,-0.00794802605994145,0.158777685817054,0.158777685817054,0.168261465016554,1.44325273473488
0.65,18,12,"standard",0.646285714285714,0.30423593895906,0.374273340473242,3.88684544026538,0.0139131728524384,-0.0138972740436082,0.063639700204436,0.063639700204436,0.0790794117922539,1.2166176383488
0.65,18,12,"constrained",0.646285714285714,0.412423697896664,0.646285714285714,5.56711892206248,0.0057992113881675,-0.00539583683938914,0.0854159562053427,0.0854159562053427,0.0802159772031191,1.21684825332742
0.65,18,16,"standard",0.646285714285714,0.307334384031095,0.353875394463087,4.18051977183776,0.0108763595241216,-0.0108594319289903,0.0416530230315013,0.0416530230315013,0.0547447302758874,1.07395360417498
0.65,18,16,"constrained",0.646285714285714,0.421495086272781,0.646285714285714,6.24861098159481,0.00498840850848345,-0.00424977243886138,0.0603494070918975,0.0603494070918975,0.0552627902342893,1.07419605442256
0.65,18,20,"standard",0.646285714285714,0.309603810141878,0.336115365153054,4.36410293873894,0.0085802980913452,-0.00845051939274129,0.0267257772601441,0.0267257772601441,0.04209050803922,1.00645491378705
0.65,18,20,"constrained",0.646285714285714,0.429651449668634,0.646285714285714,6.81216309788419,0.00446771122130896,-0.00330893579997196,0.0447945682437529,0.0447945682437529,0.0418659302815341,1.0067024667223
0.65,18,25,"standard",0.646285714285714,0.314865987798938,0.30279110993473,4.23227678657623,0.0073921543595542,-0.00706632719844646,0.00974027309868664,0.00974027309868664,0.0266146784286141,0.981576083815435
0.65,18,25,"constrained",0.646285714285714,0.446931171504714,0.646285714285714,6.66552365517222,0.00408733955131799,-0.00271024026104276,0.0261875018734621,0.0261875018734621,0.0248425686466543,0.98220751012148
0.65,19,8,"standard",0.661571428571429,0.258790812306399,0.447342501218103,3.17570017058039,0.0164765335874233,-0.0164765335874233,0.0852033776323449,0.0852033776323449,0.118876108930486,1.43572610833279
0.65,19,8,"constrained",0.661571428571429,0.329074679562892,0.661571428571429,4.02746740963238,0.00559313816112095,-0.00539658007952924,0.110006009124882,0.110006009124882,0.121844031207369,1.43608243844383
0.65,19,12,"standard",0.661571428571429,0.269838746910519,0.387722752675001,3.65485277685847,0.0107184384048147,-0.0105546332021843,0.0231871461997253,0.0231871461997253,0.0475793832709675,1.21338243497421
0.65,19,12,"constrained",0.661571428571429,0.354724300898827,0.661571428571429,5.03325731304546,0.00350793890310407,-0.00250044706835966,0.0495102370744771,0.0495102370744771,0.0499675505802308,1.21387765358845
0.65,19,16,"standard",0.661571428571429,0.27377842118898,0.36728953110104,3.71015215960935,0.00817934758620629,-0.00783938512252079,-0.0134489643586715,0.0134489643586715,0.00999610395355958,1.06984725665413
0.65,19,16,"constrained",0.661571428571429,0.364237978749727,0.661571428571429,5.19500273280477,0.00323719044273771,-0.00136741320688141,0.0109751009488237,0.0109751009488237,0.0118671687017821,1.07067553802838
0.65,19,20,"standard",0.661571428571429,0.276173895499759,0.347084187798935,3.85658467088615,0.00654556270267766,-0.00591741872793156,-0.0242160098747091,0.0242160098747091,0.00270096389603368,1.003097357231
0.65,19,20,"constrained",0.661571428571429,0.368243700840509,0.661571428571429,5.46347863905009,0.00315731273060577,-0.00105787044713292,0.00117298480494021,0.00117298480494021,0.00545851950434237,1.00391688335987
0.65,19,25,"standard",0.661571428571429,0.278604954142228,0.333152000706598,4.09752340726253,0.00552178394210467,-0.00450266618219891,-0.0275248636536407,0.0275248636536407,4.84777815811226e-05,0.98021709079332
0.65,19,25,"constrained",0.661571428571429,0.37380901458471,0.661571428571429,5.98214977365186,0.00326281079994309,-0.000670355193257099,-0.00327845121389547,0.00327845121389547,0.000660759783936782,0.981006675046186
0.65,20,8,"standard",0.647428571428571,0.308279660749011,0.411180039550872,3.64262906203857,0.020159542950215,-0.020159542950215,0.154414310901881,0.154414310901881,0.192975136952736,1.45074237258717
0.65,20,8,"constrained",0.647428571428571,0.410279694631373,0.647428571428571,4.9717810741788,0.0078039963792392,-0.00779617271570559,0.183828763256229,0.183828763256229,0.201934259767426,1.44997634366597
0.65,20,12,"standard",0.647428571428571,0.319429772405208,0.36255761135807,4.11029286944025,0.0141738231603579,-0.0141738231603579,0.0789028168285224,0.0789028168285224,0.104606315213325,1.22167598674176
0.65,20,12,"constrained",0.647428571428571,0.439395608693248,0.647428571428571,6.03428682666764,0.00540905930200647,-0.0052002345368248,0.105849294484989,0.105849294484989,0.111784866624335,1.22162280073851
0.65,20,16,"standard",0.647428571428571,0.324978054870038,0.33311188787208,4.13828533578775,0.0114582614345479,-0.0112876716066703,0.0332624287067498,0.0332624287067498,0.0576697118671188,1.0733219726253
0.65,20,16,"constrained",0.647428571428571,0.453713857272514,0.647428571428571,6.19077615108564,0.00490821992922831,-0.00413677947581641,0.0598251310384645,0.0598251310384645,0.0661568674277419,1.07304624789491
0.65,20,20,"standard",0.647428571428571,0.326274818380669,0.318945152947473,4.1266559466526,0.00909194297614173,-0.00870533957960398,0.0217192740042798,0.0217192740042798,0.0503604721308,1.00486294513032
0.65,20,20,"constrained",0.647428571428571,0.457942006611819,0.647428571428571,6.23592386370654,0.0043296392639245,-0.00324753532061436,0.047930862930099,0.047930862930099,0.0584647493159628,1.00528978010372
0.65,20,25,"standard",0.647428571428571,0.33078341899703,0.301572129446507,4.36629338252514,0.00760816301921096,-0.00699097913226646,0.0058565151516996,0.0058565151516996,0.0347394159326805,0.982154125697386
0.65,20,25,"constrained",0.647428571428571,0.472656184236287,0.647428571428571,6.85569225126022,0.00404351255349521,-0.00249584545436748,0.0306301947283005,0.0306301947283005,0.0407257339788949,0.982840936349984
0.65,21,8,"standard",0.647142857142857,0.27723782668029,0.434339727861829,3.41778859440995,0.0189881728140627,-0.0189881728140627,0.112885492925648,0.112885492925648,0.167617054244873,1.4434314754095
0.65,21,8,"constrained",0.647142857142857,0.356051903478449,0.647142857142857,4.47481777744217,0.0077593764079062,-0.00767171176782233,0.136705171140758,0.136705171140758,0.173526451354313,1.4434802612468
0.65,21,12,"standard",0.647142857142857,0.28990538879014,0.37806926953062,3.88906180248245,0.014116643196865,-0.014116643196865,0.0325842074354545,0.0325842074354545,0.0701275478080773,1.21488956830521
0.65,21,12,"constrained",0.647142857142857,0.383299528710458,0.647142857142857,5.37948934128627,0.00603412846198076,-0.00585744947979188,0.0526561696307875,0.0526561696307875,0.0721400634717872,1.2152858058862
0.65,21,16,"standard",0.647142857142857,0.295460184626028,0.354339053734146,4.17423417818422,0.0111408069562734,-0.0110523149909611,-0.00193263233154184,0.00193263233154184,0.0326084498210561,1.06963382970908
0.65,21,16,"constrained",0.647142857142857,0.396531169427207,0.647142857142857,6.14723132817208,0.00519501529780195,-0.00454488654950384,0.0177466086600431,0.0177466086600431,0.0361563077976428,1.07007078321344
0.65,21,20,"standard",0.647142857142857,0.299015968088558,0.322010843220816,4.49337489061927,0.0090414169098708,-0.00872059455734194,-0.0269034385762517,0.0269034385762517,0.00834152635423286,1.00023174396535
0.65,21,20,"constrained",0.647142857142857,0.407362966789352,0.647142857142857,7.01542902168532,0.00454113668300972,-0.0034165430159127,-0.00913894470505738,0.00913894470505738,0.0127305596956453,1.00053577321023
0.65,21,25,"standard",0.647142857142857,0.30095783034993,0.304050735735852,4.64417978883618,0.00771605610088331,-0.00722421136304693,-0.0372310980292561,0.0372310980292561,-0.00156389021159985,0.977414388836266
0.65,21,25,"constrained",0.647142857142857,0.413876660921025,0.647142857142857,7.41574239227874,0.00435618259058667,-0.00301281488699117,-0.0198789331068836,0.0198789331068836,0.00164952234380427,0.977506228712164
0.65,22,8,"standard",0.649857142857143,0.301110603049264,0.418765259369978,3.53730698465444,0.019000514862903,-0.019000514862903,0.191614625074181,0.191614625074181,0.232622479962828,1.44560667682837
0.65,22,8,"constrained",0.649857142857143,0.406724130643527,0.649857142857143,4.84462297909803,0.00596964511949684,-0.00579163196602903,0.214670534920684,0.214670534920684,0.23360735580567,1.44524540412954
0.65,22,12,"standard",0.649857142857143,0.319281263170646,0.353782502559947,4.17681564379173,0.0139683510663693,-0.0139683510663693,0.0901189533892186,0.0901189533892186,0.113650087819496,1.2141868019381
0.65,22,12,"constrained",0.649857142857143,0.457745080876969,0.649857142857143,6.52099191572981,0.00451595548460288,-0.00405223917833455,0.109535895528399,0.109535895528399,0.111830113282803,1.21405918016854
0.65,22,16,"standard",0.649857142857143,0.321092069281617,0.34063909621406,4.36846669309252,0.0108358546418308,-0.01075236928321,0.0678024623114384,0.0678024623114384,0.090588783930961,1.07068569787918
0.65,22,16,"constrained",0.649857142857143,0.462610842418171,0.649857142857143,6.93959643696512,0.00429526254231606,-0.00338541762877263,0.0896728150995401,0.0896728150995401,0.092885095557756,1.07077601069484
0.65,22,20,"standard",0.649857142857143,0.323409850233026,0.325012951043165,4.45546131976685,0.00833803922514659,-0.0076858372878996,0.0607084052851175,0.0607084052851175,0.0882402868379284,1.00337436608156
0.65,22,20,"constrained",0.649857142857143,0.467246019262032,0.649857142857143,7.06301956282909,0.0039362113248348,-0.00212169245724663,0.0826684035180811,0.0826684035180811,0.0891567926525747,1.00332967587375
0.65,22,25,"standard",0.649857142857143,0.326800982876361,0.3002902808702,4.44180355715701,0.00667604629447652,-0.00532052809632237,0.0557316704207187,0.0557316704207187,0.0826498364804953,0.979124708659525
0.65,22,25,"constrained",0.649857142857143,0.474767093426786,0.649857142857143,6.99336108302569,0.0037432124294365,-0.000917603231908934,0.0782685595343287,0.0782685595343287,0.0841726064165791,0.979291033993925
0.65,23,8,"standard",0.648428571428571,0.275512354132137,0.427469057993063,3.40272483871261,0.0196153408704779,-0.0196153408704779,0.161992894858514,0.161992894858514,0.191671248487954,1.44121561260654
0.65,23,8,"constrained",0.648428571428571,0.35421198516844,0.648428571428571,4.40503748274212,0.00822636442857998,-0.00821682834884076,0.179277887798531,0.179277887798531,0.194231982044007,1.44152377297326
0.65,23,12,"standard",0.648428571428571,0.291736801767113,0.369350947287683,3.91430823838063,0.0132665756962772,-0.0130251566085509,0.0616583496950014,0.0616583496950014,0.0723978969947066,1.21211462453078
0.65,23,12,"constrained",0.648428571428571,0.392563819203807,0.648428571428571,5.56238972580376,0.0060424351207214,-0.00433605960235152,0.0739866738321631,0.0739866738321631,0.0730688933610128,1.21247638959364
0.65,23,16,"standard",0.648428571428571,0.297661483132943,0.338518944970824,4.32517040606593,0.0106838423951864,-0.0104555532883095,0.0152798011609301,0.0152798011609301,0.0262427041974046,1.06758900560854
0.65,23,16,"constrained",0.648428571428571,0.40664721422822,0.648428571428571,6.45930637538276,0.00492958760169624,-0.00353398066774569,0.0275382883893576,0.0275382883893576,0.0267777053711952,1.06815747046907
0.65,23,20,"standard",0.648428571428571,0.299320366066398,0.324942210913928,4.14442867672262,0.00837098051184408,-0.00778687349848794,0.00893979973022585,0.00893979973022585,0.0274049626245847,1.0007340277993
0.65,23,20,"constrained",0.648428571428571,0.410190527387353,0.648428571428571,6.06801367691738,0.00436985747406735,-0.00265010265078004,0.0227018465564486,0.0227018465564486,0.027300521706759,1.00141270624596
0.65,23,25,"standard",0.648428571428571,0.301728508957878,0.305428209635818,4.17778506689948,0.00700244054858322,-0.00628766760659919,-0.00364678940157859,0.00364678940157859,0.0141864606479586,0.97660103190135
0.65,23,25,"constrained",0.648428571428571,0.416588590161949,0.648428571428571,6.078333336862,0.00402940728494592,-0.00216517164710268,0.0097822116998314,0.0097822116998314,0.0137367764542748,0.977308519764095
0.65,24,8,"standard",0.649571428571429,0.257081268120491,0.435967769391912,3.27075252039717,0.0203030779581332,-0.0203030779581332,0.126930217351752,0.126930217351752,0.17133131210893,1.4448492423547
0.65,24,8,"constrained",0.649571428571429,0.324447591034399,0.649571428571429,4.21184433450988,0.009942697393797,-0.009942697393797,0.155135696924086,0.155135696924086,0.175842262908935,1.44461522280473
0.65,24,12,"standard",0.649571428571429,0.264598199488734,0.389646054945012,3.62079986074421,0.0145210763563391,-0.0144405124586914,0.0582263711030713,0.0582263711030713,0.0789180315438423,1.21702937410812
0.65,24,12,"constrained",0.649571428571429,0.344564741928036,0.649571428571429,4.98896898110214,0.00712286543542726,-0.00689348760212257,0.0793963899893697,0.0793963899893697,0.0813065344999397,1.21693283794677
0.65,24,16,"standard",0.649571428571429,0.269259767800488,0.366928706574268,3.90719967409972,0.0108988606080326,-0.010749205937003,0.0218103968882,0.0218103968882,0.0455538373733305,1.07253697746527
0.65,24,16,"constrained",0.649571428571429,0.356258871205633,0.649571428571429,5.59458653317439,0.00522182684135855,-0.00461422598998285,0.0429215558260818,0.0429215558260818,0.0466535207017671,1.07240664695265
0.65,24,20,"standard",0.649571428571429,0.273686060235123,0.344985917645004,4.03162044319324,0.00857001083087049,-0.00808245353059553,0.00145109877251848,0.00145109877251848,0.0294849251105347,1.00442522731717
0.65,24,20,"constrained",0.649571428571429,0.366389006274081,0.649571428571429,5.93005686413073,0.00454334233465661,-0.00321091802992936,0.0235547725987875,0.0235547725987875,0.030962278811045,1.00463937643025
0.65,24,25,"standard",0.649571428571429,0.275603488082048,0.329786243915468,3.99170923785396,0.00721038502083423,-0.00633529385302763,-0.00693125007131279,0.00693125007131279,0.0210120620103824,0.98057508338188
0.65,24,25,"constrained",0.649571428571429,0.37148477883059,0.649571428571429,5.93454369899486,0.00427252140813592,-0.00242652042327009,0.0149618728237177,0.0149618728237177,0.0231428866548111,0.980708605633725
0.65,25,8,"standard",0.655428571428571,0.30664277682652,0.41481832101395,3.6251622431908,0.0202850483653034,-0.0202850483653034,0.124836367822077,0.124836367822077,0.171455736691033,1.44561983259348
0.65,25,8,"constrained",0.655428571428571,0.422337981460871,0.655428571428571,5.12291654797125,0.00670474070530246,-0.00670474070530246,0.15074637771391,0.15074637771391,0.176007253027202,1.44522867338047
0.65,25,12,"standard",0.655428571428571,0.315911938393487,0.369289045701284,4.08659702555512,0.0141444497251055,-0.0139805704478988,0.0604787205856914,0.0604787205856914,0.0888136275179397,1.21831920794973
0.65,25,12,"constrained",0.655428571428571,0.450288233062763,0.655428571428571,6.32187520222086,0.00521900878543748,-0.00453899159130476,0.0784498528525752,0.0784498528525752,0.0871331842548859,1.21783613800015
0.65,25,16,"standard",0.655428571428571,0.323465386905958,0.341094271580297,4.5464693928815,0.0106605284335993,-0.0103886207345121,0.0161993453731526,0.0161993453731526,0.0415894945809987,1.07197370749807
0.65,25,16,"constrained",0.655428571428571,0.467659809615335,0.655428571428571,7.43151968674621,0.00451032886183465,-0.00283309585761563,0.0364194915738922,0.0364194915738922,0.0425249752766239,1.07128993574739
0.65,25,20,"standard",0.655428571428571,0.323776885304661,0.333689224951065,4.57249858788396,0.00816726448040251,-0.00742057452233653,0.0135322334021453,0.0135322334021453,0.0432274749982786,1.00453174136124
0.65,25,20,"constrained",0.655428571428571,0.468527904624187,0.655428571428571,7.44170242348311,0.00401521748497349,-0.00188524605479022,0.0357313971276669,0.0357313971276669,0.0461486148361136,1.00411250518161
0.65,25,25,"standard",0.655428571428571,0.328229718026408,0.299971662602591,4.89181959302542,0.00694461873528882,-0.00582822177570231,-0.00151154353442084,0.00151154353442084,0.0268456622801194,0.979899149646652
0.65,25,25,"constrained",0.655428571428571,0.483191089478366,0.655428571428571,8.50480537402705,0.00373289710396245,-0.00128272886857363,0.0196397188670527,0.0196397188670527,0.0300375706273161,0.979739773198196
0.65,26,8,"standard",0.657,0.304452934784952,0.407781077661884,3.66484240275045,0.0224974017832764,-0.0224974017832764,0.148191475787256,0.148191475787256,0.166603128367768,1.44286915424127
0.65,26,8,"constrained",0.657,0.422592997057116,0.657,5.25828775933361,0.00929226505143549,-0.00929226505143549,0.169168093607701,0.169168093607701,0.172497969078169,1.44289036699238
0.65,26,12,"standard",0.657,0.320814983748153,0.349740043940123,4.26331799944215,0.0152074334116105,-0.0151845129440583,0.0584838192049206,0.0584838192049206,0.0657562141390015,1.21432273512866
0.65,26,12,"constrained",0.657,0.470075498326468,0.657,7.01006577501033,0.00603251130273961,-0.00541997374747522,0.0786660538181554,0.0786660538181554,0.0684165603736295,1.21437557544569
0.65,26,16,"standard",0.657,0.327013818041241,0.3209452365959,4.56160895550096,0.0120861265132318,-0.0120752950669961,0.00974175039305258,0.00974175039305258,0.0149228500616205,1.07033736804501
0.65,26,16,"constrained",0.657,0.488642161032168,0.657,7.72172568840943,0.00513176751902164,-0.00426906488759573,0.0291183006502784,0.0291183006502784,0.0169209885064188,1.07076688646497
0.65,26,20,"standard",0.657,0.328587163214667,0.302206762264364,4.41340199605201,0.00954865114601468,-0.00916137781676486,-0.00453182987053946,0.00453182987053946,0.00120316759591433,1.00269178468275
0.65,26,20,"constrained",0.657,0.497617221822243,0.657,7.57552214218916,0.00460846822257109,-0.00315484284214447,0.0121389782697072,0.0121389782697072,0.00222659620690901,1.00342411437076
0.65,26,25,"standard",0.657,0.331415168098615,0.288224826818814,4.34109157490839,0.00772809735697907,-0.00713990456861596,-0.0129182367213634,0.0129182367213634,-0.00904563965147003,0.979554768123981
0.65,26,25,"constrained",0.657,0.506874895419477,0.657,7.39484199130739,0.0041073790840544,-0.00230824733188646,0.00201313749631815,0.00201313749631815,-0.00991118071771276,0.980513966557256
0.65,27,8,"standard",0.654857142857143,0.304359218405829,0.417916359477496,3.51559596524553,0.0181626890434203,-0.0181626890434203,0.111153188293653,0.111153188293653,0.164773445027162,1.44231501457954
0.65,27,8,"constrained",0.654857142857143,0.420850051381357,0.654857142857143,4.90570247562529,0.00488631035469478,-0.00409954811761612,0.144222938685735,0.144222938685735,0.175601542615042,1.44250344540199
0.65,27,12,"standard",0.654857142857143,0.312641765047641,0.368420613082709,3.83762500577622,0.0121390102493808,-0.0116352047428848,0.0603626003612705,0.0603626003612705,0.104020837344605,1.22033066918459
0.65,27,12,"constrained",0.654857142857143,0.446083352575201,0.654857142857143,5.79620171105377,0.00386142416975828,-0.00205760301909688,0.0942875296134851,0.0942875296134851,0.111501679680099,1.22077699865331
0.65,27,16,"standard",0.654857142857143,0.320143974972563,0.342617855129326,4.17853272639227,0.00959582845053215,-0.00904244684894609,0.0169955193336646,0.0169955193336646,0.057250912933317,1.07192164810395
0.65,27,16,"constrained",0.654857142857143,0.468346809571156,0.654857142857143,6.70557835217355,0.00350525914432081,-0.00118443530026929,0.0482440475284776,0.0482440475284776,0.0647522985415263,1.07269156650821
0.65,27,20,"standard",0.654857142857143,0.323155423380616,0.317987970890519,4.42594434508626,0.0076555474316681,-0.0068620001752234,-0.00728008152602033,0.00728008152602033,0.0364423041807776,1.00302229230436
0.65,27,20,"constrained",0.654857142857143,0.478277146552956,0.654857142857143,7.4602875265223,0.0033988049309798,-0.000726666786246319,0.0196887949155196,0.0196887949155196,0.0413247643519762,1.00349938326242
0.65,27,25,"standard",0.654857142857143,0.324159570938029,0.311033884485567,4.43137530402069,0.00641106664336106,-0.00550642283535179,-0.0101680939200408,0.0101680939200408,0.0351115807844047,0.979957652434006
0.65,27,25,"constrained",0.654857142857143,0.48207097065888,0.654857142857143,7.41519612480793,0.00351666960843115,-0.000900365688920819,0.0176192487267706,0.0176192487267706,0.0405346386688985,0.980432963588291
0.65,28,8,"standard",0.648142857142857,0.302722025504853,0.425762570401973,3.47517427834936,0.0160258404911781,-0.0160258404911781,0.0870505754877842,0.0870505754877842,0.132967561704341,1.43505588041172
0.65,28,8,"constrained",0.648142857142857,0.389490601491647,0.648142857142857,4.47329048913352,0.00493829028208601,-0.00416884557838675,0.108638611567869,0.108638611567869,0.131365031590774,1.43515847828349
0.65,28,12,"standard",0.648142857142857,0.309275272033123,0.396150440694893,3.72244228168804,0.0104719772900071,-0.0103297561240972,0.0410155536496148,0.0410155536496148,0.0730958455980013,1.21476253652878
0.65,28,12,"constrained",0.648142857142857,0.403707940901573,0.648142857142857,4.98633729672409,0.00348607776028974,-0.00224394384714175,0.063041128367824,0.063041128367824,0.074728281142553,1.21522517247337
0.65,28,16,"standard",0.648142857142857,0.315617509541463,0.366664899711884,4.09293107166673,0.0085609369605278,-0.00836241002869059,-0.00617766425508659,0.00617766425508659,0.0207462296083231,1.06990290409895
0.65,28,16,"constrained",0.648142857142857,0.421190629322523,0.648142857142857,5.84214179994583,0.00327265059731271,-0.00158724446347472,0.0115638392582351,0.0115638392582351,0.0218134441780596,1.07022678620923
0.65,28,20,"standard",0.648142857142857,0.316439381947685,0.356154250078759,4.19259338847325,0.00703280486277736,-0.00642593303685722,-0.0135751290707882,0.0135751290707882,0.014897726527522,1.00163996665656
0.65,28,20,"constrained",0.648142857142857,0.42385456673834,0.648142857142857,6.13069779932648,0.00345371228142427,-0.00132699363034095,0.0045323474518737,0.0045323474518737,0.0171576123901609,1.00212800177405
0.65,28,25,"standard",0.648142857142857,0.320228004629128,0.329302384274178,4.48109799969078,0.00584138061662383,-0.00489484580374502,-0.021243400784944,0.021243400784944,0.00780493118774618,0.978178307392203
0.65,28,25,"constrained",0.648142857142857,0.432155014975828,0.648142857142857,6.52641195472475,0.0034776000904053,-0.000761712757073001,-0.00198279239330112,0.00198279239330112,0.0107765129470862,0.978725552484721
0.65,29,8,"standard",0.65,0.275140369680781,0.433059483692839,3.33690994452964,0.0184742165026893,-0.0184742165026893,0.123160120014706,0.123160120014706,0.155596109725042,1.44195058507986
0.65,29,8,"constrained",0.65,0.34802573531828,0.65,4.23336989590843,0.00763377393561426,-0.00763377393561426,0.143448109729001,0.143448109729001,0.160457705326758,1.44169521213672
0.65,29,12,"standard",0.65,0.286840974211936,0.383559832858426,3.71599871445093,0.0120704833111424,-0.0118190722859517,0.0437971743702175,0.0437971743702175,0.0572232682767769,1.21704602242196
0.65,29,12,"constrained",0.65,0.373105513806507,0.65,4.98156077569113,0.00501881489819391,-0.00375714441163169,0.0647926249053183,0.0647926249053183,0.0646895279405016,1.21640908361475
0.65,29,16,"standard",0.65,0.289301521065407,0.364933492266849,3.88644344184372,0.00981297597518604,-0.00950174549695817,0.0170734133060337,0.0170734133060337,0.0290237724399537,1.07220590380218
0.65,29,16,"constrained",0.65,0.37939751299932,0.65,5.3737448599378,0.00477537437465503,-0.00335191814936308,0.0333875145232385,0.0333875145232385,0.0340845332647606,1.07180325636121
0.65,29,20,"standard",0.65,0.293498627970509,0.337830029879204,4.02722427691046,0.00769926620122248,-0.00713422652727194,0.00365846165793648,0.00365846165793648,0.0204930154984837,1.00473864017248
0.65,29,20,"constrained",0.65,0.387603180463137,0.65,5.64610612466853,0.00424968756129926,-0.00240382693749526,0.0201829954163175,0.0201829954163175,0.025571278545268,1.00442769042306
0.65,29,25,"standard",0.65,0.296214134707076,0.329953176631985,3.97126630649801,0.00652855650928971,-0.00551984045161993,-0.00910838690696014,0.00910838690696014,0.00712093448611938,0.980826996987259
0.65,29,25,"constrained",0.65,0.394616540251096,0.65,5.51770177253013,0.00400882673479263,-0.00166913508332596,0.00605492554532017,0.00605492554532017,0.0122136681367125,0.98072988087358
0.65,30,8,"standard",0.651714285714286,0.30683508075308,0.413512492657118,3.68777034361524,0.0208657182047546,-0.0208657182047546,0.146573901196581,0.146573901196581,0.187410874747216,1.44060200303269
0.65,30,8,"constrained",0.651714285714286,0.416932534388976,0.651714285714286,5.12864168683232,0.00794502475026199,-0.00791942338890477,0.175787937480583,0.175787937480583,0.191954374830608,1.44122050082796
0.65,30,12,"standard",0.651714285714286,0.319050790769864,0.363829115533476,4.16388968007675,0.0140850630526273,-0.0139600058691078,0.0714213623746831,0.0714213623746831,0.0941396804431153,1.21639359711785
0.65,30,12,"constrained",0.651714285714286,0.456407696739327,0.651714285714286,6.41260172746212,0.00551596949933734,-0.00465759999924015,0.0971756401899597,0.0971756401899597,0.0960556320113825,1.21692851351691
0.65,30,16,"standard",0.651714285714286,0.321025649458133,0.348462952605918,4.37267349305144,0.0107549032089895,-0.0105609564451669,0.0454118216942039,0.0454118216942039,0.0615114912532976,1.07186414681448
0.65,30,16,"constrained",0.651714285714286,0.464286200749969,0.651714285714286,7.03835677913128,0.00459538760293899,-0.00318945178007599,0.0667502108604197,0.0667502108604197,0.0615672393656916,1.07238391811752
0.65,30,20,"standard",0.651714285714286,0.32521425906606,0.320860533437604,4.69917288921774,0.00885353442889395,-0.00860616050461493,0.0231453777265092,0.0231453777265092,0.0430610685888366,1.00607385067034
0.65,30,20,"constrained",0.651714285714286,0.479156701048754,0.651714285714286,7.99277959728713,0.00425887539229479,-0.00268317879545551,0.0454969387465587,0.0454969387465587,0.0449558949225714,1.00697125258185
0.65,30,25,"standard",0.651714285714286,0.327265049647966,0.306899843601636,4.34516135610125,0.00739079228429101,-0.00691120554198444,0.014785021905082,0.014785021905082,0.0333515476697861,0.980791090529717
0.65,30,25,"constrained",0.651714285714286,0.486263307961135,0.651714285714286,7.09216530296846,0.00393210777299309,-0.00223704048252716,0.0372561464103578,0.0372561464103578,0.0344933713207354,0.981910119556814
0.65,31,8,"standard",0.647571428571429,0.301681458161067,0.413174868788856,3.59942646386114,0.0196507621835796,-0.0196507621835796,0.0625154686840075,0.0625154686840075,0.0978412394045891,1.43721924595547
0.65,31,8,"constrained",0.647571428571429,0.401645799288818,0.647571428571429,4.9168179991644,0.00726799209337224,-0.00721023295194425,0.0877899056016975,0.0877899056016975,0.102192095483794,1.43762560940687
0.65,31,12,"standard",0.647571428571429,0.308057795115376,0.376483450240316,3.88482625550059,0.0138715521157988,-0.0137435864727861,0.00136834148083587,0.00136834148083587,0.0136930758538619,1.21497432357559
0.65,31,12,"constrained",0.647571428571429,0.421518265988491,0.647571428571429,5.66892287707091,0.00574810948189992,-0.0049548656841539,0.0237488924855702,0.0237488924855702,0.0177211079281155,1.21559295424444
0.65,31,16,"standard",0.647571428571429,0.310989642353965,0.356172135506511,4.07554103504091,0.0106730917566203,-0.0103452101601536,-0.0238371490764369,0.0238371490764369,-0.0112826525212027,1.07042082992794
0.65,31,16,"constrained",0.647571428571429,0.430615121766934,0.647571428571429,6.1460483774094,0.00492666693627686,-0.00369093307781207,-0.00129884244049805,0.00129884244049805,-0.00725121985319028,1.07073609817613
0.65,31,20,"standard",0.647571428571429,0.312359789920007,0.339722867973689,4.03041722379827,0.00861378328155645,-0.00816105994906097,-0.0316141948936286,0.0316141948936286,-0.0171200970239679,1.00462337021846
0.65,31,20,"constrained",0.647571428571429,0.434003239153227,0.647571428571429,6.06410576865046,0.00455938498273377,-0.00323286386035424,-0.0107268466128163,0.0107268466128163,-0.0141753885853163,1.0051921157429
0.65,31,25,"standard",0.647571428571429,0.312805694168298,0.337801517096102,4.11651782335739,0.00702639777491969,-0.00640070168443796,-0.0343213701410807,0.0343213701410807,-0.0189590494108627,0.98038008947203
0.65,31,25,"constrained",0.647571428571429,0.43484834699508,0.647571428571429,6.26352988230015,0.00421241091694554,-0.00261702831230071,-0.0124468571250169,0.0124468571250169,-0.016109884824541,0.981072015396667
0.65,32,8,"standard",0.644571428571429,0.282464828726013,0.41806850203649,3.52542337753585,0.0224398537701608,-0.0224398537701608,0.08057988313388,0.08057988313388,0.121135989547095,1.43522547330957
0.65,32,8,"constrained",0.644571428571429,0.366725527638535,0.644571428571429,4.69983408038322,0.0110548162991514,-0.0110548162991514,0.0991507690155569,0.0991507690155569,0.126644528765916,1.43533289745032
0.65,32,12,"standard",0.644571428571429,0.286385086795664,0.380707673329891,3.84050670242061,0.0148942765571809,-0.0146240253222224,0.0507277464001525,0.0507277464001525,0.0787033816322968,1.21154086245728
0.65,32,12,"constrained",0.644571428571429,0.376137438750196,0.644571428571429,5.34624847500535,0.00789429899749759,-0.00733902798388536,0.0652783746462715,0.0652783746462715,0.0801667536221853,1.2112044389343
0.65,32,16,"standard",0.644571428571429,0.292019707385,0.35636969087982,4.08002042089853,0.0112135014214147,-0.010896387538593,0.013317177824038,0.013317177824038,0.0417467317447366,1.07157097338441
0.65,32,16,"constrained",0.644571428571429,0.389117431719775,0.644571428571429,5.80200454584599,0.00591670711505931,-0.00492458623033907,0.0283180737292392,0.0283180737292392,0.0427082428114916,1.07102619712696
0.65,32,20,"standard",0.644571428571429,0.293516096333878,0.341166972997343,4.09883688441416,0.00876767037772745,-0.00813993900168688,-0.000175430022221867,0.000175430022221867,0.0301756539845771,1.00347413757611
0.65,32,20,"constrained",0.644571428571429,0.393061580869443,0.644571428571429,5.82826181123867,0.00517475548663769,-0.00343837856250218,0.0144180914713594,0.0144180914713594,0.0320344500416211,1.0032107076433
0.65,32,25,"standard",0.644571428571429,0.295426439308642,0.328631601116711,4.15447189735437,0.00698724976186569,-0.00597735994336676,-0.0066105560672769,0.0066105560672769,0.02547336576776,0.980328849945193
0.65,32,25,"constrained",0.644571428571429,0.396804939634163,0.644571428571429,6.0635780690349,0.0044717287892214,-0.00223917784723011,0.00904656652995683,0.00904656652995683,0.0275873193864377,0.980207003369116
0.65,33,8,"standard",0.655428571428571,0.284907371262808,0.420764101674734,3.43855731143332,0.019051765206841,-0.019051765206841,0.073339637207539,0.073339637207539,0.138463703738149,1.43631989950189
0.65,33,8,"constrained",0.655428571428571,0.383351972397321,0.655428571428571,4.65578748509706,0.0062066535200403,-0.00608987590428306,0.102248111794481,0.102248111794481,0.141021463062817,1.43619631412947
0.65,33,12,"standard",0.655428571428571,0.295638410346399,0.361903495985752,3.97140371802486,0.012948231816031,-0.0127384270218527,0.0176784781412627,0.0176784781412627,0.0667073519973265,1.21451644001963
0.65,33,12,"constrained",0.655428571428571,0.409309864179357,0.655428571428571,5.85883624972598,0.00483918206068095,-0.00405523348190783,0.0466356928222602,0.0466356928222602,0.0704783101870625,1.21417726207953
0.65,33,16,"standard",0.655428571428571,0.298742040130646,0.342318348719597,4.24777340038126,0.0102398712919019,-0.0099878173334049,-0.0129070397435669,0.0129070397435669,0.0345991387398003,1.06988995817724
0.65,33,16,"constrained",0.655428571428571,0.418654311761432,0.655428571428571,6.53024926156136,0.00426145607932199,-0.00321652239095062,0.0159401714436349,0.0159401714436349,0.0394874022268547,1.07037155369322
0.65,33,20,"standard",0.655428571428571,0.302162617796431,0.313631800837568,4.48055197209748,0.00826733175798678,-0.0078504673847126,-0.0319087204842052,0.0319087204842052,0.019155167552457,1.00196264390192
0.65,33,20,"constrained",0.655428571428571,0.428104789600623,0.655428571428571,7.1826798337853,0.0039148302813603,-0.00249038652782177,-0.00413471366146023,0.00413471366146023,0.0233217338413327,1.00241063387902
0.65,33,25,"standard",0.655428571428571,0.302805268878436,0.303509289978471,4.60305458473624,0.00674728004379094,-0.00613119777903862,-0.037116556221549,0.037116556221549,0.0127122760629879,0.97834526669876
0.65,33,25,"constrained",0.655428571428571,0.430274059780432,0.655428571428571,7.55561569241066,0.00371259776979169,-0.00188909908484756,-0.00930663399573639,0.00930663399573639,0.0169015602163363,0.97843223072481
0.65,34,8,"standard",0.640714285714286,0.280971880206879,0.431050892098086,3.37508094569393,0.0170998887821986,-0.0170998887821986,0.0950196000250543,0.0950196000250543,0.11603372401057,1.43566004107479
0.65,34,8,"constrained",0.640714285714286,0.346984909867937,0.640714285714286,4.196096605305,0.00686336466535467,-0.00675505535135336,0.110256740762099,0.110256740762099,0.117289422706777,1.4357965964758
0.65,34,12,"standard",0.640714285714286,0.292694190253918,0.363554570550652,3.67914069595141,0.0120101426001241,-0.0115603810586163,0.0411777715960904,0.0411777715960904,0.0476232759911923,1.21498013801531
0.65,34,12,"constrained",0.640714285714286,0.373745294884626,0.640714285714286,4.82221948477644,0.00498863102580325,-0.00424113552344895,0.05648812341009,0.05648812341009,0.0483656712914052,1.21493602891778
0.65,34,16,"standard",0.640714285714286,0.294564100550881,0.348058431873336,3.85147525132496,0.00939590538747129,-0.00899299684465781,0.0149223387089732,0.0149223387089732,0.0194309137837425,1.07054893543572
0.65,34,16,"constrained",0.640714285714286,0.378567441009871,0.640714285714286,5.18434098616461,0.00442258857543909,-0.0034361444750183,0.0279413323499602,0.0279413323499602,0.0209381978539235,1.07047060521065
0.65,34,20,"standard",0.640714285714286,0.296939542090254,0.330536984415429,3.93101433770109,0.00744202633410362,-0.00663808406204614,-0.00287618937089729,0.00287618937089729,0.00584405303403927,1.00450993395404
0.65,34,20,"constrained",0.640714285714286,0.383121689657191,0.640714285714286,5.32801385231077,0.00405542539437709,-0.00228770042626947,0.0111412927807102,0.0111412927807102,0.00754250528506122,1.00460354749312
0.65,34,25,"standard",0.640714285714286,0.298773438577762,0.314709339754667,4.15518077074437,0.00631516381597782,-0.00528873434097238,-0.0101651670690242,0.0101651670690242,-0.00159646834836979,0.979894944197867
0.65,34,25,"constrained",0.640714285714286,0.387672589971329,0.640714285714286,5.8171832130674,0.00393243896104809,-0.0019082334948407,0.00433125248130928,0.00433125248130928,0.000764425419559386,0.979994967815442
0.65,35,8,"standard",0.649428571428571,0.254842416878766,0.43793079152618,3.25250691832226,0.0197668740613143,-0.0197668740613143,0.136044664523311,0.136044664523311,0.173721509884172,1.44381492820143
0.65,35,8,"constrained",0.649428571428571,0.319241432598337,0.649428571428571,4.10263218078683,0.00952702666950102,-0.00952702666950102,0.159453114958041,0.159453114958041,0.179098394835771,1.44400743278622
0.65,35,12,"standard",0.649428571428571,0.264783939506891,0.385911829025741,3.69736866991241,0.0138658473618996,-0.0138213787074501,0.0762283927888072,0.0762283927888072,0.100733281332799,1.21886084406921
0.65,35,12,"constrained",0.649428571428571,0.341598028485843,0.649428571428571,5.0120720929822,0.00685895917460189,-0.00666374420460491,0.0992239245155453,0.0992239245155453,0.10314605912207,1.21912830690791
0.65,35,16,"standard",0.649428571428571,0.269337080870886,0.358747831014157,3.79924772538258,0.0105280023560875,-0.010504318772076,0.0340609393427131,0.0340609393427131,0.0575122397098938,1.07317655656193
0.65,35,16,"constrained",0.649428571428571,0.352165822460373,0.649428571428571,5.24226964600515,0.00516680160772116,-0.00473226237368184,0.0537642926132209,0.0537642926132209,0.0576316797707202,1.07412391332719
0.65,35,20,"standard",0.649428571428571,0.275264135289115,0.334517848622453,3.94721252730298,0.00825196419341142,-0.00815712461728049,0.0112761903462486,0.0112761903462486,0.0363292465380192,1.0040350928735
0.65,35,20,"constrained",0.649428571428571,0.365716629498324,0.649428571428571,5.6857368447946,0.00421337154233398,-0.00341476796335921,0.028625948303687,0.028625948303687,0.0354931211488454,1.00513014373393
0.65,35,25,"standard",0.649428571428571,0.280822919377856,0.302957333902105,3.83398256439229,0.00738680616064632,-0.00705993499827664,-0.00166561264977538,0.00166561264977538,0.0218094503579063,0.978925147286743
0.65,35,25,"constrained",0.649428571428571,0.378307350735379,0.649428571428571,5.46843231238033,0.00426640139787861,-0.00317839155989793,0.013879441307755,0.013879441307755,0.0193947851439557,0.979597507961338
0.65,36,8,"standard",0.645571428571429,0.308566172109737,0.413130078297148,3.65895024373549,0.0203535052181363,-0.0203535052181363,0.0688651473566919,0.0688651473566919,0.109705112909121,1.43517663807991
0.65,36,8,"constrained",0.645571428571429,0.410922551341995,0.645571428571429,4.97862600640263,0.00795752885950449,-0.00795752885950449,0.09032020960713,0.09032020960713,0.114790833799476,1.43497149987008
0.65,36,12,"standard",0.645571428571429,0.316255638880375,0.376399586921966,4.01200846939701,0.0139831631130398,-0.0137790957391458,0.00728545620133847,0.00728545620133847,0.0350864995392328,1.21253701774961
0.65,36,12,"constrained",0.645571428571429,0.431458603858907,0.645571428571429,5.8183041575502,0.00603001936630852,-0.00509636417854623,0.0266337209786318,0.0266337209786318,0.0395662429105174,1.21202765643836
0.65,36,16,"standard",0.645571428571429,0.316943703338489,0.363422763504663,4.04436158744219,0.010714207089774,-0.0102058405118474,0.00581830730031463,0.00581830730031463,0.0313352103665804,1.06836261846767
0.65,36,16,"constrained",0.645571428571429,0.432908335826016,0.645571428571429,5.96689334774342,0.00530894274196835,-0.00395808234491085,0.0199745685771928,0.0199745685771928,0.0322618098405302,1.06814462215283
0.65,36,20,"standard",0.645571428571429,0.317972178649319,0.353940171280883,4.15464433501244,0.0082356362726856,-0.00743214989128226,-0.00319540956978859,0.00319540956978859,0.0316395571182377,1.00151798462748
0.65,36,20,"constrained",0.645571428571429,0.433886523183026,0.645571428571429,6.12437755420211,0.00455325007836373,-0.00282086191915932,0.0142683904460119,0.0142683904460119,0.0324552256972205,1.00135530055803
0.65,36,25,"standard",0.645571428571429,0.321201160115898,0.332430558646755,4.30569599832214,0.00694300645667673,-0.00623113158373677,-0.0142468592515765,0.0142468592515765,0.0221622497261933,0.976554239579824
0.65,36,25,"constrained",0.645571428571429,0.439987437502262,0.645571428571429,6.47475481730066,0.00416382329824096,-0.00264915759089116,0.00356366537482344,0.00356366537482344,0.0228224350303172,0.976375868166751
0.65,37,8,"standard",0.650714285714286,0.274473241838558,0.433627129557453,3.38793441522293,0.0194424997969636,-0.0194424997969636,0.0893259550459575,0.0893259550459575,0.134977134934891,1.43709624620248
0.65,37,8,"constrained",0.650714285714286,0.347484396783801,0.650714285714286,4.35813994611397,0.00868929048450974,-0.00868929048450974,0.10044845857213,0.10044845857213,0.135633635179658,1.43680609924174
0.65,37,12,"standard",0.650714285714286,0.281221078251474,0.399702570263828,3.66695644298695,0.0132210606144993,-0.0130942033538448,0.0428024441732813,0.0428024441732813,0.0782654626487628,1.21351009086845
0.65,37,12,"constrained",0.650714285714286,0.364434780843101,0.650714285714286,4.94224574841686,0.00592548057952174,-0.00562088644710556,0.053681637509345,0.053681637509345,0.0779987626409823,1.21392097715495
0.65,37,16,"standard",0.650714285714286,0.285607380279911,0.363153677842533,3.82855871001255,0.0103408760162364,-0.0101012826679556,0.028583632379803,0.028583632379803,0.0641344932506536,1.0688488331314
0.65,37,16,"constrained",0.650714285714286,0.374332659240058,0.650714285714286,5.37661906795828,0.00514246947368022,-0.00465945823469899,0.0377770738767982,0.0377770738767982,0.0615837808591449,1.06901731990961
0.65,37,20,"standard",0.650714285714286,0.287671050104359,0.349010067998981,4.02550591590654,0.00821781562893395,-0.00749865863181542,0.0165668674974091,0.0165668674974091,0.0560767248294465,1.00038387228293
0.65,37,20,"constrained",0.650714285714286,0.381082597623009,0.650714285714286,5.84964248689817,0.00456642551364485,-0.00334277635851538,0.025560106991116,0.025560106991116,0.0538022931962459,1.00093410666971
0.65,37,25,"standard",0.650714285714286,0.289878545467786,0.3321682107867,4.17644861288032,0.00659824568899156,-0.00548588933126673,0.00579971071842866,0.00579971071842866,0.0444182756403396,0.977368842042164
0.65,37,25,"constrained",0.650714285714286,0.386312321357896,0.650714285714286,6.17138129092234,0.00413119336730048,-0.00223514938407985,0.0153827173749832,0.0153827173749832,0.0440689959325226,0.978226100074302
0.65,38,8,"standard",0.647428571428571,0.283864232380815,0.429288866957429,3.3839561075711,0.0183673852810486,-0.0183673852810486,0.115497154418328,0.115497154418328,0.161124199386127,1.44723265882284
0.65,38,8,"constrained",0.647428571428571,0.359818372469111,0.647428571428571,4.32537742230787,0.00756464206348872,-0.00756464206348872,0.142002694789085,0.142002694789085,0.168853811791807,1.44762972272114
0.65,38,12,"standard",0.647428571428571,0.288960651435817,0.388942882803942,3.73480049908053,0.0133117411420608,-0.0132731205828028,0.0723746427009591,0.0723746427009591,0.0987645400277105,1.2195205573176
0.65,38,12,"constrained",0.647428571428571,0.375148176316369,0.647428571428571,5.10455220308566,0.00625381367579195,-0.00601818796249271,0.0945765252235278,0.0945765252235278,0.104775295196907,1.22038116992853
0.65,38,16,"standard",0.647428571428571,0.291876546058916,0.366623901573919,4.01838400511207,0.010454970145118,-0.0103534886710264,0.0364323744192605,0.0364323744192605,0.0618133943426821,1.07383149240097
0.65,38,16,"constrained",0.647428571428571,0.38321103125084,0.647428571428571,5.76273623956607,0.00515843860148186,-0.00465382329923799,0.0557679536940867,0.0557679536940867,0.0650336511627544,1.07431085668623
0.65,38,20,"standard",0.647428571428571,0.29472562791525,0.346186432843707,4.04867072783867,0.00867810577649842,-0.00827506840579485,0.0159884925174776,0.0159884925174776,0.0447517517396873,1.00398690862011
0.65,38,20,"constrained",0.647428571428571,0.389505962596504,0.647428571428571,5.87593328045913,0.00485999043371257,-0.00392730372169787,0.0334364863723975,0.0334364863723975,0.0468647994896974,1.00458323780027
0.65,38,25,"standard",0.647428571428571,0.298807116031045,0.320265094033044,4.10294429783407,0.00727044767593511,-0.00679971430466977,0.00218689696170493,0.00218689696170493,0.0305502980169799,0.97927731987002
0.65,38,25,"constrained",0.647428571428571,0.398827107003486,0.647428571428571,5.92449150421408,0.00431860456789135,-0.00320940927021212,0.0189625285352708,0.0189625285352708,0.0331806216916364,0.979858834365121
0.65,39,8,"standard",0.645857142857143,0.282814343262602,0.431930585042734,3.3626510249837,0.0167257976102404,-0.0167257976102404,0.106109828368428,0.106109828368428,0.140245849208098,1.43785652463749
0.65,39,8,"constrained",0.645857142857143,0.35718585830395,0.645857142857143,4.26273160613402,0.00562253078655606,-0.00548895455878926,0.131290217485065,0.131290217485065,0.146039825486333,1.43799156603742
0.65,39,12,"standard",0.645857142857143,0.292883869205925,0.37363449925512,3.68363358518347,0.0121812727107188,-0.0121751372936735,0.0400214211993939,0.0400214211993939,0.0537543767921043,1.21090405123473
0.65,39,12,"constrained",0.645857142857143,0.381123005091088,0.645857142857143,5.01262822513734,0.00473053945741286,-0.00411867399673845,0.0605904014525205,0.0605904014525205,0.0589899657105922,1.21111539377797
0.65,39,16,"standard",0.645857142857143,0.294786029271151,0.358659620284803,3.8170648213021,0.00919804898254215,-0.00906575805916529,0.0196379252617849,0.0196379252617849,0.0362685806354237,1.06776430941047
0.65,39,16,"constrained",0.645857142857143,0.384191134972402,0.645857142857143,5.26526230185747,0.0039946113719902,-0.00300349348103666,0.0409648983545798,0.0409648983545798,0.0407338775241021,1.06784410850756
0.65,39,20,"standard",0.645857142857143,0.295080001484406,0.351191437186888,3.801170512359,0.00759575794435018,-0.00713097200017402,0.0132673313748795,0.0132673313748795,0.0319260277173928,1.00231710209633
0.65,39,20,"constrained",0.645857142857143,0.384933640197522,0.645857142857143,5.27376305377674,0.00395514413891906,-0.00268500281847243,0.033165794726842,0.033165794726842,0.0356870041033358,1.00283389343321
0.65,39,25,"standard",0.645857142857143,0.296490719419539,0.33485779471383,3.93848553179089,0.00625277304288077,-0.00542966976995236,0.0105251163781794,0.0105251163781794,0.029534899423783,0.978422876619452
0.65,39,25,"constrained",0.645857142857143,0.388790251982722,0.645857142857143,5.57923440214957,0.00371224411343872,-0.00204544635072373,0.031487036808536,0.031487036808536,0.0331470117733375,0.979083334587157
0.65,40,8,"standard",0.646142857142857,0.291285307845131,0.419523120692252,3.51641677087729,0.0201368187241849,-0.0201368187241849,0.0973155469091669,0.0973155469091669,0.133831871192395,1.43919397686528
0.65,40,8,"constrained",0.646142857142857,0.381693241156468,0.646142857142857,4.71353079711041,0.00828198426680883,-0.00826550527654881,0.137582883208737,0.137582883208737,0.14294570910637,1.43893003442653
0.65,40,12,"standard",0.646142857142857,0.303908506146751,0.355751985457946,4.13896179167454,0.014608936041175,-0.0144823202676986,0.0334104676491265,0.0334104676491265,0.0458220997144521,1.2128480232106
0.65,40,12,"constrained",0.646142857142857,0.417420701350114,0.646142857142857,6.18458252325129,0.00644037440058824,-0.00592491248596182,0.0656520351716745,0.0656520351716745,0.0495414562114157,1.21251537794473
0.65,40,16,"standard",0.646142857142857,0.306271661749892,0.343058330669026,4.34437392286571,0.0108933576007945,-0.0105778296360554,0.0114552056854027,0.0114552056854027,0.0271668031471535,1.0709158521791
0.65,40,16,"constrained",0.646142857142857,0.424177428660251,0.646142857142857,6.66042576742835,0.00505848848200427,-0.00397044453339431,0.0435457755470088,0.0435457755470088,0.0284808382544562,1.07085590103629
0.65,40,20,"standard",0.646142857142857,0.306657644740844,0.33730254414268,4.40321284515551,0.00846377085735053,-0.00785306520622444,0.0125660578000906,0.0125660578000906,0.0281325743031618,1.00251806150173
0.65,40,20,"constrained",0.646142857142857,0.424663784219672,0.646142857142857,6.81496324523104,0.00445118187718234,-0.00292455736938306,0.0425632629737152,0.0425632629737152,0.0298889941722003,1.00283190406596
0.65,40,25,"standard",0.646142857142857,0.308948601536495,0.322315747861094,4.44943050361308,0.0068515900907829,-0.00606697312551457,0.00378844180868576,0.00378844180868576,0.0194854142952775,0.97922445681983
0.65,40,25,"constrained",0.646142857142857,0.431267348234116,0.646142857142857,6.70090486399541,0.00399042968550643,-0.00217489797974165,0.0344783698036295,0.0344783698036295,0.0212882730478513,0.97973931012513
0.65,41,8,"standard",0.654571428571429,0.28849604568887,0.422031266944493,3.48049862963839,0.019373436232466,-0.019373436232466,0.101068892220692,0.101068892220692,0.155385910649008,1.440822255502
0.65,41,8,"constrained",0.654571428571429,0.382087677661237,0.654571428571429,4.68030455036096,0.00724582318946877,-0.00709494437530385,0.128847968294489,0.128847968294489,0.156521518019416,1.44051688454384
0.65,41,12,"standard",0.654571428571429,0.306469989505662,0.363757913417001,3.89084465416405,0.0132511746548121,-0.0123826180552842,0.0172350817459828,0.0172350817459828,0.0562106354482494,1.21535580990643
0.65,41,12,"constrained",0.654571428571429,0.42006293599302,0.654571428571429,5.57237669689992,0.00529372448165352,-0.00348715396861989,0.0483211955666167,0.0483211955666167,0.0601535890457358,1.21528794831044
0.65,41,16,"standard",0.654571428571429,0.308744840317635,0.347681488569324,4.09569889981723,0.0101934876953274,-0.0096321630586491,-0.011655920998515,0.011655920998515,0.0293588767137416,1.07348836731026
0.65,41,16,"constrained",0.654571428571429,0.426945752435356,0.654571428571429,6.08117311783172,0.00459131108505911,-0.00287272370412367,0.0186886726079791,0.0186886726079791,0.0333452036563031,1.07368789035856
0.65,41,20,"standard",0.654571428571429,0.310757696830392,0.332314477206934,4.27015516412671,0.00795030198538862,-0.00706886481123575,-0.0254988847769564,0.0254988847769564,0.018613724311181,1.00374679483576
0.65,41,20,"constrained",0.654571428571429,0.43334051975218,0.654571428571429,6.56468637691713,0.00402206317507842,-0.00169987076330631,0.00243466199084086,0.00243466199084086,0.0214448431800003,1.00367729252301
0.65,41,25,"standard",0.654571428571429,0.312461015447186,0.31752327785553,4.27880383556078,0.00650878715580577,-0.0051631797567492,-0.0350456310540732,0.0350456310540732,0.00934208730709684,0.979944572738397
0.65,41,25,"constrained",0.654571428571429,0.43754661277418,0.654571428571429,6.58888408774456,0.00383199662236148,-0.000833815920459601,-0.00778169795601791,0.00778169795601791,0.0104521619159489,0.980002178786774
0.65,42,8,"standard",0.645,0.327520160557073,0.415718392475396,3.70733158424515,0.0180097302411636,-0.0180097302411636,0.12639910181844,0.12639910181844,0.159155710621749,1.44292505357203
0.65,42,8,"constrained",0.645,0.429190529847672,0.645,4.90766050841422,0.0062931713589725,-0.00564412668962322,0.153062726276064,0.153062726276064,0.168835475041996,1.4429253368787
0.65,42,12,"standard",0.645,0.34149347178224,0.362398540773194,4.30019003113915,0.0131171618920334,-0.0127963108295515,0.0644739545160977,0.0644739545160977,0.0723118720373472,1.21576097055661
0.65,42,12,"constrained",0.645,0.469038469400436,0.645,6.30435912490223,0.00526096126322416,-0.00415880495645256,0.0821832042079595,0.0821832042079595,0.0773873571286089,1.21581828384582
0.65,42,16,"standard",0.645,0.342718322051919,0.347286153704266,4.49630330795423,0.0100063866573534,-0.00977006123226153,0.0443469824557292,0.0443469824557292,0.050957571243607,1.07009232016046
0.65,42,16,"constrained",0.645,0.474560298612083,0.645,6.88286559487698,0.00437007290892819,-0.00316607534954554,0.0603690392648,0.0603690392648,0.0565183856154062,1.06996416686248
0.65,42,20,"standard",0.645,0.346983309028994,0.323613964967002,4.80545352981758,0.00813936112235423,-0.00750677256985453,0.0207864091469574,0.0207864091469574,0.0295323661369118,1.00136223347853
0.65,42,20,"constrained",0.645,0.486751202222753,0.645,7.61719273101195,0.00397032225223704,-0.00218481903605122,0.0330435535730507,0.0330435535730507,0.0324794472876131,1.00114648709454
0.65,42,25,"standard",0.645,0.348062825377567,0.306511931100991,4.84119673809441,0.00693704085655835,-0.00626052910867806,0.0178791560373339,0.0178791560373339,0.0260400837534167,0.977756126772043
0.65,42,25,"constrained",0.645,0.488593149289724,0.645,7.63127120803511,0.00392866368867197,-0.00229380668403182,0.0299574897951604,0.0299574897951604,0.0297024623687942,0.977680477259813
0.65,43,8,"standard",0.651714285714286,0.298383206242001,0.411395302587519,3.61544566537069,0.0212447450943311,-0.0212447450943311,0.114099049658293,0.114099049658293,0.169156900930921,1.43727115685268
0.65,43,8,"constrained",0.651714285714286,0.412311306570678,0.651714285714286,5.11467159789097,0.00760816421219135,-0.00760816421219135,0.140599179556713,0.140599179556713,0.169058357272179,1.43691060169325
0.65,43,12,"standard",0.651714285714286,0.313139188097479,0.359862905326201,4.06341418140363,0.0142345074573258,-0.0142338066061782,0.0200155460784712,0.0200155460784712,0.054053561998919,1.2098750981944
0.65,43,12,"constrained",0.651714285714286,0.450346424443892,0.651714285714286,6.28124793885292,0.00480071375043439,-0.00406543493580944,0.0390653678982931,0.0390653678982931,0.0500962530759982,1.20995412845667
0.65,43,16,"standard",0.651714285714286,0.314028731387428,0.351906269561323,4.15197462168417,0.010515867666675,-0.0102600818806832,0.00666378420642655,0.00666378420642655,0.0396379898231777,1.0669595651552
0.65,43,16,"constrained",0.651714285714286,0.452709415956734,0.651714285714286,6.49785355878656,0.00437655184536661,-0.00264092054565243,0.0255744432070628,0.0255744432070628,0.0360633365102938,1.06677941557104
0.65,43,20,"standard",0.651714285714286,0.319343868506095,0.325701639139295,4.53353573429767,0.00856325714795309,-0.00797119400021685,-0.0171344248346719,0.0171344248346719,0.0167539641074306,1.00313438535417
0.65,43,20,"constrained",0.651714285714286,0.468737994974666,0.651714285714286,7.43168419752564,0.00404510761600665,-0.00189091056790697,-0.000591787429955026,0.000591787429955026,0.0143713376130919,1.00343065677024
0.65,43,25,"standard",0.651714285714286,0.320042292721353,0.312604727312572,4.55903223643053,0.00686384965074938,-0.00617917417333308,-0.0184588591275325,0.0184588591275325,0.0141042636221267,0.978475674289377
0.65,43,25,"constrained",0.651714285714286,0.470412029643556,0.651714285714286,7.6151531811598,0.00370098098610376,-0.00160025283191281,-0.00213222083689502,0.00213222083689502,0.0114185949488816,0.979077418466365
0.65,44,8,"standard",0.654714285714286,0.262780563147375,0.438221931001526,3.25456932152077,0.0175616013336742,-0.0175616013336742,0.113196349623643,0.113196349623643,0.168205941624678,1.44540394539331
0.65,44,8,"constrained",0.654714285714286,0.334734036800793,0.654714285714286,4.16255369749639,0.00667038128881349,-0.00656759193093179,0.143864734734882,0.143864734734882,0.171402181603914,1.44525298772708
0.65,44,12,"standard",0.654714285714286,0.271337304005162,0.397298074980943,3.5404353216491,0.0130453408773665,-0.0130210638994723,0.0507790473554497,0.0507790473554497,0.0860207859403886,1.21792584957803
0.65,44,12,"constrained",0.654714285714286,0.356631063640258,0.654714285714286,4.80373013100494,0.00566275137755839,-0.00516721418760663,0.0791603355809212,0.0791603355809212,0.0877369421877517,1.21836473895691
0.65,44,16,"standard",0.654714285714286,0.275929056590042,0.371296308323629,3.84991282308987,0.00987402624967067,-0.0098066664116054,0.0108771678321746,0.0108771678321746,0.0445476997705209,1.07476986131487
0.65,44,16,"constrained",0.654714285714286,0.365811983220661,0.654714285714286,5.36955388365398,0.00436590954205485,-0.00360165549342162,0.0404836035736125,0.0404836035736125,0.048020495634699,1.07495751797671
0.65,44,20,"standard",0.654714285714286,0.277285288410779,0.354016743067764,3.9493989120141,0.00800195260959657,-0.00770626859091685,-0.000394267608506027,0.000394267608506027,0.0358314785596788,1.004745234312
0.65,44,20,"constrained",0.654714285714286,0.369539244867936,0.654714285714286,5.68726493808628,0.00409533216555604,-0.0030247786642466,0.0270637644253631,0.0270637644253631,0.0375417007779965,1.00461297709311
0.65,44,25,"standard",0.654714285714286,0.284624578198919,0.316998044454661,4.10550743351001,0.00694887961934437,-0.00626306617594129,-0.0181159463995231,0.0181159463995231,0.0179920940033767,0.980403688655025
0.65,44,25,"constrained",0.654714285714286,0.38496387315766,0.654714285714286,6.11131399741751,0.00398190649154555,-0.00223524969742014,0.00952024053571687,0.00952024053571687,0.0194843624025165,0.980483844947047
0.65,45,8,"standard",0.642857142857143,0.280477842795289,0.430558221507204,3.39793570183322,0.0182762012092333,-0.0182762012092333,0.130465941321701,0.130465941321701,0.167187981425451,1.44134304931866
0.65,45,8,"constrained",0.642857142857143,0.350480428211532,0.642857142857143,4.2947649894977,0.00769916280244376,-0.00769916280244376,0.148607143388997,0.148607143388997,0.169635714933529,1.44144401915879
0.65,45,12,"standard",0.642857142857143,0.285629828135772,0.386604471860873,3.74955929197606,0.0127637996629257,-0.0126561240729135,0.0857877751052065,0.0857877751052065,0.10987784677062,1.21847118124953
0.65,45,12,"constrained",0.642857142857143,0.362622947971393,0.642857142857143,4.96953327952248,0.00587660185446013,-0.005457457622434,0.101220697617251,0.101220697617251,0.108816563919273,1.2189960217869
0.65,45,16,"standard",0.642857142857143,0.292495424337178,0.355868136595477,3.99785324215382,0.0101609594910352,-0.00984924884289605,0.0360841062505131,0.0360841062505131,0.0595508734121894,1.07149010932062
0.65,45,16,"constrained",0.642857142857143,0.377004192319145,0.642857142857143,5.5582165639714,0.00495776593479026,-0.00394362063040481,0.0488874605569762,0.0488874605569762,0.057540478205585,1.07141250947679
0.65,45,20,"standard",0.642857142857143,0.29400298491154,0.336035597243501,4.05325692719029,0.00797921321983483,-0.00729726141649371,0.0293245364548733,0.0293245364548733,0.0544275049917216,1.00357590391016
0.65,45,20,"constrained",0.642857142857143,0.381037612542999,0.642857142857143,5.67384019655096,0.00428938961124436,-0.00291313281514795,0.0419492312859866,0.0419492312859866,0.0534221481565102,1.00366133723864
0.65,45,25,"standard",0.642857142857143,0.294531806955622,0.320792725824116,4.04941176998539,0.00650976421466409,-0.00553315883305192,0.0276634703444039,0.0276634703444039,0.0526927336194777,0.98032421294322
0.65,45,25,"constrained",0.642857142857143,0.382125227599626,0.642857142857143,5.74834970810624,0.00390906996100558,-0.00227066897282351,0.0414937260894179,0.0414937260894179,0.0520952231564289,0.980571051125805
0.65,46,8,"standard",0.651428571428571,0.27966327867734,0.445706170897838,3.27849045723519,0.0153985876575476,-0.0153985876575476,0.109845367001731,0.109845367001731,0.131665481671654,1.43935561449421
0.65,46,8,"constrained",0.651428571428571,0.351234904071927,0.651428571428571,4.15606173571687,0.00472583542620599,-0.00460287783846176,0.126532896796282,0.126532896796282,0.136889970110098,1.43901283639285
0.65,46,12,"standard",0.651428571428571,0.288597929604789,0.394145910481785,3.68723819850064,0.0104760349374803,-0.010319896140791,0.0492931335218181,0.0492931335218181,0.0619848506538318,1.21351994003714
0.65,46,12,"constrained",0.651428571428571,0.370257753358264,0.651428571428571,4.93928844804017,0.0037536451363357,-0.00281748028818306,0.0667151171626559,0.0667151171626559,0.0656622571826706,1.21315742055464
0.65,46,16,"standard",0.651428571428571,0.292836310398649,0.373317180807723,3.90417296540793,0.00817579166529017,-0.00785703485261898,0.0169327579522305,0.0169327579522305,0.0324930865987964,1.06900660163078
0.65,46,16,"constrained",0.651428571428571,0.379440249092291,0.651428571428571,5.38016724237685,0.00325405958735783,-0.00188316022760452,0.033559637104946,0.033559637104946,0.0356040297679141,1.0688991514759
0.65,46,20,"standard",0.651428571428571,0.29574111011676,0.346156192962273,4.20243887337528,0.00714838651641918,-0.00682070575052119,-0.00708222524175728,0.00708222524175728,0.0107305489430213,1.00054348960969
0.65,46,20,"constrained",0.651428571428571,0.388579308168508,0.651428571428571,6.16475655820383,0.00341450422311921,-0.00197134894016657,0.00537739342929022,0.00537739342929022,0.0110911885884244,1.00052405116498
0.65,46,25,"standard",0.651428571428571,0.297853885782551,0.330532161774871,4.17542071868468,0.00635420832798803,-0.00568755602136102,-0.0169778242285137,0.0169778242285137,-0.000145380209476485,0.975972880966318
0.65,46,25,"constrained",0.651428571428571,0.393319504625554,0.651428571428571,5.98302017908111,0.00353892662341068,-0.00178043739364044,-0.00422195971159134,0.00422195971159134,0.000754199173980107,0.976054023042513
0.65,47,8,"standard",0.653142857142857,0.266405026966779,0.443800674126064,3.25278503785634,0.0166554076979993,-0.0166554076979993,0.135005756881003,0.135005756881003,0.169908510449832,1.44172045134609
0.65,47,8,"constrained",0.653142857142857,0.33641316405453,0.653142857142857,4.1341263451966,0.00610339393028161,-0.00571356454112539,0.147044876641752,0.147044876641752,0.172902801850373,1.44148520890586
0.65,47,12,"standard",0.653142857142857,0.2764990484106,0.391851094633627,3.68661321528856,0.0114191428079824,-0.0105784603481766,0.0751420405668135,0.0751420405668135,0.0990939106001696,1.22228032880757
0.65,47,12,"constrained",0.653142857142857,0.356418105676445,0.653142857142857,4.93612135466831,0.00469349369634757,-0.00280471665741144,0.0881217469030391,0.0881217469030391,0.103410719027912,1.22137549295953
0.65,47,16,"standard",0.653142857142857,0.283780191741441,0.358627028936654,3.94258031741465,0.00941398666669527,-0.00850040241684748,0.0289717989085174,0.0289717989085174,0.0517856739429158,1.07351126015656
0.65,47,16,"constrained",0.653142857142857,0.373734455704613,0.653142857142857,5.47889870912621,0.00429429539872568,-0.0020754256516422,0.0422135294918533,0.0422135294918533,0.0582259615072892,1.07328716004057
0.65,47,20,"standard",0.653142857142857,0.286372422288756,0.336760842650141,4.1478749709796,0.00783742346103008,-0.00688211149417826,0.011126430123074,0.011126430123074,0.0395655629422015,1.00632373379227
0.65,47,20,"constrained",0.653142857142857,0.380335278662081,0.653142857142857,6.02258297459345,0.00404074171908179,-0.00187495811786868,0.0248794286208796,0.0248794286208796,0.0449851365851037,1.00624379367548
0.65,47,25,"standard",0.653142857142857,0.287975685369208,0.327675404568739,4.17013511942096,0.00668320886574854,-0.00575841931618821,0.00428123819069715,0.00428123819069715,0.031856274474789,0.980621171219976
0.65,47,25,"constrained",0.653142857142857,0.386135944203808,0.653142857142857,6.07791538107699,0.00390986757676848,-0.00194443967713412,0.016710529460287,0.016710529460287,0.0369273580332468,0.980537478032376
0.65,48,8,"standard",0.661,0.303752926078197,0.415742759854799,3.56602596978065,0.0195194588002498,-0.0195194588002498,0.119615163167127,0.119615163167127,0.158984444044816,1.44018497827938
0.65,48,8,"constrained",0.661,0.43142579738421,0.661,5.08348385112015,0.00507612437638596,-0.00480563942451194,0.141423678111267,0.141423678111267,0.158025146185554,1.44056534354315
0.65,48,12,"standard",0.661,0.315720157155776,0.355410850578453,4.21085351917067,0.0122630011257761,-0.0112907059277341,0.0708792603116555,0.0708792603116555,0.104249931265107,1.22092433838862
0.65,48,12,"constrained",0.661,0.459528720533408,0.661,6.64590907576853,0.00420171441862933,-0.00132494173510769,0.0953471038282787,0.0953471038282787,0.101962643691406,1.22151728752242
0.65,48,16,"standard",0.661,0.320127617993772,0.331097253668592,4.36309947230362,0.00958117461491237,-0.00894220418288198,0.0316035321589121,0.0316035321589121,0.0624616871875604,1.07462655757413
0.65,48,16,"constrained",0.661,0.469855917004429,0.661,7.07678303093489,0.0037016922838509,-0.00122233951386445,0.0589741417094523,0.0589741417094523,0.0636086262314186,1.07531629062062
0.65,48,20,"standard",0.661,0.320385069708569,0.325483301074383,4.37120087408794,0.007349200557655,-0.00625855034908746,0.0253733100002664,0.0253733100002664,0.0599235069043685,1.0074320936518
0.65,48,20,"constrained",0.661,0.470601783154313,0.661,6.98849861789794,0.00353460579596112,-0.000522898978083518,0.0536013750445257,0.0536013750445257,0.0620378044223767,1.00816220582383
0.65,48,25,"standard",0.661,0.324141004535181,0.310267741765502,4.56484862251093,0.00613439781996405,-0.00488403792175644,0.019242428625839,0.019242428625839,0.052842035834217,0.983282169489932
0.65,48,25,"constrained",0.661,0.477813468127941,0.661,7.45923398117788,0.00350583338696666,-0.000324974085309501,0.0470770657599857,0.0470770657599857,0.0539062346618168,0.984298191264052
0.65,49,8,"standard",0.652142857142857,0.307431233511782,0.421529682472858,3.59933429787212,0.0186965321903293,-0.0186965321903293,0.137910571887454,0.137910571887454,0.181151911030001,1.44383391887354
0.65,49,8,"constrained",0.652142857142857,0.411615549030701,0.652142857142857,4.84968519669077,0.00586223022390551,-0.00580873691751534,0.15937806932646,0.15937806932646,0.190724215074371,1.44370725955217
0.65,49,12,"standard",0.652142857142857,0.317219015444759,0.3654799985044,3.94238120805423,0.013330050224169,-0.0131322151378183,0.0714488062200251,0.0714488062200251,0.103784076519143,1.21605571211719
0.65,49,12,"constrained",0.652142857142857,0.438457031875133,0.652142857142857,5.7308266976028,0.00490020216741368,-0.00407041678507372,0.0906537824048295,0.0906537824048295,0.111850165978546,1.21638826328472
0.65,49,16,"standard",0.652142857142857,0.320294776039864,0.341877236281464,4.1674493677455,0.0105777590031592,-0.0102844505783032,0.0392491857774493,0.0392491857774493,0.0730090260175851,1.07274688928541
0.65,49,16,"constrained",0.652142857142857,0.447576938904493,0.652142857142857,6.2850786674666,0.00450436760584945,-0.00330958497985511,0.0569598744674034,0.0569598744674034,0.079384659795599,1.07356188594088
0.65,49,20,"standard",0.652142857142857,0.32805451024965,0.314539240948774,4.50954401954045,0.00859288487428755,-0.00809815905209407,0.0134426651428763,0.0134426651428763,0.0473076817734168,1.00319176532982
0.65,49,20,"constrained",0.652142857142857,0.468539263214819,0.652142857142857,7.28196180947996,0.00404699550160871,-0.00257791201722947,0.0277592157142648,0.0277592157142648,0.0523505940010605,1.0039533704957
0.65,49,25,"standard",0.652142857142857,0.33131737256366,0.304407260472556,4.43011215333165,0.00718364667554348,-0.00634085649943993,0.00403448195955747,0.00403448195955747,0.0383656614531674,0.978829242134648
0.65,49,25,"constrained",0.652142857142857,0.476935712128193,0.652142857142857,7.22365660806226,0.00386915562349498,-0.00187217873365328,0.0183636801862068,0.0183636801862068,0.0434256441087022,0.979861312107132
0.65,50,8,"standard",0.647571428571429,0.282796961461642,0.423862042475724,3.44716465049576,0.0194503992547913,-0.0194503992547913,0.114788874156916,0.114788874156916,0.145962554946244,1.44288163258637
0.65,50,8,"constrained",0.647571428571429,0.368013099580945,0.647571428571429,4.5474733869428,0.00795740741383808,-0.00781724274604076,0.140372632932137,0.140372632932137,0.15432896438617,1.4431612755712
0.65,50,12,"standard",0.647571428571429,0.297670391000905,0.359514045820865,3.79595851505739,0.0131606726061388,-0.0130291495520011,0.0430655414420675,0.0430655414420675,0.0650178225846513,1.21487363998626
0.65,50,12,"constrained",0.647571428571429,0.403312994465832,0.647571428571429,5.34080870939024,0.0055513938303931,-0.00466469904401895,0.068347775089804,0.068347775089804,0.0710956761362818,1.21511782514029
0.65,50,16,"standard",0.647571428571429,0.298937869292323,0.340824957377519,3.92440030572044,0.0104676046752122,-0.0103602810753947,0.0240964647350177,0.0240964647350177,0.0459423952817274,1.06971031851892
0.65,50,16,"constrained",0.647571428571429,0.407287148471639,0.647571428571429,5.71414835254916,0.00504944978102367,-0.00421724224892934,0.046012862276708,0.046012862276708,0.0517786220191379,1.0700777828442
0.65,50,20,"standard",0.647571428571429,0.300740866454299,0.325146173240664,3.93516957404327,0.00839124279577285,-0.00776990656717026,0.0139142051688497,0.0139142051688497,0.0411668453281353,1.00342803202448
0.65,50,20,"constrained",0.647571428571429,0.41159387196413,0.647571428571429,5.78155984317308,0.00464166159724515,-0.00299625122730025,0.037486327366083,0.037486327366083,0.0478931231553049,1.00374763618214
0.65,50,25,"standard",0.647571428571429,0.303540573534942,0.309945320957684,3.89817543604793,0.00702310728343531,-0.00620754511371314,0.0048215909240179,0.0048215909240179,0.0315285008173174,0.979543495018572
0.65,50,25,"constrained",0.647571428571429,0.417986142607034,0.647571428571429,5.60191960364485,0.0043139323426444,-0.00241236011967342,0.0268392530264885,0.0268392530264885,0.0373818278721716,0.979802681206581
0.65,51,8,"standard",0.655285714285714,0.296628584473415,0.422553479084216,3.52495414564345,0.0182054173527227,-0.0182054173527227,0.147176930525188,0.147176930525188,0.17439418064845,1.44165403838366
0.65,51,8,"constrained",0.655285714285714,0.394596351783832,0.655285714285714,4.77574344869544,0.00611527558122999,-0.00531199928325207,0.164013543433475,0.164013543433475,0.181104418098897,1.44112867095165
0.65,51,12,"standard",0.655285714285714,0.304648273651962,0.38068173576076,3.8731598692001,0.012301325465497,-0.0120275324419666,0.0843755434767166,0.0843755434767166,0.0960054688297659,1.21626901622228
0.65,51,12,"constrained",0.655285714285714,0.417367036911693,0.655285714285714,5.61625495337704,0.00430681531323179,-0.00270784210557315,0.0989010514948134,0.0989010514948134,0.100195844130435,1.21597757226731
0.65,51,16,"standard",0.655285714285714,0.307233255287764,0.364958822764488,4.00702096693288,0.00976556144941115,-0.00929623838617569,0.0637377818142433,0.0637377818142433,0.0720795586607412,1.07177128223068
0.65,51,16,"constrained",0.655285714285714,0.422901045347509,0.655285714285714,5.92989714567402,0.00414530340421676,-0.00231320523857647,0.0755506186583883,0.0755506186583883,0.0751117076632803,1.07179270262433
0.65,51,20,"standard",0.655285714285714,0.309215077968116,0.345915219417625,4.17961748168366,0.00752674365830943,-0.00697903070869767,0.0565160132772844,0.0565160132772844,0.0715924184032667,1.00414246539919
0.65,51,20,"constrained",0.655285714285714,0.428336121112683,0.655285714285714,6.33270845206307,0.00363759949427105,-0.0016882636274469,0.0696904631428827,0.0696904631428827,0.0740400269876761,1.0042345663828
0.65,51,25,"standard",0.655285714285714,0.310429146225522,0.333571810647515,4.26065909382513,0.00629320212893471,-0.00563519786728124,0.0505341195229407,0.0505341195229407,0.064602548499252,0.979747014669213
0.65,51,25,"constrained",0.655285714285714,0.431000516499143,0.655285714285714,6.48787057301586,0.0034839841157431,-0.00146809242840973,0.0630114960671628,0.0630114960671628,0.0667043220333908,0.980100555313176
0.65,52,8,"standard",0.655142857142857,0.310770469957279,0.413224215856641,3.58925233867291,0.0181901833212537,-0.0181901833212537,0.100336826567466,0.100336826567466,0.144165766780381,1.44230575024959
0.65,52,8,"constrained",0.655142857142857,0.417757332204673,0.655142857142857,4.8268924389061,0.00496960995719252,-0.00477334813566082,0.138636128494872,0.138636128494872,0.154358733383143,1.44228269899994
0.65,52,12,"standard",0.655142857142857,0.327894322892654,0.337953849724779,4.41830640890377,0.0130567747061958,-0.0129640559585055,0.026663420919534,0.026663420919534,0.0654834540810771,1.21633119276107
0.65,52,12,"constrained",0.655142857142857,0.46467768212091,0.655142857142857,6.94124717334004,0.00438912475986781,-0.00356621767149898,0.0620613713416409,0.0620613713416409,0.0692079503992249,1.21655358066346
0.65,52,16,"standard",0.655142857142857,0.32971093532087,0.321581741396291,4.51818746028345,0.0108400848229811,-0.010668483195804,-0.00153315886699712,0.00153315886699712,0.0314232368552824,1.06998194299244
0.65,52,16,"constrained",0.655142857142857,0.4723840336583,0.655142857142857,7.17644767367918,0.00450565325414089,-0.00347967337601332,0.0280285127430719,0.0280285127430719,0.0344979230739627,1.07032329014809
0.65,52,20,"standard",0.655142857142857,0.333085417614632,0.299423604851217,4.5572539528004,0.00884472358187722,-0.0086323351104103,-0.0208335006302978,0.0208335006302978,0.0172057186175909,1.00264174519261
0.65,52,20,"constrained",0.655142857142857,0.48082342130191,0.655142857142857,7.40528879050424,0.00417604782428057,-0.00312443563915103,0.0082164106449234,0.0082164106449234,0.0186415562445951,1.00302246337899
0.65,52,25,"standard",0.655142857142857,0.335744024020379,0.287653871203071,4.35309887474476,0.00740171044008412,-0.0070873230710824,-0.0289694788686585,0.0289694788686585,0.00801351041292304,0.978017489346016
0.65,52,25,"constrained",0.655142857142857,0.487153049957293,0.655142857142857,6.86489093228182,0.0038914848240069,-0.00279274449466263,-0.00077343986122802,0.00077343986122802,0.0100538218276577,0.978730836588258
0.65,53,8,"standard",0.649857142857143,0.303367613129399,0.415648324263467,3.58176415546917,0.0188629426513546,-0.0188629426513546,0.118950455927778,0.118950455927778,0.167127078562669,1.44580179080315
0.65,53,8,"constrained",0.649857142857143,0.402787813498855,0.649857142857143,4.83059478777646,0.00613595931697845,-0.00613595931697845,0.153026485747171,0.153026485747171,0.170683966879521,1.44611202397784
0.65,53,12,"standard",0.649857142857143,0.320439302764476,0.341348010774478,4.38738388496858,0.0143445732753995,-0.014083680652761,0.0448600756440962,0.0448600756440962,0.0804592697733115,1.22098246466761
0.65,53,12,"constrained",0.649857142857143,0.455854352055125,0.649857142857143,6.95684433567642,0.00528921764794012,-0.00491740839380664,0.0782227515965497,0.0782227515965497,0.081849853180227,1.22257621907051
0.65,53,16,"standard",0.649857142857143,0.324460748798003,0.324169509999735,4.73652855778966,0.0111847549307175,-0.0110317567744006,0.0133723873012688,0.0133723873012688,0.0463569954811703,1.07492838593746
0.65,53,16,"constrained",0.649857142857143,0.466453278130009,0.649857142857143,7.87588844805296,0.00472934884581925,-0.00405847066396348,0.0468696332482192,0.0468696332482192,0.0499469305479988,1.07642202419839
0.65,53,20,"standard",0.649857142857143,0.32589422937456,0.306127419289536,4.44317259795839,0.0086617627931379,-0.00812226871066517,-0.00328365447880419,0.00328365447880419,0.0299298354847437,1.00787830330156
0.65,53,20,"constrained",0.649857142857143,0.472777335173972,0.649857142857143,7.04993887730599,0.00423688731399531,-0.00264984685741687,0.0285370773937261,0.0285370773937261,0.0340292005848755,1.00926747450602
0.65,53,25,"standard",0.649857142857143,0.327231830451094,0.293582556429163,4.41845606613536,0.0074628167297481,-0.00684941821738538,-0.0104013670589014,0.0104013670589014,0.0197323906000203,0.981727949206373
0.65,53,25,"constrained",0.649857142857143,0.476467884688296,0.649857142857143,7.07689564165563,0.00417682757222797,-0.00259511560193005,0.019607459727351,0.019607459727351,0.0232000367987161,0.982976974582695
0.65,54,8,"standard",0.659142857142857,0.306629029529486,0.412979963318585,3.61681653278609,0.0197988204220912,-0.0197988204220912,0.124378762676589,0.124378762676589,0.166505087165844,1.44424830351182
0.65,54,8,"constrained",0.659142857142857,0.435553959896144,0.659142857142857,5.29755075686204,0.0055574510602914,-0.00499242345439028,0.164844186013528,0.164844186013528,0.175838542091116,1.44402899570149
0.65,54,12,"standard",0.659142857142857,0.312860740812429,0.373982522118103,3.94082361089211,0.0143962282966438,-0.0143962282966438,0.0645206911814968,0.0645206911814968,0.0863331289196871,1.21741299706851
0.65,54,12,"constrained",0.659142857142857,0.457900831542085,0.659142857142857,6.33265213179153,0.00504769288874916,-0.00427939483125612,0.0976306726715084,0.0976306726715084,0.0937015801508674,1.21591869234238
0.65,54,16,"standard",0.659142857142857,0.314787305927525,0.358480628040372,4.09368017410901,0.0117685616865692,-0.0117486637299551,0.0368970621259015,0.0368970621259015,0.0539303496757383,1.07084795313931
0.65,54,16,"constrained",0.659142857142857,0.464966750619141,0.659142857142857,6.81278247084457,0.0046305172876474,-0.00397070512922634,0.0615640308291843,0.0615640308291843,0.0574363634432062,1.06937151181594
0.65,54,20,"standard",0.659142857142857,0.317322620534033,0.339582204622983,4.25328648517246,0.00943591309089319,-0.00930168066906225,0.0272515387157695,0.0272515387157695,0.0457245434461739,1.00273967429396
0.65,54,20,"constrained",0.659142857142857,0.469645462820898,0.659142857142857,7.31168152576767,0.00439366138660517,-0.00344311735228532,0.0513290874789503,0.0513290874789503,0.0495383262330229,1.00154226711102
0.65,54,25,"standard",0.659142857142857,0.321733120032149,0.309936981654198,4.35783507539786,0.00770497259519498,-0.00733513784182379,0.0159319522946655,0.0159319522946655,0.0354719624320108,0.979476267327456
0.65,54,25,"constrained",0.659142857142857,0.484278160179188,0.659142857142857,7.39140180438246,0.00395908081838134,-0.00260212777875146,0.0394717962291837,0.0394717962291837,0.0379786710606569,0.978570292339326
0.65,55,8,"standard",0.649857142857143,0.288036090520597,0.431843526877245,3.42015949137247,0.0181608347602114,-0.0181608347602114,0.109203789954069,0.109203789954069,0.146082828688356,1.44026752011092
0.65,55,8,"constrained",0.649857142857143,0.370409299361819,0.649857142857143,4.45068539772236,0.00663662183471915,-0.0065384568840933,0.122026426929225,0.122026426929225,0.150096439964469,1.44052051406062
0.65,55,12,"standard",0.649857142857143,0.297054820572062,0.373177076269687,3.94580150853196,0.0122316708823308,-0.011990520972393,0.0638533941919492,0.0638533941919492,0.0865782031734355,1.21545264660104
0.65,55,12,"constrained",0.649857142857143,0.391651664411693,0.649857142857143,5.59088487491165,0.00489956883172902,-0.00421809328320592,0.0744709495035476,0.0744709495035476,0.0877149976879322,1.21545708363884
0.65,55,16,"standard",0.649857142857143,0.301130448803642,0.352678860061705,3.89120313906664,0.00932749833174865,-0.00899789181436358,0.0289254468501152,0.0289254468501152,0.0502898600879913,1.07096311073981
0.65,55,16,"constrained",0.649857142857143,0.400329726833792,0.649857142857143,5.47947699437936,0.00421548976414114,-0.0028103200388734,0.0408924968868236,0.0408924968868236,0.0523903725717698,1.07065649519114
0.65,55,20,"standard",0.649857142857143,0.303044619830015,0.332048928488812,4.09554663962272,0.00739315206018885,-0.00653539742010796,0.0187453270531899,0.0187453270531899,0.0436475930284124,1.00275847038279
0.65,55,20,"constrained",0.649857142857143,0.404662043655133,0.649857142857143,5.87910439373954,0.00384353026411689,-0.00179048434600043,0.0284618243334522,0.0284618243334522,0.0436136275895748,1.00281631611715
0.65,55,25,"standard",0.649857142857143,0.30554316431372,0.310656517102196,4.12288227128432,0.00615592058418323,-0.00496747059469457,0.00567567180802264,0.00567567180802264,0.0302011966951872,0.978824899608301
0.65,55,25,"constrained",0.649857142857143,0.410924856405009,0.649857142857143,5.94650702692357,0.00361299972041873,-0.00109608558436832,0.0146736801284542,0.0146736801284542,0.0293789214457146,0.9790475599384
0.65,56,8,"standard",0.644714285714286,0.293319532370638,0.42349759117681,3.54548184043508,0.0208094887764988,-0.0208094887764988,0.100498462488181,0.100498462488181,0.149584345549839,1.44010014429266
0.65,56,8,"constrained",0.644714285714286,0.381560991507618,0.644714285714286,4.7234048741501,0.00947101592581536,-0.00947101592581536,0.124825457744334,0.124825457744334,0.155439510430861,1.44014413068145
0.65,56,12,"standard",0.644714285714286,0.297809718720186,0.380779598981093,3.79586967243078,0.0131648655659006,-0.0127849769846012,0.0704312951284214,0.0704312951284214,0.101035443616218,1.21870264449548
0.65,56,12,"constrained",0.644714285714286,0.392884528263702,0.644714285714286,5.27450261476802,0.00655243935381888,-0.00540723124778123,0.0927832625478251,0.0927832625478251,0.107258698233994,1.21874178522768
0.65,56,16,"standard",0.644714285714286,0.301929861406158,0.356874956768415,4.15215072248813,0.0105835495536151,-0.0101210605585458,0.034476223104333,0.034476223104333,0.0622971360629211,1.07221291436982
0.65,56,16,"constrained",0.644714285714286,0.404970130677816,0.644714285714286,6.11324061060272,0.00554924355977478,-0.00404080410956364,0.0563657058228433,0.0563657058228433,0.0695205750389118,1.07252929895371
0.65,56,20,"standard",0.644714285714286,0.306306540642639,0.330924987962656,4.32691206595022,0.00842275471004619,-0.00767656123310627,0.0102199652571704,0.0102199652571704,0.0454384391793054,1.00361977064966
0.65,56,20,"constrained",0.644714285714286,0.414478296633559,0.644714285714286,6.52707520497406,0.00481616514522605,-0.0027257983445264,0.0331536571669853,0.0331536571669853,0.0515551612907997,1.00363132048283
0.65,56,25,"standard",0.644714285714286,0.308196154354799,0.313336762136925,4.41799599651723,0.00699372808657794,-0.00633088788096761,9.09975650742467e-06,9.09975650742467e-06,0.0345724874677381,0.979185780220532
0.65,56,25,"constrained",0.644714285714286,0.419840874366145,0.644714285714286,6.72200679543319,0.00419946551788984,-0.00235885837324914,0.0219341013910759,0.0219341013910759,0.0398796835751973,0.979355179256578
0.65,57,8,"standard",0.646428571428571,0.277123086664767,0.428678256481727,3.37894600215362,0.0188423343416,-0.0188423343416,0.152151560674988,0.152151560674988,0.181969095054182,1.44376052871088
0.65,57,8,"constrained",0.646428571428571,0.349574636548051,0.646428571428571,4.31362541048367,0.00805619605368537,-0.00805619605368537,0.168664795929516,0.168664795929516,0.187573246592728,1.44391896844844
0.65,57,12,"standard",0.646428571428571,0.298408252024902,0.356343606214427,4.06399736854384,0.0137970613905059,-0.0137922756696828,0.0602106467233448,0.0602106467233448,0.0729594454519202,1.21707775964525
0.65,57,12,"constrained",0.646428571428571,0.398850259676084,0.646428571428571,5.7398582009306,0.00559036287949526,-0.00538449597046188,0.075103387567883,0.075103387567883,0.0754520399857386,1.2178559891304
0.65,57,16,"standard",0.646428571428571,0.29937708290775,0.33735746143757,4.07083753171423,0.0109158949677509,-0.0108499420318945,0.0587032413604165,0.0587032413604165,0.0701031415702764,1.07418520326327
0.65,57,16,"constrained",0.646428571428571,0.401059113206197,0.646428571428571,5.8246694948006,0.00518545266147714,-0.00492729264831533,0.0707691672146753,0.0707691672146753,0.0705806208012678,1.07513267006052
0.65,57,20,"standard",0.646428571428571,0.301975940618503,0.325506663855411,4.16480984532828,0.00871882399468152,-0.0085273450573258,0.0421421162445128,0.0421421162445128,0.0591762264665995,1.00578987475462
0.65,57,20,"constrained",0.646428571428571,0.405780243741456,0.646428571428571,5.87538671443249,0.00456870247406737,-0.00402279278589776,0.0556244667827741,0.0556244667827741,0.0614787030224186,1.00665033716155
0.65,57,25,"standard",0.646428571428571,0.308299811254092,0.306652182855711,4.68969069729152,0.00739947075586894,-0.00701047354731175,0.0298410510178764,0.0298410510178764,0.045783332495117,0.981545355842141
0.65,57,25,"constrained",0.646428571428571,0.419030598709105,0.646428571428571,7.06216497849816,0.00436618648047421,-0.00342076915330988,0.0435976686750372,0.0435976686750372,0.0483548514840219,0.982725389913572
0.65,58,8,"standard",0.655,0.280943619356401,0.420542033661165,3.44894691684538,0.0202409336246642,-0.0202409336246642,0.0378882287442641,0.0378882287442641,0.082856857381652,1.43269886415751
0.65,58,8,"constrained",0.655,0.368700994439194,0.655,4.54057665136737,0.00826759359693279,-0.00826759359693279,0.0641646617715006,0.0641646617715006,0.086515424356287,1.43248515164232
0.65,58,12,"standard",0.655,0.28681888508654,0.382980849831769,3.79871177651566,0.0128337346966288,-0.0126584301764755,-0.00770519453022089,0.00770519453022089,0.0214259324378467,1.21348693141302
0.65,58,12,"constrained",0.655,0.3821084347347,0.655,5.25495310378298,0.0054469834719689,-0.00448732838771689,0.0177031118023043,0.0177031118023043,0.026403567766775,1.21372565235227
0.65,58,16,"standard",0.655,0.288103139369223,0.369911998369109,3.84576722642518,0.00974231985459394,-0.00932862296911249,-0.0275790572303221,0.0275790572303221,0.00739761721630663,1.06924084555874
0.65,58,16,"constrained",0.655,0.384596556366419,0.655,5.34955733544505,0.00478036062264734,-0.00325710957206683,-0.00208775026029429,0.00208775026029429,0.009979182105693,1.06941749664627
0.65,58,20,"standard",0.655,0.288944072301337,0.356314677052572,3.87385906297282,0.00799181015489345,-0.00722860436383935,-0.0372938585680718,0.0372938585680718,0.00135089028237975,1.00308753359261
0.65,58,20,"constrained",0.655,0.387707715333169,0.655,5.45901725813742,0.00443210923333639,-0.00263246567091909,-0.0108736268639875,0.0108736268639875,0.00433096044198143,1.00309779736088
0.65,58,25,"standard",0.655,0.289831247954719,0.339934645749829,4.02647260663942,0.00657914398174232,-0.00560658936914375,-0.0385974620644793,0.0385974620644793,0.0017774223340048,0.97916934162047
0.65,58,25,"constrained",0.655,0.390631113282633,0.655,5.85838493087866,0.00404175578831492,-0.00209748990234864,-0.0111842448126191,0.0111842448126191,0.00467292065574841,0.97933526889061
0.65,59,8,"standard",0.652857142857143,0.272701272450971,0.425899223235143,3.40365711618299,0.0206615605433628,-0.0206615605433628,0.105854457048778,0.105854457048778,0.167988558003853,1.44136240227781
0.65,59,8,"constrained",0.652857142857143,0.347001918403703,0.652857142857143,4.39200574728643,0.00993933542285752,-0.00993933542285752,0.127209684891644,0.127209684891644,0.167424306987854,1.44128939781968
0.65,59,12,"standard",0.652857142857143,0.286426453690551,0.363657307473042,3.9551900879027,0.0138304249274108,-0.0136151972004552,0.0290244356754812,0.0290244356754812,0.0745888527898096,1.21673817518452
0.65,59,12,"constrained",0.652857142857143,0.380602342051589,0.652857142857143,5.59334374878447,0.00655689561501535,-0.00571562112857242,0.0497628512537798,0.0497628512537798,0.0723947053597462,1.21685079271746
0.65,59,16,"standard",0.652857142857143,0.289635147268066,0.344030245479495,4.09758155720681,0.0102433413696407,-0.00998846303208456,-0.00138730961414435,0.00138730961414435,0.0401913998632653,1.07384641743888
0.65,59,16,"constrained",0.652857142857143,0.387019488808151,0.652857142857143,5.85907647779874,0.00520263932890096,-0.00377925928322108,0.0203775963268491,0.0203775963268491,0.0401594563762596,1.07389196350447
0.65,59,20,"standard",0.652857142857143,0.291524454288253,0.328518913298546,4.01705453892862,0.00842535936532635,-0.00810389808121043,-0.0163174699672322,0.0163174699672322,0.0249343901270365,1.00418373450016
0.65,59,20,"constrained",0.652857142857143,0.392435634291165,0.652857142857143,5.77160433328142,0.00463436370674468,-0.00338800762680479,0.00291975641931597,0.00291975641931597,0.0246296101258965,1.00421963822407
0.65,59,25,"standard",0.652857142857143,0.294466732529119,0.311297055249921,4.20624394149433,0.00727932161268118,-0.00647958585201234,-0.0224226594276153,0.0224226594276153,0.0185015857718076,0.979455519267839
0.65,59,25,"constrained",0.652857142857143,0.400021395567941,0.652857142857143,6.18098796494003,0.0044997581325643,-0.00280944743302545,-0.00328857939009986,0.00328857939009986,0.0181821249046692,0.979480509860765
0.65,60,8,"standard",0.646142857142857,0.277853632332247,0.436473716284221,3.33115249745874,0.0175301605073742,-0.0175301605073742,0.124624660481476,0.124624660481476,0.158434058121606,1.44865935678052
0.65,60,8,"constrained",0.646142857142857,0.347118955808803,0.646142857142857,4.2016814136005,0.00715907415365742,-0.00715907415365742,0.155260449699703,0.155260449699703,0.169185641219975,1.44857835379827
0.65,60,12,"standard",0.646142857142857,0.289567940242072,0.366599539710196,3.6604610623006,0.0131404434336797,-0.012795061142416,0.069503120367373,0.069503120367373,0.0844100725147463,1.21847874272619
0.65,60,12,"constrained",0.646142857142857,0.374915997632288,0.646142857142857,4.9392776723691,0.00608626237389027,-0.00545084977758111,0.0977910066528205,0.0977910066528205,0.093753790761454,1.21820181727778
0.65,60,16,"standard",0.646142857142857,0.293366759677287,0.345696341707079,3.82621497253994,0.01061366293249,-0.0103704824879021,0.0402635630834611,0.0402635630834611,0.0540598609387201,1.07206433553567
0.65,60,16,"constrained",0.646142857142857,0.384743891398225,0.646142857142857,5.30169358563987,0.00520618473917581,-0.00450750670018038,0.0635609805080231,0.0635609805080231,0.0597672657799496,1.07160417784279
0.65,60,20,"standard",0.646142857142857,0.296302562509687,0.326890530313487,4.08257078137896,0.00840388821507902,-0.00794606124541464,0.017340514748116,0.017340514748116,0.0338641040232613,1.00300381179266
0.65,60,20,"constrained",0.646142857142857,0.392750069499753,0.646142857142857,5.8664479179325,0.0044248361415105,-0.00330132267562778,0.0393608563394672,0.0393608563394672,0.0381847816588267,1.00280446773012
0.65,60,25,"standard",0.646142857142857,0.300492272418605,0.312146782514239,4.30345771927621,0.00740939186934071,-0.00680691905883059,-0.000128992665377581,0.000128992665377581,0.016747906445619,0.978875791810138
0.65,60,25,"constrained",0.646142857142857,0.402375000997543,0.646142857142857,6.36479264792949,0.00423779945071781,-0.00298395866157948,0.0213694204048664,0.0213694204048664,0.0204823863467851,0.978661385411931
